"","DAILY_DATE","SITE","Flow (cfs)","Stage (NAVD88 ft)","Flow.way.Location"
"1",2025-01-01,"G380A",20.18,NA,"Inflow"
"2",2025-01-02,"G380A",0.779,NA,"Inflow"
"3",2025-01-03,"G380A",0,NA,"Inflow"
"4",2025-01-04,"G380A",0,NA,"Inflow"
"5",2025-01-06,"G380A",0,NA,"Inflow"
"6",2025-01-08,"G380A",0,NA,"Inflow"
"7",2025-01-11,"G380A",35.156,NA,"Inflow"
"8",2025-01-12,"G380A",35.602,NA,"Inflow"
"9",2025-01-14,"G380A",33.692,NA,"Inflow"
"10",2025-01-15,"G380A",33.966,NA,"Inflow"
"11",2025-01-16,"G380A",31.554,NA,"Inflow"
"12",2025-01-18,"G380A",26.875,NA,"Inflow"
"13",2025-01-20,"G380A",32.357,NA,"Inflow"
"14",2025-01-21,"G380A",34.181,NA,"Inflow"
"15",2025-01-23,"G380A",34.681,NA,"Inflow"
"16",2025-01-27,"G380A",31.191,NA,"Inflow"
"17",2025-01-28,"G380A",35.142,NA,"Inflow"
"18",2025-01-29,"G380A",34.346,NA,"Inflow"
"19",2025-02-02,"G380A",28.82,NA,"Inflow"
"20",2025-02-03,"G380A",31.713,NA,"Inflow"
"21",2025-02-04,"G380A",32.732,NA,"Inflow"
"22",2025-02-09,"G380A",28.447,NA,"Inflow"
"23",2025-02-10,"G380A",28.642,NA,"Inflow"
"24",2025-02-15,"G380A",29.85,NA,"Inflow"
"25",2025-02-19,"G380A",31.379,NA,"Inflow"
"26",2025-02-20,"G380A",29.277,NA,"Inflow"
"27",2025-02-21,"G380A",28.693,NA,"Inflow"
"28",2025-02-22,"G380A",29.549,NA,"Inflow"
"29",2025-02-24,"G380A",0,NA,"Inflow"
"30",2025-02-25,"G380A",35.71,NA,"Inflow"
"31",2025-02-26,"G380A",11.914,NA,"Inflow"
"32",2025-02-27,"G380A",39.766,NA,"Inflow"
"33",2025-03-01,"G380A",26.785,NA,"Inflow"
"34",2025-03-02,"G380A",26.877,NA,"Inflow"
"35",2025-03-06,"G380A",27.68,NA,"Inflow"
"36",2025-03-09,"G380A",30.201,NA,"Inflow"
"37",2025-03-14,"G380A",28.34,NA,"Inflow"
"38",2025-03-16,"G380A",28.809,NA,"Inflow"
"39",2025-03-17,"G380A",28.327,NA,"Inflow"
"40",2025-03-19,"G380A",28.113,NA,"Inflow"
"41",2025-03-23,"G380A",29.65,NA,"Inflow"
"42",2025-03-24,"G380A",27.753,NA,"Inflow"
"43",2025-03-25,"G380A",33.931,NA,"Inflow"
"44",2025-03-28,"G380A",28.623,NA,"Inflow"
"45",2025-03-29,"G380A",34.342,NA,"Inflow"
"46",2025-03-31,"G380A",21.125,NA,"Inflow"
"47",2025-04-01,"G380A",14.583,NA,"Inflow"
"48",2025-04-02,"G380A",0,NA,"Inflow"
"49",2025-04-04,"G380A",0,NA,"Inflow"
"50",2025-04-08,"G380A",0,NA,"Inflow"
"51",2025-04-11,"G380A",0,NA,"Inflow"
"52",2025-04-13,"G380A",0,NA,"Inflow"
"53",2025-04-14,"G380A",0,NA,"Inflow"
"54",2025-04-17,"G380A",0,NA,"Inflow"
"55",2025-04-22,"G380A",0,NA,"Inflow"
"56",2025-04-23,"G380A",0,NA,"Inflow"
"57",2025-04-25,"G380A",0,NA,"Inflow"
"58",2025-05-01,"G380A",27.391,NA,"Inflow"
"59",2025-05-04,"G380A",55.283,NA,"Inflow"
"60",2024-11-01,"G380A",0,NA,"Inflow"
"61",2024-11-02,"G380A",0,NA,"Inflow"
"62",2024-11-03,"G380A",0,NA,"Inflow"
"63",2024-11-04,"G380A",0,NA,"Inflow"
"64",2024-11-05,"G380A",0,NA,"Inflow"
"65",2024-11-13,"G380A",0,NA,"Inflow"
"66",2024-11-06,"G380A",112.567,NA,"Inflow"
"67",2024-11-07,"G380A",193.158,NA,"Inflow"
"68",2024-11-08,"G380A",62.752,NA,"Inflow"
"69",2024-11-09,"G380A",0,NA,"Inflow"
"70",2024-11-10,"G380A",0,NA,"Inflow"
"71",2024-11-11,"G380A",0,NA,"Inflow"
"72",2024-11-12,"G380A",0,NA,"Inflow"
"73",2024-11-20,"G380A",0,NA,"Inflow"
"74",2024-11-21,"G380A",0,NA,"Inflow"
"75",2024-11-23,"G380A",0,NA,"Inflow"
"76",2024-11-26,"G380A",0,NA,"Inflow"
"77",2024-11-27,"G380A",0,NA,"Inflow"
"78",2024-11-28,"G380A",0,NA,"Inflow"
"79",2024-11-29,"G380A",0,NA,"Inflow"
"80",2024-12-01,"G380A",0,NA,"Inflow"
"81",2024-12-03,"G380A",0,NA,"Inflow"
"82",2024-12-09,"G380A",0,NA,"Inflow"
"83",2024-12-10,"G380A",0,NA,"Inflow"
"84",2024-12-18,"G380A",36.635,NA,"Inflow"
"85",2024-12-21,"G380A",30.02,NA,"Inflow"
"86",2024-12-25,"G380A",26.429,NA,"Inflow"
"87",2024-12-28,"G380A",37.966,NA,"Inflow"
"88",2024-12-31,"G380A",36.327,NA,"Inflow"
"89",2024-12-30,"G380A",36.304,NA,"Inflow"
"90",2024-11-14,"G380A",0,NA,"Inflow"
"91",2024-11-15,"G380A",0,NA,"Inflow"
"92",2024-11-16,"G380A",0,NA,"Inflow"
"93",2024-11-17,"G380A",0,NA,"Inflow"
"94",2024-11-18,"G380A",0,NA,"Inflow"
"95",2024-11-19,"G380A",0,NA,"Inflow"
"96",2024-11-22,"G380A",0,NA,"Inflow"
"97",2024-11-24,"G380A",0,NA,"Inflow"
"98",2024-11-25,"G380A",0,NA,"Inflow"
"99",2024-11-30,"G380A",0,NA,"Inflow"
"100",2024-12-02,"G380A",0,NA,"Inflow"
"101",2024-12-04,"G380A",0,NA,"Inflow"
"102",2024-12-05,"G380A",0,NA,"Inflow"
"103",2024-12-06,"G380A",0,NA,"Inflow"
"104",2024-12-07,"G380A",0,NA,"Inflow"
"105",2024-12-08,"G380A",0,NA,"Inflow"
"106",2024-12-11,"G380A",0,NA,"Inflow"
"107",2024-12-12,"G380A",0,NA,"Inflow"
"108",2024-12-13,"G380A",41.535,NA,"Inflow"
"109",2024-12-14,"G380A",82.251,NA,"Inflow"
"110",2024-12-15,"G380A",36.985,NA,"Inflow"
"111",2024-12-16,"G380A",37.599,NA,"Inflow"
"112",2024-12-17,"G380A",37.813,NA,"Inflow"
"113",2024-12-19,"G380A",34.677,NA,"Inflow"
"114",2024-12-20,"G380A",32.939,NA,"Inflow"
"115",2024-12-22,"G380A",27.993,NA,"Inflow"
"116",2024-12-23,"G380A",34.684,NA,"Inflow"
"117",2024-12-24,"G380A",28.325,NA,"Inflow"
"118",2024-12-26,"G380A",36.559,NA,"Inflow"
"119",2025-05-05,"G380A",30.424,NA,"Inflow"
"120",2025-05-08,"G380A",0,NA,"Inflow"
"121",2025-05-09,"G380A",0,NA,"Inflow"
"122",2025-05-10,"G380A",0,NA,"Inflow"
"123",2025-05-11,"G380A",0,NA,"Inflow"
"124",2025-05-17,"G380A",0,NA,"Inflow"
"125",2025-05-18,"G380A",0,NA,"Inflow"
"126",2025-05-20,"G380A",0,NA,"Inflow"
"127",2025-05-21,"G380A",0,NA,"Inflow"
"128",2025-05-22,"G380A",0,NA,"Inflow"
"129",2025-05-24,"G380A",0,NA,"Inflow"
"130",2025-05-26,"G380A",0,NA,"Inflow"
"131",2025-05-29,"G380A",0,NA,"Inflow"
"132",2025-05-31,"G380A",0,NA,"Inflow"
"133",2025-06-01,"G380A",0,NA,"Inflow"
"134",2025-06-03,"G380A",50.008,NA,"Inflow"
"135",2025-06-04,"G380A",123.404,NA,"Inflow"
"136",2025-06-05,"G380A",59.84,NA,"Inflow"
"137",2025-06-07,"G380A",0,NA,"Inflow"
"138",2025-06-08,"G380A",0,NA,"Inflow"
"139",2025-06-09,"G380A",0,NA,"Inflow"
"140",2025-06-11,"G380A",58.018,NA,"Inflow"
"141",2025-06-12,"G380A",60.61,NA,"Inflow"
"142",2025-06-13,"G380A",69,NA,"Inflow"
"143",2025-06-14,"G380A",37.128,NA,"Inflow"
"144",2025-06-18,"G380A",0,NA,"Inflow"
"145",2025-06-19,"G380A",0,NA,"Inflow"
"146",2025-06-20,"G380A",0,NA,"Inflow"
"147",2025-06-23,"G380A",0,NA,"Inflow"
"148",2025-06-24,"G380A",0,NA,"Inflow"
"149",2025-06-26,"G380A",20.399,NA,"Inflow"
"150",2025-06-27,"G380A",0,NA,"Inflow"
"151",2025-06-28,"G380A",0,NA,"Inflow"
"152",2025-07-02,"G380A",96.449,NA,"Inflow"
"153",2025-07-03,"G380A",79.57,NA,"Inflow"
"154",2025-07-04,"G380A",111.371,NA,"Inflow"
"155",2025-07-05,"G380A",126.645,NA,"Inflow"
"156",2025-07-06,"G380A",56.169,NA,"Inflow"
"157",2025-07-13,"G380A",43.061,NA,"Inflow"
"158",2025-07-16,"G380A",200.716,NA,"Inflow"
"159",2025-07-18,"G380A",102.034,NA,"Inflow"
"160",2025-07-20,"G380A",0,NA,"Inflow"
"161",2025-07-22,"G380A",30.064,NA,"Inflow"
"162",2025-07-24,"G380A",51.439,NA,"Inflow"
"163",2025-07-27,"G380A",57.782,NA,"Inflow"
"164",2025-07-29,"G380A",0,NA,"Inflow"
"165",2025-07-30,"G380A",27.59,NA,"Inflow"
"166",2025-08-01,"G380A",0,NA,"Inflow"
"167",2025-08-02,"G380A",0,NA,"Inflow"
"168",2025-08-03,"G380A",0,NA,"Inflow"
"169",2025-08-05,"G380A",0.016,NA,"Inflow"
"170",2025-08-08,"G380A",0,NA,"Inflow"
"171",2025-08-09,"G380A",0,NA,"Inflow"
"172",2025-08-11,"G380A",0,NA,"Inflow"
"173",2025-08-14,"G380A",0,NA,"Inflow"
"174",2025-08-16,"G380A",0,NA,"Inflow"
"175",2025-08-20,"G380A",16.205,NA,"Inflow"
"176",2025-08-23,"G380A",1.712,NA,"Inflow"
"177",2025-08-24,"G380A",103.826,NA,"Inflow"
"178",2025-08-25,"G380A",4.865,NA,"Inflow"
"179",2025-08-26,"G380A",0,NA,"Inflow"
"180",2025-08-29,"G380A",0,NA,"Inflow"
"181",2025-08-30,"G380A",23.601,NA,"Inflow"
"182",2025-08-31,"G380A",129.656,NA,"Inflow"
"183",2025-09-02,"G380A",141.11,NA,"Inflow"
"184",2025-09-03,"G380A",136.482,NA,"Inflow"
"185",2025-09-04,"G380A",158.14,NA,"Inflow"
"186",2025-09-06,"G380A",42.707,NA,"Inflow"
"187",2025-09-08,"G380A",114.31,NA,"Inflow"
"188",2025-09-11,"G380A",172.622,NA,"Inflow"
"189",2025-09-12,"G380A",158.468,NA,"Inflow"
"190",2025-09-16,"G380A",44.981,NA,"Inflow"
"191",2025-01-05,"G380A",0,NA,"Inflow"
"192",2025-01-07,"G380A",-0.281,NA,"Inflow"
"193",2025-01-09,"G380A",16.823,NA,"Inflow"
"194",2025-01-10,"G380A",34.549,NA,"Inflow"
"195",2025-01-13,"G380A",33.616,NA,"Inflow"
"196",2025-01-17,"G380A",27.158,NA,"Inflow"
"197",2025-01-19,"G380A",24.239,NA,"Inflow"
"198",2025-01-22,"G380A",34.088,NA,"Inflow"
"199",2025-01-24,"G380A",31.204,NA,"Inflow"
"200",2025-01-25,"G380A",30.762,NA,"Inflow"
"201",2025-01-26,"G380A",26.401,NA,"Inflow"
"202",2025-01-30,"G380A",36.711,NA,"Inflow"
"203",2025-01-31,"G380A",31.881,NA,"Inflow"
"204",2025-02-01,"G380A",26.87,NA,"Inflow"
"205",2025-02-05,"G380A",44.735,NA,"Inflow"
"206",2025-02-06,"G380A",38.193,NA,"Inflow"
"207",2025-02-07,"G380A",32.245,NA,"Inflow"
"208",2025-02-08,"G380A",28.115,NA,"Inflow"
"209",2025-02-11,"G380A",20.786,NA,"Inflow"
"210",2025-02-12,"G380A",34.747,NA,"Inflow"
"211",2025-02-13,"G380A",28.758,NA,"Inflow"
"212",2025-02-14,"G380A",27.054,NA,"Inflow"
"213",2025-02-16,"G380A",29.783,NA,"Inflow"
"214",2025-02-17,"G380A",29.759,NA,"Inflow"
"215",2025-02-18,"G380A",30.305,NA,"Inflow"
"216",2025-02-23,"G380A",27.828,NA,"Inflow"
"217",2025-02-28,"G380A",28.275,NA,"Inflow"
"218",2025-03-03,"G380A",26.887,NA,"Inflow"
"219",2025-03-04,"G380A",26.599,NA,"Inflow"
"220",2025-03-05,"G380A",26.798,NA,"Inflow"
"221",2025-03-07,"G380A",28.503,NA,"Inflow"
"222",2025-03-08,"G380A",28.835,NA,"Inflow"
"223",2025-03-10,"G380A",31.771,NA,"Inflow"
"224",2025-03-11,"G380A",26.703,NA,"Inflow"
"225",2025-03-12,"G380A",28.895,NA,"Inflow"
"226",2025-03-13,"G380A",35.002,NA,"Inflow"
"227",2025-03-15,"G380A",27.867,NA,"Inflow"
"228",2025-03-18,"G380A",28.419,NA,"Inflow"
"229",2025-03-20,"G380A",27.526,NA,"Inflow"
"230",2025-03-21,"G380A",28.269,NA,"Inflow"
"231",2025-03-22,"G380A",28.346,NA,"Inflow"
"232",2025-03-26,"G380A",33.824,NA,"Inflow"
"233",2025-03-27,"G380A",33.811,NA,"Inflow"
"234",2025-03-30,"G380A",34.858,NA,"Inflow"
"235",2025-04-03,"G380A",0,NA,"Inflow"
"236",2025-04-05,"G380A",0,NA,"Inflow"
"237",2025-04-06,"G380A",0,NA,"Inflow"
"238",2024-12-27,"G380A",39.689,NA,"Inflow"
"239",2024-12-29,"G380A",36.852,NA,"Inflow"
"240",2026-01-01,"G380A",0,NA,"Inflow"
"241",2026-01-02,"G380A",0,NA,"Inflow"
"242",2026-01-05,"G380A",0,NA,"Inflow"
"243",2026-01-13,"G380A",22.297,NA,"Inflow"
"244",2026-01-14,"G380A",22.636,NA,"Inflow"
"245",2026-01-15,"G380A",21.327,NA,"Inflow"
"246",2026-01-17,"G380A",0,NA,"Inflow"
"247",2026-01-20,"G380A",22.246,NA,"Inflow"
"248",2026-01-21,"G380A",36.651,NA,"Inflow"
"249",2026-01-22,"G380A",38.57,NA,"Inflow"
"250",2026-01-24,"G380A",0,NA,"Inflow"
"251",2026-01-26,"G380A",21.669,NA,"Inflow"
"252",2026-01-29,"G380A",20.646,NA,"Inflow"
"253",2026-01-31,"G380A",0,NA,"Inflow"
"254",2026-02-02,"G380A",27.487,NA,"Inflow"
"255",2026-02-06,"G380A",41.499,NA,"Inflow"
"256",2026-02-09,"G380A",48.875,NA,"Inflow"
"257",2026-02-11,"G380A",44.728,NA,"Inflow"
"258",2026-02-12,"G380A",57.411,NA,"Inflow"
"259",2026-02-13,"G380A",54.78,NA,"Inflow"
"260",2026-02-14,"G380A",58.933,NA,"Inflow"
"261",2026-02-17,"G380A",63.951,NA,"Inflow"
"262",2026-02-19,"G380A",72.767,NA,"Inflow"
"263",2026-02-22,"G380A",70.352,NA,"Inflow"
"264",2026-02-26,"G380A",65.989,NA,"Inflow"
"265",2026-02-27,"G380A",77.354,NA,"Inflow"
"266",2026-03-03,"G380A",65.76,NA,"Inflow"
"267",2026-03-05,"G380A",40.181,NA,"Inflow"
"268",2026-03-06,"G380A",26.28,NA,"Inflow"
"269",2026-03-07,"G380A",40.067,NA,"Inflow"
"270",2026-03-11,"G380A",57.105,NA,"Inflow"
"271",2026-03-12,"G380A",56.246,NA,"Inflow"
"272",2026-03-15,"G380A",0,NA,"Inflow"
"273",2026-03-18,"G380A",0,NA,"Inflow"
"274",2026-03-20,"G380A",0,NA,"Inflow"
"275",2026-03-21,"G380A",0,NA,"Inflow"
"276",2026-03-24,"G380A",67.571,NA,"Inflow"
"277",2026-03-26,"G380A",54.419,NA,"Inflow"
"278",2026-03-30,"G380A",0,NA,"Inflow"
"279",2026-04-01,"G380A",0,NA,"Inflow"
"280",2026-04-04,"G380A",131.84,NA,"Inflow"
"281",2026-04-07,"G380A",171.504,NA,"Inflow"
"282",2026-04-08,"G380A",221.798,NA,"Inflow"
"283",2026-04-09,"G380A",203.335,NA,"Inflow"
"284",2026-04-13,"G380A",123.113,NA,"Inflow"
"285",2026-04-15,"G380A",51.193,NA,"Inflow"
"286",2026-04-17,"G380A",0,NA,"Inflow"
"287",2026-04-18,"G380A",0,NA,"Inflow"
"288",2026-04-19,"G380A",0,NA,"Inflow"
"289",2026-04-20,"G380A",16.954,NA,"Inflow"
"290",2026-04-21,"G380A",41.689,NA,"Inflow"
"291",2026-04-22,"G380A",62.187,NA,"Inflow"
"292",2026-04-25,"G380A",56.545,NA,"Inflow"
"293",2026-04-27,"G380A",49.638,NA,"Inflow"
"294",2026-04-28,"G380A",0,NA,"Inflow"
"295",2026-04-29,"G380A",0,NA,"Inflow"
"296",2026-05-01,"G380A",0,NA,"Inflow"
"297",2026-05-03,"G380A",0,NA,"Inflow"
"298",2025-04-07,"G380A",0,NA,"Inflow"
"299",2025-04-09,"G380A",0,NA,"Inflow"
"300",2025-04-10,"G380A",0,NA,"Inflow"
"301",2025-04-12,"G380A",0,NA,"Inflow"
"302",2025-04-15,"G380A",0,NA,"Inflow"
"303",2025-04-16,"G380A",0,NA,"Inflow"
"304",2025-04-18,"G380A",0,NA,"Inflow"
"305",2025-04-19,"G380A",0,NA,"Inflow"
"306",2025-04-20,"G380A",0,NA,"Inflow"
"307",2025-04-21,"G380A",0,NA,"Inflow"
"308",2025-04-24,"G380A",0,NA,"Inflow"
"309",2025-04-26,"G380A",0,NA,"Inflow"
"310",2025-04-27,"G380A",0,NA,"Inflow"
"311",2025-04-28,"G380A",0,NA,"Inflow"
"312",2025-04-29,"G380A",10.045,NA,"Inflow"
"313",2025-04-30,"G380A",26.024,NA,"Inflow"
"314",2025-05-02,"G380A",36.643,NA,"Inflow"
"315",2025-05-03,"G380A",61.907,NA,"Inflow"
"316",2025-05-06,"G380A",63.874,NA,"Inflow"
"317",2025-05-07,"G380A",11.46,NA,"Inflow"
"318",2025-05-12,"G380A",0,NA,"Inflow"
"319",2025-05-13,"G380A",0,NA,"Inflow"
"320",2025-05-14,"G380A",0,NA,"Inflow"
"321",2025-05-15,"G380A",0,NA,"Inflow"
"322",2025-05-16,"G380A",0,NA,"Inflow"
"323",2025-05-19,"G380A",0,NA,"Inflow"
"324",2025-05-23,"G380A",0,NA,"Inflow"
"325",2025-05-25,"G380A",0,NA,"Inflow"
"326",2025-05-27,"G380A",0,NA,"Inflow"
"327",2025-05-28,"G380A",0,NA,"Inflow"
"328",2025-05-30,"G380A",0,NA,"Inflow"
"329",2025-06-02,"G380A",0,NA,"Inflow"
"330",2025-06-06,"G380A",0,NA,"Inflow"
"331",2025-06-10,"G380A",0,NA,"Inflow"
"332",2025-06-15,"G380A",40.846,NA,"Inflow"
"333",2025-06-16,"G380A",0,NA,"Inflow"
"334",2025-06-17,"G380A",0,NA,"Inflow"
"335",2025-06-21,"G380A",0,NA,"Inflow"
"336",2025-06-22,"G380A",0,NA,"Inflow"
"337",2025-06-25,"G380A",77.038,NA,"Inflow"
"338",2025-06-29,"G380A",0,NA,"Inflow"
"339",2025-06-30,"G380A",13.104,NA,"Inflow"
"340",2025-07-01,"G380A",28.764,NA,"Inflow"
"341",2025-07-07,"G380A",15.177,NA,"Inflow"
"342",2025-07-08,"G380A",11.743,NA,"Inflow"
"343",2025-07-09,"G380A",0,NA,"Inflow"
"344",2025-07-10,"G380A",0,NA,"Inflow"
"345",2025-07-11,"G380A",0,NA,"Inflow"
"346",2025-07-12,"G380A",61.709,NA,"Inflow"
"347",2025-07-14,"G380A",28.058,NA,"Inflow"
"348",2025-07-15,"G380A",158.813,NA,"Inflow"
"349",2025-07-17,"G380A",177.445,NA,"Inflow"
"350",2025-07-19,"G380A",8.641,NA,"Inflow"
"351",2025-07-21,"G380A",0,NA,"Inflow"
"352",2025-07-23,"G380A",80.105,NA,"Inflow"
"353",2025-07-25,"G380A",30.275,NA,"Inflow"
"354",2025-07-26,"G380A",53.395,NA,"Inflow"
"355",2025-07-28,"G380A",35.96,NA,"Inflow"
"356",2025-07-31,"G380A",0,NA,"Inflow"
"357",2026-05-04,"G380A",0,NA,"Inflow"
"358",2026-05-05,"G380A",2.241,NA,"Inflow"
"359",2026-05-06,"G380A",0,NA,"Inflow"
"360",2026-05-07,"G380A",0,NA,"Inflow"
"361",2026-05-08,"G380A",0,NA,"Inflow"
"362",2026-05-09,"G380A",0,NA,"Inflow"
"363",2026-05-11,"G380A",0,NA,"Inflow"
"364",2026-05-12,"G380A",0,NA,"Inflow"
"365",2026-05-14,"G380A",0,NA,"Inflow"
"366",2026-05-15,"G380A",16.412,NA,"Inflow"
"367",2026-05-19,"G380A",0,NA,"Inflow"
"368",2026-05-21,"G380A",0,NA,"Inflow"
"369",2026-05-22,"G380A",0,NA,"Inflow"
"370",2026-05-23,"G380A",0,NA,"Inflow"
"371",2026-05-24,"G380A",0,NA,"Inflow"
"372",2026-05-26,"G380A",0,NA,"Inflow"
"373",2026-05-27,"G380A",0,NA,"Inflow"
"374",2026-05-28,"G380A",0,NA,"Inflow"
"375",2026-05-29,"G380A",0,NA,"Inflow"
"376",2026-05-30,"G380A",0,NA,"Inflow"
"377",2026-06-02,"G380A",0,NA,"Inflow"
"378",2026-06-03,"G380A",0,NA,"Inflow"
"379",2026-06-04,"G380A",0,NA,"Inflow"
"380",2026-06-09,"G380A",0,NA,"Inflow"
"381",2026-06-10,"G380A",0,NA,"Inflow"
"382",2026-06-12,"G380A",0,NA,"Inflow"
"383",2026-06-13,"G380A",0,NA,"Inflow"
"384",2026-06-15,"G380A",0,NA,"Inflow"
"385",2026-06-17,"G380A",0,NA,"Inflow"
"386",2026-06-18,"G380A",44.893,NA,"Inflow"
"387",2026-06-19,"G380A",62.419,NA,"Inflow"
"388",2026-06-20,"G380A",0,NA,"Inflow"
"389",2026-06-21,"G380A",0,NA,"Inflow"
"390",2026-06-22,"G380A",0,NA,"Inflow"
"391",2026-06-24,"G380A",0,NA,"Inflow"
"392",2026-06-25,"G380A",0,NA,"Inflow"
"393",2026-06-26,"G380A",0,NA,"Inflow"
"394",2026-06-27,"G380A",0,NA,"Inflow"
"395",2026-06-28,"G380A",0,NA,"Inflow"
"396",2026-06-29,"G380A",0,NA,"Inflow"
"397",2026-07-01,"G380A",0,NA,"Inflow"
"398",2026-07-02,"G380A",0,NA,"Inflow"
"399",2026-07-03,"G380A",0,NA,"Inflow"
"400",2026-07-04,"G380A",0,NA,"Inflow"
"401",2026-07-08,"G380A",0,NA,"Inflow"
"402",2026-07-09,"G380A",0,NA,"Inflow"
"403",2026-07-10,"G380A",0,NA,"Inflow"
"404",2026-07-12,"G380A",0,NA,"Inflow"
"405",2026-07-13,"G380A",0,NA,"Inflow"
"406",2026-07-14,"G380A",0,NA,"Inflow"
"407",2026-07-16,"G380A",0,NA,"Inflow"
"408",2026-07-17,"G380A",0,NA,"Inflow"
"409",2026-07-18,"G380A",0,NA,"Inflow"
"410",2026-07-19,"G380A",0,NA,"Inflow"
"411",2026-07-24,"G380A",0,NA,"Inflow"
"412",2026-07-25,"G380A",0,NA,"Inflow"
"413",2026-07-26,"G380A",0,NA,"Inflow"
"414",2026-07-27,"G380A",0,NA,"Inflow"
"415",2026-07-29,"G380A",0,NA,"Inflow"
"416",2025-08-04,"G380A",0,NA,"Inflow"
"417",2025-08-06,"G380A",0,NA,"Inflow"
"418",2025-08-07,"G380A",0,NA,"Inflow"
"419",2025-08-10,"G380A",0,NA,"Inflow"
"420",2025-08-12,"G380A",0,NA,"Inflow"
"421",2025-08-13,"G380A",0,NA,"Inflow"
"422",2025-08-15,"G380A",0,NA,"Inflow"
"423",2025-08-17,"G380A",0,NA,"Inflow"
"424",2025-08-18,"G380A",10.776,NA,"Inflow"
"425",2025-08-19,"G380A",1.785,NA,"Inflow"
"426",2025-08-21,"G380A",0,NA,"Inflow"
"427",2025-08-22,"G380A",13.658,NA,"Inflow"
"428",2025-08-27,"G380A",0,NA,"Inflow"
"429",2025-08-28,"G380A",0,NA,"Inflow"
"430",2025-09-01,"G380A",151.636,NA,"Inflow"
"431",2025-09-05,"G380A",94.713,NA,"Inflow"
"432",2025-09-07,"G380A",67.167,NA,"Inflow"
"433",2025-09-09,"G380A",193.633,NA,"Inflow"
"434",2025-09-10,"G380A",187.198,NA,"Inflow"
"435",2025-09-13,"G380A",162.559,NA,"Inflow"
"436",2025-09-14,"G380A",138.675,NA,"Inflow"
"437",2025-09-15,"G380A",84.684,NA,"Inflow"
"438",2025-09-17,"G380A",75.262,NA,"Inflow"
"439",2025-09-18,"G380A",49.397,NA,"Inflow"
"440",2025-09-19,"G380A",45.822,NA,"Inflow"
"441",2025-09-24,"G380A",131.111,NA,"Inflow"
"442",2025-09-25,"G380A",164.424,NA,"Inflow"
"443",2025-09-26,"G380A",130.917,NA,"Inflow"
"444",2025-09-27,"G380A",120.582,NA,"Inflow"
"445",2025-09-30,"G380A",41.084,NA,"Inflow"
"446",2025-10-01,"G380A",29.727,NA,"Inflow"
"447",2025-10-02,"G380A",35.951,NA,"Inflow"
"448",2025-10-03,"G380A",77.372,NA,"Inflow"
"449",2025-10-04,"G380A",87.007,NA,"Inflow"
"450",2025-10-05,"G380A",30.417,NA,"Inflow"
"451",2025-10-06,"G380A",37.198,NA,"Inflow"
"452",2025-10-08,"G380A",32.199,NA,"Inflow"
"453",2025-10-09,"G380A",26.456,NA,"Inflow"
"454",2025-10-10,"G380A",80.331,NA,"Inflow"
"455",2025-10-11,"G380A",170.791,NA,"Inflow"
"456",2025-10-13,"G380A",144.15,NA,"Inflow"
"457",2025-10-14,"G380A",126.313,NA,"Inflow"
"458",2025-10-15,"G380A",42.62,NA,"Inflow"
"459",2025-10-17,"G380A",25.286,NA,"Inflow"
"460",2025-10-19,"G380A",0,NA,"Inflow"
"461",2025-10-20,"G380A",57.693,NA,"Inflow"
"462",2025-10-21,"G380A",29.037,NA,"Inflow"
"463",2025-10-22,"G380A",0,NA,"Inflow"
"464",2025-10-25,"G380A",0,NA,"Inflow"
"465",2025-10-26,"G380A",0,NA,"Inflow"
"466",2025-10-30,"G380A",0,NA,"Inflow"
"467",2025-11-02,"G380A",0,NA,"Inflow"
"468",2025-11-03,"G380A",0,NA,"Inflow"
"469",2025-11-04,"G380A",0,NA,"Inflow"
"470",2025-11-08,"G380A",0,NA,"Inflow"
"471",2025-11-12,"G380A",17.989,NA,"Inflow"
"472",2025-11-14,"G380A",16.531,NA,"Inflow"
"473",2025-11-15,"G380A",16.052,NA,"Inflow"
"474",2025-11-18,"G380A",11.976,NA,"Inflow"
"475",2025-11-19,"G380A",0,NA,"Inflow"
"476",2026-07-31,"G380A",0,NA,"Inflow"
"477",2026-08-02,"G380A",0,NA,"Inflow"
"478",2026-08-03,"G380A",0,NA,"Inflow"
"479",2026-08-04,"G380A",18.147,NA,"Inflow"
"480",2026-08-07,"G380A",41.48,NA,"Inflow"
"481",2026-08-08,"G380A",31.714,NA,"Inflow"
"482",2026-08-09,"G380A",31.962,NA,"Inflow"
"483",2026-08-10,"G380A",23.024,NA,"Inflow"
"484",2026-08-11,"G380A",24.013,NA,"Inflow"
"485",2026-08-12,"G380A",35.456,NA,"Inflow"
"486",2026-08-13,"G380A",39.405,NA,"Inflow"
"487",2026-08-14,"G380A",38.14,NA,"Inflow"
"488",2026-08-15,"G380A",20.127,NA,"Inflow"
"489",2026-08-16,"G380A",8.225,NA,"Inflow"
"490",2026-08-17,"G380A",11.629,NA,"Inflow"
"491",2026-08-18,"G380A",9.557,NA,"Inflow"
"492",2026-08-19,"G380A",8.893,NA,"Inflow"
"493",2026-08-21,"G380A",9.921,NA,"Inflow"
"494",2026-08-22,"G380A",10.946,NA,"Inflow"
"495",2026-08-23,"G380A",10.044,NA,"Inflow"
"496",2026-08-25,"G380A",16.952,NA,"Inflow"
"497",2026-08-26,"G380A",16.799,NA,"Inflow"
"498",2026-08-27,"G380A",38.091,NA,"Inflow"
"499",2026-08-28,"G380A",56.21,NA,"Inflow"
"500",2026-08-29,"G380A",42.28,NA,"Inflow"
"501",2026-08-30,"G380A",43.001,NA,"Inflow"
"502",2026-08-31,"G380A",45.623,NA,"Inflow"
"503",2026-09-01,"G380A",49.257,NA,"Inflow"
"504",2026-09-03,"G380A",118.425,NA,"Inflow"
"505",2026-09-04,"G380A",186.031,NA,"Inflow"
"506",2026-09-05,"G380A",192.672,NA,"Inflow"
"507",2026-09-06,"G380A",194.946,NA,"Inflow"
"508",2026-09-08,"G380A",196.95,NA,"Inflow"
"509",2026-09-09,"G380A",188.547,NA,"Inflow"
"510",2026-09-10,"G380A",192.692,NA,"Inflow"
"511",2026-09-11,"G380A",181.009,NA,"Inflow"
"512",2026-09-13,"G380A",170.409,NA,"Inflow"
"513",2026-09-14,"G380A",168.042,NA,"Inflow"
"514",2026-09-15,"G380A",156.096,NA,"Inflow"
"515",2026-09-16,"G380A",133.933,NA,"Inflow"
"516",2026-09-17,"G380A",131.111,NA,"Inflow"
"517",2026-09-18,"G380A",131.161,NA,"Inflow"
"518",2026-09-19,"G380A",166.387,NA,"Inflow"
"519",2026-09-20,"G380A",149.993,NA,"Inflow"
"520",2026-09-21,"G380A",72.345,NA,"Inflow"
"521",2026-09-22,"G380A",220.739,NA,"Inflow"
"522",2026-09-23,"G380A",295.765,NA,"Inflow"
"523",2026-09-24,"G380A",238.138,NA,"Inflow"
"524",2026-09-25,"G380A",188.634,NA,"Inflow"
"525",2026-09-27,"G380A",54.614,NA,"Inflow"
"526",2026-09-28,"G380A",95.306,NA,"Inflow"
"527",2026-09-29,"G380A",17.933,NA,"Inflow"
"528",2026-10-01,"G380A",42.892,NA,"Inflow"
"529",2026-10-02,"G380A",82.498,NA,"Inflow"
"530",2026-10-03,"G380A",0,NA,"Inflow"
"531",2026-10-04,"G380A",30.576,NA,"Inflow"
"532",2026-10-05,"G380A",31.593,NA,"Inflow"
"533",2026-09-30,"G380A",82.899,NA,"Inflow"
"534",2026-01-03,"G380A",0,NA,"Inflow"
"535",2026-01-04,"G380A",0,NA,"Inflow"
"536",2025-11-20,"G380A",0,NA,"Inflow"
"537",2025-11-26,"G380A",0,NA,"Inflow"
"538",2025-11-28,"G380A",0,NA,"Inflow"
"539",2025-11-30,"G380A",0,NA,"Inflow"
"540",2025-12-01,"G380A",0,NA,"Inflow"
"541",2025-12-03,"G380A",0,NA,"Inflow"
"542",2025-12-04,"G380A",0,NA,"Inflow"
"543",2025-12-07,"G380A",0,NA,"Inflow"
"544",2025-12-09,"G380A",0,NA,"Inflow"
"545",2025-12-10,"G380A",0,NA,"Inflow"
"546",2025-12-12,"G380A",0,NA,"Inflow"
"547",2025-12-14,"G380A",0,NA,"Inflow"
"548",2025-12-15,"G380A",0,NA,"Inflow"
"549",2025-12-18,"G380A",0,NA,"Inflow"
"550",2025-12-19,"G380A",0,NA,"Inflow"
"551",2025-12-20,"G380A",0,NA,"Inflow"
"552",2025-12-22,"G380A",0,NA,"Inflow"
"553",2025-12-24,"G380A",0,NA,"Inflow"
"554",2025-12-25,"G380A",0,NA,"Inflow"
"555",2025-12-27,"G380A",0,NA,"Inflow"
"556",2025-12-29,"G380A",0,NA,"Inflow"
"557",2025-12-31,"G380A",0,NA,"Inflow"
"558",2025-12-30,"G380A",0,NA,"Inflow"
"559",2025-09-20,"G380A",57.441,NA,"Inflow"
"560",2025-09-21,"G380A",15.76,NA,"Inflow"
"561",2025-09-22,"G380A",8.452,NA,"Inflow"
"562",2025-09-23,"G380A",49.158,NA,"Inflow"
"563",2025-09-28,"G380A",118.954,NA,"Inflow"
"564",2025-09-29,"G380A",84.871,NA,"Inflow"
"565",2025-10-07,"G380A",28.415,NA,"Inflow"
"566",2025-10-12,"G380A",220.21,NA,"Inflow"
"567",2025-10-16,"G380A",41.839,NA,"Inflow"
"568",2025-10-18,"G380A",0,NA,"Inflow"
"569",2025-10-23,"G380A",0,NA,"Inflow"
"570",2025-10-24,"G380A",0,NA,"Inflow"
"571",2025-10-27,"G380A",0,NA,"Inflow"
"572",2025-10-28,"G380A",0,NA,"Inflow"
"573",2025-10-29,"G380A",0,NA,"Inflow"
"574",2025-10-31,"G380A",0,NA,"Inflow"
"575",2025-11-01,"G380A",0,NA,"Inflow"
"576",2025-11-05,"G380A",0,NA,"Inflow"
"577",2025-11-06,"G380A",0,NA,"Inflow"
"578",2025-11-07,"G380A",0,NA,"Inflow"
"579",2025-11-09,"G380A",0,NA,"Inflow"
"580",2025-11-10,"G380A",0.006,NA,"Inflow"
"581",2025-11-11,"G380A",17.241,NA,"Inflow"
"582",2025-11-13,"G380A",17.194,NA,"Inflow"
"583",2025-11-16,"G380A",17.753,NA,"Inflow"
"584",2025-11-17,"G380A",22.794,NA,"Inflow"
"585",2025-11-21,"G380A",0,NA,"Inflow"
"586",2025-11-22,"G380A",0,NA,"Inflow"
"587",2025-11-23,"G380A",0,NA,"Inflow"
"588",2025-11-24,"G380A",0,NA,"Inflow"
"589",2025-11-25,"G380A",0,NA,"Inflow"
"590",2025-11-27,"G380A",0,NA,"Inflow"
"591",2025-11-29,"G380A",0,NA,"Inflow"
"592",2025-12-02,"G380A",0,NA,"Inflow"
"593",2025-12-05,"G380A",0,NA,"Inflow"
"594",2025-12-06,"G380A",0,NA,"Inflow"
"595",2025-12-08,"G380A",0,NA,"Inflow"
"596",2026-01-06,"G380A",0,NA,"Inflow"
"597",2026-01-07,"G380A",0,NA,"Inflow"
"598",2026-01-08,"G380A",0,NA,"Inflow"
"599",2026-01-09,"G380A",19.275,NA,"Inflow"
"600",2026-01-10,"G380A",35.465,NA,"Inflow"
"601",2026-01-11,"G380A",18.638,NA,"Inflow"
"602",2026-01-12,"G380A",22.022,NA,"Inflow"
"603",2026-01-16,"G380A",0,NA,"Inflow"
"604",2026-01-18,"G380A",0,NA,"Inflow"
"605",2026-01-19,"G380A",0,NA,"Inflow"
"606",2026-01-23,"G380A",21.335,NA,"Inflow"
"607",2026-01-25,"G380A",25.673,NA,"Inflow"
"608",2026-01-27,"G380A",22.036,NA,"Inflow"
"609",2026-01-28,"G380A",31.79,NA,"Inflow"
"610",2026-01-30,"G380A",21.335,NA,"Inflow"
"611",2026-02-01,"G380A",0,NA,"Inflow"
"612",2026-02-03,"G380A",39.212,NA,"Inflow"
"613",2026-02-04,"G380A",50.398,NA,"Inflow"
"614",2026-02-05,"G380A",48.31,NA,"Inflow"
"615",2026-02-07,"G380A",0,NA,"Inflow"
"616",2026-02-08,"G380A",10.808,NA,"Inflow"
"617",2026-02-10,"G380A",44.309,NA,"Inflow"
"618",2026-02-15,"G380A",60.053,NA,"Inflow"
"619",2026-02-16,"G380A",56.872,NA,"Inflow"
"620",2026-02-18,"G380A",74.058,NA,"Inflow"
"621",2026-02-20,"G380A",71.271,NA,"Inflow"
"622",2026-02-21,"G380A",72.76,NA,"Inflow"
"623",2026-02-23,"G380A",70.067,NA,"Inflow"
"624",2026-02-24,"G380A",71.887,NA,"Inflow"
"625",2026-02-25,"G380A",72.213,NA,"Inflow"
"626",2026-02-28,"G380A",63.114,NA,"Inflow"
"627",2026-03-01,"G380A",0.811,NA,"Inflow"
"628",2026-03-02,"G380A",41.295,NA,"Inflow"
"629",2026-03-04,"G380A",34.53,NA,"Inflow"
"630",2026-03-08,"G380A",27.494,NA,"Inflow"
"631",2026-03-09,"G380A",0,NA,"Inflow"
"632",2026-03-10,"G380A",47.137,NA,"Inflow"
"633",2026-03-13,"G380A",50.053,NA,"Inflow"
"634",2026-03-14,"G380A",0,NA,"Inflow"
"635",2026-03-16,"G380A",0,NA,"Inflow"
"636",2026-03-17,"G380A",0,NA,"Inflow"
"637",2026-03-19,"G380A",0,NA,"Inflow"
"638",2026-03-22,"G380A",0,NA,"Inflow"
"639",2026-03-23,"G380A",84.108,NA,"Inflow"
"640",2026-03-25,"G380A",54.74,NA,"Inflow"
"641",2026-03-27,"G380A",52.887,NA,"Inflow"
"642",2026-03-28,"G380A",53.585,NA,"Inflow"
"643",2026-03-29,"G380A",0,NA,"Inflow"
"644",2026-03-31,"G380A",0,NA,"Inflow"
"645",2026-04-02,"G380A",0,NA,"Inflow"
"646",2026-04-03,"G380A",0,NA,"Inflow"
"647",2026-04-05,"G380A",138.859,NA,"Inflow"
"648",2026-04-06,"G380A",164.956,NA,"Inflow"
"649",2026-04-10,"G380A",255.615,NA,"Inflow"
"650",2026-04-11,"G380A",171.438,NA,"Inflow"
"651",2026-04-12,"G380A",134.642,NA,"Inflow"
"652",2026-04-14,"G380A",158.257,NA,"Inflow"
"653",2026-04-16,"G380A",0,NA,"Inflow"
"654",2026-04-23,"G380A",81.607,NA,"Inflow"
"655",2026-04-24,"G380A",45.933,NA,"Inflow"
"656",2026-04-26,"G380A",49.393,NA,"Inflow"
"657",2026-04-30,"G380A",0,NA,"Inflow"
"658",2026-05-02,"G380A",0,NA,"Inflow"
"659",2026-05-10,"G380A",0,NA,"Inflow"
"660",2026-05-13,"G380A",0,NA,"Inflow"
"661",2026-05-16,"G380A",14.403,NA,"Inflow"
"662",2026-05-17,"G380A",17.529,NA,"Inflow"
"663",2026-05-18,"G380A",24.516,NA,"Inflow"
"664",2026-05-20,"G380A",0,NA,"Inflow"
"665",2026-05-25,"G380A",0,NA,"Inflow"
"666",2026-05-31,"G380A",0,NA,"Inflow"
"667",2026-06-01,"G380A",0,NA,"Inflow"
"668",2026-06-05,"G380A",0,NA,"Inflow"
"669",2026-06-06,"G380A",0,NA,"Inflow"
"670",2026-06-07,"G380A",0,NA,"Inflow"
"671",2026-06-08,"G380A",0,NA,"Inflow"
"672",2026-06-11,"G380A",0,NA,"Inflow"
"673",2026-06-14,"G380A",0,NA,"Inflow"
"674",2026-06-16,"G380A",0,NA,"Inflow"
"675",2026-06-23,"G380A",0,NA,"Inflow"
"676",2026-06-30,"G380A",0,NA,"Inflow"
"677",2026-07-05,"G380A",0,NA,"Inflow"
"678",2026-07-06,"G380A",0,NA,"Inflow"
"679",2026-07-07,"G380A",0,NA,"Inflow"
"680",2026-07-11,"G380A",0,NA,"Inflow"
"681",2026-07-15,"G380A",0,NA,"Inflow"
"682",2026-07-20,"G380A",0,NA,"Inflow"
"683",2026-07-21,"G380A",0,NA,"Inflow"
"684",2026-07-22,"G380A",0,NA,"Inflow"
"685",2026-07-23,"G380A",0,NA,"Inflow"
"686",2026-07-28,"G380A",0,NA,"Inflow"
"687",2026-07-30,"G380A",0,NA,"Inflow"
"688",2026-08-01,"G380A",0,NA,"Inflow"
"689",2026-08-05,"G380A",30.183,NA,"Inflow"
"690",2026-08-06,"G380A",32.497,NA,"Inflow"
"691",2026-08-20,"G380A",8.749,NA,"Inflow"
"692",2026-08-24,"G380A",4.109,NA,"Inflow"
"693",2026-09-02,"G380A",43.863,NA,"Inflow"
"694",2026-09-07,"G380A",194.713,NA,"Inflow"
"695",2026-09-12,"G380A",167.943,NA,"Inflow"
"696",2026-09-26,"G380A",108.416,NA,"Inflow"
"697",2024-11-02,"G380B",0,11.43,"Inflow"
"698",2024-11-02,"G380B",0,10.454,"Inflow"
"699",2024-11-03,"G380B",0,11.261,"Inflow"
"700",2024-11-03,"G380B",0,10.442,"Inflow"
"701",2024-11-04,"G380B",0,11.093,"Inflow"
"702",2024-11-04,"G380B",0,10.427,"Inflow"
"703",2024-11-05,"G380B",0,10.976,"Inflow"
"704",2024-11-05,"G380B",0,10.419,"Inflow"
"705",2024-11-06,"G380B",112.329,12.013,"Inflow"
"706",2024-11-06,"G380B",112.329,10.88,"Inflow"
"707",2024-11-07,"G380B",193.961,12.792,"Inflow"
"708",2024-11-07,"G380B",193.961,11.629,"Inflow"
"709",2024-11-08,"G380B",63.207,12.796,"Inflow"
"710",2024-11-08,"G380B",63.207,11.42,"Inflow"
"711",2024-11-13,"G380B",0,12.267,"Inflow"
"712",2024-11-13,"G380B",0,10.616,"Inflow"
"713",2024-11-01,"G380B",0,11.913,"Inflow"
"714",2024-11-01,"G380B",0,10.466,"Inflow"
"715",2024-11-09,"G380B",0,13.32,"Inflow"
"716",2024-11-09,"G380B",0,10.867,"Inflow"
"717",2024-11-10,"G380B",0,13.145,"Inflow"
"718",2024-11-10,"G380B",0,10.718,"Inflow"
"719",2024-11-11,"G380B",0,12.889,"Inflow"
"720",2024-11-11,"G380B",0,10.664,"Inflow"
"721",2024-11-12,"G380B",0,12.56,"Inflow"
"722",2024-11-12,"G380B",0,10.639,"Inflow"
"723",2024-11-14,"G380B",0,12.05,"Inflow"
"724",2024-11-14,"G380B",0,10.6,"Inflow"
"725",2024-11-17,"G380B",0,11.37,"Inflow"
"726",2024-11-17,"G380B",0,10.549,"Inflow"
"727",2024-11-21,"G380B",0,10.852,"Inflow"
"728",2024-11-21,"G380B",0,10.527,"Inflow"
"729",2024-11-22,"G380B",0,10.631,"Inflow"
"730",2024-11-22,"G380B",0,10.487,"Inflow"
"731",2024-11-24,"G380B",0,10.447,"Inflow"
"732",2024-11-24,"G380B",0,10.43,"Inflow"
"733",2025-12-11,"G380A",0,NA,"Inflow"
"734",2025-12-13,"G380A",0,NA,"Inflow"
"735",2025-12-16,"G380A",0,NA,"Inflow"
"736",2025-12-17,"G380A",0,NA,"Inflow"
"737",2025-12-21,"G380A",0,NA,"Inflow"
"738",2025-12-23,"G380A",0,NA,"Inflow"
"739",2025-12-26,"G380A",0,NA,"Inflow"
"740",2025-12-28,"G380A",0,NA,"Inflow"
"741",2025-01-02,"G380B",0.802,10.912,"Inflow"
"742",2025-01-02,"G380B",0.802,10.763,"Inflow"
"743",2025-01-05,"G380B",0,10.446,"Inflow"
"744",2025-01-05,"G380B",0,10.464,"Inflow"
"745",2025-01-06,"G380B",0,10.388,"Inflow"
"746",2025-01-06,"G380B",0,10.412,"Inflow"
"747",2025-01-07,"G380B",-0.16,10.332,"Inflow"
"748",2025-01-07,"G380B",-0.16,10.357,"Inflow"
"749",2025-01-10,"G380B",33.942,12.362,"Inflow"
"750",2025-01-10,"G380B",33.942,10.913,"Inflow"
"751",2025-01-11,"G380B",34.415,12.474,"Inflow"
"752",2025-01-11,"G380B",34.415,10.964,"Inflow"
"753",2025-01-12,"G380B",34.882,12.515,"Inflow"
"754",2025-01-12,"G380B",34.882,10.981,"Inflow"
"755",2025-01-13,"G380B",33.003,12.371,"Inflow"
"756",2025-01-13,"G380B",33.003,10.98,"Inflow"
"757",2025-01-14,"G380B",33.02,12.374,"Inflow"
"758",2025-01-14,"G380B",33.02,10.988,"Inflow"
"759",2025-01-16,"G380B",30.913,12.205,"Inflow"
"760",2025-01-16,"G380B",30.913,10.989,"Inflow"
"761",2025-01-18,"G380B",26.579,12.211,"Inflow"
"762",2025-01-18,"G380B",26.579,10.962,"Inflow"
"763",2025-01-22,"G380B",34.23,12.746,"Inflow"
"764",2025-01-22,"G380B",34.23,11.023,"Inflow"
"765",2025-01-23,"G380B",33.363,12.756,"Inflow"
"766",2025-01-23,"G380B",33.363,11.028,"Inflow"
"767",2025-01-25,"G380B",34.859,12.64,"Inflow"
"768",2025-01-25,"G380B",34.859,11.012,"Inflow"
"769",2025-01-29,"G380B",33.9,12.765,"Inflow"
"770",2025-01-29,"G380B",33.9,11.04,"Inflow"
"771",2025-01-31,"G380B",31.959,12.672,"Inflow"
"772",2025-01-31,"G380B",31.959,11.038,"Inflow"
"773",2025-02-01,"G380B",26.788,12.696,"Inflow"
"774",2025-02-01,"G380B",26.788,11.006,"Inflow"
"775",2025-02-02,"G380B",28.869,12.957,"Inflow"
"776",2025-02-02,"G380B",28.869,11.011,"Inflow"
"777",2025-02-03,"G380B",32.069,13.01,"Inflow"
"778",2025-02-03,"G380B",32.069,11.038,"Inflow"
"779",2025-02-04,"G380B",32.896,12.985,"Inflow"
"780",2025-02-04,"G380B",32.896,11.031,"Inflow"
"781",2025-02-05,"G380B",44.207,12.81,"Inflow"
"782",2025-02-05,"G380B",44.207,11.105,"Inflow"
"783",2025-02-07,"G380B",31.804,12.442,"Inflow"
"784",2025-02-07,"G380B",31.804,11.075,"Inflow"
"785",2025-02-08,"G380B",27.775,12.051,"Inflow"
"786",2025-02-08,"G380B",27.775,11.055,"Inflow"
"787",2025-02-09,"G380B",28.224,12.252,"Inflow"
"788",2025-02-09,"G380B",28.224,11.057,"Inflow"
"789",2025-02-10,"G380B",28.418,12.331,"Inflow"
"790",2025-02-10,"G380B",28.418,11.063,"Inflow"
"791",2025-02-12,"G380B",34.002,12.562,"Inflow"
"792",2025-02-12,"G380B",34.002,11.084,"Inflow"
"793",2025-02-13,"G380B",28.319,12.27,"Inflow"
"794",2025-02-13,"G380B",28.319,11.081,"Inflow"
"795",2025-02-14,"G380B",26.755,12.27,"Inflow"
"796",2025-02-14,"G380B",26.755,11.067,"Inflow"
"797",2025-02-15,"G380B",29.747,12.377,"Inflow"
"798",2025-02-15,"G380B",29.747,11.087,"Inflow"
"799",2025-02-16,"G380B",30.207,12.393,"Inflow"
"800",2025-02-16,"G380B",30.207,11.095,"Inflow"
"801",2025-02-19,"G380B",31.505,12.369,"Inflow"
"802",2025-02-19,"G380B",31.505,11.116,"Inflow"
"803",2025-02-22,"G380B",30.292,12.388,"Inflow"
"804",2025-02-22,"G380B",30.292,11.112,"Inflow"
"805",2025-02-23,"G380B",27.848,12.367,"Inflow"
"806",2025-02-23,"G380B",27.848,11.112,"Inflow"
"807",2025-02-26,"G380B",11.974,11.69,"Inflow"
"808",2025-02-26,"G380B",11.974,10.937,"Inflow"
"809",2025-02-27,"G380B",39.347,12.315,"Inflow"
"810",2025-02-27,"G380B",39.347,11.112,"Inflow"
"811",2025-03-01,"G380B",26.546,12.408,"Inflow"
"812",2025-03-01,"G380B",26.546,11.083,"Inflow"
"813",2025-03-02,"G380B",26.58,12.409,"Inflow"
"814",2025-03-02,"G380B",26.58,11.083,"Inflow"
"815",2025-03-03,"G380B",26.95,12.405,"Inflow"
"816",2025-03-03,"G380B",26.95,11.082,"Inflow"
"817",2025-03-05,"G380B",26.754,12.468,"Inflow"
"818",2025-03-05,"G380B",26.754,11.097,"Inflow"
"819",2025-03-08,"G380B",28.722,12.511,"Inflow"
"820",2025-03-08,"G380B",28.722,11.11,"Inflow"
"821",2025-03-11,"G380B",26.771,12.443,"Inflow"
"822",2025-03-11,"G380B",26.771,11.116,"Inflow"
"823",2025-03-17,"G380B",28.445,12.505,"Inflow"
"824",2025-03-17,"G380B",28.445,11.139,"Inflow"
"825",2025-03-18,"G380B",28.221,12.503,"Inflow"
"826",2025-03-18,"G380B",28.221,11.132,"Inflow"
"827",2025-03-22,"G380B",28.204,12.501,"Inflow"
"828",2025-03-22,"G380B",28.204,11.141,"Inflow"
"829",2025-03-23,"G380B",29.618,12.561,"Inflow"
"830",2025-03-23,"G380B",29.618,11.149,"Inflow"
"831",2025-03-25,"G380B",33.736,12.584,"Inflow"
"832",2025-03-25,"G380B",33.736,11.182,"Inflow"
"833",2025-03-26,"G380B",33.584,12.58,"Inflow"
"834",2025-03-26,"G380B",33.584,11.19,"Inflow"
"835",2025-03-27,"G380B",33.516,12.577,"Inflow"
"836",2025-03-27,"G380B",33.516,11.19,"Inflow"
"837",2025-03-28,"G380B",28.512,12.418,"Inflow"
"838",2025-03-28,"G380B",28.512,11.16,"Inflow"
"839",2025-03-30,"G380B",34.531,12.716,"Inflow"
"840",2025-03-30,"G380B",34.531,11.21,"Inflow"
"841",2025-04-01,"G380B",14.802,12.578,"Inflow"
"842",2025-04-01,"G380B",14.802,11.095,"Inflow"
"843",2024-11-25,"G380B",0,10.387,"Inflow"
"844",2024-11-25,"G380B",0,10.394,"Inflow"
"845",2024-11-26,"G380B",0,10.343,"Inflow"
"846",2024-11-26,"G380B",0,10.354,"Inflow"
"847",2024-11-27,"G380B",0,10.303,"Inflow"
"848",2024-11-27,"G380B",0,10.316,"Inflow"
"849",2024-12-02,"G380B",0,10.137,"Inflow"
"850",2024-12-02,"G380B",0,10.155,"Inflow"
"851",2024-12-04,"G380B",0,10.013,"Inflow"
"852",2024-12-04,"G380B",0,10.074,"Inflow"
"853",2024-12-05,"G380B",0,9.97,"Inflow"
"854",2024-12-05,"G380B",0,10.038,"Inflow"
"855",2024-12-10,"G380B",0,10.72,"Inflow"
"856",2024-12-10,"G380B",0,9.941,"Inflow"
"857",2024-12-12,"G380B",0,11.958,"Inflow"
"858",2024-12-12,"G380B",0,10.198,"Inflow"
"859",2024-12-13,"G380B",41.679,11.995,"Inflow"
"860",2024-12-13,"G380B",41.679,10.512,"Inflow"
"861",2024-12-14,"G380B",82.336,12.038,"Inflow"
"862",2024-12-14,"G380B",82.336,11.136,"Inflow"
"863",2024-12-15,"G380B",37.636,12.641,"Inflow"
"864",2024-12-15,"G380B",37.636,10.95,"Inflow"
"865",2024-12-18,"G380B",38.218,12.674,"Inflow"
"866",2024-12-18,"G380B",38.218,10.989,"Inflow"
"867",2024-12-21,"G380B",31.372,12.155,"Inflow"
"868",2024-12-21,"G380B",31.372,10.967,"Inflow"
"869",2024-12-22,"G380B",29.107,12.017,"Inflow"
"870",2024-12-22,"G380B",29.107,10.935,"Inflow"
"871",2024-12-23,"G380B",36.124,12.661,"Inflow"
"872",2024-12-23,"G380B",36.124,10.969,"Inflow"
"873",2024-12-27,"G380B",41.567,13.173,"Inflow"
"874",2024-12-27,"G380B",41.567,11.041,"Inflow"
"875",2024-12-31,"G380B",38.232,12.877,"Inflow"
"876",2024-12-31,"G380B",38.232,11.05,"Inflow"
"877",2024-11-15,"G380B",0,11.833,"Inflow"
"878",2024-11-15,"G380B",0,10.589,"Inflow"
"879",2024-11-16,"G380B",0,11.584,"Inflow"
"880",2024-11-16,"G380B",0,10.563,"Inflow"
"881",2024-11-18,"G380B",0,11.791,"Inflow"
"882",2024-11-18,"G380B",0,10.545,"Inflow"
"883",2024-11-19,"G380B",0,11.982,"Inflow"
"884",2024-11-19,"G380B",0,10.554,"Inflow"
"885",2024-11-20,"G380B",0,11.442,"Inflow"
"886",2024-11-20,"G380B",0,10.551,"Inflow"
"887",2024-11-23,"G380B",0,10.525,"Inflow"
"888",2024-11-23,"G380B",0,10.456,"Inflow"
"889",2024-11-28,"G380B",0,10.272,"Inflow"
"890",2024-11-28,"G380B",0,10.28,"Inflow"
"891",2024-11-29,"G380B",0,10.248,"Inflow"
"892",2024-11-29,"G380B",0,10.249,"Inflow"
"893",2024-11-30,"G380B",0,10.223,"Inflow"
"894",2024-11-30,"G380B",0,10.223,"Inflow"
"895",2024-12-01,"G380B",0,10.183,"Inflow"
"896",2024-12-01,"G380B",0,10.191,"Inflow"
"897",2024-12-03,"G380B",0,10.074,"Inflow"
"898",2024-12-03,"G380B",0,10.117,"Inflow"
"899",2024-12-06,"G380B",0,9.941,"Inflow"
"900",2024-12-06,"G380B",0,10.003,"Inflow"
"901",2024-12-07,"G380B",0,9.915,"Inflow"
"902",2024-12-07,"G380B",0,9.964,"Inflow"
"903",2024-12-08,"G380B",0,9.888,"Inflow"
"904",2024-12-08,"G380B",0,9.933,"Inflow"
"905",2024-12-09,"G380B",0,9.867,"Inflow"
"906",2024-12-09,"G380B",0,9.908,"Inflow"
"907",2024-12-11,"G380B",0,11.451,"Inflow"
"908",2024-12-11,"G380B",0,10.108,"Inflow"
"909",2024-12-16,"G380B",37.007,12.683,"Inflow"
"910",2024-12-16,"G380B",37.007,10.953,"Inflow"
"911",2024-12-17,"G380B",35.834,12.688,"Inflow"
"912",2024-12-17,"G380B",35.834,10.962,"Inflow"
"913",2024-12-19,"G380B",36.229,12.596,"Inflow"
"914",2024-12-19,"G380B",36.229,10.995,"Inflow"
"915",2024-12-20,"G380B",34.31,12.4,"Inflow"
"916",2024-12-20,"G380B",34.31,10.971,"Inflow"
"917",2024-12-24,"G380B",29.739,12.035,"Inflow"
"918",2024-12-24,"G380B",29.739,10.974,"Inflow"
"919",2024-12-25,"G380B",27.665,11.86,"Inflow"
"920",2024-12-25,"G380B",27.665,10.944,"Inflow"
"921",2024-12-26,"G380B",38.333,12.853,"Inflow"
"922",2024-12-26,"G380B",38.333,10.991,"Inflow"
"923",2024-12-28,"G380B",39.817,13.001,"Inflow"
"924",2024-12-28,"G380B",39.817,11.041,"Inflow"
"925",2024-12-29,"G380B",38.696,12.915,"Inflow"
"926",2024-12-29,"G380B",38.696,11.047,"Inflow"
"927",2024-12-30,"G380B",38.052,12.861,"Inflow"
"928",2024-12-30,"G380B",38.052,11.046,"Inflow"
"929",2026-01-02,"G380B",0,10.706,"Inflow"
"930",2026-01-02,"G380B",0,10.376,"Inflow"
"931",2026-01-03,"G380B",0,10.697,"Inflow"
"932",2026-01-03,"G380B",0,10.368,"Inflow"
"933",2026-01-04,"G380B",0,10.687,"Inflow"
"934",2026-01-04,"G380B",0,10.36,"Inflow"
"935",2026-01-05,"G380B",0,10.68,"Inflow"
"936",2026-01-05,"G380B",0,10.353,"Inflow"
"937",2026-01-11,"G380B",0,11.804,"Inflow"
"938",2026-01-11,"G380B",0,10.823,"Inflow"
"939",2026-01-12,"G380B",0,11.912,"Inflow"
"940",2026-01-12,"G380B",0,10.746,"Inflow"
"941",2026-01-13,"G380B",0,12.071,"Inflow"
"942",2026-01-13,"G380B",0,10.791,"Inflow"
"943",2026-01-15,"G380B",0,11.917,"Inflow"
"944",2026-01-15,"G380B",0,10.8,"Inflow"
"945",2026-01-16,"G380B",0,11.861,"Inflow"
"946",2026-01-16,"G380B",0,10.723,"Inflow"
"947",2026-01-20,"G380B",0,11.909,"Inflow"
"948",2026-01-20,"G380B",0,10.726,"Inflow"
"949",2026-01-21,"G380B",0,12.153,"Inflow"
"950",2026-01-21,"G380B",0,10.882,"Inflow"
"951",2026-01-22,"G380B",0,12.023,"Inflow"
"952",2026-01-22,"G380B",0,10.953,"Inflow"
"953",2026-01-23,"G380B",0,12.082,"Inflow"
"954",2026-01-23,"G380B",0,10.83,"Inflow"
"955",2026-01-26,"G380B",0,12.073,"Inflow"
"956",2026-01-26,"G380B",0,10.824,"Inflow"
"957",2026-01-27,"G380B",0,12.034,"Inflow"
"958",2026-01-27,"G380B",0,10.849,"Inflow"
"959",2026-01-28,"G380B",0,12.367,"Inflow"
"960",2026-01-28,"G380B",0,10.904,"Inflow"
"961",2026-01-29,"G380B",0,12.019,"Inflow"
"962",2026-01-29,"G380B",0,10.868,"Inflow"
"963",2025-04-02,"G380B",0,12.579,"Inflow"
"964",2025-04-02,"G380B",0,10.845,"Inflow"
"965",2025-04-03,"G380B",0,12.512,"Inflow"
"966",2025-04-03,"G380B",0,10.75,"Inflow"
"967",2025-04-04,"G380B",0,12.596,"Inflow"
"968",2025-04-04,"G380B",0,10.687,"Inflow"
"969",2025-04-06,"G380B",0,12.621,"Inflow"
"970",2025-04-06,"G380B",0,10.614,"Inflow"
"971",2025-04-09,"G380B",0,12.721,"Inflow"
"972",2025-04-09,"G380B",0,10.583,"Inflow"
"973",2025-04-10,"G380B",0,12.635,"Inflow"
"974",2025-04-10,"G380B",0,10.581,"Inflow"
"975",2025-04-11,"G380B",0,12.688,"Inflow"
"976",2025-04-11,"G380B",0,10.563,"Inflow"
"977",2025-04-12,"G380B",0,12.837,"Inflow"
"978",2025-04-12,"G380B",0,10.55,"Inflow"
"979",2025-04-13,"G380B",0,12.505,"Inflow"
"980",2025-04-13,"G380B",0,10.545,"Inflow"
"981",2025-04-14,"G380B",0,12.403,"Inflow"
"982",2025-04-14,"G380B",0,10.524,"Inflow"
"983",2025-04-20,"G380B",0,12.378,"Inflow"
"984",2025-04-20,"G380B",0,10.41,"Inflow"
"985",2025-04-21,"G380B",0,12.187,"Inflow"
"986",2025-04-21,"G380B",0,10.391,"Inflow"
"987",2025-04-25,"G380B",0,12.565,"Inflow"
"988",2025-04-25,"G380B",0,10.357,"Inflow"
"989",2025-04-26,"G380B",0,13.001,"Inflow"
"990",2025-04-26,"G380B",0,10.358,"Inflow"
"991",2025-04-27,"G380B",0,12.796,"Inflow"
"992",2025-04-27,"G380B",0,10.356,"Inflow"
"993",2025-04-29,"G380B",10.178,12.519,"Inflow"
"994",2025-04-29,"G380B",10.178,10.444,"Inflow"
"995",2025-05-01,"G380B",32.012,12.938,"Inflow"
"996",2025-05-01,"G380B",32.012,10.899,"Inflow"
"997",2025-05-02,"G380B",36.904,13.049,"Inflow"
"998",2025-05-02,"G380B",36.904,10.945,"Inflow"
"999",2025-05-04,"G380B",55.21,12.612,"Inflow"
"1000",2025-05-04,"G380B",55.21,11.05,"Inflow"
"1001",2025-05-05,"G380B",26.936,12.43,"Inflow"
"1002",2025-05-05,"G380B",26.936,10.924,"Inflow"
"1003",2025-05-06,"G380B",61.592,12.836,"Inflow"
"1004",2025-05-06,"G380B",61.592,11.078,"Inflow"
"1005",2025-05-08,"G380B",0,12.113,"Inflow"
"1006",2025-05-08,"G380B",0,10.646,"Inflow"
"1007",2025-05-09,"G380B",0,12.357,"Inflow"
"1008",2025-05-09,"G380B",0,10.579,"Inflow"
"1009",2025-05-10,"G380B",0,12.148,"Inflow"
"1010",2025-05-10,"G380B",0,10.539,"Inflow"
"1011",2025-05-11,"G380B",0,12.27,"Inflow"
"1012",2025-05-11,"G380B",0,10.507,"Inflow"
"1013",2025-05-12,"G380B",0,12.157,"Inflow"
"1014",2025-05-12,"G380B",0,10.618,"Inflow"
"1015",2025-05-13,"G380B",0,12.44,"Inflow"
"1016",2025-05-13,"G380B",0,10.664,"Inflow"
"1017",2025-05-17,"G380B",0,11.484,"Inflow"
"1018",2025-05-17,"G380B",0,10.578,"Inflow"
"1019",2025-05-19,"G380B",0,10.972,"Inflow"
"1020",2025-05-19,"G380B",0,10.519,"Inflow"
"1021",2025-05-20,"G380B",0,10.76,"Inflow"
"1022",2025-05-20,"G380B",0,10.489,"Inflow"
"1023",2025-05-24,"G380B",0,11.615,"Inflow"
"1024",2025-05-24,"G380B",0,10.444,"Inflow"
"1025",2025-05-25,"G380B",0,11.971,"Inflow"
"1026",2025-05-25,"G380B",0,10.434,"Inflow"
"1027",2025-05-29,"G380B",0,13.336,"Inflow"
"1028",2025-05-29,"G380B",0,10.425,"Inflow"
"1029",2025-05-30,"G380B",0,13.018,"Inflow"
"1030",2025-05-30,"G380B",0,10.419,"Inflow"
"1031",2025-06-03,"G380B",49.241,13.372,"Inflow"
"1032",2025-06-03,"G380B",49.241,10.784,"Inflow"
"1033",2025-06-05,"G380B",59.22,13.413,"Inflow"
"1034",2025-06-05,"G380B",59.22,11.292,"Inflow"
"1035",2025-06-06,"G380B",0,13.055,"Inflow"
"1036",2025-06-06,"G380B",0,10.853,"Inflow"
"1037",2025-06-08,"G380B",0,12.877,"Inflow"
"1038",2025-06-08,"G380B",0,10.709,"Inflow"
"1039",2025-06-09,"G380B",0,12.662,"Inflow"
"1040",2025-06-09,"G380B",0,10.696,"Inflow"
"1041",2025-06-14,"G380B",37.566,13.131,"Inflow"
"1042",2025-06-14,"G380B",37.566,11.115,"Inflow"
"1043",2025-06-15,"G380B",40.381,13.184,"Inflow"
"1044",2025-06-15,"G380B",40.381,11.083,"Inflow"
"1045",2025-06-17,"G380B",0,13.047,"Inflow"
"1046",2025-06-17,"G380B",0,10.72,"Inflow"
"1047",2025-06-19,"G380B",0,13.022,"Inflow"
"1048",2025-06-19,"G380B",0,10.708,"Inflow"
"1049",2025-06-22,"G380B",0,13.043,"Inflow"
"1050",2025-06-22,"G380B",0,10.617,"Inflow"
"1051",2025-06-23,"G380B",0,13.053,"Inflow"
"1052",2025-06-23,"G380B",0,10.61,"Inflow"
"1053",2025-06-24,"G380B",0,13.097,"Inflow"
"1054",2025-06-24,"G380B",0,10.58,"Inflow"
"1055",2025-07-02,"G380B",96.858,13.537,"Inflow"
"1056",2025-07-02,"G380B",96.858,11.289,"Inflow"
"1057",2025-07-04,"G380B",110.679,13.656,"Inflow"
"1058",2025-07-04,"G380B",110.679,11.436,"Inflow"
"1059",2025-07-05,"G380B",130.561,14.171,"Inflow"
"1060",2025-07-05,"G380B",130.561,11.556,"Inflow"
"1061",2025-07-06,"G380B",57.909,13.311,"Inflow"
"1062",2025-07-06,"G380B",57.909,11.356,"Inflow"
"1063",2025-07-07,"G380B",15.659,13.315,"Inflow"
"1064",2025-07-07,"G380B",15.659,11.063,"Inflow"
"1065",2025-07-08,"G380B",12.296,13.171,"Inflow"
"1066",2025-07-08,"G380B",12.296,10.917,"Inflow"
"1067",2025-07-09,"G380B",0,13.094,"Inflow"
"1068",2025-07-09,"G380B",0,10.832,"Inflow"
"1069",2025-07-10,"G380B",0,12.891,"Inflow"
"1070",2025-07-10,"G380B",0,10.75,"Inflow"
"1071",2025-07-11,"G380B",0,12.891,"Inflow"
"1072",2025-07-11,"G380B",0,10.738,"Inflow"
"1073",2025-07-12,"G380B",61.493,13.478,"Inflow"
"1074",2025-07-12,"G380B",61.493,11.003,"Inflow"
"1075",2025-07-13,"G380B",41.756,13.27,"Inflow"
"1076",2025-07-13,"G380B",41.756,11.19,"Inflow"
"1077",2025-07-14,"G380B",29.168,13.396,"Inflow"
"1078",2025-07-14,"G380B",29.168,10.99,"Inflow"
"1079",2025-07-15,"G380B",161.258,13.806,"Inflow"
"1080",2025-07-15,"G380B",161.258,11.587,"Inflow"
"1081",2025-07-16,"G380B",204.091,13.556,"Inflow"
"1082",2025-07-16,"G380B",204.091,11.857,"Inflow"
"1083",2026-01-31,"G380B",0,11.902,"Inflow"
"1084",2026-01-31,"G380B",0,10.804,"Inflow"
"1085",2026-02-01,"G380B",0,11.939,"Inflow"
"1086",2026-02-01,"G380B",0,10.798,"Inflow"
"1087",2026-02-02,"G380B",0,12.075,"Inflow"
"1088",2026-02-02,"G380B",0,10.901,"Inflow"
"1089",2026-02-04,"G380B",0,11.997,"Inflow"
"1090",2026-02-04,"G380B",0,10.971,"Inflow"
"1091",2026-02-05,"G380B",0,11.913,"Inflow"
"1092",2026-02-05,"G380B",0,10.966,"Inflow"
"1093",2026-02-06,"G380B",0,11.725,"Inflow"
"1094",2026-02-06,"G380B",0,10.94,"Inflow"
"1095",2026-02-09,"G380B",0,11.794,"Inflow"
"1096",2026-02-09,"G380B",0,10.959,"Inflow"
"1097",2026-02-11,"G380B",0,11.832,"Inflow"
"1098",2026-02-11,"G380B",0,10.946,"Inflow"
"1099",2026-02-12,"G380B",0,11.96,"Inflow"
"1100",2026-02-12,"G380B",0,10.986,"Inflow"
"1101",2026-02-13,"G380B",0,11.942,"Inflow"
"1102",2026-02-13,"G380B",0,10.995,"Inflow"
"1103",2026-02-17,"G380B",0,11.967,"Inflow"
"1104",2026-02-17,"G380B",0,10.997,"Inflow"
"1105",2026-02-21,"G380B",0,12.241,"Inflow"
"1106",2026-02-21,"G380B",0,11.07,"Inflow"
"1107",2026-02-26,"G380B",0,12.205,"Inflow"
"1108",2026-02-26,"G380B",0,11.063,"Inflow"
"1109",2026-02-27,"G380B",0,12.204,"Inflow"
"1110",2026-02-27,"G380B",0,11.056,"Inflow"
"1111",2026-03-03,"G380B",0,12.472,"Inflow"
"1112",2026-03-03,"G380B",0,11.084,"Inflow"
"1113",2026-03-04,"G380B",0,11.965,"Inflow"
"1114",2026-03-04,"G380B",0,10.953,"Inflow"
"1115",2026-03-07,"G380B",0,11.861,"Inflow"
"1116",2026-03-07,"G380B",0,11.04,"Inflow"
"1117",2026-03-09,"G380B",0,11.946,"Inflow"
"1118",2026-03-09,"G380B",0,10.745,"Inflow"
"1119",2026-03-11,"G380B",0,12.338,"Inflow"
"1120",2026-03-11,"G380B",0,11.068,"Inflow"
"1121",2026-03-13,"G380B",0,12.275,"Inflow"
"1122",2026-03-13,"G380B",0,11.086,"Inflow"
"1123",2026-03-15,"G380B",0,12.124,"Inflow"
"1124",2026-03-15,"G380B",0,10.633,"Inflow"
"1125",2026-03-17,"G380B",0,11.243,"Inflow"
"1126",2026-03-17,"G380B",0,10.53,"Inflow"
"1127",2026-03-18,"G380B",0,10.994,"Inflow"
"1128",2026-03-18,"G380B",0,10.498,"Inflow"
"1129",2026-03-19,"G380B",0,11.164,"Inflow"
"1130",2026-03-19,"G380B",0,10.459,"Inflow"
"1131",2026-03-20,"G380B",0,12.019,"Inflow"
"1132",2026-03-20,"G380B",0,10.435,"Inflow"
"1133",2026-03-21,"G380B",0,12.707,"Inflow"
"1134",2026-03-21,"G380B",0,10.423,"Inflow"
"1135",2026-03-23,"G380B",0,12.968,"Inflow"
"1136",2026-03-23,"G380B",0,10.908,"Inflow"
"1137",2026-03-24,"G380B",0,12.803,"Inflow"
"1138",2026-03-24,"G380B",0,11.054,"Inflow"
"1139",2026-03-25,"G380B",0,12.658,"Inflow"
"1140",2026-03-25,"G380B",0,11.01,"Inflow"
"1141",2026-03-27,"G380B",0,12.635,"Inflow"
"1142",2026-03-27,"G380B",0,10.989,"Inflow"
"1143",2026-04-01,"G380B",0,12.335,"Inflow"
"1144",2026-04-01,"G380B",0,10.54,"Inflow"
"1145",2026-04-03,"G380B",0,12.222,"Inflow"
"1146",2026-04-03,"G380B",0,10.487,"Inflow"
"1147",2026-04-04,"G380B",0,13.091,"Inflow"
"1148",2026-04-04,"G380B",0,11.144,"Inflow"
"1149",2026-04-05,"G380B",0,13.173,"Inflow"
"1150",2026-04-05,"G380B",0,11.301,"Inflow"
"1151",2026-04-06,"G380B",0,13.371,"Inflow"
"1152",2026-04-06,"G380B",0,11.37,"Inflow"
"1153",2026-04-07,"G380B",0.704,13.185,"Inflow"
"1154",2026-04-07,"G380B",0.704,11.433,"Inflow"
"1155",2026-04-08,"G380B",0,13.545,"Inflow"
"1156",2026-04-08,"G380B",0,11.592,"Inflow"
"1157",2026-04-11,"G380B",0,12.295,"Inflow"
"1158",2026-04-11,"G380B",0,11.593,"Inflow"
"1159",2026-04-12,"G380B",0,12.171,"Inflow"
"1160",2026-04-12,"G380B",0,11.418,"Inflow"
"1161",2026-04-13,"G380B",0,12.381,"Inflow"
"1162",2026-04-13,"G380B",0,11.341,"Inflow"
"1163",2026-04-15,"G380B",0,12.298,"Inflow"
"1164",2026-04-15,"G380B",0,11.193,"Inflow"
"1165",2026-04-16,"G380B",0,12.117,"Inflow"
"1166",2026-04-16,"G380B",0,10.96,"Inflow"
"1167",2026-04-18,"G380B",0,11.854,"Inflow"
"1168",2026-04-18,"G380B",0,10.912,"Inflow"
"1169",2026-04-19,"G380B",0,11.859,"Inflow"
"1170",2026-04-19,"G380B",0,10.919,"Inflow"
"1171",2026-04-20,"G380B",2.03,11.568,"Inflow"
"1172",2026-04-20,"G380B",2.03,10.896,"Inflow"
"1173",2026-04-22,"G380B",0,11.949,"Inflow"
"1174",2026-04-22,"G380B",0,11.023,"Inflow"
"1175",2026-04-24,"G380B",0,11.694,"Inflow"
"1176",2026-04-24,"G380B",0,10.971,"Inflow"
"1177",2026-04-26,"G380B",0,11.966,"Inflow"
"1178",2026-04-26,"G380B",0,10.999,"Inflow"
"1179",2026-04-28,"G380B",0,11.947,"Inflow"
"1180",2026-04-28,"G380B",0,10.758,"Inflow"
"1181",2026-04-29,"G380B",0,11.942,"Inflow"
"1182",2026-04-29,"G380B",0,10.619,"Inflow"
"1183",2026-04-30,"G380B",0,11.915,"Inflow"
"1184",2026-04-30,"G380B",0,10.557,"Inflow"
"1185",2026-05-01,"G380B",0,11.927,"Inflow"
"1186",2026-05-01,"G380B",0,10.505,"Inflow"
"1187",2026-05-02,"G380B",0,11.953,"Inflow"
"1188",2026-05-02,"G380B",0,10.462,"Inflow"
"1189",2026-05-05,"G380B",0,12.039,"Inflow"
"1190",2026-05-05,"G380B",0,10.406,"Inflow"
"1191",2026-05-06,"G380B",0,11.986,"Inflow"
"1192",2026-05-06,"G380B",0,10.366,"Inflow"
"1193",2026-05-10,"G380B",0,11.967,"Inflow"
"1194",2026-05-10,"G380B",0,10.333,"Inflow"
"1195",2026-05-13,"G380B",0,12.303,"Inflow"
"1196",2026-05-13,"G380B",0,10.461,"Inflow"
"1197",2026-05-14,"G380B",0,12.668,"Inflow"
"1198",2026-05-14,"G380B",0,10.465,"Inflow"
"1199",2026-05-17,"G380B",0,11.908,"Inflow"
"1200",2026-05-17,"G380B",0,10.732,"Inflow"
"1201",2025-07-19,"G380B",8.677,13.372,"Inflow"
"1202",2025-07-19,"G380B",8.677,11.275,"Inflow"
"1203",2025-07-20,"G380B",0,13.121,"Inflow"
"1204",2025-07-20,"G380B",0,10.906,"Inflow"
"1205",2025-07-21,"G380B",0,13.343,"Inflow"
"1206",2025-07-21,"G380B",0,10.803,"Inflow"
"1207",2025-07-23,"G380B",80.498,13.629,"Inflow"
"1208",2025-07-23,"G380B",80.498,11.211,"Inflow"
"1209",2025-07-24,"G380B",51.366,13.435,"Inflow"
"1210",2025-07-24,"G380B",51.366,11.337,"Inflow"
"1211",2025-07-27,"G380B",57.585,13.423,"Inflow"
"1212",2025-07-27,"G380B",57.585,11.355,"Inflow"
"1213",2025-07-29,"G380B",0,13.357,"Inflow"
"1214",2025-07-29,"G380B",0,10.947,"Inflow"
"1215",2025-07-31,"G380B",0,13.171,"Inflow"
"1216",2025-07-31,"G380B",0,10.922,"Inflow"
"1217",2025-08-01,"G380B",0,13.411,"Inflow"
"1218",2025-08-01,"G380B",0,10.79,"Inflow"
"1219",2025-08-02,"G380B",0,13.542,"Inflow"
"1220",2025-08-02,"G380B",0,10.74,"Inflow"
"1221",2025-08-03,"G380B",0,13.599,"Inflow"
"1222",2025-08-03,"G380B",0,10.703,"Inflow"
"1223",2025-08-05,"G380B",0.029,13.394,"Inflow"
"1224",2025-08-05,"G380B",0.029,10.677,"Inflow"
"1225",2025-08-07,"G380B",0,13.124,"Inflow"
"1226",2025-08-07,"G380B",0,10.585,"Inflow"
"1227",2025-08-08,"G380B",0,12.919,"Inflow"
"1228",2025-08-08,"G380B",0,10.565,"Inflow"
"1229",2025-08-10,"G380B",0,12.962,"Inflow"
"1230",2025-08-10,"G380B",0,10.499,"Inflow"
"1231",2025-08-11,"G380B",0,13.114,"Inflow"
"1232",2025-08-11,"G380B",0,10.48,"Inflow"
"1233",2025-08-13,"G380B",0,13.1,"Inflow"
"1234",2025-08-13,"G380B",0,10.42,"Inflow"
"1235",2025-08-14,"G380B",0,13.07,"Inflow"
"1236",2025-08-14,"G380B",0,10.393,"Inflow"
"1237",2025-08-15,"G380B",0,13.059,"Inflow"
"1238",2025-08-15,"G380B",0,10.355,"Inflow"
"1239",2025-08-16,"G380B",0,13.09,"Inflow"
"1240",2025-08-16,"G380B",0,10.32,"Inflow"
"1241",2025-08-17,"G380B",0,13.08,"Inflow"
"1242",2025-08-17,"G380B",0,10.316,"Inflow"
"1243",2025-08-18,"G380B",0,13.101,"Inflow"
"1244",2025-08-18,"G380B",0,10.539,"Inflow"
"1245",2025-08-19,"G380B",0,12.922,"Inflow"
"1246",2025-08-19,"G380B",0,10.693,"Inflow"
"1247",2025-08-20,"G380B",0,13.078,"Inflow"
"1248",2025-08-20,"G380B",0,10.665,"Inflow"
"1249",2025-08-22,"G380B",6.717,13.078,"Inflow"
"1250",2025-08-22,"G380B",6.717,10.688,"Inflow"
"1251",2025-08-23,"G380B",0.843,12.935,"Inflow"
"1252",2025-08-23,"G380B",0.843,10.798,"Inflow"
"1253",2025-08-24,"G380B",103.922,12.999,"Inflow"
"1254",2025-08-24,"G380B",103.922,11.113,"Inflow"
"1255",2025-08-25,"G380B",4.717,12.602,"Inflow"
"1256",2025-08-25,"G380B",4.717,11.004,"Inflow"
"1257",2025-08-28,"G380B",0,12.375,"Inflow"
"1258",2025-08-28,"G380B",0,10.585,"Inflow"
"1259",2025-08-29,"G380B",0,12.233,"Inflow"
"1260",2025-08-29,"G380B",0,10.555,"Inflow"
"1261",2025-09-01,"G380B",151.882,12.981,"Inflow"
"1262",2025-09-01,"G380B",151.882,11.471,"Inflow"
"1263",2025-09-02,"G380B",140.976,13.024,"Inflow"
"1264",2025-09-02,"G380B",140.976,11.501,"Inflow"
"1265",2025-09-03,"G380B",136.061,13.015,"Inflow"
"1266",2025-09-03,"G380B",136.061,11.477,"Inflow"
"1267",2025-09-04,"G380B",159.4,12.995,"Inflow"
"1268",2025-09-04,"G380B",159.4,11.631,"Inflow"
"1269",2025-09-05,"G380B",95.127,12.922,"Inflow"
"1270",2025-09-05,"G380B",95.127,11.411,"Inflow"
"1271",2025-09-06,"G380B",42.567,12.7,"Inflow"
"1272",2025-09-06,"G380B",42.567,11.311,"Inflow"
"1273",2025-09-07,"G380B",67.165,12.774,"Inflow"
"1274",2025-09-07,"G380B",67.165,11.237,"Inflow"
"1275",2025-09-08,"G380B",115.792,12.92,"Inflow"
"1276",2025-09-08,"G380B",115.792,11.412,"Inflow"
"1277",2025-09-09,"G380B",195.939,13.311,"Inflow"
"1278",2025-09-09,"G380B",195.939,11.732,"Inflow"
"1279",2025-09-10,"G380B",189.335,13.322,"Inflow"
"1280",2025-09-10,"G380B",189.335,11.847,"Inflow"
"1281",2025-09-11,"G380B",174.552,13.111,"Inflow"
"1282",2025-09-11,"G380B",174.552,11.852,"Inflow"
"1283",2025-09-12,"G380B",160.087,13.047,"Inflow"
"1284",2025-09-12,"G380B",160.087,11.831,"Inflow"
"1285",2025-09-13,"G380B",162.45,13.093,"Inflow"
"1286",2025-09-13,"G380B",162.45,11.834,"Inflow"
"1287",2025-09-16,"G380B",43.845,12.571,"Inflow"
"1288",2025-09-16,"G380B",43.845,11.301,"Inflow"
"1289",2025-09-20,"G380B",57.95,12.061,"Inflow"
"1290",2025-09-20,"G380B",57.95,11.284,"Inflow"
"1291",2025-09-21,"G380B",15.909,11.829,"Inflow"
"1292",2025-09-21,"G380B",15.909,11.072,"Inflow"
"1293",2025-09-22,"G380B",8.429,11.843,"Inflow"
"1294",2025-09-22,"G380B",8.429,10.939,"Inflow"
"1295",2025-09-26,"G380B",130.913,12.443,"Inflow"
"1296",2025-09-26,"G380B",130.913,11.729,"Inflow"
"1297",2025-09-29,"G380B",78.383,12.405,"Inflow"
"1298",2025-09-29,"G380B",78.383,11.538,"Inflow"
"1299",2025-10-03,"G380B",0,12.172,"Inflow"
"1300",2025-10-03,"G380B",0,11.292,"Inflow"
"1301",2025-10-04,"G380B",0,12.225,"Inflow"
"1302",2025-10-04,"G380B",0,11.434,"Inflow"
"1303",2025-10-05,"G380B",0,12.103,"Inflow"
"1304",2025-10-05,"G380B",0,11.158,"Inflow"
"1305",2025-10-06,"G380B",37.399,12.085,"Inflow"
"1306",2025-10-06,"G380B",37.399,11.139,"Inflow"
"1307",2025-10-07,"G380B",0,12.021,"Inflow"
"1308",2025-10-07,"G380B",0,11.108,"Inflow"
"1309",2025-10-08,"G380B",0,12.073,"Inflow"
"1310",2025-10-08,"G380B",0,11.12,"Inflow"
"1311",2025-10-09,"G380B",0,12.084,"Inflow"
"1312",2025-10-09,"G380B",0,11.073,"Inflow"
"1313",2025-10-10,"G380B",0,12.167,"Inflow"
"1314",2025-10-10,"G380B",0,11.229,"Inflow"
"1315",2025-10-11,"G380B",115.816,12.772,"Inflow"
"1316",2025-10-11,"G380B",115.816,11.664,"Inflow"
"1317",2025-10-13,"G380B",144.051,12.259,"Inflow"
"1318",2025-10-13,"G380B",144.051,11.905,"Inflow"
"1319",2026-05-18,"G380B",0,11.86,"Inflow"
"1320",2026-05-18,"G380B",0,10.751,"Inflow"
"1321",2026-05-19,"G380B",0,11.392,"Inflow"
"1322",2026-05-19,"G380B",0,10.612,"Inflow"
"1323",2026-05-21,"G380B",0,10.742,"Inflow"
"1324",2026-05-21,"G380B",0,10.445,"Inflow"
"1325",2026-05-22,"G380B",0,10.488,"Inflow"
"1326",2026-05-22,"G380B",0,10.392,"Inflow"
"1327",2026-05-23,"G380B",0,10.219,"Inflow"
"1328",2026-05-23,"G380B",0,10.312,"Inflow"
"1329",2026-05-25,"G380B",0,9.852,"Inflow"
"1330",2026-05-25,"G380B",0,10.23,"Inflow"
"1331",2026-05-26,"G380B",0,9.786,"Inflow"
"1332",2026-05-26,"G380B",0,10.153,"Inflow"
"1333",2026-05-29,"G380B",0,9.755,"Inflow"
"1334",2026-05-29,"G380B",0,9.994,"Inflow"
"1335",2026-05-30,"G380B",0,9.791,"Inflow"
"1336",2026-05-30,"G380B",0,10.053,"Inflow"
"1337",2026-05-31,"G380B",0,10.96,"Inflow"
"1338",2026-05-31,"G380B",0,10.055,"Inflow"
"1339",2026-06-01,"G380B",0,11.444,"Inflow"
"1340",2026-06-01,"G380B",0,10.139,"Inflow"
"1341",2026-06-02,"G380B",0,11.062,"Inflow"
"1342",2026-06-02,"G380B",0,10.188,"Inflow"
"1343",2026-06-03,"G380B",0,10.828,"Inflow"
"1344",2026-06-03,"G380B",0,10.31,"Inflow"
"1345",2026-06-05,"G380B",0,11.985,"Inflow"
"1346",2026-06-05,"G380B",0,10.339,"Inflow"
"1347",2026-06-06,"G380B",0,11.515,"Inflow"
"1348",2026-06-06,"G380B",0,10.319,"Inflow"
"1349",2026-06-07,"G380B",0,11.11,"Inflow"
"1350",2026-06-07,"G380B",0,10.289,"Inflow"
"1351",2026-06-08,"G380B",0,10.75,"Inflow"
"1352",2026-06-08,"G380B",0,10.263,"Inflow"
"1353",2026-06-09,"G380B",0,10.432,"Inflow"
"1354",2026-06-09,"G380B",0,10.222,"Inflow"
"1355",2026-06-10,"G380B",0,10.162,"Inflow"
"1356",2026-06-10,"G380B",0,10.149,"Inflow"
"1357",2026-06-12,"G380B",0,9.77,"Inflow"
"1358",2026-06-12,"G380B",0,9.979,"Inflow"
"1359",2026-06-13,"G380B",0,9.645,"Inflow"
"1360",2026-06-13,"G380B",0,9.892,"Inflow"
"1361",2026-06-14,"G380B",0,9.527,"Inflow"
"1362",2026-06-14,"G380B",0,9.806,"Inflow"
"1363",2026-06-15,"G380B",0,9.444,"Inflow"
"1364",2026-06-15,"G380B",0,9.736,"Inflow"
"1365",2026-06-16,"G380B",0,10.393,"Inflow"
"1366",2026-06-16,"G380B",0,9.708,"Inflow"
"1367",2026-06-17,"G380B",0.094,11.579,"Inflow"
"1368",2026-06-17,"G380B",0.094,10.258,"Inflow"
"1369",2026-06-18,"G380B",0,11.322,"Inflow"
"1370",2026-06-18,"G380B",0,10.869,"Inflow"
"1371",2026-06-19,"G380B",0,11.336,"Inflow"
"1372",2026-06-19,"G380B",0,10.917,"Inflow"
"1373",2026-06-20,"G380B",0,11.185,"Inflow"
"1374",2026-06-20,"G380B",0,10.64,"Inflow"
"1375",2026-06-22,"G380B",0,12.736,"Inflow"
"1376",2026-06-22,"G380B",0,10.454,"Inflow"
"1377",2026-06-23,"G380B",0,12.643,"Inflow"
"1378",2026-06-23,"G380B",0,10.427,"Inflow"
"1379",2026-06-24,"G380B",0,12.48,"Inflow"
"1380",2026-06-24,"G380B",0,10.407,"Inflow"
"1381",2026-06-25,"G380B",0,12.364,"Inflow"
"1382",2026-06-25,"G380B",0,10.398,"Inflow"
"1383",2026-06-26,"G380B",0,12.142,"Inflow"
"1384",2026-06-26,"G380B",0,10.403,"Inflow"
"1385",2026-06-27,"G380B",0,12.358,"Inflow"
"1386",2026-06-27,"G380B",0,10.398,"Inflow"
"1387",2026-06-28,"G380B",0,12.322,"Inflow"
"1388",2026-06-28,"G380B",0,10.374,"Inflow"
"1389",2026-06-29,"G380B",0,12.319,"Inflow"
"1390",2026-06-29,"G380B",0,10.362,"Inflow"
"1391",2026-06-30,"G380B",0,12.261,"Inflow"
"1392",2026-06-30,"G380B",0,10.336,"Inflow"
"1393",2026-07-01,"G380B",0,11.735,"Inflow"
"1394",2026-07-01,"G380B",0,10.313,"Inflow"
"1395",2026-07-03,"G380B",0,10.976,"Inflow"
"1396",2026-07-03,"G380B",0,10.326,"Inflow"
"1397",2026-07-04,"G380B",0,10.771,"Inflow"
"1398",2026-07-04,"G380B",0,10.393,"Inflow"
"1399",2026-07-06,"G380B",0,10.75,"Inflow"
"1400",2026-07-06,"G380B",0,10.311,"Inflow"
"1401",2026-07-07,"G380B",0,11.6,"Inflow"
"1402",2026-07-07,"G380B",0,10.317,"Inflow"
"1403",2026-07-10,"G380B",0,10.178,"Inflow"
"1404",2026-07-10,"G380B",0,10.256,"Inflow"
"1405",2026-07-11,"G380B",0,10.23,"Inflow"
"1406",2026-07-11,"G380B",0,10.274,"Inflow"
"1407",2026-07-12,"G380B",0,10.387,"Inflow"
"1408",2026-07-12,"G380B",0,10.279,"Inflow"
"1409",2026-07-15,"G380B",0,12.841,"Inflow"
"1410",2026-07-15,"G380B",0,10.38,"Inflow"
"1411",2026-07-16,"G380B",0,12.491,"Inflow"
"1412",2026-07-16,"G380B",0,10.408,"Inflow"
"1413",2026-07-17,"G380B",0,12.355,"Inflow"
"1414",2026-07-17,"G380B",0,10.475,"Inflow"
"1415",2026-07-18,"G380B",0,12.141,"Inflow"
"1416",2026-07-18,"G380B",0,10.535,"Inflow"
"1417",2026-07-20,"G380B",0,12.741,"Inflow"
"1418",2026-07-20,"G380B",0,10.511,"Inflow"
"1419",2026-07-21,"G380B",0,12.757,"Inflow"
"1420",2026-07-21,"G380B",0,10.493,"Inflow"
"1421",2026-07-22,"G380B",0,12.555,"Inflow"
"1422",2026-07-22,"G380B",0,10.488,"Inflow"
"1423",2026-07-24,"G380B",0,12.385,"Inflow"
"1424",2026-07-24,"G380B",0,10.48,"Inflow"
"1425",2026-07-27,"G380B",0,12.102,"Inflow"
"1426",2026-07-27,"G380B",0,10.507,"Inflow"
"1427",2026-07-28,"G380B",0,12.378,"Inflow"
"1428",2026-07-28,"G380B",0,10.52,"Inflow"
"1429",2026-07-30,"G380B",0,12.458,"Inflow"
"1430",2026-07-30,"G380B",0,10.511,"Inflow"
"1431",2026-07-31,"G380B",0,12.399,"Inflow"
"1432",2026-07-31,"G380B",0,10.521,"Inflow"
"1433",2026-08-02,"G380B",0,12.771,"Inflow"
"1434",2026-08-02,"G380B",0,10.572,"Inflow"
"1435",2026-08-03,"G380B",0,12.661,"Inflow"
"1436",2026-08-03,"G380B",0,10.576,"Inflow"
"1437",2026-08-05,"G380B",29.571,12.495,"Inflow"
"1438",2026-08-05,"G380B",29.571,10.904,"Inflow"
"1439",2025-10-14,"G380B",131.744,12.061,"Inflow"
"1440",2025-10-14,"G380B",131.744,11.773,"Inflow"
"1441",2025-10-16,"G380B",74.768,12.056,"Inflow"
"1442",2025-10-16,"G380B",74.768,11.297,"Inflow"
"1443",2025-10-17,"G380B",104.743,11.947,"Inflow"
"1444",2025-10-17,"G380B",104.743,11.22,"Inflow"
"1445",2025-10-18,"G380B",75.217,11.436,"Inflow"
"1446",2025-10-18,"G380B",75.217,11.062,"Inflow"
"1447",2025-10-19,"G380B",45.773,11.105,"Inflow"
"1448",2025-10-19,"G380B",45.773,10.967,"Inflow"
"1449",2025-10-20,"G380B",79.032,11.667,"Inflow"
"1450",2025-10-20,"G380B",79.032,11.185,"Inflow"
"1451",2025-10-23,"G380B",0,12.463,"Inflow"
"1452",2025-10-23,"G380B",0,10.757,"Inflow"
"1453",2025-10-24,"G380B",0,12.376,"Inflow"
"1454",2025-10-24,"G380B",0,10.692,"Inflow"
"1455",2025-10-26,"G380B",0,12.249,"Inflow"
"1456",2025-10-26,"G380B",0,10.632,"Inflow"
"1457",2025-10-27,"G380B",0,12.214,"Inflow"
"1458",2025-10-27,"G380B",0,10.619,"Inflow"
"1459",2025-10-28,"G380B",0,12.252,"Inflow"
"1460",2025-10-28,"G380B",0,10.601,"Inflow"
"1461",2025-10-30,"G380B",0,12.129,"Inflow"
"1462",2025-10-30,"G380B",0,10.583,"Inflow"
"1463",2025-10-31,"G380B",0,12.105,"Inflow"
"1464",2025-10-31,"G380B",0,10.569,"Inflow"
"1465",2025-11-01,"G380B",0,11.985,"Inflow"
"1466",2025-11-01,"G380B",0,10.563,"Inflow"
"1467",2025-11-08,"G380B",0,11.737,"Inflow"
"1468",2025-11-08,"G380B",0,10.503,"Inflow"
"1469",2025-11-10,"G380B",0,11.674,"Inflow"
"1470",2025-11-10,"G380B",0,10.477,"Inflow"
"1471",2025-11-11,"G380B",0,11.659,"Inflow"
"1472",2025-11-11,"G380B",0,10.68,"Inflow"
"1473",2025-11-12,"G380B",0,11.599,"Inflow"
"1474",2025-11-12,"G380B",0,10.887,"Inflow"
"1475",2025-11-13,"G380B",0,11.56,"Inflow"
"1476",2025-11-13,"G380B",0,10.905,"Inflow"
"1477",2025-01-01,"G380B",21.197,11.553,"Inflow"
"1478",2025-01-01,"G380B",21.197,10.976,"Inflow"
"1479",2025-01-03,"G380B",0,10.686,"Inflow"
"1480",2025-01-03,"G380B",0,10.636,"Inflow"
"1481",2025-01-04,"G380B",0,10.54,"Inflow"
"1482",2025-01-04,"G380B",0,10.543,"Inflow"
"1483",2025-01-08,"G380B",0,10.274,"Inflow"
"1484",2025-01-08,"G380B",0,10.3,"Inflow"
"1485",2025-01-09,"G380B",16.666,11.413,"Inflow"
"1486",2025-01-09,"G380B",16.666,10.495,"Inflow"
"1487",2025-01-15,"G380B",33.269,12.395,"Inflow"
"1488",2025-01-15,"G380B",33.269,10.991,"Inflow"
"1489",2025-01-17,"G380B",26.58,11.939,"Inflow"
"1490",2025-01-17,"G380B",26.58,10.951,"Inflow"
"1491",2025-01-19,"G380B",23.651,12.359,"Inflow"
"1492",2025-01-19,"G380B",23.651,10.948,"Inflow"
"1493",2025-01-20,"G380B",31.847,12.673,"Inflow"
"1494",2025-01-20,"G380B",31.847,10.996,"Inflow"
"1495",2025-01-21,"G380B",34.02,12.733,"Inflow"
"1496",2025-01-21,"G380B",34.02,11.015,"Inflow"
"1497",2025-01-24,"G380B",35.306,12.656,"Inflow"
"1498",2025-01-24,"G380B",35.306,11.018,"Inflow"
"1499",2025-01-26,"G380B",33.07,12.498,"Inflow"
"1500",2025-01-26,"G380B",33.07,10.992,"Inflow"
"1501",2025-01-27,"G380B",14.677,12.662,"Inflow"
"1502",2025-01-27,"G380B",14.677,11.002,"Inflow"
"1503",2025-01-28,"G380B",19.26,12.797,"Inflow"
"1504",2025-01-28,"G380B",19.26,11.023,"Inflow"
"1505",2025-01-30,"G380B",36.554,12.705,"Inflow"
"1506",2025-01-30,"G380B",36.554,11.055,"Inflow"
"1507",2025-02-06,"G380B",38.042,12.554,"Inflow"
"1508",2025-02-06,"G380B",38.042,11.101,"Inflow"
"1509",2025-02-11,"G380B",20.619,12.412,"Inflow"
"1510",2025-02-11,"G380B",20.619,11.043,"Inflow"
"1511",2025-02-17,"G380B",29.344,12.388,"Inflow"
"1512",2025-02-17,"G380B",29.344,11.091,"Inflow"
"1513",2025-02-18,"G380B",29.613,12.42,"Inflow"
"1514",2025-02-18,"G380B",29.613,11.099,"Inflow"
"1515",2025-02-20,"G380B",29.036,12.359,"Inflow"
"1516",2025-02-20,"G380B",29.036,11.107,"Inflow"
"1517",2025-02-21,"G380B",29.235,12.372,"Inflow"
"1518",2025-02-21,"G380B",29.235,11.105,"Inflow"
"1519",2025-02-24,"G380B",0,11.837,"Inflow"
"1520",2025-02-24,"G380B",0,10.959,"Inflow"
"1521",2025-02-25,"G380B",35.754,11.942,"Inflow"
"1522",2025-02-25,"G380B",35.754,11.072,"Inflow"
"1523",2025-02-28,"G380B",27.723,12.466,"Inflow"
"1524",2025-02-28,"G380B",27.723,11.089,"Inflow"
"1525",2025-03-04,"G380B",26.712,12.413,"Inflow"
"1526",2025-03-04,"G380B",26.712,11.082,"Inflow"
"1527",2025-03-06,"G380B",27.388,12.463,"Inflow"
"1528",2025-03-06,"G380B",27.388,11.102,"Inflow"
"1529",2025-03-07,"G380B",28.443,12.482,"Inflow"
"1530",2025-03-07,"G380B",28.443,11.105,"Inflow"
"1531",2025-03-09,"G380B",30.507,12.578,"Inflow"
"1532",2025-03-09,"G380B",30.507,11.129,"Inflow"
"1533",2025-03-10,"G380B",31.78,12.421,"Inflow"
"1534",2025-03-10,"G380B",31.78,11.148,"Inflow"
"1535",2025-03-12,"G380B",28.866,12.544,"Inflow"
"1536",2025-03-12,"G380B",28.866,11.122,"Inflow"
"1537",2025-03-13,"G380B",34.664,12.636,"Inflow"
"1538",2025-03-13,"G380B",34.664,11.158,"Inflow"
"1539",2025-03-14,"G380B",27.879,12.498,"Inflow"
"1540",2025-03-14,"G380B",27.879,11.128,"Inflow"
"1541",2025-03-15,"G380B",27.671,12.49,"Inflow"
"1542",2025-03-15,"G380B",27.671,11.123,"Inflow"
"1543",2025-03-16,"G380B",29.052,12.527,"Inflow"
"1544",2025-03-16,"G380B",29.052,11.134,"Inflow"
"1545",2025-03-19,"G380B",28.968,12.535,"Inflow"
"1546",2025-03-19,"G380B",28.968,11.138,"Inflow"
"1547",2025-03-20,"G380B",27.927,12.485,"Inflow"
"1548",2025-03-20,"G380B",27.927,11.14,"Inflow"
"1549",2025-03-21,"G380B",27.739,12.489,"Inflow"
"1550",2025-03-21,"G380B",27.739,11.138,"Inflow"
"1551",2025-03-24,"G380B",27.613,12.445,"Inflow"
"1552",2025-03-24,"G380B",27.613,11.147,"Inflow"
"1553",2025-03-29,"G380B",33.943,12.646,"Inflow"
"1554",2025-03-29,"G380B",33.943,11.196,"Inflow"
"1555",2025-03-31,"G380B",21.257,12.226,"Inflow"
"1556",2025-03-31,"G380B",21.257,11.137,"Inflow"
"1557",2025-04-05,"G380B",0,12.605,"Inflow"
"1558",2025-04-05,"G380B",0,10.639,"Inflow"
"1559",2026-08-07,"G380B",40.753,13.929,"Inflow"
"1560",2026-08-07,"G380B",40.753,10.979,"Inflow"
"1561",2026-08-08,"G380B",31.26,12.677,"Inflow"
"1562",2026-08-08,"G380B",31.26,10.937,"Inflow"
"1563",2026-08-09,"G380B",31.365,12.731,"Inflow"
"1564",2026-08-09,"G380B",31.365,10.96,"Inflow"
"1565",2026-08-10,"G380B",22.558,11.848,"Inflow"
"1566",2026-08-10,"G380B",22.558,10.923,"Inflow"
"1567",2026-08-12,"G380B",46.675,13.238,"Inflow"
"1568",2026-08-12,"G380B",46.675,11.06,"Inflow"
"1569",2026-08-13,"G380B",54.572,13.817,"Inflow"
"1570",2026-08-13,"G380B",54.572,11.123,"Inflow"
"1571",2026-08-14,"G380B",52.541,13.666,"Inflow"
"1572",2026-08-14,"G380B",52.541,11.135,"Inflow"
"1573",2026-08-15,"G380B",27.748,11.743,"Inflow"
"1574",2026-08-15,"G380B",27.748,10.991,"Inflow"
"1575",2026-08-16,"G380B",11.364,10.862,"Inflow"
"1576",2026-08-16,"G380B",11.364,10.735,"Inflow"
"1577",2026-08-17,"G380B",12.92,10.926,"Inflow"
"1578",2026-08-17,"G380B",12.92,10.773,"Inflow"
"1579",2026-08-18,"G380B",9.299,10.782,"Inflow"
"1580",2026-08-18,"G380B",9.299,10.703,"Inflow"
"1581",2026-08-19,"G380B",8.565,10.635,"Inflow"
"1582",2026-08-19,"G380B",8.565,10.566,"Inflow"
"1583",2026-08-20,"G380B",8.427,10.528,"Inflow"
"1584",2026-08-20,"G380B",8.427,10.463,"Inflow"
"1585",2026-08-21,"G380B",9.542,10.448,"Inflow"
"1586",2026-08-21,"G380B",9.542,10.363,"Inflow"
"1587",2026-08-22,"G380B",10.72,10.489,"Inflow"
"1588",2026-08-22,"G380B",10.72,10.385,"Inflow"
"1589",2026-08-23,"G380B",9.878,10.563,"Inflow"
"1590",2026-08-23,"G380B",9.878,10.475,"Inflow"
"1591",2026-08-24,"G380B",4.042,11.157,"Inflow"
"1592",2026-08-24,"G380B",4.042,10.537,"Inflow"
"1593",2026-08-25,"G380B",17.113,11.448,"Inflow"
"1594",2026-08-25,"G380B",17.113,10.676,"Inflow"
"1595",2026-08-26,"G380B",16.823,10.879,"Inflow"
"1596",2026-08-26,"G380B",16.823,10.742,"Inflow"
"1597",2026-08-27,"G380B",38.218,11.73,"Inflow"
"1598",2026-08-27,"G380B",38.218,10.896,"Inflow"
"1599",2026-08-28,"G380B",56.227,12.438,"Inflow"
"1600",2026-08-28,"G380B",56.227,11.085,"Inflow"
"1601",2026-08-29,"G380B",42.393,11.797,"Inflow"
"1602",2026-08-29,"G380B",42.393,11.023,"Inflow"
"1603",2026-08-30,"G380B",43.312,11.827,"Inflow"
"1604",2026-08-30,"G380B",43.312,11.028,"Inflow"
"1605",2026-08-31,"G380B",45.855,11.926,"Inflow"
"1606",2026-08-31,"G380B",45.855,11.028,"Inflow"
"1607",2026-09-01,"G380B",48.395,12.089,"Inflow"
"1608",2026-09-01,"G380B",48.395,11.05,"Inflow"
"1609",2026-09-02,"G380B",42.135,11.884,"Inflow"
"1610",2026-09-02,"G380B",42.135,11.059,"Inflow"
"1611",2026-09-03,"G380B",117.017,12.463,"Inflow"
"1612",2026-09-03,"G380B",117.017,11.323,"Inflow"
"1613",2026-09-04,"G380B",185.66,12.518,"Inflow"
"1614",2026-09-04,"G380B",185.66,11.703,"Inflow"
"1615",2026-09-05,"G380B",192.555,12.537,"Inflow"
"1616",2026-09-05,"G380B",192.555,11.814,"Inflow"
"1617",2026-09-06,"G380B",194.916,12.574,"Inflow"
"1618",2026-09-06,"G380B",194.916,11.942,"Inflow"
"1619",2026-09-07,"G380B",194.679,12.651,"Inflow"
"1620",2026-09-07,"G380B",194.679,12.023,"Inflow"
"1621",2026-09-08,"G380B",196.944,12.707,"Inflow"
"1622",2026-09-08,"G380B",196.944,12.064,"Inflow"
"1623",2026-09-09,"G380B",188.644,12.65,"Inflow"
"1624",2026-09-09,"G380B",188.644,12.062,"Inflow"
"1625",2026-09-10,"G380B",192.763,12.669,"Inflow"
"1626",2026-09-10,"G380B",192.763,12.055,"Inflow"
"1627",2026-09-11,"G380B",181.08,12.556,"Inflow"
"1628",2026-09-11,"G380B",181.08,12.011,"Inflow"
"1629",2026-09-12,"G380B",168.093,12.409,"Inflow"
"1630",2026-09-12,"G380B",168.093,11.937,"Inflow"
"1631",2026-09-13,"G380B",170.578,12.405,"Inflow"
"1632",2026-09-13,"G380B",170.578,11.918,"Inflow"
"1633",2026-09-14,"G380B",168.212,12.356,"Inflow"
"1634",2026-09-14,"G380B",168.212,11.876,"Inflow"
"1635",2026-09-15,"G380B",156.265,12.292,"Inflow"
"1636",2026-09-15,"G380B",156.265,11.887,"Inflow"
"1637",2026-09-16,"G380B",133.907,12.213,"Inflow"
"1638",2026-09-16,"G380B",133.907,11.916,"Inflow"
"1639",2026-09-17,"G380B",127.097,12.205,"Inflow"
"1640",2026-09-17,"G380B",127.097,11.937,"Inflow"
"1641",2026-09-18,"G380B",128.18,12.199,"Inflow"
"1642",2026-09-18,"G380B",128.18,11.918,"Inflow"
"1643",2026-09-19,"G380B",148.571,12.427,"Inflow"
"1644",2026-09-19,"G380B",148.571,12.051,"Inflow"
"1645",2026-09-20,"G380B",134.766,12.427,"Inflow"
"1646",2026-09-20,"G380B",134.766,12.121,"Inflow"
"1647",2026-09-21,"G380B",102.299,12.146,"Inflow"
"1648",2026-09-21,"G380B",102.299,11.768,"Inflow"
"1649",2026-09-22,"G380B",220.96,12.898,"Inflow"
"1650",2026-09-22,"G380B",220.96,12.115,"Inflow"
"1651",2026-09-23,"G380B",296.234,13.823,"Inflow"
"1652",2026-09-23,"G380B",296.234,12.653,"Inflow"
"1653",2026-09-24,"G380B",238.223,13.441,"Inflow"
"1654",2026-09-24,"G380B",238.223,12.661,"Inflow"
"1655",2026-09-25,"G380B",189.163,13.202,"Inflow"
"1656",2026-09-25,"G380B",189.163,12.625,"Inflow"
"1657",2026-09-26,"G380B",108.177,12.456,"Inflow"
"1658",2026-09-26,"G380B",108.177,12.181,"Inflow"
"1659",2026-09-27,"G380B",54.935,12.229,"Inflow"
"1660",2026-09-27,"G380B",54.935,11.71,"Inflow"
"1661",2026-09-28,"G380B",94.933,12.202,"Inflow"
"1662",2026-09-28,"G380B",94.933,11.723,"Inflow"
"1663",2026-09-29,"G380B",17.622,12.08,"Inflow"
"1664",2026-09-29,"G380B",17.622,11.364,"Inflow"
"1665",2026-09-30,"G380B",82.878,12.218,"Inflow"
"1666",2026-09-30,"G380B",82.878,11.402,"Inflow"
"1667",2026-10-01,"G380B",42.388,12.229,"Inflow"
"1668",2026-10-01,"G380B",42.388,11.284,"Inflow"
"1669",2026-10-02,"G380B",83.042,12.711,"Inflow"
"1670",2026-10-02,"G380B",83.042,11.589,"Inflow"
"1671",2026-10-03,"G380B",0,13.142,"Inflow"
"1672",2026-10-03,"G380B",0,11.099,"Inflow"
"1673",2026-10-04,"G380B",30.517,12.89,"Inflow"
"1674",2026-10-04,"G380B",30.517,10.965,"Inflow"
"1675",2026-10-05,"G380B",31.58,12.861,"Inflow"
"1676",2026-10-05,"G380B",31.58,11.129,"Inflow"
"1677",2025-04-07,"G380B",0,12.636,"Inflow"
"1678",2025-04-07,"G380B",0,10.568,"Inflow"
"1679",2025-04-08,"G380B",0,12.739,"Inflow"
"1680",2025-04-08,"G380B",0,10.579,"Inflow"
"1681",2025-04-15,"G380B",0,12.792,"Inflow"
"1682",2025-04-15,"G380B",0,10.516,"Inflow"
"1683",2025-04-16,"G380B",0,12.152,"Inflow"
"1684",2025-04-16,"G380B",0,10.507,"Inflow"
"1685",2025-04-17,"G380B",0,12.36,"Inflow"
"1686",2025-04-17,"G380B",0,10.483,"Inflow"
"1687",2025-04-18,"G380B",0,12.151,"Inflow"
"1688",2025-04-18,"G380B",0,10.447,"Inflow"
"1689",2025-04-19,"G380B",0,12.208,"Inflow"
"1690",2025-04-19,"G380B",0,10.414,"Inflow"
"1691",2025-04-22,"G380B",0,12.471,"Inflow"
"1692",2025-04-22,"G380B",0,10.376,"Inflow"
"1693",2025-04-23,"G380B",0,12.511,"Inflow"
"1694",2025-04-23,"G380B",0,10.388,"Inflow"
"1695",2025-04-24,"G380B",0,12.442,"Inflow"
"1696",2025-04-24,"G380B",0,10.37,"Inflow"
"1697",2025-04-28,"G380B",0,12.331,"Inflow"
"1698",2025-04-28,"G380B",0,10.334,"Inflow"
"1699",2025-04-30,"G380B",35.526,12.857,"Inflow"
"1700",2025-04-30,"G380B",35.526,10.857,"Inflow"
"1701",2025-05-03,"G380B",62.491,13.189,"Inflow"
"1702",2025-05-03,"G380B",62.491,11.042,"Inflow"
"1703",2025-05-07,"G380B",11.209,12.384,"Inflow"
"1704",2025-05-07,"G380B",11.209,10.865,"Inflow"
"1705",2025-05-14,"G380B",0,12.629,"Inflow"
"1706",2025-05-14,"G380B",0,10.633,"Inflow"
"1707",2025-05-15,"G380B",0,12.318,"Inflow"
"1708",2025-05-15,"G380B",0,10.611,"Inflow"
"1709",2025-05-16,"G380B",0,11.966,"Inflow"
"1710",2025-05-16,"G380B",0,10.592,"Inflow"
"1711",2025-05-18,"G380B",0,11.214,"Inflow"
"1712",2025-05-18,"G380B",0,10.554,"Inflow"
"1713",2025-05-21,"G380B",0,10.726,"Inflow"
"1714",2025-05-21,"G380B",0,10.448,"Inflow"
"1715",2025-05-22,"G380B",0,11.112,"Inflow"
"1716",2025-05-22,"G380B",0,10.441,"Inflow"
"1717",2025-05-23,"G380B",0,11.224,"Inflow"
"1718",2025-05-23,"G380B",0,10.461,"Inflow"
"1719",2025-05-26,"G380B",0,12.276,"Inflow"
"1720",2025-05-26,"G380B",0,10.43,"Inflow"
"1721",2025-05-27,"G380B",0,12.984,"Inflow"
"1722",2025-05-27,"G380B",0,10.427,"Inflow"
"1723",2025-05-28,"G380B",0,13.687,"Inflow"
"1724",2025-05-28,"G380B",0,10.428,"Inflow"
"1725",2025-05-31,"G380B",0,12.924,"Inflow"
"1726",2025-05-31,"G380B",0,10.42,"Inflow"
"1727",2025-06-01,"G380B",0,12.642,"Inflow"
"1728",2025-06-01,"G380B",0,10.436,"Inflow"
"1729",2025-06-02,"G380B",0,12.988,"Inflow"
"1730",2025-06-02,"G380B",0,10.483,"Inflow"
"1731",2025-06-04,"G380B",122.52,14.152,"Inflow"
"1732",2025-06-04,"G380B",122.52,11.376,"Inflow"
"1733",2025-06-07,"G380B",0,12.898,"Inflow"
"1734",2025-06-07,"G380B",0,10.739,"Inflow"
"1735",2025-06-10,"G380B",0,12.745,"Inflow"
"1736",2025-06-10,"G380B",0,10.691,"Inflow"
"1737",2025-06-11,"G380B",51.911,13.199,"Inflow"
"1738",2025-06-11,"G380B",51.911,10.986,"Inflow"
"1739",2025-06-12,"G380B",54.033,13.339,"Inflow"
"1740",2025-06-12,"G380B",54.033,11.111,"Inflow"
"1741",2025-06-13,"G380B",68.958,13.337,"Inflow"
"1742",2025-06-13,"G380B",68.958,11.267,"Inflow"
"1743",2025-06-16,"G380B",0,13.036,"Inflow"
"1744",2025-06-16,"G380B",0,10.836,"Inflow"
"1745",2025-06-18,"G380B",0,13.023,"Inflow"
"1746",2025-06-18,"G380B",0,10.718,"Inflow"
"1747",2025-06-20,"G380B",0,13.024,"Inflow"
"1748",2025-06-20,"G380B",0,10.649,"Inflow"
"1749",2025-06-21,"G380B",0,13.044,"Inflow"
"1750",2025-06-21,"G380B",0,10.619,"Inflow"
"1751",2025-06-25,"G380B",77.942,13.721,"Inflow"
"1752",2025-06-25,"G380B",77.942,10.985,"Inflow"
"1753",2025-06-26,"G380B",20.436,13.067,"Inflow"
"1754",2025-06-26,"G380B",20.436,11.034,"Inflow"
"1755",2025-06-27,"G380B",0,12.905,"Inflow"
"1756",2025-06-27,"G380B",0,10.782,"Inflow"
"1757",2025-06-28,"G380B",0,12.927,"Inflow"
"1758",2025-06-28,"G380B",0,10.691,"Inflow"
"1759",2025-06-29,"G380B",0,13.063,"Inflow"
"1760",2025-06-29,"G380B",0,10.632,"Inflow"
"1761",2025-06-30,"G380B",13.042,13.003,"Inflow"
"1762",2025-06-30,"G380B",13.042,10.742,"Inflow"
"1763",2025-07-01,"G380B",28.822,13.32,"Inflow"
"1764",2025-07-01,"G380B",28.822,10.833,"Inflow"
"1765",2025-07-03,"G380B",78.592,13.446,"Inflow"
"1766",2025-07-03,"G380B",78.592,11.287,"Inflow"
"1767",2025-07-17,"G380B",180.364,13.393,"Inflow"
"1768",2025-07-17,"G380B",180.364,11.884,"Inflow"
"1769",2025-07-18,"G380B",102.876,13.514,"Inflow"
"1770",2025-07-18,"G380B",102.876,11.578,"Inflow"
"1771",2025-07-22,"G380B",29.888,13.618,"Inflow"
"1772",2025-07-22,"G380B",29.888,11.069,"Inflow"
"1773",2025-07-25,"G380B",30.107,13.403,"Inflow"
"1774",2025-07-25,"G380B",30.107,11.175,"Inflow"
"1775",2025-07-26,"G380B",53.218,13.56,"Inflow"
"1776",2025-07-26,"G380B",53.218,11.151,"Inflow"
"1777",2025-07-28,"G380B",35.919,13.471,"Inflow"
"1778",2025-07-28,"G380B",35.919,11.125,"Inflow"
"1779",2025-07-30,"G380B",27.752,13.472,"Inflow"
"1780",2025-07-30,"G380B",27.752,10.992,"Inflow"
"1781",2025-08-04,"G380B",0,13.563,"Inflow"
"1782",2025-08-04,"G380B",0,10.687,"Inflow"
"1783",2025-08-06,"G380B",0,13.34,"Inflow"
"1784",2025-08-06,"G380B",0,10.622,"Inflow"
"1785",2025-08-09,"G380B",0,12.955,"Inflow"
"1786",2025-08-09,"G380B",0,10.524,"Inflow"
"1787",2025-08-12,"G380B",0,13.056,"Inflow"
"1788",2025-08-12,"G380B",0,10.447,"Inflow"
"1789",2025-08-21,"G380B",0.137,12.913,"Inflow"
"1790",2025-08-21,"G380B",0.137,10.722,"Inflow"
"1791",2025-08-26,"G380B",0,12.583,"Inflow"
"1792",2025-08-26,"G380B",0,10.712,"Inflow"
"1793",2025-08-27,"G380B",0,12.544,"Inflow"
"1794",2025-08-27,"G380B",0,10.631,"Inflow"
"1795",2026-08-11,"G380B",26.865,11.958,"Inflow"
"1796",2026-08-11,"G380B",26.865,10.919,"Inflow"
"1797",2026-01-01,"G380B",0,10.722,"Inflow"
"1798",2026-01-01,"G380B",0,10.383,"Inflow"
"1799",2026-01-06,"G380B",0,10.67,"Inflow"
"1800",2026-01-06,"G380B",0,10.349,"Inflow"
"1801",2026-01-07,"G380B",0,10.637,"Inflow"
"1802",2026-01-07,"G380B",0,10.342,"Inflow"
"1803",2026-01-08,"G380B",0,10.883,"Inflow"
"1804",2026-01-08,"G380B",0,10.334,"Inflow"
"1805",2026-01-09,"G380B",0,11.91,"Inflow"
"1806",2026-01-09,"G380B",0,10.599,"Inflow"
"1807",2026-01-10,"G380B",0,12.111,"Inflow"
"1808",2026-01-10,"G380B",0,10.831,"Inflow"
"1809",2026-01-14,"G380B",0,12.071,"Inflow"
"1810",2026-01-14,"G380B",0,10.804,"Inflow"
"1811",2026-01-17,"G380B",0,11.974,"Inflow"
"1812",2026-01-17,"G380B",0,10.65,"Inflow"
"1813",2026-01-18,"G380B",0,12.115,"Inflow"
"1814",2026-01-18,"G380B",0,10.771,"Inflow"
"1815",2026-01-19,"G380B",0,12.017,"Inflow"
"1816",2026-01-19,"G380B",0,10.744,"Inflow"
"1817",2026-01-24,"G380B",0,12.019,"Inflow"
"1818",2026-01-24,"G380B",0,10.638,"Inflow"
"1819",2026-01-25,"G380B",0,11.992,"Inflow"
"1820",2026-01-25,"G380B",0,10.812,"Inflow"
"1821",2026-01-30,"G380B",0,12.081,"Inflow"
"1822",2026-01-30,"G380B",0,10.875,"Inflow"
"1823",2026-02-03,"G380B",0,12.146,"Inflow"
"1824",2026-02-03,"G380B",0,10.929,"Inflow"
"1825",2026-02-07,"G380B",0,11.009,"Inflow"
"1826",2026-02-07,"G380B",0,10.703,"Inflow"
"1827",2026-02-08,"G380B",0,11.253,"Inflow"
"1828",2026-02-08,"G380B",0,10.698,"Inflow"
"1829",2026-02-10,"G380B",0,11.814,"Inflow"
"1830",2026-02-10,"G380B",0,10.927,"Inflow"
"1831",2026-02-14,"G380B",0,11.962,"Inflow"
"1832",2026-02-14,"G380B",0,11.001,"Inflow"
"1833",2026-02-15,"G380B",0,11.937,"Inflow"
"1834",2026-02-15,"G380B",0,11,"Inflow"
"1835",2026-02-16,"G380B",0,11.838,"Inflow"
"1836",2026-02-16,"G380B",0,10.994,"Inflow"
"1837",2026-02-18,"G380B",0,12.237,"Inflow"
"1838",2026-02-18,"G380B",0,11.056,"Inflow"
"1839",2026-02-19,"G380B",0,12.234,"Inflow"
"1840",2026-02-19,"G380B",0,11.061,"Inflow"
"1841",2026-02-20,"G380B",0,12.234,"Inflow"
"1842",2026-02-20,"G380B",0,11.062,"Inflow"
"1843",2026-02-22,"G380B",0,12.237,"Inflow"
"1844",2026-02-22,"G380B",0,11.097,"Inflow"
"1845",2026-02-23,"G380B",0,12.257,"Inflow"
"1846",2026-02-23,"G380B",0,11.075,"Inflow"
"1847",2026-02-24,"G380B",0,12.147,"Inflow"
"1848",2026-02-24,"G380B",0,11.061,"Inflow"
"1849",2026-02-25,"G380B",0,12.195,"Inflow"
"1850",2026-02-25,"G380B",0,11.061,"Inflow"
"1851",2026-02-28,"G380B",0,12.18,"Inflow"
"1852",2026-02-28,"G380B",0,11.056,"Inflow"
"1853",2026-03-01,"G380B",0,12.293,"Inflow"
"1854",2026-03-01,"G380B",0,10.751,"Inflow"
"1855",2026-03-02,"G380B",0,12.11,"Inflow"
"1856",2026-03-02,"G380B",0,10.835,"Inflow"
"1857",2026-03-05,"G380B",0,11.875,"Inflow"
"1858",2026-03-05,"G380B",0,11.007,"Inflow"
"1859",2026-03-06,"G380B",0,12.124,"Inflow"
"1860",2026-03-06,"G380B",0,10.929,"Inflow"
"1861",2026-03-08,"G380B",0,11.862,"Inflow"
"1862",2026-03-08,"G380B",0,10.996,"Inflow"
"1863",2026-03-10,"G380B",0,12.393,"Inflow"
"1864",2026-03-10,"G380B",0,10.907,"Inflow"
"1865",2026-03-12,"G380B",0,12.375,"Inflow"
"1866",2026-03-12,"G380B",0,11.08,"Inflow"
"1867",2026-03-14,"G380B",0,11.701,"Inflow"
"1868",2026-03-14,"G380B",0,10.763,"Inflow"
"1869",2026-03-16,"G380B",0,12.167,"Inflow"
"1870",2026-03-16,"G380B",0,10.575,"Inflow"
"1871",2026-03-22,"G380B",0,12.865,"Inflow"
"1872",2026-03-22,"G380B",0,10.416,"Inflow"
"1873",2026-03-26,"G380B",0,12.641,"Inflow"
"1874",2026-03-26,"G380B",0,10.986,"Inflow"
"1875",2026-03-28,"G380B",0,12.64,"Inflow"
"1876",2026-03-28,"G380B",0,10.998,"Inflow"
"1877",2026-03-29,"G380B",0,12.628,"Inflow"
"1878",2026-03-29,"G380B",0,10.793,"Inflow"
"1879",2026-03-30,"G380B",0,13.028,"Inflow"
"1880",2026-03-30,"G380B",0,10.645,"Inflow"
"1881",2026-03-31,"G380B",0,12.589,"Inflow"
"1882",2026-03-31,"G380B",0,10.574,"Inflow"
"1883",2026-04-02,"G380B",0,12.16,"Inflow"
"1884",2026-04-02,"G380B",0,10.507,"Inflow"
"1885",2026-04-09,"G380B",0,12.816,"Inflow"
"1886",2026-04-09,"G380B",0,11.602,"Inflow"
"1887",2026-04-10,"G380B",0,13.279,"Inflow"
"1888",2026-04-10,"G380B",0,11.728,"Inflow"
"1889",2026-04-14,"G380B",0,12.38,"Inflow"
"1890",2026-04-14,"G380B",0,11.395,"Inflow"
"1891",2026-04-17,"G380B",0,11.842,"Inflow"
"1892",2026-04-17,"G380B",0,10.926,"Inflow"
"1893",2026-04-21,"G380B",0,11.872,"Inflow"
"1894",2026-04-21,"G380B",0,11.003,"Inflow"
"1895",2026-04-23,"G380B",0,11.888,"Inflow"
"1896",2026-04-23,"G380B",0,11.084,"Inflow"
"1897",2026-04-25,"G380B",0,12.16,"Inflow"
"1898",2026-04-25,"G380B",0,11.025,"Inflow"
"1899",2026-04-27,"G380B",0,11.936,"Inflow"
"1900",2026-04-27,"G380B",0,10.976,"Inflow"
"1901",2026-05-03,"G380B",0,11.952,"Inflow"
"1902",2026-05-03,"G380B",0,10.415,"Inflow"
"1903",2026-05-04,"G380B",0,11.903,"Inflow"
"1904",2026-05-04,"G380B",0,10.409,"Inflow"
"1905",2026-05-07,"G380B",0.403,11.92,"Inflow"
"1906",2026-05-07,"G380B",0.403,10.348,"Inflow"
"1907",2026-05-08,"G380B",0,11.938,"Inflow"
"1908",2026-05-08,"G380B",0,10.326,"Inflow"
"1909",2026-05-09,"G380B",0,11.962,"Inflow"
"1910",2026-05-09,"G380B",0,10.332,"Inflow"
"1911",2026-05-11,"G380B",0,11.983,"Inflow"
"1912",2026-05-11,"G380B",0,10.395,"Inflow"
"1913",2026-05-12,"G380B",0,12.083,"Inflow"
"1914",2026-05-12,"G380B",0,10.427,"Inflow"
"1915",2025-08-30,"G380B",23.75,12.464,"Inflow"
"1916",2025-08-30,"G380B",23.75,10.728,"Inflow"
"1917",2025-08-31,"G380B",129.951,12.964,"Inflow"
"1918",2025-08-31,"G380B",129.951,11.229,"Inflow"
"1919",2025-09-14,"G380B",138.391,13.023,"Inflow"
"1920",2025-09-14,"G380B",138.391,11.724,"Inflow"
"1921",2025-09-15,"G380B",84.468,12.907,"Inflow"
"1922",2025-09-15,"G380B",84.468,11.552,"Inflow"
"1923",2025-09-17,"G380B",75.207,12.185,"Inflow"
"1924",2025-09-17,"G380B",75.207,11.368,"Inflow"
"1925",2025-09-18,"G380B",49.532,12.047,"Inflow"
"1926",2025-09-18,"G380B",49.532,11.341,"Inflow"
"1927",2025-09-19,"G380B",45.753,12.033,"Inflow"
"1928",2025-09-19,"G380B",45.753,11.265,"Inflow"
"1929",2025-09-23,"G380B",49.26,11.93,"Inflow"
"1930",2025-09-23,"G380B",49.26,11.019,"Inflow"
"1931",2025-09-24,"G380B",131.152,12.551,"Inflow"
"1932",2025-09-24,"G380B",131.152,11.546,"Inflow"
"1933",2025-09-25,"G380B",164.362,12.884,"Inflow"
"1934",2025-09-25,"G380B",164.362,11.772,"Inflow"
"1935",2025-09-27,"G380B",63.969,12.485,"Inflow"
"1936",2025-09-27,"G380B",63.969,11.645,"Inflow"
"1937",2025-09-28,"G380B",5.016,12.231,"Inflow"
"1938",2025-09-28,"G380B",5.016,11.639,"Inflow"
"1939",2025-09-30,"G380B",41.07,12.16,"Inflow"
"1940",2025-09-30,"G380B",41.07,11.338,"Inflow"
"1941",2025-10-01,"G380B",39.359,12.176,"Inflow"
"1942",2025-10-01,"G380B",39.359,11.189,"Inflow"
"1943",2025-10-02,"G380B",25.775,12.059,"Inflow"
"1944",2025-10-02,"G380B",25.775,11.118,"Inflow"
"1945",2025-10-12,"G380B",220.113,12.827,"Inflow"
"1946",2025-10-12,"G380B",220.113,12.021,"Inflow"
"1947",2025-10-15,"G380B",39.528,11.977,"Inflow"
"1948",2025-10-15,"G380B",39.528,11.436,"Inflow"
"1949",2025-10-21,"G380B",54.253,12.341,"Inflow"
"1950",2025-10-21,"G380B",54.253,11.193,"Inflow"
"1951",2025-10-22,"G380B",0,12.496,"Inflow"
"1952",2025-10-22,"G380B",0,10.883,"Inflow"
"1953",2025-10-25,"G380B",0,12.334,"Inflow"
"1954",2025-10-25,"G380B",0,10.653,"Inflow"
"1955",2025-10-29,"G380B",0,12.185,"Inflow"
"1956",2025-10-29,"G380B",0,10.595,"Inflow"
"1957",2025-11-02,"G380B",0,11.913,"Inflow"
"1958",2025-11-02,"G380B",0,10.554,"Inflow"
"1959",2025-11-03,"G380B",0,11.896,"Inflow"
"1960",2025-11-03,"G380B",0,10.546,"Inflow"
"1961",2025-11-04,"G380B",0,11.864,"Inflow"
"1962",2025-11-04,"G380B",0,10.532,"Inflow"
"1963",2025-11-05,"G380B",0,11.822,"Inflow"
"1964",2025-11-05,"G380B",0,10.52,"Inflow"
"1965",2025-11-06,"G380B",0,11.796,"Inflow"
"1966",2025-11-06,"G380B",0,10.513,"Inflow"
"1967",2025-11-07,"G380B",0,11.764,"Inflow"
"1968",2025-11-07,"G380B",0,10.511,"Inflow"
"1969",2025-11-09,"G380B",0,11.712,"Inflow"
"1970",2025-11-09,"G380B",0,10.491,"Inflow"
"1971",2025-11-14,"G380B",0,11.521,"Inflow"
"1972",2025-11-14,"G380B",0,10.911,"Inflow"
"1973",2025-11-17,"G380B",0,11.412,"Inflow"
"1974",2025-11-17,"G380B",0,10.954,"Inflow"
"1975",2025-11-19,"G380B",0,11.377,"Inflow"
"1976",2025-11-19,"G380B",0,10.689,"Inflow"
"1977",2025-11-20,"G380B",0,11.361,"Inflow"
"1978",2025-11-20,"G380B",0,10.614,"Inflow"
"1979",2025-11-21,"G380B",0,11.342,"Inflow"
"1980",2025-11-21,"G380B",0,10.57,"Inflow"
"1981",2025-11-26,"G380B",0,11.266,"Inflow"
"1982",2025-11-26,"G380B",0,10.524,"Inflow"
"1983",2025-11-27,"G380B",0,11.352,"Inflow"
"1984",2025-11-27,"G380B",0,10.604,"Inflow"
"1985",2025-11-29,"G380B",0,11.333,"Inflow"
"1986",2025-11-29,"G380B",0,10.553,"Inflow"
"1987",2025-11-30,"G380B",0,11.305,"Inflow"
"1988",2025-11-30,"G380B",0,10.555,"Inflow"
"1989",2025-12-01,"G380B",0,11.305,"Inflow"
"1990",2025-12-01,"G380B",0,10.568,"Inflow"
"1991",2025-12-02,"G380B",0,11.247,"Inflow"
"1992",2025-12-02,"G380B",0,10.557,"Inflow"
"1993",2025-12-03,"G380B",0,11.261,"Inflow"
"1994",2025-12-03,"G380B",0,10.543,"Inflow"
"1995",2025-12-05,"G380B",0,11.215,"Inflow"
"1996",2025-12-05,"G380B",0,10.527,"Inflow"
"1997",2025-12-06,"G380B",0,11.214,"Inflow"
"1998",2025-12-06,"G380B",0,10.521,"Inflow"
"1999",2025-12-07,"G380B",0,11.214,"Inflow"
"2000",2025-12-07,"G380B",0,10.515,"Inflow"
"2001",2025-12-10,"G380B",0,11.177,"Inflow"
"2002",2025-12-10,"G380B",0,10.516,"Inflow"
"2003",2025-12-12,"G380B",0,11.162,"Inflow"
"2004",2025-12-12,"G380B",0,10.492,"Inflow"
"2005",2025-12-13,"G380B",0,11.16,"Inflow"
"2006",2025-12-13,"G380B",0,10.477,"Inflow"
"2007",2025-12-14,"G380B",0,11.144,"Inflow"
"2008",2025-12-14,"G380B",0,10.477,"Inflow"
"2009",2025-12-15,"G380B",0,11.196,"Inflow"
"2010",2025-12-15,"G380B",0,10.472,"Inflow"
"2011",2025-12-17,"G380B",0,11.115,"Inflow"
"2012",2025-12-17,"G380B",0,10.46,"Inflow"
"2013",2025-12-20,"G380B",0,11.044,"Inflow"
"2014",2025-12-20,"G380B",0,10.44,"Inflow"
"2015",2025-12-21,"G380B",0,11.034,"Inflow"
"2016",2025-12-21,"G380B",0,10.44,"Inflow"
"2017",2025-12-22,"G380B",0,11.047,"Inflow"
"2018",2025-12-22,"G380B",0,10.441,"Inflow"
"2019",2025-12-23,"G380B",0,11.014,"Inflow"
"2020",2025-12-23,"G380B",0,10.437,"Inflow"
"2021",2025-12-24,"G380B",0,10.984,"Inflow"
"2022",2025-12-24,"G380B",0,10.429,"Inflow"
"2023",2025-12-27,"G380B",0,10.908,"Inflow"
"2024",2025-12-27,"G380B",0,10.424,"Inflow"
"2025",2025-12-29,"G380B",0,10.847,"Inflow"
"2026",2025-12-29,"G380B",0,10.407,"Inflow"
"2027",2025-12-31,"G380B",0,10.755,"Inflow"
"2028",2025-12-31,"G380B",0,10.389,"Inflow"
"2029",2025-12-30,"G380B",0,10.801,"Inflow"
"2030",2025-12-30,"G380B",0,10.399,"Inflow"
"2031",2025-11-15,"G380B",0,11.487,"Inflow"
"2032",2025-11-15,"G380B",0,10.911,"Inflow"
"2033",2025-11-16,"G380B",0,11.449,"Inflow"
"2034",2025-11-16,"G380B",0,10.916,"Inflow"
"2035",2026-05-15,"G380B",0,12.122,"Inflow"
"2036",2026-05-15,"G380B",0,10.606,"Inflow"
"2037",2026-05-16,"G380B",0,11.901,"Inflow"
"2038",2026-05-16,"G380B",0,10.699,"Inflow"
"2039",2026-05-20,"G380B",0,11.041,"Inflow"
"2040",2026-05-20,"G380B",0,10.506,"Inflow"
"2041",2026-05-24,"G380B",0,10.005,"Inflow"
"2042",2026-05-24,"G380B",0,10.268,"Inflow"
"2043",2026-05-27,"G380B",0,9.776,"Inflow"
"2044",2026-05-27,"G380B",0,10.072,"Inflow"
"2045",2026-05-28,"G380B",0,9.767,"Inflow"
"2046",2026-05-28,"G380B",0,10.025,"Inflow"
"2047",2026-06-04,"G380B",0,11.786,"Inflow"
"2048",2026-06-04,"G380B",0,10.313,"Inflow"
"2049",2026-06-11,"G380B",0,9.94,"Inflow"
"2050",2026-06-11,"G380B",0,10.067,"Inflow"
"2051",2026-06-21,"G380B",0,12.797,"Inflow"
"2052",2026-06-21,"G380B",0,10.513,"Inflow"
"2053",2026-07-02,"G380B",0,11.28,"Inflow"
"2054",2026-07-02,"G380B",0,10.283,"Inflow"
"2055",2026-07-05,"G380B",0,10.502,"Inflow"
"2056",2026-07-05,"G380B",0,10.328,"Inflow"
"2057",2026-07-08,"G380B",0,11.899,"Inflow"
"2058",2026-07-08,"G380B",0,10.331,"Inflow"
"2059",2026-07-09,"G380B",0,10.533,"Inflow"
"2060",2026-07-09,"G380B",0,10.295,"Inflow"
"2061",2026-07-13,"G380B",0,10.299,"Inflow"
"2062",2026-07-13,"G380B",0,10.325,"Inflow"
"2063",2026-07-14,"G380B",0.011,11.661,"Inflow"
"2064",2026-07-14,"G380B",0.011,10.342,"Inflow"
"2065",2026-07-19,"G380B",0,12.712,"Inflow"
"2066",2026-07-19,"G380B",0,10.519,"Inflow"
"2067",2026-07-23,"G380B",0,12.232,"Inflow"
"2068",2026-07-23,"G380B",0,10.483,"Inflow"
"2069",2026-07-25,"G380B",0,12.499,"Inflow"
"2070",2026-07-25,"G380B",0,10.514,"Inflow"
"2071",2026-07-26,"G380B",0,12.315,"Inflow"
"2072",2026-07-26,"G380B",0,10.526,"Inflow"
"2073",2026-07-29,"G380B",0,12.639,"Inflow"
"2074",2026-07-29,"G380B",0,10.509,"Inflow"
"2075",2026-08-01,"G380B",0,12.607,"Inflow"
"2076",2026-08-01,"G380B",0,10.526,"Inflow"
"2077",2026-08-04,"G380B",17.899,12.511,"Inflow"
"2078",2026-08-04,"G380B",17.899,10.702,"Inflow"
"2079",2026-08-06,"G380B",31.927,12.834,"Inflow"
"2080",2026-08-06,"G380B",31.927,10.913,"Inflow"
"2081",2024-11-01,"G380C",0,NA,"Inflow"
"2082",2024-11-02,"G380C",0,NA,"Inflow"
"2083",2024-11-04,"G380C",0,NA,"Inflow"
"2084",2024-11-05,"G380C",0,NA,"Inflow"
"2085",2024-11-06,"G380C",112.782,NA,"Inflow"
"2086",2024-11-13,"G380C",0,NA,"Inflow"
"2087",2024-11-03,"G380C",0,NA,"Inflow"
"2088",2024-11-07,"G380C",194.722,NA,"Inflow"
"2089",2024-11-08,"G380C",63.301,NA,"Inflow"
"2090",2024-11-09,"G380C",0,NA,"Inflow"
"2091",2024-11-10,"G380C",0,NA,"Inflow"
"2092",2024-11-11,"G380C",0,NA,"Inflow"
"2093",2024-11-12,"G380C",0,NA,"Inflow"
"2094",2024-11-15,"G380C",0,NA,"Inflow"
"2095",2024-11-16,"G380C",0,NA,"Inflow"
"2096",2024-11-20,"G380C",0,NA,"Inflow"
"2097",2024-11-24,"G380C",0,NA,"Inflow"
"2098",2024-11-25,"G380C",0,NA,"Inflow"
"2099",2024-11-27,"G380C",0,NA,"Inflow"
"2100",2024-11-28,"G380C",0,NA,"Inflow"
"2101",2024-11-30,"G380C",0,NA,"Inflow"
"2102",2024-12-02,"G380C",0,NA,"Inflow"
"2103",2024-12-04,"G380C",0,NA,"Inflow"
"2104",2024-12-07,"G380C",0,NA,"Inflow"
"2105",2024-12-09,"G380C",0,NA,"Inflow"
"2106",2024-12-10,"G380C",0,NA,"Inflow"
"2107",2024-12-14,"G380C",82.117,NA,"Inflow"
"2108",2024-12-17,"G380C",33.932,NA,"Inflow"
"2109",2024-12-18,"G380C",37.213,NA,"Inflow"
"2110",2024-12-19,"G380C",35.696,NA,"Inflow"
"2111",2024-12-21,"G380C",30.282,NA,"Inflow"
"2112",2024-12-23,"G380C",35.628,NA,"Inflow"
"2113",2024-12-24,"G380C",29.165,NA,"Inflow"
"2114",2024-12-26,"G380C",37.88,NA,"Inflow"
"2115",2024-12-27,"G380C",41.149,NA,"Inflow"
"2116",2024-12-28,"G380C",39.34,NA,"Inflow"
"2117",2024-12-30,"G380C",37.798,NA,"Inflow"
"2118",2025-11-18,"G380B",0,11.384,"Inflow"
"2119",2025-11-18,"G380B",0,10.899,"Inflow"
"2120",2025-11-22,"G380B",0,11.318,"Inflow"
"2121",2025-11-22,"G380B",0,10.54,"Inflow"
"2122",2025-11-23,"G380B",0,11.292,"Inflow"
"2123",2025-11-23,"G380B",0,10.517,"Inflow"
"2124",2025-11-24,"G380B",0,11.286,"Inflow"
"2125",2025-11-24,"G380B",0,10.497,"Inflow"
"2126",2025-11-25,"G380B",0,11.266,"Inflow"
"2127",2025-11-25,"G380B",0,10.487,"Inflow"
"2128",2025-11-28,"G380B",0,11.371,"Inflow"
"2129",2025-11-28,"G380B",0,10.571,"Inflow"
"2130",2025-12-04,"G380B",0,11.253,"Inflow"
"2131",2025-12-04,"G380B",0,10.535,"Inflow"
"2132",2025-12-08,"G380B",0,11.213,"Inflow"
"2133",2025-12-08,"G380B",0,10.527,"Inflow"
"2134",2025-12-09,"G380B",0,11.246,"Inflow"
"2135",2025-12-09,"G380B",0,10.518,"Inflow"
"2136",2025-12-11,"G380B",0,11.157,"Inflow"
"2137",2025-12-11,"G380B",0,10.505,"Inflow"
"2138",2025-12-16,"G380B",0,11.137,"Inflow"
"2139",2025-12-16,"G380B",0,10.466,"Inflow"
"2140",2025-12-18,"G380B",0,11.071,"Inflow"
"2141",2025-12-18,"G380B",0,10.454,"Inflow"
"2142",2025-12-19,"G380B",0,11.05,"Inflow"
"2143",2025-12-19,"G380B",0,10.445,"Inflow"
"2144",2025-12-25,"G380B",0,10.955,"Inflow"
"2145",2025-12-25,"G380B",0,10.428,"Inflow"
"2146",2025-12-26,"G380B",0,10.932,"Inflow"
"2147",2025-12-26,"G380B",0,10.43,"Inflow"
"2148",2025-12-28,"G380B",0,10.893,"Inflow"
"2149",2025-12-28,"G380B",0,10.416,"Inflow"
"2150",2025-01-01,"G380C",20.907,NA,"Inflow"
"2151",2025-01-02,"G380C",0.778,NA,"Inflow"
"2152",2025-01-04,"G380C",0,NA,"Inflow"
"2153",2025-01-05,"G380C",0,NA,"Inflow"
"2154",2025-01-08,"G380C",0,NA,"Inflow"
"2155",2025-01-09,"G380C",17.486,NA,"Inflow"
"2156",2025-01-10,"G380C",35.015,NA,"Inflow"
"2157",2025-01-11,"G380C",35.359,NA,"Inflow"
"2158",2025-01-13,"G380C",33.931,NA,"Inflow"
"2159",2025-01-16,"G380C",32.358,NA,"Inflow"
"2160",2025-01-18,"G380C",27.683,NA,"Inflow"
"2161",2025-01-19,"G380C",24.172,NA,"Inflow"
"2162",2025-01-20,"G380C",32.321,NA,"Inflow"
"2163",2025-01-21,"G380C",34.364,NA,"Inflow"
"2164",2025-01-22,"G380C",34.129,NA,"Inflow"
"2165",2025-01-23,"G380C",34.048,NA,"Inflow"
"2166",2025-01-25,"G380C",30.721,NA,"Inflow"
"2167",2025-01-26,"G380C",26.313,NA,"Inflow"
"2168",2025-01-28,"G380C",35.22,NA,"Inflow"
"2169",2025-01-29,"G380C",34.286,NA,"Inflow"
"2170",2025-01-30,"G380C",36.665,NA,"Inflow"
"2171",2025-02-01,"G380C",26.93,NA,"Inflow"
"2172",2025-02-03,"G380C",31.901,NA,"Inflow"
"2173",2025-02-04,"G380C",33.107,NA,"Inflow"
"2174",2025-02-05,"G380C",43.191,NA,"Inflow"
"2175",2025-02-06,"G380C",37.707,NA,"Inflow"
"2176",2025-02-08,"G380C",28.505,NA,"Inflow"
"2177",2025-02-09,"G380C",28.452,NA,"Inflow"
"2178",2025-02-10,"G380C",28.839,NA,"Inflow"
"2179",2025-02-11,"G380C",20.814,NA,"Inflow"
"2180",2025-02-12,"G380C",34.534,NA,"Inflow"
"2181",2025-02-14,"G380C",27.257,NA,"Inflow"
"2182",2025-02-16,"G380C",28.411,NA,"Inflow"
"2183",2025-02-19,"G380C",32.59,NA,"Inflow"
"2184",2025-02-20,"G380C",29.169,NA,"Inflow"
"2185",2025-02-21,"G380C",29.272,NA,"Inflow"
"2186",2025-02-23,"G380C",28.107,NA,"Inflow"
"2187",2025-02-24,"G380C",0,NA,"Inflow"
"2188",2025-02-25,"G380C",35.608,NA,"Inflow"
"2189",2025-02-26,"G380C",11.984,NA,"Inflow"
"2190",2025-02-27,"G380C",39.568,NA,"Inflow"
"2191",2025-02-28,"G380C",28.025,NA,"Inflow"
"2192",2025-03-01,"G380C",26.838,NA,"Inflow"
"2193",2024-12-31,"G380C",37.887,NA,"Inflow"
"2194",2024-11-14,"G380C",0,NA,"Inflow"
"2195",2024-11-17,"G380C",0,NA,"Inflow"
"2196",2024-11-18,"G380C",0,NA,"Inflow"
"2197",2024-11-19,"G380C",0,NA,"Inflow"
"2198",2024-11-21,"G380C",0,NA,"Inflow"
"2199",2024-11-22,"G380C",0,NA,"Inflow"
"2200",2024-11-23,"G380C",0,NA,"Inflow"
"2201",2024-11-26,"G380C",0,NA,"Inflow"
"2202",2024-11-29,"G380C",0,NA,"Inflow"
"2203",2024-12-01,"G380C",0,NA,"Inflow"
"2204",2024-12-03,"G380C",0,NA,"Inflow"
"2205",2024-12-05,"G380C",0,NA,"Inflow"
"2206",2024-12-06,"G380C",0,NA,"Inflow"
"2207",2024-12-08,"G380C",0,NA,"Inflow"
"2208",2024-12-11,"G380C",0,NA,"Inflow"
"2209",2024-12-12,"G380C",0,NA,"Inflow"
"2210",2024-12-13,"G380C",41.831,NA,"Inflow"
"2211",2024-12-15,"G380C",37.594,NA,"Inflow"
"2212",2024-12-16,"G380C",35.944,NA,"Inflow"
"2213",2024-12-20,"G380C",33.761,NA,"Inflow"
"2214",2024-12-22,"G380C",28.412,NA,"Inflow"
"2215",2024-12-25,"G380C",27.252,NA,"Inflow"
"2216",2024-12-29,"G380C",38.226,NA,"Inflow"
"2217",2026-01-02,"G380C",0,NA,"Inflow"
"2218",2026-01-05,"G380C",0,NA,"Inflow"
"2219",2026-01-06,"G380C",0,NA,"Inflow"
"2220",2026-01-09,"G380C",18.647,NA,"Inflow"
"2221",2026-01-11,"G380C",18.799,NA,"Inflow"
"2222",2026-01-12,"G380C",20.466,NA,"Inflow"
"2223",2026-01-13,"G380C",21.3,NA,"Inflow"
"2224",2026-01-16,"G380C",11.084,NA,"Inflow"
"2225",2026-01-17,"G380C",7.31,NA,"Inflow"
"2226",2026-01-18,"G380C",27.313,NA,"Inflow"
"2227",2026-01-20,"G380C",22.509,NA,"Inflow"
"2228",2026-01-22,"G380C",39.452,NA,"Inflow"
"2229",2026-01-23,"G380C",21.556,NA,"Inflow"
"2230",2026-01-24,"G380C",0,NA,"Inflow"
"2231",2026-01-25,"G380C",25.065,NA,"Inflow"
"2232",2026-01-29,"G380C",20.891,NA,"Inflow"
"2233",2026-01-30,"G380C",27.745,NA,"Inflow"
"2234",2026-01-31,"G380C",22.577,NA,"Inflow"
"2235",2026-02-01,"G380C",23.072,NA,"Inflow"
"2236",2026-02-02,"G380C",23.316,NA,"Inflow"
"2237",2026-02-03,"G380C",23.558,NA,"Inflow"
"2238",2026-02-07,"G380C",0,NA,"Inflow"
"2239",2026-02-10,"G380C",43.609,NA,"Inflow"
"2240",2026-02-11,"G380C",45.283,NA,"Inflow"
"2241",2026-02-15,"G380C",60.118,NA,"Inflow"
"2242",2026-02-16,"G380C",57.43,NA,"Inflow"
"2243",2026-02-17,"G380C",64.621,NA,"Inflow"
"2244",2026-02-18,"G380C",74.655,NA,"Inflow"
"2245",2026-02-19,"G380C",73.075,NA,"Inflow"
"2246",2026-02-21,"G380C",71.058,NA,"Inflow"
"2247",2026-02-23,"G380C",69.689,NA,"Inflow"
"2248",2026-02-24,"G380C",72.499,NA,"Inflow"
"2249",2026-02-27,"G380C",76.252,NA,"Inflow"
"2250",2026-02-28,"G380C",63.332,NA,"Inflow"
"2251",2026-03-04,"G380C",34.482,NA,"Inflow"
"2252",2025-03-04,"G380C",27.05,NA,"Inflow"
"2253",2025-03-05,"G380C",27.865,NA,"Inflow"
"2254",2025-03-06,"G380C",27.476,NA,"Inflow"
"2255",2025-03-08,"G380C",29.084,NA,"Inflow"
"2256",2025-03-09,"G380C",30.806,NA,"Inflow"
"2257",2025-03-10,"G380C",32.188,NA,"Inflow"
"2258",2025-03-11,"G380C",26.885,NA,"Inflow"
"2259",2025-03-12,"G380C",28.859,NA,"Inflow"
"2260",2025-03-13,"G380C",34.834,NA,"Inflow"
"2261",2025-03-14,"G380C",28.391,NA,"Inflow"
"2262",2025-03-15,"G380C",28.012,NA,"Inflow"
"2263",2025-03-17,"G380C",28.361,NA,"Inflow"
"2264",2025-03-19,"G380C",28.687,NA,"Inflow"
"2265",2025-03-20,"G380C",27.899,NA,"Inflow"
"2266",2025-03-23,"G380C",29.859,NA,"Inflow"
"2267",2025-03-25,"G380C",34.228,NA,"Inflow"
"2268",2025-03-29,"G380C",34.854,NA,"Inflow"
"2269",2025-04-01,"G380C",14.81,NA,"Inflow"
"2270",2025-04-03,"G380C",0,NA,"Inflow"
"2271",2025-04-05,"G380C",0,NA,"Inflow"
"2272",2025-04-06,"G380C",0,NA,"Inflow"
"2273",2025-04-07,"G380C",0,NA,"Inflow"
"2274",2025-04-09,"G380C",0,NA,"Inflow"
"2275",2025-04-10,"G380C",0,NA,"Inflow"
"2276",2025-04-13,"G380C",0,NA,"Inflow"
"2277",2025-04-14,"G380C",0,NA,"Inflow"
"2278",2025-04-15,"G380C",0,NA,"Inflow"
"2279",2025-04-16,"G380C",0,NA,"Inflow"
"2280",2025-04-18,"G380C",0,NA,"Inflow"
"2281",2025-04-19,"G380C",0,NA,"Inflow"
"2282",2025-04-20,"G380C",0,NA,"Inflow"
"2283",2025-04-23,"G380C",0,NA,"Inflow"
"2284",2025-04-24,"G380C",0,NA,"Inflow"
"2285",2025-04-26,"G380C",0,NA,"Inflow"
"2286",2025-04-27,"G380C",0,NA,"Inflow"
"2287",2025-05-01,"G380C",26.354,NA,"Inflow"
"2288",2025-05-03,"G380C",63.06,NA,"Inflow"
"2289",2025-05-04,"G380C",56.295,NA,"Inflow"
"2290",2025-05-06,"G380C",64.473,NA,"Inflow"
"2291",2025-05-07,"G380C",11.355,NA,"Inflow"
"2292",2025-05-08,"G380C",0,NA,"Inflow"
"2293",2025-05-14,"G380C",0,NA,"Inflow"
"2294",2025-05-15,"G380C",0,NA,"Inflow"
"2295",2025-05-16,"G380C",0,NA,"Inflow"
"2296",2025-05-18,"G380C",0,NA,"Inflow"
"2297",2025-05-21,"G380C",0,NA,"Inflow"
"2298",2025-05-23,"G380C",0,NA,"Inflow"
"2299",2025-05-25,"G380C",0,NA,"Inflow"
"2300",2025-05-26,"G380C",0,NA,"Inflow"
"2301",2025-05-27,"G380C",0,NA,"Inflow"
"2302",2025-05-28,"G380C",0,NA,"Inflow"
"2303",2025-05-29,"G380C",0,NA,"Inflow"
"2304",2025-05-30,"G380C",0,NA,"Inflow"
"2305",2025-05-31,"G380C",0,NA,"Inflow"
"2306",2025-06-02,"G380C",0,NA,"Inflow"
"2307",2025-06-05,"G380C",59.592,NA,"Inflow"
"2308",2025-06-06,"G380C",0,NA,"Inflow"
"2309",2025-06-08,"G380C",0,NA,"Inflow"
"2310",2025-06-12,"G380C",58.585,NA,"Inflow"
"2311",2025-06-13,"G380C",68.498,NA,"Inflow"
"2312",2026-03-05,"G380C",39.79,NA,"Inflow"
"2313",2026-03-06,"G380C",26.666,NA,"Inflow"
"2314",2026-03-07,"G380C",40.373,NA,"Inflow"
"2315",2026-03-08,"G380C",27.396,NA,"Inflow"
"2316",2026-03-09,"G380C",0,NA,"Inflow"
"2317",2026-03-12,"G380C",56.734,NA,"Inflow"
"2318",2026-03-13,"G380C",50.06,NA,"Inflow"
"2319",2026-03-15,"G380C",0,NA,"Inflow"
"2320",2026-03-16,"G380C",0,NA,"Inflow"
"2321",2026-03-18,"G380C",0,NA,"Inflow"
"2322",2026-03-21,"G380C",0,NA,"Inflow"
"2323",2026-03-26,"G380C",53.335,NA,"Inflow"
"2324",2026-03-27,"G380C",53.532,NA,"Inflow"
"2325",2026-03-28,"G380C",54.255,NA,"Inflow"
"2326",2026-03-29,"G380C",0,NA,"Inflow"
"2327",2026-03-31,"G380C",0,NA,"Inflow"
"2328",2026-04-01,"G380C",0,NA,"Inflow"
"2329",2026-04-02,"G380C",0,NA,"Inflow"
"2330",2026-04-04,"G380C",133.65,NA,"Inflow"
"2331",2026-04-06,"G380C",166.14,NA,"Inflow"
"2332",2026-04-07,"G380C",171.581,NA,"Inflow"
"2333",2026-04-09,"G380C",203.482,NA,"Inflow"
"2334",2026-04-10,"G380C",255.581,NA,"Inflow"
"2335",2026-04-11,"G380C",171.307,NA,"Inflow"
"2336",2026-04-12,"G380C",134.233,NA,"Inflow"
"2337",2026-04-13,"G380C",122.956,NA,"Inflow"
"2338",2026-04-14,"G380C",158.745,NA,"Inflow"
"2339",2026-04-15,"G380C",50.661,NA,"Inflow"
"2340",2026-04-16,"G380C",0,NA,"Inflow"
"2341",2026-04-17,"G380C",0,NA,"Inflow"
"2342",2026-04-19,"G380C",0,NA,"Inflow"
"2343",2026-04-21,"G380C",41.666,NA,"Inflow"
"2344",2026-04-22,"G380C",60.359,NA,"Inflow"
"2345",2026-04-23,"G380C",81.918,NA,"Inflow"
"2346",2026-04-26,"G380C",49.727,NA,"Inflow"
"2347",2026-04-27,"G380C",49.752,NA,"Inflow"
"2348",2026-04-28,"G380C",0,NA,"Inflow"
"2349",2026-04-29,"G380C",0,NA,"Inflow"
"2350",2026-04-30,"G380C",0,NA,"Inflow"
"2351",2026-05-01,"G380C",0,NA,"Inflow"
"2352",2026-05-02,"G380C",0,NA,"Inflow"
"2353",2026-05-03,"G380C",0,NA,"Inflow"
"2354",2026-05-04,"G380C",0,NA,"Inflow"
"2355",2026-05-06,"G380C",0,NA,"Inflow"
"2356",2026-05-07,"G380C",0,NA,"Inflow"
"2357",2026-05-08,"G380C",0,NA,"Inflow"
"2358",2026-05-09,"G380C",0,NA,"Inflow"
"2359",2026-05-10,"G380C",0,NA,"Inflow"
"2360",2026-05-11,"G380C",2.176,NA,"Inflow"
"2361",2026-05-12,"G380C",0,NA,"Inflow"
"2362",2026-05-13,"G380C",0,NA,"Inflow"
"2363",2026-05-14,"G380C",0,NA,"Inflow"
"2364",2026-05-15,"G380C",17.091,NA,"Inflow"
"2365",2026-05-16,"G380C",14.889,NA,"Inflow"
"2366",2026-05-17,"G380C",17.992,NA,"Inflow"
"2367",2026-05-18,"G380C",25.517,NA,"Inflow"
"2368",2026-05-19,"G380C",0,NA,"Inflow"
"2369",2026-05-21,"G380C",0,NA,"Inflow"
"2370",2026-05-22,"G380C",0,NA,"Inflow"
"2371",2026-05-24,"G380C",0,NA,"Inflow"
"2372",2025-06-14,"G380C",37.645,NA,"Inflow"
"2373",2025-06-15,"G380C",40.835,NA,"Inflow"
"2374",2025-06-16,"G380C",0,NA,"Inflow"
"2375",2025-06-17,"G380C",2.979,NA,"Inflow"
"2376",2025-06-18,"G380C",0,NA,"Inflow"
"2377",2025-06-19,"G380C",0,NA,"Inflow"
"2378",2025-06-22,"G380C",0,NA,"Inflow"
"2379",2025-06-23,"G380C",0,NA,"Inflow"
"2380",2025-06-24,"G380C",0,NA,"Inflow"
"2381",2025-06-25,"G380C",74.584,NA,"Inflow"
"2382",2025-06-27,"G380C",0,NA,"Inflow"
"2383",2025-06-28,"G380C",0,NA,"Inflow"
"2384",2025-06-29,"G380C",0,NA,"Inflow"
"2385",2025-06-30,"G380C",13.104,NA,"Inflow"
"2386",2025-07-01,"G380C",28.862,NA,"Inflow"
"2387",2025-07-02,"G380C",97.027,NA,"Inflow"
"2388",2025-07-03,"G380C",78.894,NA,"Inflow"
"2389",2025-07-04,"G380C",110.686,NA,"Inflow"
"2390",2025-07-06,"G380C",58.016,NA,"Inflow"
"2391",2025-07-07,"G380C",15.692,NA,"Inflow"
"2392",2025-07-09,"G380C",0,NA,"Inflow"
"2393",2025-07-10,"G380C",0,NA,"Inflow"
"2394",2025-07-11,"G380C",0,NA,"Inflow"
"2395",2025-07-12,"G380C",61.982,NA,"Inflow"
"2396",2025-07-13,"G380C",42.357,NA,"Inflow"
"2397",2025-07-14,"G380C",30.445,NA,"Inflow"
"2398",2025-07-15,"G380C",162.171,NA,"Inflow"
"2399",2025-07-16,"G380C",201.088,NA,"Inflow"
"2400",2025-07-17,"G380C",177.43,NA,"Inflow"
"2401",2025-07-20,"G380C",0,NA,"Inflow"
"2402",2025-07-21,"G380C",0,NA,"Inflow"
"2403",2025-07-23,"G380C",80.665,NA,"Inflow"
"2404",2025-07-24,"G380C",51.171,NA,"Inflow"
"2405",2025-07-25,"G380C",29.893,NA,"Inflow"
"2406",2025-07-26,"G380C",53.54,NA,"Inflow"
"2407",2025-07-27,"G380C",57.842,NA,"Inflow"
"2408",2025-07-28,"G380C",36.036,NA,"Inflow"
"2409",2025-07-29,"G380C",0,NA,"Inflow"
"2410",2025-07-30,"G380C",27.662,NA,"Inflow"
"2411",2025-08-01,"G380C",0,NA,"Inflow"
"2412",2025-08-02,"G380C",0,NA,"Inflow"
"2413",2025-08-03,"G380C",0,NA,"Inflow"
"2414",2025-08-04,"G380C",0,NA,"Inflow"
"2415",2025-08-08,"G380C",0,NA,"Inflow"
"2416",2025-08-09,"G380C",0,NA,"Inflow"
"2417",2025-08-10,"G380C",0,NA,"Inflow"
"2418",2025-08-11,"G380C",0,NA,"Inflow"
"2419",2025-08-12,"G380C",0,NA,"Inflow"
"2420",2025-08-13,"G380C",0,NA,"Inflow"
"2421",2025-08-14,"G380C",0,NA,"Inflow"
"2422",2025-08-15,"G380C",0,NA,"Inflow"
"2423",2025-08-17,"G380C",0,NA,"Inflow"
"2424",2025-08-18,"G380C",11.154,NA,"Inflow"
"2425",2025-08-19,"G380C",1.82,NA,"Inflow"
"2426",2025-08-20,"G380C",16.1,NA,"Inflow"
"2427",2025-08-21,"G380C",0,NA,"Inflow"
"2428",2025-08-22,"G380C",6.876,NA,"Inflow"
"2429",2025-08-25,"G380C",4.646,NA,"Inflow"
"2430",2025-08-28,"G380C",0,NA,"Inflow"
"2431",2025-08-29,"G380C",0,NA,"Inflow"
"2432",2026-05-25,"G380C",0,NA,"Inflow"
"2433",2026-05-26,"G380C",0,NA,"Inflow"
"2434",2026-05-28,"G380C",0,NA,"Inflow"
"2435",2026-05-29,"G380C",0,NA,"Inflow"
"2436",2026-05-30,"G380C",0,NA,"Inflow"
"2437",2026-05-31,"G380C",0,NA,"Inflow"
"2438",2026-06-01,"G380C",0,NA,"Inflow"
"2439",2026-06-02,"G380C",0,NA,"Inflow"
"2440",2026-06-03,"G380C",0,NA,"Inflow"
"2441",2026-06-04,"G380C",0,NA,"Inflow"
"2442",2026-06-06,"G380C",0,NA,"Inflow"
"2443",2026-06-07,"G380C",0,NA,"Inflow"
"2444",2026-06-08,"G380C",0,NA,"Inflow"
"2445",2026-06-09,"G380C",0,NA,"Inflow"
"2446",2026-06-11,"G380C",0,NA,"Inflow"
"2447",2026-06-14,"G380C",0,NA,"Inflow"
"2448",2026-06-15,"G380C",0,NA,"Inflow"
"2449",2026-06-16,"G380C",0,NA,"Inflow"
"2450",2026-06-18,"G380C",68.487,NA,"Inflow"
"2451",2026-06-20,"G380C",0,NA,"Inflow"
"2452",2026-06-22,"G380C",0,NA,"Inflow"
"2453",2026-06-23,"G380C",0,NA,"Inflow"
"2454",2026-06-25,"G380C",0,NA,"Inflow"
"2455",2026-06-26,"G380C",0,NA,"Inflow"
"2456",2026-06-27,"G380C",0,NA,"Inflow"
"2457",2026-06-28,"G380C",0,NA,"Inflow"
"2458",2026-06-29,"G380C",0,NA,"Inflow"
"2459",2026-07-03,"G380C",0,NA,"Inflow"
"2460",2026-07-04,"G380C",0,NA,"Inflow"
"2461",2026-07-06,"G380C",0,NA,"Inflow"
"2462",2026-07-07,"G380C",0,NA,"Inflow"
"2463",2026-07-09,"G380C",0,NA,"Inflow"
"2464",2026-07-10,"G380C",0,NA,"Inflow"
"2465",2026-07-11,"G380C",0,NA,"Inflow"
"2466",2026-07-12,"G380C",0,NA,"Inflow"
"2467",2026-07-14,"G380C",0,NA,"Inflow"
"2468",2026-07-15,"G380C",0,NA,"Inflow"
"2469",2026-07-16,"G380C",0,NA,"Inflow"
"2470",2026-07-17,"G380C",0,NA,"Inflow"
"2471",2026-07-18,"G380C",0,NA,"Inflow"
"2472",2026-07-19,"G380C",0,NA,"Inflow"
"2473",2026-07-20,"G380C",0,NA,"Inflow"
"2474",2026-07-21,"G380C",0,NA,"Inflow"
"2475",2026-07-22,"G380C",0,NA,"Inflow"
"2476",2026-07-24,"G380C",0,NA,"Inflow"
"2477",2026-07-25,"G380C",0,NA,"Inflow"
"2478",2026-07-28,"G380C",0,NA,"Inflow"
"2479",2026-07-29,"G380C",0,NA,"Inflow"
"2480",2026-07-30,"G380C",0,NA,"Inflow"
"2481",2026-07-31,"G380C",0,NA,"Inflow"
"2482",2026-08-02,"G380C",0,NA,"Inflow"
"2483",2026-08-03,"G380C",0,NA,"Inflow"
"2484",2026-08-04,"G380C",17.853,NA,"Inflow"
"2485",2026-08-05,"G380C",29.708,NA,"Inflow"
"2486",2026-08-06,"G380C",31.999,NA,"Inflow"
"2487",2026-08-07,"G380C",41.13,NA,"Inflow"
"2488",2026-08-08,"G380C",31.61,NA,"Inflow"
"2489",2026-08-09,"G380C",31.777,NA,"Inflow"
"2490",2026-08-10,"G380C",22.844,NA,"Inflow"
"2491",2026-08-11,"G380C",26.938,NA,"Inflow"
"2492",2025-08-30,"G380C",23.944,NA,"Inflow"
"2493",2025-08-31,"G380C",130.145,NA,"Inflow"
"2494",2025-09-01,"G380C",152.287,NA,"Inflow"
"2495",2025-09-02,"G380C",141.455,NA,"Inflow"
"2496",2025-09-03,"G380C",136.326,NA,"Inflow"
"2497",2025-09-04,"G380C",159.713,NA,"Inflow"
"2498",2025-09-05,"G380C",95.186,NA,"Inflow"
"2499",2025-09-06,"G380C",42.525,NA,"Inflow"
"2500",2025-09-07,"G380C",67.244,NA,"Inflow"
"2501",2025-09-09,"G380C",195.794,NA,"Inflow"
"2502",2025-09-10,"G380C",189.414,NA,"Inflow"
"2503",2025-09-12,"G380C",160.232,NA,"Inflow"
"2504",2025-09-13,"G380C",162.833,NA,"Inflow"
"2505",2025-09-14,"G380C",138.373,NA,"Inflow"
"2506",2025-09-15,"G380C",84.408,NA,"Inflow"
"2507",2025-09-16,"G380C",44.989,NA,"Inflow"
"2508",2025-09-18,"G380C",49.602,NA,"Inflow"
"2509",2025-09-19,"G380C",46.033,NA,"Inflow"
"2510",2025-09-21,"G380C",15.815,NA,"Inflow"
"2511",2025-09-22,"G380C",8.475,NA,"Inflow"
"2512",2025-09-23,"G380C",49.324,NA,"Inflow"
"2513",2025-09-25,"G380C",164.195,NA,"Inflow"
"2514",2025-09-26,"G380C",130.758,NA,"Inflow"
"2515",2025-09-28,"G380C",118.868,NA,"Inflow"
"2516",2025-09-29,"G380C",85.889,NA,"Inflow"
"2517",2025-09-30,"G380C",41.061,NA,"Inflow"
"2518",2025-10-01,"G380C",29.875,NA,"Inflow"
"2519",2025-10-05,"G380C",30.426,NA,"Inflow"
"2520",2025-10-06,"G380C",37.468,NA,"Inflow"
"2521",2025-10-07,"G380C",28.357,NA,"Inflow"
"2522",2025-10-08,"G380C",32.604,NA,"Inflow"
"2523",2025-10-09,"G380C",26.513,NA,"Inflow"
"2524",2025-10-10,"G380C",80.71,NA,"Inflow"
"2525",2025-10-11,"G380C",169.928,NA,"Inflow"
"2526",2025-10-12,"G380C",220.456,NA,"Inflow"
"2527",2025-10-13,"G380C",144.308,NA,"Inflow"
"2528",2025-10-15,"G380C",39.468,NA,"Inflow"
"2529",2025-10-16,"G380C",49.39,NA,"Inflow"
"2530",2025-10-18,"G380C",0,NA,"Inflow"
"2531",2025-10-20,"G380C",51.87,NA,"Inflow"
"2532",2025-10-21,"G380C",28.999,NA,"Inflow"
"2533",2025-10-22,"G380C",0,NA,"Inflow"
"2534",2025-10-23,"G380C",0,NA,"Inflow"
"2535",2025-10-24,"G380C",0,NA,"Inflow"
"2536",2025-10-25,"G380C",0,NA,"Inflow"
"2537",2025-10-26,"G380C",0,NA,"Inflow"
"2538",2025-10-28,"G380C",0,NA,"Inflow"
"2539",2025-10-29,"G380C",0,NA,"Inflow"
"2540",2025-10-30,"G380C",0,NA,"Inflow"
"2541",2025-10-31,"G380C",0,NA,"Inflow"
"2542",2025-11-01,"G380C",0,NA,"Inflow"
"2543",2025-11-02,"G380C",0,NA,"Inflow"
"2544",2025-11-03,"G380C",0,NA,"Inflow"
"2545",2025-11-05,"G380C",0,NA,"Inflow"
"2546",2025-11-06,"G380C",0,NA,"Inflow"
"2547",2025-11-09,"G380C",0,NA,"Inflow"
"2548",2025-11-10,"G380C",0,NA,"Inflow"
"2549",2025-11-11,"G380C",15.992,NA,"Inflow"
"2550",2025-11-12,"G380C",18.401,NA,"Inflow"
"2551",2026-08-12,"G380C",46.783,NA,"Inflow"
"2552",2026-08-13,"G380C",54.792,NA,"Inflow"
"2553",2026-08-14,"G380C",52.984,NA,"Inflow"
"2554",2026-08-15,"G380C",27.932,NA,"Inflow"
"2555",2026-08-16,"G380C",11.443,NA,"Inflow"
"2556",2026-08-17,"G380C",12.997,NA,"Inflow"
"2557",2026-08-18,"G380C",9.408,NA,"Inflow"
"2558",2026-08-19,"G380C",8.668,NA,"Inflow"
"2559",2026-08-20,"G380C",8.511,NA,"Inflow"
"2560",2026-08-21,"G380C",9.644,NA,"Inflow"
"2561",2026-08-22,"G380C",10.794,NA,"Inflow"
"2562",2026-08-23,"G380C",9.942,NA,"Inflow"
"2563",2026-08-24,"G380C",4.074,NA,"Inflow"
"2564",2026-08-25,"G380C",17.012,NA,"Inflow"
"2565",2026-08-26,"G380C",16.856,NA,"Inflow"
"2566",2026-08-27,"G380C",38.303,NA,"Inflow"
"2567",2026-08-28,"G380C",56.541,NA,"Inflow"
"2568",2026-08-29,"G380C",42.388,NA,"Inflow"
"2569",2026-08-30,"G380C",43.217,NA,"Inflow"
"2570",2026-08-31,"G380C",45.872,NA,"Inflow"
"2571",2026-09-01,"G380C",49.491,NA,"Inflow"
"2572",2026-09-02,"G380C",44.056,NA,"Inflow"
"2573",2026-09-03,"G380C",118.193,NA,"Inflow"
"2574",2026-09-04,"G380C",185.988,NA,"Inflow"
"2575",2026-09-05,"G380C",192.528,NA,"Inflow"
"2576",2026-09-06,"G380C",194.856,NA,"Inflow"
"2577",2026-09-07,"G380C",194.628,NA,"Inflow"
"2578",2026-09-08,"G380C",196.862,NA,"Inflow"
"2579",2026-09-09,"G380C",188.423,NA,"Inflow"
"2580",2026-09-10,"G380C",192.594,NA,"Inflow"
"2581",2026-09-11,"G380C",180.91,NA,"Inflow"
"2582",2026-09-12,"G380C",167.914,NA,"Inflow"
"2583",2026-09-13,"G380C",170.337,NA,"Inflow"
"2584",2026-09-14,"G380C",168.006,NA,"Inflow"
"2585",2026-09-15,"G380C",156.069,NA,"Inflow"
"2586",2026-09-16,"G380C",133.845,NA,"Inflow"
"2587",2026-09-17,"G380C",131.077,NA,"Inflow"
"2588",2026-09-18,"G380C",131.261,NA,"Inflow"
"2589",2026-09-19,"G380C",166.713,NA,"Inflow"
"2590",2026-09-20,"G380C",150.216,NA,"Inflow"
"2591",2026-09-21,"G380C",72.739,NA,"Inflow"
"2592",2026-09-22,"G380C",220.927,NA,"Inflow"
"2593",2026-09-23,"G380C",295.986,NA,"Inflow"
"2594",2026-09-24,"G380C",237.089,NA,"Inflow"
"2595",2026-09-25,"G380C",188.353,NA,"Inflow"
"2596",2026-09-26,"G380C",108.332,NA,"Inflow"
"2597",2026-09-27,"G380C",54.854,NA,"Inflow"
"2598",2026-09-28,"G380C",95.417,NA,"Inflow"
"2599",2026-09-29,"G380C",17.508,NA,"Inflow"
"2600",2026-09-30,"G380C",83.163,NA,"Inflow"
"2601",2026-10-01,"G380C",43.209,NA,"Inflow"
"2602",2026-10-02,"G380C",82.98,NA,"Inflow"
"2603",2026-10-03,"G380C",0,NA,"Inflow"
"2604",2026-10-04,"G380C",31.124,NA,"Inflow"
"2605",2026-10-05,"G380C",0,NA,"Inflow"
"2606",2026-08-01,"G380C",0,NA,"Inflow"
"2607",2026-01-01,"G380C",0,NA,"Inflow"
"2608",2026-01-03,"G380C",0,NA,"Inflow"
"2609",2026-01-04,"G380C",0,NA,"Inflow"
"2610",2025-11-13,"G380C",17.711,NA,"Inflow"
"2611",2025-11-14,"G380C",17.068,NA,"Inflow"
"2612",2025-11-16,"G380C",17.732,NA,"Inflow"
"2613",2025-11-19,"G380C",0,NA,"Inflow"
"2614",2025-11-20,"G380C",0,NA,"Inflow"
"2615",2025-11-21,"G380C",0,NA,"Inflow"
"2616",2025-11-24,"G380C",0,NA,"Inflow"
"2617",2025-11-25,"G380C",0,NA,"Inflow"
"2618",2025-11-26,"G380C",0,NA,"Inflow"
"2619",2025-11-29,"G380C",0,NA,"Inflow"
"2620",2025-12-01,"G380C",0,NA,"Inflow"
"2621",2025-12-02,"G380C",0,NA,"Inflow"
"2622",2025-12-03,"G380C",0,NA,"Inflow"
"2623",2025-12-04,"G380C",0,NA,"Inflow"
"2624",2025-12-05,"G380C",0,NA,"Inflow"
"2625",2025-12-07,"G380C",0,NA,"Inflow"
"2626",2025-12-08,"G380C",0,NA,"Inflow"
"2627",2025-12-09,"G380C",0,NA,"Inflow"
"2628",2025-12-10,"G380C",0,NA,"Inflow"
"2629",2025-12-12,"G380C",0,NA,"Inflow"
"2630",2025-12-14,"G380C",0,NA,"Inflow"
"2631",2025-12-15,"G380C",0,NA,"Inflow"
"2632",2025-12-16,"G380C",0,NA,"Inflow"
"2633",2025-12-17,"G380C",0,NA,"Inflow"
"2634",2025-12-19,"G380C",0,NA,"Inflow"
"2635",2025-12-21,"G380C",0,NA,"Inflow"
"2636",2025-12-22,"G380C",0,NA,"Inflow"
"2637",2025-12-24,"G380C",0,NA,"Inflow"
"2638",2025-12-25,"G380C",0,NA,"Inflow"
"2639",2025-12-26,"G380C",0,NA,"Inflow"
"2640",2025-12-28,"G380C",0,NA,"Inflow"
"2641",2025-12-29,"G380C",0,NA,"Inflow"
"2642",2025-12-30,"G380C",0,NA,"Inflow"
"2643",2025-12-31,"G380C",0,NA,"Inflow"
"2644",2025-12-27,"G380C",0,NA,"Inflow"
"2645",2025-01-03,"G380C",0,NA,"Inflow"
"2646",2025-01-06,"G380C",0,NA,"Inflow"
"2647",2025-01-07,"G380C",0,NA,"Inflow"
"2648",2025-01-12,"G380C",35.454,NA,"Inflow"
"2649",2025-01-14,"G380C",35.908,NA,"Inflow"
"2650",2025-01-15,"G380C",34.701,NA,"Inflow"
"2651",2025-01-17,"G380C",27.841,NA,"Inflow"
"2652",2025-01-24,"G380C",31.139,NA,"Inflow"
"2653",2025-01-27,"G380C",31.088,NA,"Inflow"
"2654",2025-01-31,"G380C",32.053,NA,"Inflow"
"2655",2025-02-02,"G380C",29.051,NA,"Inflow"
"2656",2025-02-07,"G380C",33.168,NA,"Inflow"
"2657",2025-02-13,"G380C",28.784,NA,"Inflow"
"2658",2025-02-15,"G380C",30.025,NA,"Inflow"
"2659",2025-02-17,"G380C",27.635,NA,"Inflow"
"2660",2025-02-18,"G380C",29.973,NA,"Inflow"
"2661",2025-02-22,"G380C",30.425,NA,"Inflow"
"2662",2025-03-02,"G380C",26.748,NA,"Inflow"
"2663",2025-03-03,"G380C",26.647,NA,"Inflow"
"2664",2025-03-07,"G380C",28.512,NA,"Inflow"
"2665",2025-03-16,"G380C",29.052,NA,"Inflow"
"2666",2025-03-18,"G380C",28.257,NA,"Inflow"
"2667",2025-03-21,"G380C",28.03,NA,"Inflow"
"2668",2025-03-22,"G380C",28.396,NA,"Inflow"
"2669",2025-03-24,"G380C",28.047,NA,"Inflow"
"2670",2026-01-07,"G380C",0,NA,"Inflow"
"2671",2026-01-08,"G380C",0,NA,"Inflow"
"2672",2026-01-10,"G380C",36.286,NA,"Inflow"
"2673",2026-01-14,"G380C",22.705,NA,"Inflow"
"2674",2026-01-15,"G380C",21.293,NA,"Inflow"
"2675",2026-01-19,"G380C",21.306,NA,"Inflow"
"2676",2026-01-21,"G380C",37.601,NA,"Inflow"
"2677",2026-01-26,"G380C",21.701,NA,"Inflow"
"2678",2026-01-27,"G380C",22.042,NA,"Inflow"
"2679",2026-01-28,"G380C",31.694,NA,"Inflow"
"2680",2026-02-04,"G380C",52.979,NA,"Inflow"
"2681",2026-02-05,"G380C",48.473,NA,"Inflow"
"2682",2026-02-06,"G380C",41.887,NA,"Inflow"
"2683",2026-02-08,"G380C",11.121,NA,"Inflow"
"2684",2026-02-09,"G380C",49.678,NA,"Inflow"
"2685",2026-02-12,"G380C",57.537,NA,"Inflow"
"2686",2026-02-13,"G380C",54.199,NA,"Inflow"
"2687",2026-02-14,"G380C",58.093,NA,"Inflow"
"2688",2026-02-20,"G380C",72.055,NA,"Inflow"
"2689",2026-02-22,"G380C",70.735,NA,"Inflow"
"2690",2026-02-25,"G380C",73.393,NA,"Inflow"
"2691",2026-02-26,"G380C",65.405,NA,"Inflow"
"2692",2026-03-01,"G380C",0.868,NA,"Inflow"
"2693",2026-03-02,"G380C",42.029,NA,"Inflow"
"2694",2026-03-03,"G380C",66.235,NA,"Inflow"
"2695",2026-03-10,"G380C",48.003,NA,"Inflow"
"2696",2026-03-11,"G380C",57.51,NA,"Inflow"
"2697",2026-03-14,"G380C",0,NA,"Inflow"
"2698",2026-03-17,"G380C",0,NA,"Inflow"
"2699",2026-03-19,"G380C",0,NA,"Inflow"
"2700",2026-03-20,"G380C",0,NA,"Inflow"
"2701",2026-03-22,"G380C",0,NA,"Inflow"
"2702",2026-03-23,"G380C",85.369,NA,"Inflow"
"2703",2026-03-24,"G380C",67.833,NA,"Inflow"
"2704",2026-03-25,"G380C",55.616,NA,"Inflow"
"2705",2026-03-30,"G380C",0,NA,"Inflow"
"2706",2026-04-03,"G380C",0,NA,"Inflow"
"2707",2026-04-05,"G380C",140.158,NA,"Inflow"
"2708",2026-04-08,"G380C",221.261,NA,"Inflow"
"2709",2026-04-18,"G380C",0,NA,"Inflow"
"2710",2026-04-20,"G380C",17.024,NA,"Inflow"
"2711",2026-04-24,"G380C",45.894,NA,"Inflow"
"2712",2026-04-25,"G380C",56.735,NA,"Inflow"
"2713",2026-05-05,"G380C",0,NA,"Inflow"
"2714",2026-05-20,"G380C",0,NA,"Inflow"
"2715",2026-05-23,"G380C",0,NA,"Inflow"
"2716",2026-05-27,"G380C",0,NA,"Inflow"
"2717",2026-06-05,"G380C",0,NA,"Inflow"
"2718",2026-06-10,"G380C",0,NA,"Inflow"
"2719",2026-06-12,"G380C",0,NA,"Inflow"
"2720",2026-06-13,"G380C",0,NA,"Inflow"
"2721",2026-06-17,"G380C",80.142,NA,"Inflow"
"2722",2026-06-19,"G380C",62.758,NA,"Inflow"
"2723",2026-06-21,"G380C",0,NA,"Inflow"
"2724",2026-06-24,"G380C",0,NA,"Inflow"
"2725",2026-06-30,"G380C",0,NA,"Inflow"
"2726",2026-07-01,"G380C",0,NA,"Inflow"
"2727",2026-07-02,"G380C",0,NA,"Inflow"
"2728",2026-07-05,"G380C",0,NA,"Inflow"
"2729",2025-03-26,"G380C",34.153,NA,"Inflow"
"2730",2025-03-27,"G380C",34.09,NA,"Inflow"
"2731",2025-03-28,"G380C",28.922,NA,"Inflow"
"2732",2025-03-30,"G380C",35.477,NA,"Inflow"
"2733",2025-03-31,"G380C",21.543,NA,"Inflow"
"2734",2025-04-02,"G380C",0,NA,"Inflow"
"2735",2025-04-04,"G380C",0,NA,"Inflow"
"2736",2025-04-08,"G380C",0,NA,"Inflow"
"2737",2025-04-11,"G380C",0,NA,"Inflow"
"2738",2025-04-12,"G380C",0,NA,"Inflow"
"2739",2025-04-17,"G380C",0,NA,"Inflow"
"2740",2025-04-21,"G380C",0,NA,"Inflow"
"2741",2025-04-22,"G380C",0,NA,"Inflow"
"2742",2025-04-25,"G380C",0,NA,"Inflow"
"2743",2025-04-28,"G380C",0,NA,"Inflow"
"2744",2025-04-29,"G380C",10.1,NA,"Inflow"
"2745",2025-04-30,"G380C",25.777,NA,"Inflow"
"2746",2025-05-02,"G380C",37.076,NA,"Inflow"
"2747",2025-05-05,"G380C",30.65,NA,"Inflow"
"2748",2025-05-09,"G380C",0,NA,"Inflow"
"2749",2025-05-10,"G380C",0,NA,"Inflow"
"2750",2025-05-11,"G380C",0,NA,"Inflow"
"2751",2025-05-12,"G380C",0,NA,"Inflow"
"2752",2025-05-13,"G380C",0,NA,"Inflow"
"2753",2025-05-17,"G380C",0,NA,"Inflow"
"2754",2025-05-19,"G380C",0,NA,"Inflow"
"2755",2025-05-20,"G380C",0,NA,"Inflow"
"2756",2025-05-22,"G380C",0,NA,"Inflow"
"2757",2025-05-24,"G380C",0,NA,"Inflow"
"2758",2025-06-01,"G380C",0,NA,"Inflow"
"2759",2025-06-03,"G380C",49.722,NA,"Inflow"
"2760",2025-06-04,"G380C",122.806,NA,"Inflow"
"2761",2025-06-07,"G380C",0,NA,"Inflow"
"2762",2025-06-09,"G380C",0,NA,"Inflow"
"2763",2025-06-10,"G380C",0,NA,"Inflow"
"2764",2025-06-11,"G380C",58.352,NA,"Inflow"
"2765",2025-06-20,"G380C",0,NA,"Inflow"
"2766",2025-06-21,"G380C",0,NA,"Inflow"
"2767",2025-06-26,"G380C",20.151,NA,"Inflow"
"2768",2025-07-05,"G380C",131.162,NA,"Inflow"
"2769",2025-07-08,"G380C",9.339,NA,"Inflow"
"2770",2025-07-18,"G380C",102.426,NA,"Inflow"
"2771",2025-07-19,"G380C",8.129,NA,"Inflow"
"2772",2025-07-22,"G380C",30.871,NA,"Inflow"
"2773",2025-07-31,"G380C",0,NA,"Inflow"
"2774",2025-08-05,"G380C",0,NA,"Inflow"
"2775",2025-08-06,"G380C",0,NA,"Inflow"
"2776",2025-08-07,"G380C",0,NA,"Inflow"
"2777",2025-08-16,"G380C",0,NA,"Inflow"
"2778",2025-08-23,"G380C",0.847,NA,"Inflow"
"2779",2025-08-24,"G380C",103.994,NA,"Inflow"
"2780",2025-08-26,"G380C",0,NA,"Inflow"
"2781",2025-08-27,"G380C",0,NA,"Inflow"
"2782",2025-09-08,"G380C",115.904,NA,"Inflow"
"2783",2025-09-11,"G380C",174.67,NA,"Inflow"
"2784",2025-09-17,"G380C",75.762,NA,"Inflow"
"2785",2025-09-20,"G380C",58.224,NA,"Inflow"
"2786",2025-09-24,"G380C",131.121,NA,"Inflow"
"2787",2025-09-27,"G380C",120.64,NA,"Inflow"
"2788",2026-07-08,"G380C",0,NA,"Inflow"
"2789",2026-07-13,"G380C",0,NA,"Inflow"
"2790",2026-07-23,"G380C",0,NA,"Inflow"
"2791",2026-07-26,"G380C",0,NA,"Inflow"
"2792",2026-07-27,"G380C",0,NA,"Inflow"
"2793",2024-11-01,"G380D",0,NA,"Inflow"
"2794",2024-11-02,"G380D",0,NA,"Inflow"
"2795",2024-11-03,"G380D",0,NA,"Inflow"
"2796",2024-11-04,"G380D",0,NA,"Inflow"
"2797",2024-11-05,"G380D",0,NA,"Inflow"
"2798",2024-11-06,"G380D",0,NA,"Inflow"
"2799",2024-11-09,"G380D",0,NA,"Inflow"
"2800",2024-11-10,"G380D",0,NA,"Inflow"
"2801",2024-11-11,"G380D",0,NA,"Inflow"
"2802",2024-11-12,"G380D",0,NA,"Inflow"
"2803",2024-11-13,"G380D",0,NA,"Inflow"
"2804",2024-11-14,"G380D",0,NA,"Inflow"
"2805",2024-11-15,"G380D",0,NA,"Inflow"
"2806",2024-11-16,"G380D",0,NA,"Inflow"
"2807",2024-11-19,"G380D",0,NA,"Inflow"
"2808",2024-11-20,"G380D",0,NA,"Inflow"
"2809",2024-11-21,"G380D",0,NA,"Inflow"
"2810",2024-11-23,"G380D",0,NA,"Inflow"
"2811",2024-11-24,"G380D",0,NA,"Inflow"
"2812",2024-11-25,"G380D",0,NA,"Inflow"
"2813",2024-11-26,"G380D",0,NA,"Inflow"
"2814",2024-11-27,"G380D",0,NA,"Inflow"
"2815",2024-11-29,"G380D",0,NA,"Inflow"
"2816",2024-11-30,"G380D",0,NA,"Inflow"
"2817",2024-12-01,"G380D",0,NA,"Inflow"
"2818",2024-12-03,"G380D",0,NA,"Inflow"
"2819",2024-12-07,"G380D",0,NA,"Inflow"
"2820",2024-12-08,"G380D",0,NA,"Inflow"
"2821",2024-12-09,"G380D",0,NA,"Inflow"
"2822",2024-12-10,"G380D",0,NA,"Inflow"
"2823",2024-12-13,"G380D",40.484,NA,"Inflow"
"2824",2024-12-14,"G380D",81.778,NA,"Inflow"
"2825",2024-12-15,"G380D",36.805,NA,"Inflow"
"2826",2024-12-17,"G380D",36.825,NA,"Inflow"
"2827",2024-12-20,"G380D",31.571,NA,"Inflow"
"2828",2024-12-21,"G380D",28.648,NA,"Inflow"
"2829",2024-12-23,"G380D",33.418,NA,"Inflow"
"2830",2024-12-25,"G380D",25.309,NA,"Inflow"
"2831",2024-12-27,"G380D",38.492,NA,"Inflow"
"2832",2024-12-28,"G380D",36.868,NA,"Inflow"
"2833",2024-12-30,"G380D",35.262,NA,"Inflow"
"2834",2024-12-31,"G380D",35.292,NA,"Inflow"
"2835",2024-12-29,"G380D",35.716,NA,"Inflow"
"2836",2024-11-07,"G380D",111.279,NA,"Inflow"
"2837",2024-11-08,"G380D",63.183,NA,"Inflow"
"2838",2024-11-17,"G380D",0,NA,"Inflow"
"2839",2024-11-18,"G380D",0,NA,"Inflow"
"2840",2024-11-22,"G380D",0,NA,"Inflow"
"2841",2024-11-28,"G380D",0,NA,"Inflow"
"2842",2024-12-02,"G380D",0,NA,"Inflow"
"2843",2024-12-04,"G380D",0,NA,"Inflow"
"2844",2024-12-05,"G380D",0,NA,"Inflow"
"2845",2024-12-06,"G380D",0,NA,"Inflow"
"2846",2024-12-11,"G380D",0,NA,"Inflow"
"2847",2024-12-12,"G380D",0,NA,"Inflow"
"2848",2025-10-02,"G380C",36.305,NA,"Inflow"
"2849",2025-10-03,"G380C",77.222,NA,"Inflow"
"2850",2025-10-04,"G380C",86.758,NA,"Inflow"
"2851",2025-10-14,"G380C",131.935,NA,"Inflow"
"2852",2025-10-17,"G380C",23.267,NA,"Inflow"
"2853",2025-10-19,"G380C",0,NA,"Inflow"
"2854",2025-10-27,"G380C",0,NA,"Inflow"
"2855",2025-11-04,"G380C",0,NA,"Inflow"
"2856",2025-11-07,"G380C",0,NA,"Inflow"
"2857",2025-11-08,"G380C",0,NA,"Inflow"
"2858",2025-11-15,"G380C",16.588,NA,"Inflow"
"2859",2025-11-17,"G380C",22.649,NA,"Inflow"
"2860",2025-11-18,"G380C",12.937,NA,"Inflow"
"2861",2025-11-22,"G380C",0,NA,"Inflow"
"2862",2025-11-23,"G380C",0,NA,"Inflow"
"2863",2025-11-27,"G380C",0,NA,"Inflow"
"2864",2025-11-28,"G380C",0,NA,"Inflow"
"2865",2025-11-30,"G380C",0,NA,"Inflow"
"2866",2025-12-06,"G380C",0,NA,"Inflow"
"2867",2025-12-11,"G380C",0,NA,"Inflow"
"2868",2025-12-13,"G380C",0,NA,"Inflow"
"2869",2025-12-18,"G380C",0,NA,"Inflow"
"2870",2025-12-20,"G380C",0,NA,"Inflow"
"2871",2025-12-23,"G380C",0,NA,"Inflow"
"2872",2025-01-01,"G380D",19.45,NA,"Inflow"
"2873",2025-01-02,"G380D",10.327,NA,"Inflow"
"2874",2025-01-03,"G380D",5.831,NA,"Inflow"
"2875",2025-01-04,"G380D",-2.153,NA,"Inflow"
"2876",2025-01-06,"G380D",-3.191,NA,"Inflow"
"2877",2025-01-07,"G380D",-2.953,NA,"Inflow"
"2878",2025-01-09,"G380D",18.363,NA,"Inflow"
"2879",2025-01-12,"G380D",33.062,NA,"Inflow"
"2880",2025-01-13,"G380D",31.688,NA,"Inflow"
"2881",2025-01-14,"G380D",34.541,NA,"Inflow"
"2882",2025-01-15,"G380D",33.289,NA,"Inflow"
"2883",2025-01-16,"G380D",30.925,NA,"Inflow"
"2884",2025-01-17,"G380D",26.616,NA,"Inflow"
"2885",2025-01-18,"G380D",26.613,NA,"Inflow"
"2886",2025-01-20,"G380D",31.819,NA,"Inflow"
"2887",2025-01-22,"G380D",33.793,NA,"Inflow"
"2888",2025-01-23,"G380D",34.087,NA,"Inflow"
"2889",2025-01-24,"G380D",30.701,NA,"Inflow"
"2890",2025-01-26,"G380D",26.261,NA,"Inflow"
"2891",2025-01-27,"G380D",30.948,NA,"Inflow"
"2892",2025-01-28,"G380D",35.142,NA,"Inflow"
"2893",2025-01-29,"G380D",34.102,NA,"Inflow"
"2894",2025-01-31,"G380D",32.184,NA,"Inflow"
"2895",2025-02-01,"G380D",27.314,NA,"Inflow"
"2896",2025-02-02,"G380D",29.038,NA,"Inflow"
"2897",2025-02-03,"G380D",32.031,NA,"Inflow"
"2898",2025-02-05,"G380D",45.023,NA,"Inflow"
"2899",2025-02-06,"G380D",38.695,NA,"Inflow"
"2900",2025-02-09,"G380D",28.624,NA,"Inflow"
"2901",2025-02-10,"G380D",28.689,NA,"Inflow"
"2902",2025-02-11,"G380D",20.682,NA,"Inflow"
"2903",2025-02-12,"G380D",34.501,NA,"Inflow"
"2904",2025-02-13,"G380D",28.756,NA,"Inflow"
"2905",2025-02-16,"G380D",28.666,NA,"Inflow"
"2906",2025-02-17,"G380D",24.669,NA,"Inflow"
"2907",2025-02-19,"G380D",31.92,NA,"Inflow"
"2908",2024-12-16,"G380D",37.066,NA,"Inflow"
"2909",2024-12-18,"G380D",39.428,NA,"Inflow"
"2910",2024-12-19,"G380D",33.385,NA,"Inflow"
"2911",2024-12-22,"G380D",26.745,NA,"Inflow"
"2912",2024-12-24,"G380D",27.196,NA,"Inflow"
"2913",2024-12-26,"G380D",35.443,NA,"Inflow"
"2914",2026-01-01,"G380D",0,NA,"Inflow"
"2915",2026-01-03,"G380D",0,NA,"Inflow"
"2916",2026-01-04,"G380D",0,NA,"Inflow"
"2917",2026-01-05,"G380D",0,NA,"Inflow"
"2918",2026-01-06,"G380D",0,NA,"Inflow"
"2919",2026-01-07,"G380D",0,NA,"Inflow"
"2920",2026-01-08,"G380D",0,NA,"Inflow"
"2921",2026-01-09,"G380D",18.812,NA,"Inflow"
"2922",2026-01-10,"G380D",34.757,NA,"Inflow"
"2923",2026-01-11,"G380D",17.824,NA,"Inflow"
"2924",2026-01-12,"G380D",19.592,NA,"Inflow"
"2925",2026-01-13,"G380D",21.262,NA,"Inflow"
"2926",2026-01-14,"G380D",22.104,NA,"Inflow"
"2927",2026-01-15,"G380D",20.778,NA,"Inflow"
"2928",2026-01-16,"G380D",10.769,NA,"Inflow"
"2929",2026-01-17,"G380D",7.151,NA,"Inflow"
"2930",2026-01-18,"G380D",26.151,NA,"Inflow"
"2931",2026-01-19,"G380D",20.406,NA,"Inflow"
"2932",2026-01-21,"G380D",35.185,NA,"Inflow"
"2933",2026-01-23,"G380D",20.806,NA,"Inflow"
"2934",2026-01-26,"G380D",20.97,NA,"Inflow"
"2935",2026-01-27,"G380D",21.481,NA,"Inflow"
"2936",2026-01-28,"G380D",31.173,NA,"Inflow"
"2937",2026-01-29,"G380D",20.084,NA,"Inflow"
"2938",2026-01-30,"G380D",26.572,NA,"Inflow"
"2939",2026-01-31,"G380D",22.254,NA,"Inflow"
"2940",2026-02-03,"G380D",38.919,NA,"Inflow"
"2941",2026-02-04,"G380D",46.991,NA,"Inflow"
"2942",2026-02-05,"G380D",47.307,NA,"Inflow"
"2943",2026-02-06,"G380D",40.296,NA,"Inflow"
"2944",2026-02-07,"G380D",0,NA,"Inflow"
"2945",2026-02-08,"G380D",10.013,NA,"Inflow"
"2946",2026-02-09,"G380D",47.56,NA,"Inflow"
"2947",2026-02-10,"G380D",43.331,NA,"Inflow"
"2948",2026-02-11,"G380D",43.703,NA,"Inflow"
"2949",2026-02-12,"G380D",56.213,NA,"Inflow"
"2950",2026-02-13,"G380D",53.919,NA,"Inflow"
"2951",2026-02-14,"G380D",57.282,NA,"Inflow"
"2952",2026-02-15,"G380D",56.941,NA,"Inflow"
"2953",2026-02-16,"G380D",54.803,NA,"Inflow"
"2954",2026-02-18,"G380D",70.967,NA,"Inflow"
"2955",2026-02-19,"G380D",69.451,NA,"Inflow"
"2956",2026-02-20,"G380D",68.446,NA,"Inflow"
"2957",2026-02-22,"G380D",67.801,NA,"Inflow"
"2958",2026-02-23,"G380D",16.634,NA,"Inflow"
"2959",2026-02-24,"G380D",0,NA,"Inflow"
"2960",2026-02-25,"G380D",0,NA,"Inflow"
"2961",2026-02-27,"G380D",0,NA,"Inflow"
"2962",2026-02-28,"G380D",0,NA,"Inflow"
"2963",2026-03-01,"G380D",0,NA,"Inflow"
"2964",2026-03-04,"G380D",8.239,NA,"Inflow"
"2965",2026-03-06,"G380D",22.296,NA,"Inflow"
"2966",2026-03-07,"G380D",37.984,NA,"Inflow"
"2967",2026-03-09,"G380D",0,NA,"Inflow"
"2968",2025-02-20,"G380D",29.374,NA,"Inflow"
"2969",2025-02-21,"G380D",29.574,NA,"Inflow"
"2970",2025-02-22,"G380D",30.517,NA,"Inflow"
"2971",2025-02-24,"G380D",0,NA,"Inflow"
"2972",2025-02-26,"G380D",12.274,NA,"Inflow"
"2973",2025-02-27,"G380D",40.15,NA,"Inflow"
"2974",2025-02-28,"G380D",28.462,NA,"Inflow"
"2975",2025-03-01,"G380D",27.33,NA,"Inflow"
"2976",2025-03-03,"G380D",26.444,NA,"Inflow"
"2977",2025-03-04,"G380D",26.471,NA,"Inflow"
"2978",2025-03-06,"G380D",27.479,NA,"Inflow"
"2979",2025-03-07,"G380D",28.27,NA,"Inflow"
"2980",2025-03-10,"G380D",32.53,NA,"Inflow"
"2981",2025-03-11,"G380D",27.182,NA,"Inflow"
"2982",2025-03-16,"G380D",29.187,NA,"Inflow"
"2983",2025-03-17,"G380D",28.276,NA,"Inflow"
"2984",2025-03-20,"G380D",27.963,NA,"Inflow"
"2985",2025-03-21,"G380D",28.361,NA,"Inflow"
"2986",2025-03-22,"G380D",28.462,NA,"Inflow"
"2987",2025-03-23,"G380D",29.716,NA,"Inflow"
"2988",2025-03-24,"G380D",27.916,NA,"Inflow"
"2989",2025-03-25,"G380D",34.383,NA,"Inflow"
"2990",2025-03-28,"G380D",28.92,NA,"Inflow"
"2991",2025-03-29,"G380D",34.809,NA,"Inflow"
"2992",2025-03-30,"G380D",35.521,NA,"Inflow"
"2993",2025-03-31,"G380D",21.469,NA,"Inflow"
"2994",2025-04-01,"G380D",14.752,NA,"Inflow"
"2995",2025-04-02,"G380D",0,NA,"Inflow"
"2996",2025-04-04,"G380D",0,NA,"Inflow"
"2997",2025-04-05,"G380D",0,NA,"Inflow"
"2998",2025-04-07,"G380D",0,NA,"Inflow"
"2999",2025-04-08,"G380D",0,NA,"Inflow"
"3000",2025-04-10,"G380D",0,NA,"Inflow"
"3001",2025-04-11,"G380D",0,NA,"Inflow"
"3002",2025-04-12,"G380D",0,NA,"Inflow"
"3003",2025-04-17,"G380D",0,NA,"Inflow"
"3004",2025-04-19,"G380D",0,NA,"Inflow"
"3005",2025-04-21,"G380D",0,NA,"Inflow"
"3006",2025-04-22,"G380D",0,NA,"Inflow"
"3007",2025-04-23,"G380D",0,NA,"Inflow"
"3008",2025-04-24,"G380D",0,NA,"Inflow"
"3009",2025-04-26,"G380D",0,NA,"Inflow"
"3010",2025-04-27,"G380D",0,NA,"Inflow"
"3011",2025-04-28,"G380D",0,NA,"Inflow"
"3012",2025-04-29,"G380D",10.094,NA,"Inflow"
"3013",2025-04-30,"G380D",26.277,NA,"Inflow"
"3014",2025-05-01,"G380D",26.252,NA,"Inflow"
"3015",2025-05-03,"G380D",60.966,NA,"Inflow"
"3016",2025-05-04,"G380D",54.066,NA,"Inflow"
"3017",2025-05-05,"G380D",29.846,NA,"Inflow"
"3018",2025-05-06,"G380D",62.629,NA,"Inflow"
"3019",2025-05-07,"G380D",10.97,NA,"Inflow"
"3020",2025-05-09,"G380D",0,NA,"Inflow"
"3021",2025-05-10,"G380D",0,NA,"Inflow"
"3022",2025-05-11,"G380D",0,NA,"Inflow"
"3023",2025-05-12,"G380D",0,NA,"Inflow"
"3024",2025-05-13,"G380D",0,NA,"Inflow"
"3025",2025-05-14,"G380D",0,NA,"Inflow"
"3026",2025-05-16,"G380D",0,NA,"Inflow"
"3027",2026-03-11,"G380D",55.368,NA,"Inflow"
"3028",2026-03-12,"G380D",54.531,NA,"Inflow"
"3029",2026-03-13,"G380D",48.237,NA,"Inflow"
"3030",2026-03-14,"G380D",0,NA,"Inflow"
"3031",2026-03-17,"G380D",0,NA,"Inflow"
"3032",2026-03-18,"G380D",0,NA,"Inflow"
"3033",2026-03-20,"G380D",0,NA,"Inflow"
"3034",2026-03-21,"G380D",0,NA,"Inflow"
"3035",2026-03-22,"G380D",0,NA,"Inflow"
"3036",2026-03-23,"G380D",82.283,NA,"Inflow"
"3037",2026-03-25,"G380D",54.2,NA,"Inflow"
"3038",2026-03-26,"G380D",51.845,NA,"Inflow"
"3039",2026-03-29,"G380D",0,NA,"Inflow"
"3040",2026-03-30,"G380D",0,NA,"Inflow"
"3041",2026-03-31,"G380D",0,NA,"Inflow"
"3042",2026-04-01,"G380D",0,NA,"Inflow"
"3043",2026-04-02,"G380D",0,NA,"Inflow"
"3044",2026-04-03,"G380D",0,NA,"Inflow"
"3045",2026-04-04,"G380D",128.777,NA,"Inflow"
"3046",2026-04-05,"G380D",135.607,NA,"Inflow"
"3047",2026-04-06,"G380D",161.282,NA,"Inflow"
"3048",2026-04-08,"G380D",216.365,NA,"Inflow"
"3049",2026-04-09,"G380D",195.05,NA,"Inflow"
"3050",2026-04-11,"G380D",157.624,NA,"Inflow"
"3051",2026-04-12,"G380D",123.207,NA,"Inflow"
"3052",2026-04-13,"G380D",117.139,NA,"Inflow"
"3053",2026-04-14,"G380D",88.311,NA,"Inflow"
"3054",2026-04-15,"G380D",93.719,NA,"Inflow"
"3055",2026-04-16,"G380D",96.654,NA,"Inflow"
"3056",2026-04-17,"G380D",84.193,NA,"Inflow"
"3057",2026-04-18,"G380D",84.522,NA,"Inflow"
"3058",2026-04-20,"G380D",66.429,NA,"Inflow"
"3059",2026-04-21,"G380D",79.979,NA,"Inflow"
"3060",2026-04-22,"G380D",17.29,NA,"Inflow"
"3061",2026-04-23,"G380D",35.706,NA,"Inflow"
"3062",2026-04-25,"G380D",52.705,NA,"Inflow"
"3063",2026-04-26,"G380D",45.534,NA,"Inflow"
"3064",2026-04-27,"G380D",45.055,NA,"Inflow"
"3065",2026-04-28,"G380D",0,NA,"Inflow"
"3066",2026-04-29,"G380D",0,NA,"Inflow"
"3067",2026-05-03,"G380D",0,NA,"Inflow"
"3068",2026-05-04,"G380D",0,NA,"Inflow"
"3069",2026-05-05,"G380D",0,NA,"Inflow"
"3070",2026-05-06,"G380D",0,NA,"Inflow"
"3071",2026-05-07,"G380D",0,NA,"Inflow"
"3072",2026-05-08,"G380D",0,NA,"Inflow"
"3073",2026-05-09,"G380D",0,NA,"Inflow"
"3074",2026-05-10,"G380D",0,NA,"Inflow"
"3075",2026-05-11,"G380D",0,NA,"Inflow"
"3076",2026-05-12,"G380D",0,NA,"Inflow"
"3077",2026-05-13,"G380D",0,NA,"Inflow"
"3078",2026-05-14,"G380D",0,NA,"Inflow"
"3079",2026-05-15,"G380D",15.454,NA,"Inflow"
"3080",2026-05-16,"G380D",13.563,NA,"Inflow"
"3081",2026-05-17,"G380D",16.645,NA,"Inflow"
"3082",2026-05-19,"G380D",0,NA,"Inflow"
"3083",2026-05-20,"G380D",0,NA,"Inflow"
"3084",2026-05-21,"G380D",0,NA,"Inflow"
"3085",2026-05-22,"G380D",0,NA,"Inflow"
"3086",2026-05-23,"G380D",0,NA,"Inflow"
"3087",2025-05-17,"G380D",0,NA,"Inflow"
"3088",2025-05-18,"G380D",0,NA,"Inflow"
"3089",2025-05-20,"G380D",0,NA,"Inflow"
"3090",2025-05-21,"G380D",0,NA,"Inflow"
"3091",2025-05-22,"G380D",0,NA,"Inflow"
"3092",2025-05-23,"G380D",0,NA,"Inflow"
"3093",2025-05-24,"G380D",0,NA,"Inflow"
"3094",2025-05-25,"G380D",0,NA,"Inflow"
"3095",2025-05-27,"G380D",0,NA,"Inflow"
"3096",2025-05-28,"G380D",0,NA,"Inflow"
"3097",2025-05-29,"G380D",0,NA,"Inflow"
"3098",2025-05-31,"G380D",0,NA,"Inflow"
"3099",2025-06-01,"G380D",0,NA,"Inflow"
"3100",2025-06-02,"G380D",0,NA,"Inflow"
"3101",2025-06-03,"G380D",49.754,NA,"Inflow"
"3102",2025-06-07,"G380D",0,NA,"Inflow"
"3103",2025-06-11,"G380D",58.097,NA,"Inflow"
"3104",2025-06-12,"G380D",60.387,NA,"Inflow"
"3105",2025-06-13,"G380D",69.161,NA,"Inflow"
"3106",2025-06-14,"G380D",37.251,NA,"Inflow"
"3107",2025-06-15,"G380D",40.67,NA,"Inflow"
"3108",2025-06-17,"G380D",0,NA,"Inflow"
"3109",2025-06-20,"G380D",0,NA,"Inflow"
"3110",2025-06-21,"G380D",0,NA,"Inflow"
"3111",2025-06-22,"G380D",0,NA,"Inflow"
"3112",2025-06-24,"G380D",0,NA,"Inflow"
"3113",2025-06-26,"G380D",20.434,NA,"Inflow"
"3114",2025-06-27,"G380D",0,NA,"Inflow"
"3115",2025-06-28,"G380D",0,NA,"Inflow"
"3116",2025-06-30,"G380D",13.144,NA,"Inflow"
"3117",2025-07-02,"G380D",97.514,NA,"Inflow"
"3118",2025-07-03,"G380D",78.663,NA,"Inflow"
"3119",2025-07-04,"G380D",111.115,NA,"Inflow"
"3120",2025-07-05,"G380D",130.722,NA,"Inflow"
"3121",2025-07-06,"G380D",58.087,NA,"Inflow"
"3122",2025-07-07,"G380D",15.358,NA,"Inflow"
"3123",2025-07-08,"G380D",12.16,NA,"Inflow"
"3124",2025-07-09,"G380D",0,NA,"Inflow"
"3125",2025-07-12,"G380D",62.017,NA,"Inflow"
"3126",2025-07-13,"G380D",42.97,NA,"Inflow"
"3127",2025-07-14,"G380D",30.735,NA,"Inflow"
"3128",2025-07-16,"G380D",200.814,NA,"Inflow"
"3129",2025-07-17,"G380D",176.81,NA,"Inflow"
"3130",2025-07-18,"G380D",102.139,NA,"Inflow"
"3131",2025-07-19,"G380D",8.64,NA,"Inflow"
"3132",2025-07-22,"G380D",29.831,NA,"Inflow"
"3133",2025-07-24,"G380D",50.749,NA,"Inflow"
"3134",2025-07-28,"G380D",35.844,NA,"Inflow"
"3135",2025-07-30,"G380D",27.568,NA,"Inflow"
"3136",2025-07-31,"G380D",0,NA,"Inflow"
"3137",2025-08-03,"G380D",0,NA,"Inflow"
"3138",2025-08-05,"G380D",0.031,NA,"Inflow"
"3139",2025-08-06,"G380D",0,NA,"Inflow"
"3140",2025-08-07,"G380D",0,NA,"Inflow"
"3141",2025-08-11,"G380D",0,NA,"Inflow"
"3142",2025-08-13,"G380D",0,NA,"Inflow"
"3143",2025-08-14,"G380D",0,NA,"Inflow"
"3144",2025-08-15,"G380D",0,NA,"Inflow"
"3145",2025-08-17,"G380D",0,NA,"Inflow"
"3146",2025-08-19,"G380D",1.86,NA,"Inflow"
"3147",2026-05-25,"G380D",0,NA,"Inflow"
"3148",2026-05-26,"G380D",0,NA,"Inflow"
"3149",2026-05-27,"G380D",0,NA,"Inflow"
"3150",2026-05-28,"G380D",0,NA,"Inflow"
"3151",2026-05-30,"G380D",0,NA,"Inflow"
"3152",2026-05-31,"G380D",0,NA,"Inflow"
"3153",2026-06-01,"G380D",0,NA,"Inflow"
"3154",2026-06-02,"G380D",0,NA,"Inflow"
"3155",2026-06-03,"G380D",0,NA,"Inflow"
"3156",2026-06-04,"G380D",0,NA,"Inflow"
"3157",2026-06-06,"G380D",0,NA,"Inflow"
"3158",2026-06-08,"G380D",0,NA,"Inflow"
"3159",2026-06-09,"G380D",0,NA,"Inflow"
"3160",2026-06-11,"G380D",0,NA,"Inflow"
"3161",2026-06-12,"G380D",0,NA,"Inflow"
"3162",2026-06-14,"G380D",0,NA,"Inflow"
"3163",2026-06-16,"G380D",0,NA,"Inflow"
"3164",2026-06-17,"G380D",70.446,NA,"Inflow"
"3165",2026-06-19,"G380D",55.933,NA,"Inflow"
"3166",2026-06-20,"G380D",0,NA,"Inflow"
"3167",2026-06-21,"G380D",0,NA,"Inflow"
"3168",2026-06-22,"G380D",0,NA,"Inflow"
"3169",2026-06-23,"G380D",0,NA,"Inflow"
"3170",2026-06-24,"G380D",0,NA,"Inflow"
"3171",2026-06-25,"G380D",0,NA,"Inflow"
"3172",2026-06-26,"G380D",0,NA,"Inflow"
"3173",2026-06-27,"G380D",0,NA,"Inflow"
"3174",2026-06-28,"G380D",0,NA,"Inflow"
"3175",2026-06-29,"G380D",0,NA,"Inflow"
"3176",2026-06-30,"G380D",0,NA,"Inflow"
"3177",2026-07-01,"G380D",0,NA,"Inflow"
"3178",2026-07-02,"G380D",0,NA,"Inflow"
"3179",2026-07-03,"G380D",0,NA,"Inflow"
"3180",2026-07-04,"G380D",0,NA,"Inflow"
"3181",2026-07-05,"G380D",0,NA,"Inflow"
"3182",2026-07-06,"G380D",0,NA,"Inflow"
"3183",2026-07-07,"G380D",0,NA,"Inflow"
"3184",2026-07-08,"G380D",0,NA,"Inflow"
"3185",2026-07-09,"G380D",0,NA,"Inflow"
"3186",2026-07-10,"G380D",0,NA,"Inflow"
"3187",2026-07-11,"G380D",0,NA,"Inflow"
"3188",2026-07-12,"G380D",0,NA,"Inflow"
"3189",2026-07-13,"G380D",0,NA,"Inflow"
"3190",2026-07-14,"G380D",0,NA,"Inflow"
"3191",2026-07-15,"G380D",0,NA,"Inflow"
"3192",2026-07-16,"G380D",0,NA,"Inflow"
"3193",2026-07-17,"G380D",0,NA,"Inflow"
"3194",2026-07-19,"G380D",0,NA,"Inflow"
"3195",2026-07-20,"G380D",0,NA,"Inflow"
"3196",2026-07-22,"G380D",0,NA,"Inflow"
"3197",2026-07-23,"G380D",0,NA,"Inflow"
"3198",2026-07-25,"G380D",0,NA,"Inflow"
"3199",2026-07-26,"G380D",0,NA,"Inflow"
"3200",2026-07-27,"G380D",0,NA,"Inflow"
"3201",2026-07-28,"G380D",0,NA,"Inflow"
"3202",2026-07-30,"G380D",0,NA,"Inflow"
"3203",2026-07-31,"G380D",0,NA,"Inflow"
"3204",2026-08-01,"G380D",0,NA,"Inflow"
"3205",2026-08-02,"G380D",0,NA,"Inflow"
"3206",2026-08-03,"G380D",0,NA,"Inflow"
"3207",2025-08-20,"G380D",16.229,NA,"Inflow"
"3208",2025-08-21,"G380D",0,NA,"Inflow"
"3209",2025-08-25,"G380D",4.669,NA,"Inflow"
"3210",2025-08-26,"G380D",0,NA,"Inflow"
"3211",2025-08-27,"G380D",0,NA,"Inflow"
"3212",2025-08-30,"G380D",23.955,NA,"Inflow"
"3213",2025-08-31,"G380D",130.711,NA,"Inflow"
"3214",2025-09-02,"G380D",141.765,NA,"Inflow"
"3215",2025-09-04,"G380D",160.907,NA,"Inflow"
"3216",2025-09-05,"G380D",95.59,NA,"Inflow"
"3217",2025-09-07,"G380D",67.776,NA,"Inflow"
"3218",2025-09-08,"G380D",115.768,NA,"Inflow"
"3219",2025-09-10,"G380D",188.078,NA,"Inflow"
"3220",2025-09-11,"G380D",172.197,NA,"Inflow"
"3221",2025-09-12,"G380D",157.596,NA,"Inflow"
"3222",2025-09-14,"G380D",136.333,NA,"Inflow"
"3223",2025-09-18,"G380D",48.845,NA,"Inflow"
"3224",2025-09-19,"G380D",46.035,NA,"Inflow"
"3225",2025-09-20,"G380D",58.022,NA,"Inflow"
"3226",2025-09-21,"G380D",15.714,NA,"Inflow"
"3227",2025-09-23,"G380D",49.254,NA,"Inflow"
"3228",2025-09-24,"G380D",130.971,NA,"Inflow"
"3229",2025-09-25,"G380D",163.069,NA,"Inflow"
"3230",2025-09-26,"G380D",130.13,NA,"Inflow"
"3231",2025-09-27,"G380D",119.898,NA,"Inflow"
"3232",2025-09-28,"G380D",119.614,NA,"Inflow"
"3233",2025-09-29,"G380D",73.997,NA,"Inflow"
"3234",2025-09-30,"G380D",41.364,NA,"Inflow"
"3235",2025-10-02,"G380D",35.298,NA,"Inflow"
"3236",2025-10-04,"G380D",85.776,NA,"Inflow"
"3237",2025-10-05,"G380D",29.647,NA,"Inflow"
"3238",2025-10-06,"G380D",36.871,NA,"Inflow"
"3239",2025-10-09,"G380D",25.812,NA,"Inflow"
"3240",2025-10-10,"G380D",79.146,NA,"Inflow"
"3241",2025-10-11,"G380D",170.387,NA,"Inflow"
"3242",2025-10-12,"G380D",211.911,NA,"Inflow"
"3243",2025-10-14,"G380D",122.52,NA,"Inflow"
"3244",2025-10-16,"G380D",49.003,NA,"Inflow"
"3245",2025-10-17,"G380D",22.967,NA,"Inflow"
"3246",2025-10-18,"G380D",0,NA,"Inflow"
"3247",2025-10-19,"G380D",0,NA,"Inflow"
"3248",2025-10-22,"G380D",0,NA,"Inflow"
"3249",2025-10-23,"G380D",0,NA,"Inflow"
"3250",2025-10-24,"G380D",0,NA,"Inflow"
"3251",2025-10-25,"G380D",0,NA,"Inflow"
"3252",2025-10-26,"G380D",0,NA,"Inflow"
"3253",2025-10-27,"G380D",0,NA,"Inflow"
"3254",2025-10-29,"G380D",0,NA,"Inflow"
"3255",2025-10-30,"G380D",0,NA,"Inflow"
"3256",2025-11-01,"G380D",0,NA,"Inflow"
"3257",2025-11-02,"G380D",0,NA,"Inflow"
"3258",2025-11-03,"G380D",0,NA,"Inflow"
"3259",2025-11-04,"G380D",0,NA,"Inflow"
"3260",2025-11-06,"G380D",0,NA,"Inflow"
"3261",2025-11-07,"G380D",0,NA,"Inflow"
"3262",2025-11-09,"G380D",0,NA,"Inflow"
"3263",2025-11-11,"G380D",15.357,NA,"Inflow"
"3264",2025-11-13,"G380D",16.885,NA,"Inflow"
"3265",2025-11-15,"G380D",15.889,NA,"Inflow"
"3266",2025-11-16,"G380D",17.055,NA,"Inflow"
"3267",2026-08-04,"G380D",17.553,NA,"Inflow"
"3268",2026-08-05,"G380D",28.855,NA,"Inflow"
"3269",2026-08-06,"G380D",30.833,NA,"Inflow"
"3270",2026-08-07,"G380D",40.375,NA,"Inflow"
"3271",2026-08-08,"G380D",30.447,NA,"Inflow"
"3272",2026-08-09,"G380D",30.885,NA,"Inflow"
"3273",2026-08-10,"G380D",21.457,NA,"Inflow"
"3274",2026-08-11,"G380D",25.476,NA,"Inflow"
"3275",2026-08-12,"G380D",45.865,NA,"Inflow"
"3276",2026-08-13,"G380D",54.186,NA,"Inflow"
"3277",2026-08-14,"G380D",52.279,NA,"Inflow"
"3278",2026-08-15,"G380D",25.464,NA,"Inflow"
"3279",2026-08-16,"G380D",3.473,NA,"Inflow"
"3280",2026-08-17,"G380D",9.394,NA,"Inflow"
"3281",2026-08-18,"G380D",4.264,NA,"Inflow"
"3282",2026-08-19,"G380D",-0.183,NA,"Inflow"
"3283",2026-08-20,"G380D",1.426,NA,"Inflow"
"3284",2026-08-21,"G380D",2.606,NA,"Inflow"
"3285",2026-08-22,"G380D",4.477,NA,"Inflow"
"3286",2026-08-23,"G380D",3.134,NA,"Inflow"
"3287",2026-08-24,"G380D",1.297,NA,"Inflow"
"3288",2026-08-25,"G380D",14.245,NA,"Inflow"
"3289",2026-08-26,"G380D",7.496,NA,"Inflow"
"3290",2026-08-27,"G380D",32.789,NA,"Inflow"
"3291",2026-08-28,"G380D",55.45,NA,"Inflow"
"3292",2026-08-29,"G380D",40.332,NA,"Inflow"
"3293",2026-08-30,"G380D",41.038,NA,"Inflow"
"3294",2026-08-31,"G380D",43.259,NA,"Inflow"
"3295",2026-09-01,"G380D",47.163,NA,"Inflow"
"3296",2026-09-02,"G380D",40.91,NA,"Inflow"
"3297",2026-09-03,"G380D",111.461,NA,"Inflow"
"3298",2026-09-04,"G380D",168.674,NA,"Inflow"
"3299",2026-09-05,"G380D",170.68,NA,"Inflow"
"3300",2026-09-06,"G380D",168.02,NA,"Inflow"
"3301",2026-09-07,"G380D",173.137,NA,"Inflow"
"3302",2026-09-08,"G380D",175.37,NA,"Inflow"
"3303",2026-09-09,"G380D",165.748,NA,"Inflow"
"3304",2026-09-10,"G380D",168.981,NA,"Inflow"
"3305",2026-09-11,"G380D",150.455,NA,"Inflow"
"3306",2026-09-12,"G380D",136.255,NA,"Inflow"
"3307",2026-09-13,"G380D",139.269,NA,"Inflow"
"3308",2026-09-14,"G380D",133.629,NA,"Inflow"
"3309",2026-09-15,"G380D",122.301,NA,"Inflow"
"3310",2026-09-16,"G380D",120.875,NA,"Inflow"
"3311",2026-09-17,"G380D",124.243,NA,"Inflow"
"3312",2026-09-18,"G380D",124.102,NA,"Inflow"
"3313",2026-09-19,"G380D",152.796,NA,"Inflow"
"3314",2026-09-21,"G380D",68.424,NA,"Inflow"
"3315",2026-09-22,"G380D",210.012,NA,"Inflow"
"3316",2026-09-23,"G380D",283.861,NA,"Inflow"
"3317",2026-09-24,"G380D",223.038,NA,"Inflow"
"3318",2026-09-25,"G380D",174.803,NA,"Inflow"
"3319",2026-09-26,"G380D",93.119,NA,"Inflow"
"3320",2026-09-27,"G380D",51.55,NA,"Inflow"
"3321",2026-09-28,"G380D",87.95,NA,"Inflow"
"3322",2026-09-29,"G380D",16.285,NA,"Inflow"
"3323",2026-09-30,"G380D",80.244,NA,"Inflow"
"3324",2026-10-01,"G380D",41.958,NA,"Inflow"
"3325",2026-10-02,"G380D",79.409,NA,"Inflow"
"3326",2025-11-17,"G380D",22.177,NA,"Inflow"
"3327",2025-11-18,"G380D",12.42,NA,"Inflow"
"3328",2025-11-19,"G380D",0,NA,"Inflow"
"3329",2025-11-20,"G380D",0,NA,"Inflow"
"3330",2025-11-21,"G380D",0,NA,"Inflow"
"3331",2025-11-22,"G380D",0,NA,"Inflow"
"3332",2025-11-23,"G380D",0,NA,"Inflow"
"3333",2025-11-24,"G380D",0,NA,"Inflow"
"3334",2025-11-25,"G380D",0,NA,"Inflow"
"3335",2025-11-28,"G380D",0,NA,"Inflow"
"3336",2025-11-29,"G380D",0,NA,"Inflow"
"3337",2025-12-03,"G380D",0,NA,"Inflow"
"3338",2025-12-05,"G380D",0,NA,"Inflow"
"3339",2025-12-06,"G380D",0,NA,"Inflow"
"3340",2025-12-07,"G380D",0,NA,"Inflow"
"3341",2025-12-08,"G380D",0,NA,"Inflow"
"3342",2025-12-09,"G380D",0,NA,"Inflow"
"3343",2025-12-11,"G380D",0,NA,"Inflow"
"3344",2025-12-13,"G380D",0,NA,"Inflow"
"3345",2025-12-14,"G380D",0,NA,"Inflow"
"3346",2025-12-15,"G380D",0,NA,"Inflow"
"3347",2025-12-16,"G380D",0,NA,"Inflow"
"3348",2025-12-17,"G380D",0,NA,"Inflow"
"3349",2025-12-18,"G380D",0,NA,"Inflow"
"3350",2025-12-19,"G380D",0,NA,"Inflow"
"3351",2025-12-21,"G380D",0,NA,"Inflow"
"3352",2025-12-22,"G380D",0,NA,"Inflow"
"3353",2025-12-23,"G380D",0,NA,"Inflow"
"3354",2025-12-24,"G380D",0,NA,"Inflow"
"3355",2025-12-25,"G380D",0,NA,"Inflow"
"3356",2025-12-26,"G380D",0,NA,"Inflow"
"3357",2025-12-28,"G380D",0,NA,"Inflow"
"3358",2025-12-29,"G380D",0,NA,"Inflow"
"3359",2025-12-31,"G380D",0,NA,"Inflow"
"3360",2025-12-30,"G380D",0,NA,"Inflow"
"3361",2025-01-05,"G380D",-4.132,NA,"Inflow"
"3362",2025-01-08,"G380D",-3.603,NA,"Inflow"
"3363",2025-01-10,"G380D",32.101,NA,"Inflow"
"3364",2025-01-11,"G380D",32.67,NA,"Inflow"
"3365",2025-01-19,"G380D",24.075,NA,"Inflow"
"3366",2025-01-21,"G380D",33.699,NA,"Inflow"
"3367",2025-01-25,"G380D",30.364,NA,"Inflow"
"3368",2025-01-30,"G380D",36.44,NA,"Inflow"
"3369",2025-02-04,"G380D",33.53,NA,"Inflow"
"3370",2025-02-07,"G380D",32.526,NA,"Inflow"
"3371",2025-02-08,"G380D",28.115,NA,"Inflow"
"3372",2025-02-14,"G380D",27.441,NA,"Inflow"
"3373",2025-02-15,"G380D",30.205,NA,"Inflow"
"3374",2025-02-18,"G380D",30.429,NA,"Inflow"
"3375",2025-02-23,"G380D",27.948,NA,"Inflow"
"3376",2025-02-25,"G380D",35.616,NA,"Inflow"
"3377",2025-03-02,"G380D",26.818,NA,"Inflow"
"3378",2025-03-05,"G380D",26.924,NA,"Inflow"
"3379",2025-03-08,"G380D",29.002,NA,"Inflow"
"3380",2025-03-09,"G380D",30.921,NA,"Inflow"
"3381",2025-03-12,"G380D",29.004,NA,"Inflow"
"3382",2025-03-13,"G380D",34.79,NA,"Inflow"
"3383",2025-03-14,"G380D",28.564,NA,"Inflow"
"3384",2025-03-15,"G380D",28.225,NA,"Inflow"
"3385",2025-03-18,"G380D",28.181,NA,"Inflow"
"3386",2026-10-03,"G380D",0,NA,"Inflow"
"3387",2026-10-04,"G380D",32.219,NA,"Inflow"
"3388",2026-10-05,"G380D",39.971,NA,"Inflow"
"3389",2026-09-20,"G380D",138.65,NA,"Inflow"
"3390",2026-01-02,"G380D",0,NA,"Inflow"
"3391",2026-01-20,"G380D",21.183,NA,"Inflow"
"3392",2026-01-22,"G380D",37.032,NA,"Inflow"
"3393",2026-01-24,"G380D",0,NA,"Inflow"
"3394",2026-01-25,"G380D",23.967,NA,"Inflow"
"3395",2026-02-01,"G380D",22.812,NA,"Inflow"
"3396",2026-02-02,"G380D",36.344,NA,"Inflow"
"3397",2026-02-17,"G380D",61.679,NA,"Inflow"
"3398",2026-02-21,"G380D",70.091,NA,"Inflow"
"3399",2026-02-26,"G380D",0,NA,"Inflow"
"3400",2026-03-02,"G380D",26.985,NA,"Inflow"
"3401",2026-03-03,"G380D",63.401,NA,"Inflow"
"3402",2026-03-05,"G380D",3.032,NA,"Inflow"
"3403",2026-03-08,"G380D",25.339,NA,"Inflow"
"3404",2026-03-10,"G380D",45.822,NA,"Inflow"
"3405",2026-03-15,"G380D",0,NA,"Inflow"
"3406",2026-03-16,"G380D",0,NA,"Inflow"
"3407",2026-03-19,"G380D",0,NA,"Inflow"
"3408",2026-03-24,"G380D",65.425,NA,"Inflow"
"3409",2026-03-27,"G380D",51.609,NA,"Inflow"
"3410",2026-03-28,"G380D",52.428,NA,"Inflow"
"3411",2026-04-07,"G380D",167.303,NA,"Inflow"
"3412",2026-04-10,"G380D",243.681,NA,"Inflow"
"3413",2026-04-19,"G380D",84.788,NA,"Inflow"
"3414",2026-04-24,"G380D",12.957,NA,"Inflow"
"3415",2026-04-30,"G380D",0,NA,"Inflow"
"3416",2026-05-01,"G380D",0,NA,"Inflow"
"3417",2026-05-02,"G380D",0,NA,"Inflow"
"3418",2026-05-18,"G380D",22.958,NA,"Inflow"
"3419",2026-05-24,"G380D",0,NA,"Inflow"
"3420",2026-05-29,"G380D",0,NA,"Inflow"
"3421",2026-06-05,"G380D",0,NA,"Inflow"
"3422",2026-06-07,"G380D",0,NA,"Inflow"
"3423",2026-06-10,"G380D",0,NA,"Inflow"
"3424",2026-06-13,"G380D",0,NA,"Inflow"
"3425",2026-06-15,"G380D",0,NA,"Inflow"
"3426",2026-06-18,"G380D",59.264,NA,"Inflow"
"3427",2026-07-18,"G380D",0,NA,"Inflow"
"3428",2026-07-21,"G380D",0,NA,"Inflow"
"3429",2026-07-24,"G380D",0,NA,"Inflow"
"3430",2026-07-29,"G380D",0,NA,"Inflow"
"3431",2024-11-04,"G380E",0,11.117,"Inflow"
"3432",2024-11-04,"G380E",0,10.455,"Inflow"
"3433",2024-11-05,"G380E",0,11.006,"Inflow"
"3434",2024-11-05,"G380E",0,10.453,"Inflow"
"3435",2024-11-06,"G380E",110.628,12.036,"Inflow"
"3436",2024-11-06,"G380E",110.628,10.916,"Inflow"
"3437",2024-11-07,"G380E",192.523,12.819,"Inflow"
"3438",2024-11-07,"G380E",192.523,11.667,"Inflow"
"3439",2024-11-08,"G380E",63.819,12.817,"Inflow"
"3440",2024-11-08,"G380E",63.819,11.447,"Inflow"
"3441",2024-11-09,"G380E",0,13.344,"Inflow"
"3442",2024-11-09,"G380E",0,10.901,"Inflow"
"3443",2024-11-10,"G380E",0,13.167,"Inflow"
"3444",2024-11-10,"G380E",0,10.752,"Inflow"
"3445",2024-11-11,"G380E",0,12.9,"Inflow"
"3446",2024-11-11,"G380E",0,10.691,"Inflow"
"3447",2024-11-12,"G380E",0,12.579,"Inflow"
"3448",2024-11-12,"G380E",0,10.665,"Inflow"
"3449",2024-11-13,"G380E",0,12.302,"Inflow"
"3450",2024-11-13,"G380E",0,10.65,"Inflow"
"3451",2024-11-14,"G380E",0,12.064,"Inflow"
"3452",2024-11-14,"G380E",0,10.621,"Inflow"
"3453",2024-11-16,"G380E",0,11.615,"Inflow"
"3454",2024-11-16,"G380E",0,10.595,"Inflow"
"3455",2024-11-18,"G380E",0,11.806,"Inflow"
"3456",2024-11-18,"G380E",0,10.57,"Inflow"
"3457",2024-11-19,"G380E",0,11.994,"Inflow"
"3458",2024-11-19,"G380E",0,10.581,"Inflow"
"3459",2024-11-20,"G380E",0,11.457,"Inflow"
"3460",2024-11-20,"G380E",0,10.574,"Inflow"
"3461",2025-03-19,"G380D",28.493,NA,"Inflow"
"3462",2025-03-26,"G380D",34.221,NA,"Inflow"
"3463",2025-03-27,"G380D",34.18,NA,"Inflow"
"3464",2025-04-03,"G380D",0,NA,"Inflow"
"3465",2025-04-06,"G380D",0,NA,"Inflow"
"3466",2025-04-09,"G380D",0,NA,"Inflow"
"3467",2025-04-13,"G380D",0,NA,"Inflow"
"3468",2025-04-14,"G380D",0,NA,"Inflow"
"3469",2025-04-15,"G380D",0,NA,"Inflow"
"3470",2025-04-16,"G380D",0,NA,"Inflow"
"3471",2025-04-18,"G380D",0,NA,"Inflow"
"3472",2025-04-20,"G380D",0,NA,"Inflow"
"3473",2025-04-25,"G380D",0,NA,"Inflow"
"3474",2025-05-02,"G380D",36.086,NA,"Inflow"
"3475",2025-05-08,"G380D",0,NA,"Inflow"
"3476",2025-05-15,"G380D",0,NA,"Inflow"
"3477",2025-05-19,"G380D",0,NA,"Inflow"
"3478",2025-05-26,"G380D",0,NA,"Inflow"
"3479",2025-05-30,"G380D",0,NA,"Inflow"
"3480",2025-06-04,"G380D",123.33,NA,"Inflow"
"3481",2025-06-05,"G380D",59.561,NA,"Inflow"
"3482",2025-06-06,"G380D",0,NA,"Inflow"
"3483",2025-06-08,"G380D",0,NA,"Inflow"
"3484",2025-06-09,"G380D",0,NA,"Inflow"
"3485",2025-06-10,"G380D",0,NA,"Inflow"
"3486",2025-06-16,"G380D",0,NA,"Inflow"
"3487",2025-06-18,"G380D",2.98,NA,"Inflow"
"3488",2025-06-19,"G380D",0,NA,"Inflow"
"3489",2025-06-23,"G380D",0,NA,"Inflow"
"3490",2025-06-25,"G380D",77.236,NA,"Inflow"
"3491",2025-06-29,"G380D",0,NA,"Inflow"
"3492",2025-07-01,"G380D",28.943,NA,"Inflow"
"3493",2025-07-10,"G380D",0,NA,"Inflow"
"3494",2025-07-11,"G380D",0,NA,"Inflow"
"3495",2025-07-15,"G380D",162.909,NA,"Inflow"
"3496",2025-07-20,"G380D",0,NA,"Inflow"
"3497",2025-07-21,"G380D",0,NA,"Inflow"
"3498",2025-07-23,"G380D",80.378,NA,"Inflow"
"3499",2025-07-25,"G380D",28.928,NA,"Inflow"
"3500",2025-07-26,"G380D",53.233,NA,"Inflow"
"3501",2025-07-27,"G380D",57.897,NA,"Inflow"
"3502",2025-07-29,"G380D",0,NA,"Inflow"
"3503",2025-08-01,"G380D",0,NA,"Inflow"
"3504",2025-08-02,"G380D",0,NA,"Inflow"
"3505",2025-08-04,"G380D",0,NA,"Inflow"
"3506",2025-08-08,"G380D",0,NA,"Inflow"
"3507",2025-08-09,"G380D",0,NA,"Inflow"
"3508",2025-08-10,"G380D",0,NA,"Inflow"
"3509",2025-08-12,"G380D",0,NA,"Inflow"
"3510",2025-08-16,"G380D",0,NA,"Inflow"
"3511",2025-08-18,"G380D",11.35,NA,"Inflow"
"3512",2025-08-22,"G380D",13.467,NA,"Inflow"
"3513",2025-08-23,"G380D",1.645,NA,"Inflow"
"3514",2025-08-24,"G380D",103.449,NA,"Inflow"
"3515",2025-08-28,"G380D",0,NA,"Inflow"
"3516",2025-08-29,"G380D",0,NA,"Inflow"
"3517",2025-09-01,"G380D",152.217,NA,"Inflow"
"3518",2025-09-03,"G380D",137.235,NA,"Inflow"
"3519",2025-09-06,"G380D",42.281,NA,"Inflow"
"3520",2025-09-09,"G380D",195.905,NA,"Inflow"
"3521",2024-11-21,"G380E",0,10.874,"Inflow"
"3522",2024-11-21,"G380E",0,10.545,"Inflow"
"3523",2024-11-23,"G380E",0,10.544,"Inflow"
"3524",2024-11-23,"G380E",0,10.477,"Inflow"
"3525",2024-11-25,"G380E",0,10.41,"Inflow"
"3526",2024-11-25,"G380E",0,10.405,"Inflow"
"3527",2024-11-27,"G380E",0,10.321,"Inflow"
"3528",2024-11-27,"G380E",0,10.332,"Inflow"
"3529",2024-11-28,"G380E",0,10.289,"Inflow"
"3530",2024-11-28,"G380E",0,10.296,"Inflow"
"3531",2024-11-30,"G380E",0,10.234,"Inflow"
"3532",2024-11-30,"G380E",0,10.236,"Inflow"
"3533",2024-12-02,"G380E",0,10.15,"Inflow"
"3534",2024-12-02,"G380E",0,10.168,"Inflow"
"3535",2024-12-03,"G380E",0,10.09,"Inflow"
"3536",2024-12-03,"G380E",0,10.124,"Inflow"
"3537",2024-12-04,"G380E",0,10.027,"Inflow"
"3538",2024-12-04,"G380E",0,10.088,"Inflow"
"3539",2024-12-05,"G380E",0,9.983,"Inflow"
"3540",2024-12-05,"G380E",0,10.056,"Inflow"
"3541",2024-12-06,"G380E",0,9.95,"Inflow"
"3542",2024-12-06,"G380E",0,10.023,"Inflow"
"3543",2024-12-08,"G380E",0,9.904,"Inflow"
"3544",2024-12-08,"G380E",0,9.963,"Inflow"
"3545",2024-12-10,"G380E",0,10.733,"Inflow"
"3546",2024-12-10,"G380E",0,9.965,"Inflow"
"3547",2024-12-11,"G380E",0,11.46,"Inflow"
"3548",2024-12-11,"G380E",0,10.111,"Inflow"
"3549",2024-12-12,"G380E",0,11.971,"Inflow"
"3550",2024-12-12,"G380E",0,10.216,"Inflow"
"3551",2024-12-13,"G380E",40.714,12.006,"Inflow"
"3552",2024-12-13,"G380E",40.714,10.55,"Inflow"
"3553",2024-12-15,"G380E",36.38,12.657,"Inflow"
"3554",2024-12-15,"G380E",36.38,10.991,"Inflow"
"3555",2024-12-16,"G380E",36.91,12.699,"Inflow"
"3556",2024-12-16,"G380E",36.91,10.987,"Inflow"
"3557",2024-12-17,"G380E",36.832,12.703,"Inflow"
"3558",2024-12-17,"G380E",36.832,10.996,"Inflow"
"3559",2024-12-18,"G380E",36.324,12.685,"Inflow"
"3560",2024-12-18,"G380E",36.324,11.017,"Inflow"
"3561",2024-12-19,"G380E",35.392,12.603,"Inflow"
"3562",2024-12-19,"G380E",35.392,11.02,"Inflow"
"3563",2024-12-20,"G380E",33.446,12.402,"Inflow"
"3564",2024-12-20,"G380E",33.446,10.992,"Inflow"
"3565",2024-12-21,"G380E",30.429,12.165,"Inflow"
"3566",2024-12-21,"G380E",30.429,10.991,"Inflow"
"3567",2024-12-22,"G380E",28.446,12.036,"Inflow"
"3568",2024-12-22,"G380E",28.446,10.962,"Inflow"
"3569",2024-12-23,"G380E",35.305,12.688,"Inflow"
"3570",2024-12-23,"G380E",35.305,11.004,"Inflow"
"3571",2024-12-25,"G380E",26.759,11.869,"Inflow"
"3572",2024-12-25,"G380E",26.759,10.977,"Inflow"
"3573",2024-12-26,"G380E",37.377,12.87,"Inflow"
"3574",2024-12-26,"G380E",37.377,11.024,"Inflow"
"3575",2024-12-27,"G380E",40.695,13.198,"Inflow"
"3576",2024-12-27,"G380E",40.695,11.072,"Inflow"
"3577",2024-12-28,"G380E",38.887,13.025,"Inflow"
"3578",2024-12-28,"G380E",38.887,11.078,"Inflow"
"3579",2024-12-29,"G380E",37.814,12.936,"Inflow"
"3580",2024-12-29,"G380E",37.814,11.08,"Inflow"
"3581",2024-12-31,"G380E",37.357,12.893,"Inflow"
"3582",2024-12-31,"G380E",37.357,11.077,"Inflow"
"3583",2024-12-30,"G380E",37.374,12.877,"Inflow"
"3584",2024-12-30,"G380E",37.374,11.075,"Inflow"
"3585",2024-11-01,"G380E",0,11.935,"Inflow"
"3586",2024-11-01,"G380E",0,10.503,"Inflow"
"3587",2024-11-02,"G380E",0,11.463,"Inflow"
"3588",2024-11-02,"G380E",0,10.482,"Inflow"
"3589",2024-11-03,"G380E",0,11.277,"Inflow"
"3590",2024-11-03,"G380E",0,10.471,"Inflow"
"3591",2024-11-15,"G380E",0,11.842,"Inflow"
"3592",2024-11-15,"G380E",0,10.606,"Inflow"
"3593",2024-11-17,"G380E",0,11.395,"Inflow"
"3594",2024-11-17,"G380E",0,10.58,"Inflow"
"3595",2024-11-22,"G380E",0,10.648,"Inflow"
"3596",2024-11-22,"G380E",0,10.507,"Inflow"
"3597",2024-11-24,"G380E",0,10.465,"Inflow"
"3598",2024-11-24,"G380E",0,10.44,"Inflow"
"3599",2024-11-26,"G380E",0,10.363,"Inflow"
"3600",2024-11-26,"G380E",0,10.367,"Inflow"
"3601",2024-11-29,"G380E",0,10.259,"Inflow"
"3602",2024-11-29,"G380E",0,10.266,"Inflow"
"3603",2024-12-01,"G380E",0,10.196,"Inflow"
"3604",2024-12-01,"G380E",0,10.204,"Inflow"
"3605",2024-12-07,"G380E",0,9.929,"Inflow"
"3606",2024-12-07,"G380E",0,9.995,"Inflow"
"3607",2024-12-09,"G380E",0,9.885,"Inflow"
"3608",2024-12-09,"G380E",0,9.932,"Inflow"
"3609",2024-12-14,"G380E",81.43,12.054,"Inflow"
"3610",2024-12-14,"G380E",81.43,11.17,"Inflow"
"3611",2024-12-24,"G380E",28.786,12.048,"Inflow"
"3612",2024-12-24,"G380E",28.786,11.006,"Inflow"
"3613",2026-01-01,"G380E",0,10.752,"Inflow"
"3614",2026-01-01,"G380E",0,10.413,"Inflow"
"3615",2026-01-04,"G380E",0,10.709,"Inflow"
"3616",2026-01-04,"G380E",0,10.404,"Inflow"
"3617",2026-01-05,"G380E",0,10.699,"Inflow"
"3618",2026-01-05,"G380E",0,10.4,"Inflow"
"3619",2026-01-06,"G380E",0,10.684,"Inflow"
"3620",2026-01-06,"G380E",0,10.398,"Inflow"
"3621",2026-01-09,"G380E",18.721,11.928,"Inflow"
"3622",2026-01-09,"G380E",18.721,10.671,"Inflow"
"3623",2026-01-10,"G380E",34.979,12.13,"Inflow"
"3624",2026-01-10,"G380E",34.979,10.918,"Inflow"
"3625",2026-01-11,"G380E",17.999,11.81,"Inflow"
"3626",2026-01-11,"G380E",17.999,10.898,"Inflow"
"3627",2026-01-12,"G380E",19.666,11.928,"Inflow"
"3628",2026-01-12,"G380E",19.666,10.83,"Inflow"
"3629",2026-01-13,"G380E",21.77,12.086,"Inflow"
"3630",2026-01-13,"G380E",21.77,10.893,"Inflow"
"3631",2026-01-14,"G380E",22.146,12.09,"Inflow"
"3632",2026-01-14,"G380E",22.146,10.898,"Inflow"
"3633",2026-01-15,"G380E",20.728,11.943,"Inflow"
"3634",2026-01-15,"G380E",20.728,10.898,"Inflow"
"3635",2026-01-16,"G380E",11.109,11.895,"Inflow"
"3636",2026-01-16,"G380E",11.109,10.833,"Inflow"
"3637",2026-01-17,"G380E",6.488,12.003,"Inflow"
"3638",2026-01-17,"G380E",6.488,10.752,"Inflow"
"3639",2025-09-13,"G380D",159.437,NA,"Inflow"
"3640",2025-09-15,"G380D",84.054,NA,"Inflow"
"3641",2025-09-16,"G380D",43.546,NA,"Inflow"
"3642",2025-09-17,"G380D",75.712,NA,"Inflow"
"3643",2025-09-22,"G380D",8.398,NA,"Inflow"
"3644",2025-10-01,"G380D",29.659,NA,"Inflow"
"3645",2025-10-03,"G380D",75.886,NA,"Inflow"
"3646",2025-10-07,"G380D",27.799,NA,"Inflow"
"3647",2025-10-08,"G380D",31.38,NA,"Inflow"
"3648",2025-10-13,"G380D",138.292,NA,"Inflow"
"3649",2025-10-15,"G380D",39.287,NA,"Inflow"
"3650",2025-10-20,"G380D",50.523,NA,"Inflow"
"3651",2025-10-21,"G380D",28.329,NA,"Inflow"
"3652",2025-10-28,"G380D",0,NA,"Inflow"
"3653",2025-10-31,"G380D",0,NA,"Inflow"
"3654",2025-11-05,"G380D",0,NA,"Inflow"
"3655",2025-11-08,"G380D",0,NA,"Inflow"
"3656",2025-11-10,"G380D",0,NA,"Inflow"
"3657",2025-11-12,"G380D",17.452,NA,"Inflow"
"3658",2025-11-14,"G380D",16.371,NA,"Inflow"
"3659",2025-11-26,"G380D",0,NA,"Inflow"
"3660",2025-11-27,"G380D",0,NA,"Inflow"
"3661",2025-11-30,"G380D",0,NA,"Inflow"
"3662",2025-12-01,"G380D",0,NA,"Inflow"
"3663",2025-12-02,"G380D",0,NA,"Inflow"
"3664",2025-12-04,"G380D",0,NA,"Inflow"
"3665",2025-12-10,"G380D",0,NA,"Inflow"
"3666",2025-12-12,"G380D",0,NA,"Inflow"
"3667",2025-12-20,"G380D",0,NA,"Inflow"
"3668",2025-12-27,"G380D",0,NA,"Inflow"
"3669",2025-01-02,"G380E",0.765,10.937,"Inflow"
"3670",2025-01-02,"G380E",0.765,10.787,"Inflow"
"3671",2025-01-03,"G380E",0,10.707,"Inflow"
"3672",2025-01-03,"G380E",0,10.655,"Inflow"
"3673",2025-01-06,"G380E",0,10.405,"Inflow"
"3674",2025-01-06,"G380E",0,10.42,"Inflow"
"3675",2025-01-08,"G380E",0,10.292,"Inflow"
"3676",2025-01-08,"G380E",0,10.312,"Inflow"
"3677",2025-01-09,"G380E",16.784,11.436,"Inflow"
"3678",2025-01-09,"G380E",16.784,10.516,"Inflow"
"3679",2025-01-10,"G380E",33.787,12.388,"Inflow"
"3680",2025-01-10,"G380E",33.787,10.944,"Inflow"
"3681",2025-01-11,"G380E",32.554,12.499,"Inflow"
"3682",2025-01-11,"G380E",32.554,10.993,"Inflow"
"3683",2025-01-12,"G380E",32.915,12.546,"Inflow"
"3684",2025-01-12,"G380E",32.915,11.015,"Inflow"
"3685",2025-01-13,"G380E",31.218,12.392,"Inflow"
"3686",2025-01-13,"G380E",31.218,11.014,"Inflow"
"3687",2025-01-14,"G380E",31.107,12.394,"Inflow"
"3688",2025-01-14,"G380E",31.107,11.022,"Inflow"
"3689",2025-01-16,"G380E",29.088,12.227,"Inflow"
"3690",2025-01-16,"G380E",29.088,11.027,"Inflow"
"3691",2025-01-17,"G380E",24.975,11.962,"Inflow"
"3692",2025-01-17,"G380E",24.975,10.987,"Inflow"
"3693",2025-01-19,"G380E",23.947,12.373,"Inflow"
"3694",2025-01-19,"G380E",23.947,10.972,"Inflow"
"3695",2025-01-20,"G380E",32.487,12.698,"Inflow"
"3696",2025-01-20,"G380E",32.487,11.034,"Inflow"
"3697",2025-01-24,"G380E",31.101,12.684,"Inflow"
"3698",2025-01-24,"G380E",31.101,11.048,"Inflow"
"3699",2025-01-25,"G380E",30.298,12.668,"Inflow"
"3700",2025-01-25,"G380E",30.298,11.049,"Inflow"
"3701",2025-01-26,"G380E",26.463,12.524,"Inflow"
"3702",2025-01-26,"G380E",26.463,11.025,"Inflow"
"3703",2025-01-27,"G380E",31.253,12.685,"Inflow"
"3704",2025-01-27,"G380E",31.253,11.037,"Inflow"
"3705",2025-01-28,"G380E",35.66,12.82,"Inflow"
"3706",2025-01-28,"G380E",35.66,11.055,"Inflow"
"3707",2025-01-29,"G380E",34.166,12.788,"Inflow"
"3708",2025-01-29,"G380E",34.166,11.07,"Inflow"
"3709",2025-02-02,"G380E",28.629,12.976,"Inflow"
"3710",2025-02-02,"G380E",28.629,11.042,"Inflow"
"3711",2025-02-03,"G380E",31.938,13.029,"Inflow"
"3712",2025-02-03,"G380E",31.938,11.067,"Inflow"
"3713",2025-02-06,"G380E",39.019,12.579,"Inflow"
"3714",2025-02-06,"G380E",39.019,11.134,"Inflow"
"3715",2025-02-07,"G380E",32.537,12.467,"Inflow"
"3716",2025-02-07,"G380E",32.537,11.107,"Inflow"
"3717",2025-02-08,"G380E",28.158,12.079,"Inflow"
"3718",2025-02-08,"G380E",28.158,11.089,"Inflow"
"3719",2025-02-09,"G380E",28.414,12.277,"Inflow"
"3720",2025-02-09,"G380E",28.414,11.089,"Inflow"
"3721",2025-02-10,"G380E",28.71,12.356,"Inflow"
"3722",2025-02-10,"G380E",28.71,11.096,"Inflow"
"3723",2025-02-11,"G380E",20.969,12.431,"Inflow"
"3724",2025-02-11,"G380E",20.969,11.076,"Inflow"
"3725",2025-02-12,"G380E",34.666,12.581,"Inflow"
"3726",2025-02-12,"G380E",34.666,11.118,"Inflow"
"3727",2026-01-18,"G380E",23.472,12.137,"Inflow"
"3728",2026-01-18,"G380E",23.472,10.924,"Inflow"
"3729",2026-01-19,"G380E",18.4,12.043,"Inflow"
"3730",2026-01-19,"G380E",18.4,10.925,"Inflow"
"3731",2026-01-20,"G380E",21.155,11.933,"Inflow"
"3732",2026-01-20,"G380E",21.155,10.892,"Inflow"
"3733",2026-01-22,"G380E",36.556,12.031,"Inflow"
"3734",2026-01-22,"G380E",36.556,11.047,"Inflow"
"3735",2026-01-23,"G380E",21.544,12.091,"Inflow"
"3736",2026-01-23,"G380E",21.544,10.926,"Inflow"
"3737",2026-01-24,"G380E",0,12.035,"Inflow"
"3738",2026-01-24,"G380E",0,10.739,"Inflow"
"3739",2026-01-26,"G380E",21.244,12.078,"Inflow"
"3740",2026-01-26,"G380E",21.244,10.904,"Inflow"
"3741",2026-01-27,"G380E",21.502,12.048,"Inflow"
"3742",2026-01-27,"G380E",21.502,10.921,"Inflow"
"3743",2026-01-28,"G380E",31.201,12.387,"Inflow"
"3744",2026-01-28,"G380E",31.201,10.973,"Inflow"
"3745",2026-01-29,"G380E",19.804,12.036,"Inflow"
"3746",2026-01-29,"G380E",19.804,10.936,"Inflow"
"3747",2026-01-30,"G380E",20.77,12.095,"Inflow"
"3748",2026-01-30,"G380E",20.77,10.948,"Inflow"
"3749",2026-01-31,"G380E",0,11.907,"Inflow"
"3750",2026-01-31,"G380E",0,10.864,"Inflow"
"3751",2026-02-03,"G380E",38.976,12.166,"Inflow"
"3752",2026-02-03,"G380E",38.976,11.006,"Inflow"
"3753",2026-02-04,"G380E",49.531,12.018,"Inflow"
"3754",2026-02-04,"G380E",49.531,11.049,"Inflow"
"3755",2026-02-05,"G380E",47.066,11.93,"Inflow"
"3756",2026-02-05,"G380E",47.066,11.04,"Inflow"
"3757",2026-02-06,"G380E",40.592,11.738,"Inflow"
"3758",2026-02-06,"G380E",40.592,11.019,"Inflow"
"3759",2026-02-07,"G380E",0,11.026,"Inflow"
"3760",2026-02-07,"G380E",0,10.777,"Inflow"
"3761",2026-02-08,"G380E",9.953,11.264,"Inflow"
"3762",2026-02-08,"G380E",9.953,10.778,"Inflow"
"3763",2026-02-09,"G380E",47.5,11.803,"Inflow"
"3764",2026-02-09,"G380E",47.5,11.039,"Inflow"
"3765",2026-02-10,"G380E",43.138,11.825,"Inflow"
"3766",2026-02-10,"G380E",43.138,11.011,"Inflow"
"3767",2026-02-12,"G380E",56.05,11.968,"Inflow"
"3768",2026-02-12,"G380E",56.05,11.058,"Inflow"
"3769",2026-02-13,"G380E",52.218,11.95,"Inflow"
"3770",2026-02-13,"G380E",52.218,11.076,"Inflow"
"3771",2026-02-14,"G380E",57.468,11.973,"Inflow"
"3772",2026-02-14,"G380E",57.468,11.101,"Inflow"
"3773",2026-02-17,"G380E",61.642,11.979,"Inflow"
"3774",2026-02-17,"G380E",61.642,11.11,"Inflow"
"3775",2026-02-18,"G380E",71.308,12.244,"Inflow"
"3776",2026-02-18,"G380E",71.308,11.166,"Inflow"
"3777",2026-02-19,"G380E",69.761,12.241,"Inflow"
"3778",2026-02-19,"G380E",69.761,11.178,"Inflow"
"3779",2026-02-20,"G380E",68.458,12.242,"Inflow"
"3780",2026-02-20,"G380E",68.458,11.181,"Inflow"
"3781",2026-02-21,"G380E",70.244,12.248,"Inflow"
"3782",2026-02-21,"G380E",70.244,11.182,"Inflow"
"3783",2026-02-23,"G380E",68.385,12.27,"Inflow"
"3784",2026-02-23,"G380E",68.385,11.159,"Inflow"
"3785",2026-02-25,"G380E",71.314,12.211,"Inflow"
"3786",2026-02-25,"G380E",71.314,11.143,"Inflow"
"3787",2026-02-28,"G380E",60.623,12.184,"Inflow"
"3788",2026-02-28,"G380E",60.623,11.159,"Inflow"
"3789",2026-03-01,"G380E",0.85,12.304,"Inflow"
"3790",2026-03-01,"G380E",0.85,10.852,"Inflow"
"3791",2026-03-03,"G380E",63.464,12.49,"Inflow"
"3792",2026-03-03,"G380E",63.464,11.198,"Inflow"
"3793",2026-03-05,"G380E",37.647,11.88,"Inflow"
"3794",2026-03-05,"G380E",37.647,11.097,"Inflow"
"3795",2026-03-06,"G380E",25.617,12.144,"Inflow"
"3796",2026-03-06,"G380E",25.617,11.018,"Inflow"
"3797",2026-03-07,"G380E",38.005,11.87,"Inflow"
"3798",2026-03-07,"G380E",38.005,11.131,"Inflow"
"3799",2026-03-08,"G380E",25.801,11.868,"Inflow"
"3800",2026-03-08,"G380E",25.801,11.084,"Inflow"
"3801",2026-03-09,"G380E",0,11.945,"Inflow"
"3802",2026-03-09,"G380E",0,10.824,"Inflow"
"3803",2026-03-10,"G380E",46.069,12.407,"Inflow"
"3804",2026-03-10,"G380E",46.069,11.006,"Inflow"
"3805",2026-03-11,"G380E",55.189,12.347,"Inflow"
"3806",2026-03-11,"G380E",55.189,11.174,"Inflow"
"3807",2026-03-12,"G380E",54.235,12.377,"Inflow"
"3808",2026-03-12,"G380E",54.235,11.173,"Inflow"
"3809",2026-03-13,"G380E",48.048,12.281,"Inflow"
"3810",2026-03-13,"G380E",48.048,11.189,"Inflow"
"3811",2026-03-14,"G380E",0,11.71,"Inflow"
"3812",2026-03-14,"G380E",0,10.854,"Inflow"
"3813",2026-03-15,"G380E",0,12.143,"Inflow"
"3814",2026-03-15,"G380E",0,10.718,"Inflow"
"3815",2026-03-16,"G380E",0,12.168,"Inflow"
"3816",2026-03-16,"G380E",0,10.652,"Inflow"
"3817",2026-03-18,"G380E",0,11.014,"Inflow"
"3818",2026-03-18,"G380E",0,10.56,"Inflow"
"3819",2026-03-19,"G380E",0,11.178,"Inflow"
"3820",2026-03-19,"G380E",0,10.535,"Inflow"
"3821",2026-03-20,"G380E",0,12.033,"Inflow"
"3822",2026-03-20,"G380E",0,10.513,"Inflow"
"3823",2026-03-21,"G380E",0,12.717,"Inflow"
"3824",2026-03-21,"G380E",0,10.489,"Inflow"
"3825",2026-03-22,"G380E",0,12.878,"Inflow"
"3826",2026-03-22,"G380E",0,10.473,"Inflow"
"3827",2026-03-24,"G380E",65.474,12.817,"Inflow"
"3828",2026-03-24,"G380E",65.474,11.12,"Inflow"
"3829",2026-03-26,"G380E",52.832,12.658,"Inflow"
"3830",2026-03-26,"G380E",52.832,11.078,"Inflow"
"3831",2026-03-29,"G380E",0,12.648,"Inflow"
"3832",2026-03-29,"G380E",0,10.894,"Inflow"
"3833",2026-03-30,"G380E",0,13.05,"Inflow"
"3834",2026-03-30,"G380E",0,10.746,"Inflow"
"3835",2026-03-31,"G380E",0,12.61,"Inflow"
"3836",2026-03-31,"G380E",0,10.662,"Inflow"
"3837",2026-04-01,"G380E",0,12.352,"Inflow"
"3838",2026-04-01,"G380E",0,10.615,"Inflow"
"3839",2026-04-02,"G380E",0,12.177,"Inflow"
"3840",2026-04-02,"G380E",0,10.586,"Inflow"
"3841",2026-04-03,"G380E",0,12.236,"Inflow"
"3842",2026-04-03,"G380E",0,10.57,"Inflow"
"3843",2026-04-04,"G380E",130.222,13.108,"Inflow"
"3844",2026-04-04,"G380E",130.222,11.242,"Inflow"
"3845",2026-04-05,"G380E",136.9,13.184,"Inflow"
"3846",2026-04-05,"G380E",136.9,11.385,"Inflow"
"3847",2025-02-13,"G380E",28.441,12.293,"Inflow"
"3848",2025-02-13,"G380E",28.441,11.111,"Inflow"
"3849",2025-02-15,"G380E",29.963,12.405,"Inflow"
"3850",2025-02-15,"G380E",29.963,11.12,"Inflow"
"3851",2025-02-16,"G380E",29.905,12.416,"Inflow"
"3852",2025-02-16,"G380E",29.905,11.123,"Inflow"
"3853",2025-02-17,"G380E",29.435,12.415,"Inflow"
"3854",2025-02-17,"G380E",29.435,11.123,"Inflow"
"3855",2025-02-18,"G380E",30.505,12.448,"Inflow"
"3856",2025-02-18,"G380E",30.505,11.138,"Inflow"
"3857",2025-02-21,"G380E",29.503,12.406,"Inflow"
"3858",2025-02-21,"G380E",29.503,11.142,"Inflow"
"3859",2025-02-22,"G380E",30.763,12.424,"Inflow"
"3860",2025-02-22,"G380E",30.763,11.151,"Inflow"
"3861",2025-02-23,"G380E",28.008,12.394,"Inflow"
"3862",2025-02-23,"G380E",28.008,11.147,"Inflow"
"3863",2025-02-25,"G380E",36.073,11.972,"Inflow"
"3864",2025-02-25,"G380E",36.073,11.094,"Inflow"
"3865",2025-02-26,"G380E",12.049,11.732,"Inflow"
"3866",2025-02-26,"G380E",12.049,10.968,"Inflow"
"3867",2025-02-28,"G380E",28.245,12.492,"Inflow"
"3868",2025-02-28,"G380E",28.245,11.118,"Inflow"
"3869",2025-03-02,"G380E",26.995,12.436,"Inflow"
"3870",2025-03-02,"G380E",26.995,11.111,"Inflow"
"3871",2025-03-03,"G380E",26.917,12.433,"Inflow"
"3872",2025-03-03,"G380E",26.917,11.117,"Inflow"
"3873",2025-03-04,"G380E",26.652,12.451,"Inflow"
"3874",2025-03-04,"G380E",26.652,11.125,"Inflow"
"3875",2025-03-05,"G380E",26.789,12.491,"Inflow"
"3876",2025-03-05,"G380E",26.789,11.121,"Inflow"
"3877",2025-03-06,"G380E",27.853,12.486,"Inflow"
"3878",2025-03-06,"G380E",27.853,11.122,"Inflow"
"3879",2025-03-07,"G380E",28.799,12.512,"Inflow"
"3880",2025-03-07,"G380E",28.799,11.137,"Inflow"
"3881",2025-03-08,"G380E",28.859,12.537,"Inflow"
"3882",2025-03-08,"G380E",28.859,11.142,"Inflow"
"3883",2025-03-09,"G380E",30.609,12.601,"Inflow"
"3884",2025-03-09,"G380E",30.609,11.157,"Inflow"
"3885",2025-03-11,"G380E",26.781,12.469,"Inflow"
"3886",2025-03-11,"G380E",26.781,11.142,"Inflow"
"3887",2025-03-12,"G380E",28.379,12.569,"Inflow"
"3888",2025-03-12,"G380E",28.379,11.153,"Inflow"
"3889",2025-03-14,"G380E",27.881,12.523,"Inflow"
"3890",2025-03-14,"G380E",27.881,11.162,"Inflow"
"3891",2025-03-15,"G380E",27.879,12.518,"Inflow"
"3892",2025-03-15,"G380E",27.879,11.161,"Inflow"
"3893",2025-03-17,"G380E",28.243,12.527,"Inflow"
"3894",2025-03-17,"G380E",28.243,11.158,"Inflow"
"3895",2025-03-18,"G380E",28.414,12.533,"Inflow"
"3896",2025-03-18,"G380E",28.414,11.167,"Inflow"
"3897",2025-03-19,"G380E",28.473,12.56,"Inflow"
"3898",2025-03-19,"G380E",28.473,11.17,"Inflow"
"3899",2025-03-20,"G380E",27.427,12.507,"Inflow"
"3900",2025-03-20,"G380E",27.427,11.165,"Inflow"
"3901",2025-03-21,"G380E",27.918,12.517,"Inflow"
"3902",2025-03-21,"G380E",27.918,11.167,"Inflow"
"3903",2025-03-22,"G380E",28.02,12.528,"Inflow"
"3904",2025-03-22,"G380E",28.02,11.172,"Inflow"
"3905",2025-03-23,"G380E",29.422,12.591,"Inflow"
"3906",2025-03-23,"G380E",29.422,11.183,"Inflow"
"3907",2025-03-24,"G380E",27.972,12.467,"Inflow"
"3908",2025-03-24,"G380E",27.972,11.178,"Inflow"
"3909",2025-03-25,"G380E",34.396,12.607,"Inflow"
"3910",2025-03-25,"G380E",34.396,11.209,"Inflow"
"3911",2025-03-28,"G380E",29.035,12.457,"Inflow"
"3912",2025-03-28,"G380E",29.035,11.205,"Inflow"
"3913",2025-03-29,"G380E",35.092,12.677,"Inflow"
"3914",2025-03-29,"G380E",35.092,11.227,"Inflow"
"3915",2025-03-31,"G380E",21.767,12.247,"Inflow"
"3916",2025-03-31,"G380E",21.767,11.165,"Inflow"
"3917",2025-04-01,"G380E",14.923,12.594,"Inflow"
"3918",2025-04-01,"G380E",14.923,11.123,"Inflow"
"3919",2025-04-04,"G380E",0,12.615,"Inflow"
"3920",2025-04-04,"G380E",0,10.729,"Inflow"
"3921",2025-04-06,"G380E",0,12.637,"Inflow"
"3922",2025-04-06,"G380E",0,10.652,"Inflow"
"3923",2025-04-07,"G380E",0,12.65,"Inflow"
"3924",2025-04-07,"G380E",0,10.627,"Inflow"
"3925",2025-04-08,"G380E",0,12.748,"Inflow"
"3926",2025-04-08,"G380E",0,10.628,"Inflow"
"3927",2025-04-09,"G380E",0,12.733,"Inflow"
"3928",2025-04-09,"G380E",0,10.626,"Inflow"
"3929",2025-04-10,"G380E",0,12.646,"Inflow"
"3930",2025-04-10,"G380E",0,10.616,"Inflow"
"3931",2025-04-11,"G380E",0,12.699,"Inflow"
"3932",2025-04-11,"G380E",0,10.602,"Inflow"
"3933",2025-04-12,"G380E",0,12.841,"Inflow"
"3934",2025-04-12,"G380E",0,10.583,"Inflow"
"3935",2025-04-13,"G380E",0,12.52,"Inflow"
"3936",2025-04-13,"G380E",0,10.571,"Inflow"
"3937",2025-04-15,"G380E",0,12.806,"Inflow"
"3938",2025-04-15,"G380E",0,10.552,"Inflow"
"3939",2025-04-16,"G380E",0,12.158,"Inflow"
"3940",2025-04-16,"G380E",0,10.54,"Inflow"
"3941",2025-04-17,"G380E",0,12.38,"Inflow"
"3942",2025-04-17,"G380E",0,10.534,"Inflow"
"3943",2025-04-20,"G380E",0,12.403,"Inflow"
"3944",2025-04-20,"G380E",0,10.495,"Inflow"
"3945",2025-04-23,"G380E",0,12.525,"Inflow"
"3946",2025-04-23,"G380E",0,10.45,"Inflow"
"3947",2025-04-26,"G380E",0,13.016,"Inflow"
"3948",2025-04-26,"G380E",0,10.424,"Inflow"
"3949",2025-04-28,"G380E",0,12.341,"Inflow"
"3950",2025-04-28,"G380E",0,10.4,"Inflow"
"3951",2025-04-29,"G380E",10.018,12.537,"Inflow"
"3952",2025-04-29,"G380E",10.018,10.528,"Inflow"
"3953",2025-04-30,"G380E",25.728,12.878,"Inflow"
"3954",2025-04-30,"G380E",25.728,10.957,"Inflow"
"3955",2025-05-01,"G380E",27.385,12.957,"Inflow"
"3956",2025-05-01,"G380E",27.385,11,"Inflow"
"3957",2025-05-02,"G380E",36.145,13.069,"Inflow"
"3958",2025-05-02,"G380E",36.145,11.048,"Inflow"
"3959",2025-05-03,"G380E",60.799,13.203,"Inflow"
"3960",2025-05-03,"G380E",60.799,11.134,"Inflow"
"3961",2025-05-05,"G380E",29.809,12.44,"Inflow"
"3962",2025-05-05,"G380E",29.809,11.007,"Inflow"
"3963",2025-05-06,"G380E",63.314,12.845,"Inflow"
"3964",2025-05-06,"G380E",63.314,11.167,"Inflow"
"3965",2026-04-06,"G380E",162.017,13.39,"Inflow"
"3966",2026-04-06,"G380E",162.017,11.47,"Inflow"
"3967",2026-04-07,"G380E",167.382,13.201,"Inflow"
"3968",2026-04-07,"G380E",167.382,11.524,"Inflow"
"3969",2026-04-08,"G380E",216.91,13.565,"Inflow"
"3970",2026-04-08,"G380E",216.91,11.693,"Inflow"
"3971",2026-04-10,"G380E",243.912,13.301,"Inflow"
"3972",2026-04-10,"G380E",243.912,11.889,"Inflow"
"3973",2026-04-11,"G380E",157.821,12.309,"Inflow"
"3974",2026-04-11,"G380E",157.821,11.713,"Inflow"
"3975",2026-04-12,"G380E",123.881,12.185,"Inflow"
"3976",2026-04-12,"G380E",123.881,11.539,"Inflow"
"3977",2026-04-13,"G380E",116.875,12.407,"Inflow"
"3978",2026-04-13,"G380E",116.875,11.47,"Inflow"
"3979",2026-04-14,"G380E",150.516,12.405,"Inflow"
"3980",2026-04-14,"G380E",150.516,11.515,"Inflow"
"3981",2026-04-15,"G380E",47.53,12.318,"Inflow"
"3982",2026-04-15,"G380E",47.53,11.309,"Inflow"
"3983",2026-04-16,"G380E",0,12.133,"Inflow"
"3984",2026-04-16,"G380E",0,11.068,"Inflow"
"3985",2026-04-17,"G380E",0,11.859,"Inflow"
"3986",2026-04-17,"G380E",0,11.033,"Inflow"
"3987",2026-04-19,"G380E",0,11.871,"Inflow"
"3988",2026-04-19,"G380E",0,11.036,"Inflow"
"3989",2026-04-20,"G380E",16.07,11.577,"Inflow"
"3990",2026-04-20,"G380E",16.07,11.028,"Inflow"
"3991",2026-04-21,"G380E",39.282,11.893,"Inflow"
"3992",2026-04-21,"G380E",39.282,11.151,"Inflow"
"3993",2026-04-22,"G380E",57.279,11.967,"Inflow"
"3994",2026-04-22,"G380E",57.279,11.161,"Inflow"
"3995",2026-04-23,"G380E",69.827,11.91,"Inflow"
"3996",2026-04-23,"G380E",69.827,11.223,"Inflow"
"3997",2026-04-24,"G380E",16.239,11.711,"Inflow"
"3998",2026-04-24,"G380E",16.239,11.098,"Inflow"
"3999",2026-04-25,"G380E",53.089,12.167,"Inflow"
"4000",2026-04-25,"G380E",53.089,11.147,"Inflow"
"4001",2026-04-26,"G380E",45.659,11.97,"Inflow"
"4002",2026-04-26,"G380E",45.659,11.133,"Inflow"
"4003",2026-04-27,"G380E",45.39,11.944,"Inflow"
"4004",2026-04-27,"G380E",45.39,11.115,"Inflow"
"4005",2026-04-29,"G380E",0,11.954,"Inflow"
"4006",2026-04-29,"G380E",0,10.737,"Inflow"
"4007",2026-05-01,"G380E",0,11.933,"Inflow"
"4008",2026-05-01,"G380E",0,10.614,"Inflow"
"4009",2026-05-02,"G380E",0,11.955,"Inflow"
"4010",2026-05-02,"G380E",0,10.566,"Inflow"
"4011",2026-05-03,"G380E",0,11.963,"Inflow"
"4012",2026-05-03,"G380E",0,10.543,"Inflow"
"4013",2026-05-04,"G380E",0,11.919,"Inflow"
"4014",2026-05-04,"G380E",0,10.552,"Inflow"
"4015",2026-05-05,"G380E",0,12.047,"Inflow"
"4016",2026-05-05,"G380E",0,10.549,"Inflow"
"4017",2026-05-06,"G380E",0,11.996,"Inflow"
"4018",2026-05-06,"G380E",0,10.525,"Inflow"
"4019",2026-05-07,"G380E",0,11.927,"Inflow"
"4020",2026-05-07,"G380E",0,10.492,"Inflow"
"4021",2026-05-08,"G380E",0,11.944,"Inflow"
"4022",2026-05-08,"G380E",0,10.468,"Inflow"
"4023",2026-05-09,"G380E",0,11.967,"Inflow"
"4024",2026-05-09,"G380E",0,10.442,"Inflow"
"4025",2026-05-10,"G380E",0,11.97,"Inflow"
"4026",2026-05-10,"G380E",0,10.431,"Inflow"
"4027",2026-05-11,"G380E",0,11.987,"Inflow"
"4028",2026-05-11,"G380E",0,10.489,"Inflow"
"4029",2026-05-12,"G380E",0,12.089,"Inflow"
"4030",2026-05-12,"G380E",0,10.524,"Inflow"
"4031",2026-05-13,"G380E",0,12.313,"Inflow"
"4032",2026-05-13,"G380E",0,10.552,"Inflow"
"4033",2026-05-14,"G380E",0,12.675,"Inflow"
"4034",2026-05-14,"G380E",0,10.557,"Inflow"
"4035",2026-05-15,"G380E",15.538,12.12,"Inflow"
"4036",2026-05-15,"G380E",15.538,10.72,"Inflow"
"4037",2026-05-16,"G380E",13.642,11.911,"Inflow"
"4038",2026-05-16,"G380E",13.642,10.813,"Inflow"
"4039",2026-05-17,"G380E",16.68,11.923,"Inflow"
"4040",2026-05-17,"G380E",16.68,10.855,"Inflow"
"4041",2026-05-18,"G380E",22.986,11.876,"Inflow"
"4042",2026-05-18,"G380E",22.986,10.879,"Inflow"
"4043",2026-05-19,"G380E",0,11.403,"Inflow"
"4044",2026-05-19,"G380E",0,10.744,"Inflow"
"4045",2026-05-20,"G380E",0,11.052,"Inflow"
"4046",2026-05-20,"G380E",0,10.628,"Inflow"
"4047",2026-05-21,"G380E",0,10.756,"Inflow"
"4048",2026-05-21,"G380E",0,10.566,"Inflow"
"4049",2026-05-23,"G380E",0,10.226,"Inflow"
"4050",2026-05-23,"G380E",0,10.424,"Inflow"
"4051",2026-05-24,"G380E",0,10.01,"Inflow"
"4052",2026-05-24,"G380E",0,10.377,"Inflow"
"4053",2026-05-25,"G380E",0,9.862,"Inflow"
"4054",2026-05-25,"G380E",0,10.339,"Inflow"
"4055",2026-05-26,"G380E",0,9.806,"Inflow"
"4056",2026-05-26,"G380E",0,10.257,"Inflow"
"4057",2026-05-27,"G380E",0,9.791,"Inflow"
"4058",2026-05-27,"G380E",0,10.174,"Inflow"
"4059",2026-05-28,"G380E",0,9.775,"Inflow"
"4060",2026-05-28,"G380E",0,10.101,"Inflow"
"4061",2026-05-30,"G380E",0,9.798,"Inflow"
"4062",2026-05-30,"G380E",0,10.123,"Inflow"
"4063",2026-05-31,"G380E",0,10.986,"Inflow"
"4064",2026-05-31,"G380E",0,10.127,"Inflow"
"4065",2026-06-02,"G380E",0,11.067,"Inflow"
"4066",2026-06-02,"G380E",0,10.263,"Inflow"
"4067",2026-06-03,"G380E",0,10.846,"Inflow"
"4068",2026-06-03,"G380E",0,10.383,"Inflow"
"4069",2026-06-04,"G380E",0,11.822,"Inflow"
"4070",2026-06-04,"G380E",0,10.401,"Inflow"
"4071",2026-06-05,"G380E",2.875,11.987,"Inflow"
"4072",2026-06-05,"G380E",2.875,10.436,"Inflow"
"4073",2026-06-06,"G380E",0,11.532,"Inflow"
"4074",2026-06-06,"G380E",0,10.415,"Inflow"
"4075",2026-06-07,"G380E",0,11.122,"Inflow"
"4076",2026-06-07,"G380E",0,10.386,"Inflow"
"4077",2026-06-08,"G380E",0,10.765,"Inflow"
"4078",2026-06-08,"G380E",0,10.355,"Inflow"
"4079",2026-06-10,"G380E",0,10.169,"Inflow"
"4080",2026-06-10,"G380E",0,10.239,"Inflow"
"4081",2026-06-11,"G380E",0,9.945,"Inflow"
"4082",2026-06-11,"G380E",0,10.148,"Inflow"
"4083",2026-06-13,"G380E",0,9.65,"Inflow"
"4084",2026-06-13,"G380E",0,9.976,"Inflow"
"4085",2025-05-07,"G380E",11.073,12.394,"Inflow"
"4086",2025-05-07,"G380E",11.073,10.951,"Inflow"
"4087",2025-05-12,"G380E",0,12.174,"Inflow"
"4088",2025-05-12,"G380E",0,10.674,"Inflow"
"4089",2025-05-14,"G380E",0,12.632,"Inflow"
"4090",2025-05-14,"G380E",0,10.688,"Inflow"
"4091",2025-05-15,"G380E",0,12.33,"Inflow"
"4092",2025-05-15,"G380E",0,10.662,"Inflow"
"4093",2025-05-17,"G380E",0,11.5,"Inflow"
"4094",2025-05-17,"G380E",0,10.614,"Inflow"
"4095",2025-05-19,"G380E",0,10.986,"Inflow"
"4096",2025-05-19,"G380E",0,10.559,"Inflow"
"4097",2025-05-24,"G380E",0,11.624,"Inflow"
"4098",2025-05-24,"G380E",0,10.481,"Inflow"
"4099",2025-05-26,"G380E",0,12.296,"Inflow"
"4100",2025-05-26,"G380E",0,10.465,"Inflow"
"4101",2025-05-30,"G380E",0,13.024,"Inflow"
"4102",2025-05-30,"G380E",0,10.452,"Inflow"
"4103",2025-06-01,"G380E",0,12.654,"Inflow"
"4104",2025-06-01,"G380E",0,10.469,"Inflow"
"4105",2025-06-02,"G380E",0,12.996,"Inflow"
"4106",2025-06-02,"G380E",0,10.522,"Inflow"
"4107",2025-06-03,"G380E",49.892,13.406,"Inflow"
"4108",2025-06-03,"G380E",49.892,10.83,"Inflow"
"4109",2025-06-04,"G380E",123.578,14.204,"Inflow"
"4110",2025-06-04,"G380E",123.578,11.414,"Inflow"
"4111",2025-06-05,"G380E",59.788,13.447,"Inflow"
"4112",2025-06-05,"G380E",59.788,11.345,"Inflow"
"4113",2025-06-06,"G380E",0,13.083,"Inflow"
"4114",2025-06-06,"G380E",0,10.904,"Inflow"
"4115",2025-06-07,"G380E",0,12.907,"Inflow"
"4116",2025-06-07,"G380E",0,10.795,"Inflow"
"4117",2025-06-09,"G380E",0,12.674,"Inflow"
"4118",2025-06-09,"G380E",0,10.737,"Inflow"
"4119",2025-06-10,"G380E",0,12.751,"Inflow"
"4120",2025-06-10,"G380E",0,10.729,"Inflow"
"4121",2025-06-11,"G380E",58.547,13.237,"Inflow"
"4122",2025-06-11,"G380E",58.547,11.037,"Inflow"
"4123",2025-06-13,"G380E",69.155,13.367,"Inflow"
"4124",2025-06-13,"G380E",69.155,11.304,"Inflow"
"4125",2025-06-14,"G380E",37.453,13.142,"Inflow"
"4126",2025-06-14,"G380E",37.453,11.158,"Inflow"
"4127",2025-06-16,"G380E",0,13.043,"Inflow"
"4128",2025-06-16,"G380E",0,10.875,"Inflow"
"4129",2025-06-17,"G380E",0,13.054,"Inflow"
"4130",2025-06-17,"G380E",0,10.762,"Inflow"
"4131",2025-06-19,"G380E",0,13.023,"Inflow"
"4132",2025-06-19,"G380E",0,10.742,"Inflow"
"4133",2025-06-20,"G380E",0,13.029,"Inflow"
"4134",2025-06-20,"G380E",0,10.686,"Inflow"
"4135",2025-06-21,"G380E",0,13.051,"Inflow"
"4136",2025-06-21,"G380E",0,10.655,"Inflow"
"4137",2025-06-22,"G380E",0,8.416,"Inflow"
"4138",2025-06-22,"G380E",0,7.269,"Inflow"
"4139",2025-06-23,"G380E",0,13.057,"Inflow"
"4140",2025-06-23,"G380E",0,10.643,"Inflow"
"4141",2025-06-24,"G380E",0,13.106,"Inflow"
"4142",2025-06-24,"G380E",0,10.61,"Inflow"
"4143",2025-06-25,"G380E",77.686,13.733,"Inflow"
"4144",2025-06-25,"G380E",77.686,11.019,"Inflow"
"4145",2025-06-27,"G380E",0,12.91,"Inflow"
"4146",2025-06-27,"G380E",0,10.819,"Inflow"
"4147",2025-06-28,"G380E",0,12.931,"Inflow"
"4148",2025-06-28,"G380E",0,10.728,"Inflow"
"4149",2025-07-01,"G380E",28.727,13.357,"Inflow"
"4150",2025-07-01,"G380E",28.727,10.87,"Inflow"
"4151",2025-07-02,"G380E",96.907,13.572,"Inflow"
"4152",2025-07-02,"G380E",96.907,11.311,"Inflow"
"4153",2025-07-03,"G380E",76.663,13.477,"Inflow"
"4154",2025-07-03,"G380E",76.663,11.307,"Inflow"
"4155",2025-07-04,"G380E",106.345,13.681,"Inflow"
"4156",2025-07-04,"G380E",106.345,11.446,"Inflow"
"4157",2025-07-05,"G380E",129.264,14.186,"Inflow"
"4158",2025-07-05,"G380E",129.264,11.565,"Inflow"
"4159",2025-07-06,"G380E",58.213,13.325,"Inflow"
"4160",2025-07-06,"G380E",58.213,11.363,"Inflow"
"4161",2025-07-07,"G380E",14.957,13.327,"Inflow"
"4162",2025-07-07,"G380E",14.957,11.07,"Inflow"
"4163",2025-07-08,"G380E",12.307,13.182,"Inflow"
"4164",2025-07-08,"G380E",12.307,10.924,"Inflow"
"4165",2025-07-10,"G380E",0,12.9,"Inflow"
"4166",2025-07-10,"G380E",0,10.756,"Inflow"
"4167",2025-07-11,"G380E",0,12.899,"Inflow"
"4168",2025-07-11,"G380E",0,10.743,"Inflow"
"4169",2025-07-12,"G380E",19.952,13.484,"Inflow"
"4170",2025-07-12,"G380E",19.952,11.011,"Inflow"
"4171",2025-07-13,"G380E",32.935,13.277,"Inflow"
"4172",2025-07-13,"G380E",32.935,11.212,"Inflow"
"4173",2025-07-14,"G380E",49.76,13.424,"Inflow"
"4174",2025-07-14,"G380E",49.76,11.008,"Inflow"
"4175",2025-07-15,"G380E",160.851,13.853,"Inflow"
"4176",2025-07-15,"G380E",160.851,11.602,"Inflow"
"4177",2025-07-16,"G380E",201.724,13.6,"Inflow"
"4178",2025-07-16,"G380E",201.724,11.914,"Inflow"
"4179",2025-07-18,"G380E",102.404,13.539,"Inflow"
"4180",2025-07-18,"G380E",102.404,11.604,"Inflow"
"4181",2025-07-20,"G380E",0,13.127,"Inflow"
"4182",2025-07-20,"G380E",0,10.938,"Inflow"
"4183",2025-07-21,"G380E",0,13.348,"Inflow"
"4184",2025-07-21,"G380E",0,10.831,"Inflow"
"4185",2025-07-23,"G380E",81.193,13.653,"Inflow"
"4186",2025-07-23,"G380E",81.193,11.236,"Inflow"
"4187",2025-07-25,"G380E",30.426,13.431,"Inflow"
"4188",2025-07-25,"G380E",30.426,11.216,"Inflow"
"4189",2025-07-26,"G380E",53.4,13.569,"Inflow"
"4190",2025-07-26,"G380E",53.4,11.186,"Inflow"
"4191",2025-07-27,"G380E",57.731,13.433,"Inflow"
"4192",2025-07-27,"G380E",57.731,11.374,"Inflow"
"4193",2025-07-28,"G380E",35.972,13.486,"Inflow"
"4194",2025-07-28,"G380E",35.972,11.15,"Inflow"
"4195",2025-07-30,"G380E",27.38,13.481,"Inflow"
"4196",2025-07-30,"G380E",27.38,11.019,"Inflow"
"4197",2025-08-01,"G380E",0,13.436,"Inflow"
"4198",2025-08-01,"G380E",0,10.814,"Inflow"
"4199",2025-08-02,"G380E",0,13.552,"Inflow"
"4200",2025-08-02,"G380E",0,10.768,"Inflow"
"4201",2025-08-04,"G380E",0,13.574,"Inflow"
"4202",2025-08-04,"G380E",0,10.711,"Inflow"
"4203",2025-08-09,"G380E",0,12.963,"Inflow"
"4204",2025-08-09,"G380E",0,10.548,"Inflow"
"4205",2026-06-14,"G380E",0,9.536,"Inflow"
"4206",2026-06-14,"G380E",0,9.894,"Inflow"
"4207",2026-06-15,"G380E",0,9.452,"Inflow"
"4208",2026-06-15,"G380E",0,9.819,"Inflow"
"4209",2026-06-16,"G380E",0,10.391,"Inflow"
"4210",2026-06-16,"G380E",0,9.782,"Inflow"
"4211",2026-06-17,"G380E",66.521,11.584,"Inflow"
"4212",2026-06-17,"G380E",66.521,10.419,"Inflow"
"4213",2026-06-18,"G380E",58.303,11.324,"Inflow"
"4214",2026-06-18,"G380E",58.303,10.995,"Inflow"
"4215",2026-06-19,"G380E",54.553,11.339,"Inflow"
"4216",2026-06-19,"G380E",54.553,11.023,"Inflow"
"4217",2026-06-20,"G380E",0,11.2,"Inflow"
"4218",2026-06-20,"G380E",0,10.723,"Inflow"
"4219",2026-06-21,"G380E",0,12.801,"Inflow"
"4220",2026-06-21,"G380E",0,10.587,"Inflow"
"4221",2026-06-22,"G380E",0,12.74,"Inflow"
"4222",2026-06-22,"G380E",0,10.539,"Inflow"
"4223",2026-06-23,"G380E",0,12.65,"Inflow"
"4224",2026-06-23,"G380E",0,10.507,"Inflow"
"4225",2026-06-24,"G380E",0,12.49,"Inflow"
"4226",2026-06-24,"G380E",0,10.479,"Inflow"
"4227",2026-06-25,"G380E",0,12.372,"Inflow"
"4228",2026-06-25,"G380E",0,10.466,"Inflow"
"4229",2026-06-26,"G380E",0,12.151,"Inflow"
"4230",2026-06-26,"G380E",0,10.484,"Inflow"
"4231",2026-06-27,"G380E",0,12.366,"Inflow"
"4232",2026-06-27,"G380E",0,10.489,"Inflow"
"4233",2026-06-29,"G380E",0,12.327,"Inflow"
"4234",2026-06-29,"G380E",0,10.441,"Inflow"
"4235",2026-06-30,"G380E",0,12.273,"Inflow"
"4236",2026-06-30,"G380E",0,10.418,"Inflow"
"4237",2026-07-02,"G380E",0,11.29,"Inflow"
"4238",2026-07-02,"G380E",0,10.367,"Inflow"
"4239",2026-07-04,"G380E",0,10.787,"Inflow"
"4240",2026-07-04,"G380E",0,10.502,"Inflow"
"4241",2026-07-05,"G380E",0,10.508,"Inflow"
"4242",2026-07-05,"G380E",0,10.446,"Inflow"
"4243",2026-07-06,"G380E",0,10.762,"Inflow"
"4244",2026-07-06,"G380E",0,10.433,"Inflow"
"4245",2026-07-07,"G380E",0,11.608,"Inflow"
"4246",2026-07-07,"G380E",0,10.431,"Inflow"
"4247",2026-07-08,"G380E",0,11.917,"Inflow"
"4248",2026-07-08,"G380E",0,10.443,"Inflow"
"4249",2026-07-09,"G380E",0,10.544,"Inflow"
"4250",2026-07-09,"G380E",0,10.396,"Inflow"
"4251",2026-07-10,"G380E",0,10.184,"Inflow"
"4252",2026-07-10,"G380E",0,10.344,"Inflow"
"4253",2026-07-11,"G380E",0,10.231,"Inflow"
"4254",2026-07-11,"G380E",0,10.352,"Inflow"
"4255",2026-07-12,"G380E",0,10.398,"Inflow"
"4256",2026-07-12,"G380E",0,10.359,"Inflow"
"4257",2026-07-13,"G380E",0,10.301,"Inflow"
"4258",2026-07-13,"G380E",0,10.405,"Inflow"
"4259",2026-07-14,"G380E",0,11.652,"Inflow"
"4260",2026-07-14,"G380E",0,10.423,"Inflow"
"4261",2026-07-15,"G380E",0,12.846,"Inflow"
"4262",2026-07-15,"G380E",0,10.47,"Inflow"
"4263",2026-07-16,"G380E",0,12.5,"Inflow"
"4264",2026-07-16,"G380E",0,10.497,"Inflow"
"4265",2026-07-18,"G380E",0,12.15,"Inflow"
"4266",2026-07-18,"G380E",0,10.624,"Inflow"
"4267",2026-07-19,"G380E",0,12.717,"Inflow"
"4268",2026-07-19,"G380E",0,10.599,"Inflow"
"4269",2026-07-20,"G380E",0,12.751,"Inflow"
"4270",2026-07-20,"G380E",0,10.595,"Inflow"
"4271",2026-07-21,"G380E",0,12.766,"Inflow"
"4272",2026-07-21,"G380E",0,10.588,"Inflow"
"4273",2026-07-22,"G380E",0,12.567,"Inflow"
"4274",2026-07-22,"G380E",0,10.588,"Inflow"
"4275",2026-07-23,"G380E",0,12.257,"Inflow"
"4276",2026-07-23,"G380E",0,10.59,"Inflow"
"4277",2026-07-24,"G380E",0,12.4,"Inflow"
"4278",2026-07-24,"G380E",0,10.586,"Inflow"
"4279",2026-07-26,"G380E",0,12.323,"Inflow"
"4280",2026-07-26,"G380E",0,10.631,"Inflow"
"4281",2026-07-27,"G380E",0,12.108,"Inflow"
"4282",2026-07-27,"G380E",0,10.607,"Inflow"
"4283",2026-07-28,"G380E",0,12.383,"Inflow"
"4284",2026-07-28,"G380E",0,10.604,"Inflow"
"4285",2026-07-29,"G380E",0,12.646,"Inflow"
"4286",2026-07-29,"G380E",0,10.599,"Inflow"
"4287",2026-07-30,"G380E",0,12.468,"Inflow"
"4288",2026-07-30,"G380E",0,10.594,"Inflow"
"4289",2026-07-31,"G380E",0,12.411,"Inflow"
"4290",2026-07-31,"G380E",0,10.595,"Inflow"
"4291",2026-08-01,"G380E",0,12.61,"Inflow"
"4292",2026-08-01,"G380E",0,10.601,"Inflow"
"4293",2026-08-02,"G380E",0,12.777,"Inflow"
"4294",2026-08-02,"G380E",0,10.642,"Inflow"
"4295",2026-08-03,"G380E",0,12.665,"Inflow"
"4296",2026-08-03,"G380E",0,10.665,"Inflow"
"4297",2026-08-04,"G380E",17.384,12.521,"Inflow"
"4298",2026-08-04,"G380E",17.384,10.822,"Inflow"
"4299",2026-08-05,"G380E",28.714,12.505,"Inflow"
"4300",2026-08-05,"G380E",28.714,11.054,"Inflow"
"4301",2026-08-06,"G380E",30.6,12.849,"Inflow"
"4302",2026-08-06,"G380E",30.6,11.076,"Inflow"
"4303",2026-08-07,"G380E",40.291,13.946,"Inflow"
"4304",2026-08-07,"G380E",40.291,11.14,"Inflow"
"4305",2026-08-08,"G380E",30.362,12.686,"Inflow"
"4306",2026-08-08,"G380E",30.362,11.097,"Inflow"
"4307",2026-08-09,"G380E",30.88,12.741,"Inflow"
"4308",2026-08-09,"G380E",30.88,11.098,"Inflow"
"4309",2026-08-10,"G380E",21.479,11.858,"Inflow"
"4310",2026-08-10,"G380E",21.479,11.051,"Inflow"
"4311",2026-08-11,"G380E",25.58,11.971,"Inflow"
"4312",2026-08-11,"G380E",25.58,11.041,"Inflow"
"4313",2026-08-12,"G380E",45.464,13.246,"Inflow"
"4314",2026-08-12,"G380E",45.464,11.163,"Inflow"
"4315",2026-08-13,"G380E",53.444,13.826,"Inflow"
"4316",2026-08-13,"G380E",53.444,11.222,"Inflow"
"4317",2026-08-14,"G380E",51.682,13.676,"Inflow"
"4318",2026-08-14,"G380E",51.682,11.228,"Inflow"
"4319",2026-08-15,"G380E",25.119,11.751,"Inflow"
"4320",2026-08-15,"G380E",25.119,11.106,"Inflow"
"4321",2026-08-16,"G380E",3.475,10.882,"Inflow"
"4322",2026-08-16,"G380E",3.475,10.84,"Inflow"
"4323",2025-08-10,"G380E",0,12.969,"Inflow"
"4324",2025-08-10,"G380E",0,10.522,"Inflow"
"4325",2025-08-11,"G380E",0,13.127,"Inflow"
"4326",2025-08-11,"G380E",0,10.509,"Inflow"
"4327",2025-08-12,"G380E",0,13.064,"Inflow"
"4328",2025-08-12,"G380E",0,10.471,"Inflow"
"4329",2025-08-13,"G380E",0,13.107,"Inflow"
"4330",2025-08-13,"G380E",0,10.433,"Inflow"
"4331",2025-08-14,"G380E",0,13.079,"Inflow"
"4332",2025-08-14,"G380E",0,10.406,"Inflow"
"4333",2025-08-15,"G380E",0,13.068,"Inflow"
"4334",2025-08-15,"G380E",0,10.377,"Inflow"
"4335",2025-08-16,"G380E",0,13.1,"Inflow"
"4336",2025-08-16,"G380E",0,10.341,"Inflow"
"4337",2025-08-18,"G380E",11.465,13.108,"Inflow"
"4338",2025-08-18,"G380E",11.465,10.55,"Inflow"
"4339",2025-08-21,"G380E",0,12.919,"Inflow"
"4340",2025-08-21,"G380E",0,10.739,"Inflow"
"4341",2025-08-22,"G380E",13.685,13.089,"Inflow"
"4342",2025-08-22,"G380E",13.685,10.714,"Inflow"
"4343",2025-08-23,"G380E",1.63,12.939,"Inflow"
"4344",2025-08-23,"G380E",1.63,10.816,"Inflow"
"4345",2025-08-24,"G380E",103.868,13.007,"Inflow"
"4346",2025-08-24,"G380E",103.868,11.129,"Inflow"
"4347",2025-08-26,"G380E",0,12.59,"Inflow"
"4348",2025-08-26,"G380E",0,10.737,"Inflow"
"4349",2025-08-27,"G380E",0,12.549,"Inflow"
"4350",2025-08-27,"G380E",0,10.651,"Inflow"
"4351",2025-08-28,"G380E",0,12.386,"Inflow"
"4352",2025-08-28,"G380E",0,10.606,"Inflow"
"4353",2025-08-29,"G380E",0,12.251,"Inflow"
"4354",2025-08-29,"G380E",0,10.574,"Inflow"
"4355",2025-09-01,"G380E",152.706,12.991,"Inflow"
"4356",2025-09-01,"G380E",152.706,11.485,"Inflow"
"4357",2025-09-02,"G380E",142.071,13.04,"Inflow"
"4358",2025-09-02,"G380E",142.071,11.512,"Inflow"
"4359",2025-09-04,"G380E",159.452,13.003,"Inflow"
"4360",2025-09-04,"G380E",159.452,11.637,"Inflow"
"4361",2025-09-08,"G380E",21.242,12.933,"Inflow"
"4362",2025-09-08,"G380E",21.242,11.446,"Inflow"
"4363",2025-09-09,"G380E",97.101,13.35,"Inflow"
"4364",2025-09-09,"G380E",97.101,11.766,"Inflow"
"4365",2025-09-11,"G380E",172.151,13.138,"Inflow"
"4366",2025-09-11,"G380E",172.151,11.911,"Inflow"
"4367",2025-09-12,"G380E",157.528,13.07,"Inflow"
"4368",2025-09-12,"G380E",157.528,11.889,"Inflow"
"4369",2025-09-13,"G380E",159.351,13.111,"Inflow"
"4370",2025-09-13,"G380E",159.351,11.897,"Inflow"
"4371",2025-09-14,"G380E",136.391,13.035,"Inflow"
"4372",2025-09-14,"G380E",136.391,11.77,"Inflow"
"4373",2025-09-15,"G380E",83.79,12.916,"Inflow"
"4374",2025-09-15,"G380E",83.79,11.583,"Inflow"
"4375",2025-09-16,"G380E",43.519,12.581,"Inflow"
"4376",2025-09-16,"G380E",43.519,11.34,"Inflow"
"4377",2025-09-17,"G380E",75.796,12.204,"Inflow"
"4378",2025-09-17,"G380E",75.796,11.401,"Inflow"
"4379",2025-09-18,"G380E",48.766,12.06,"Inflow"
"4380",2025-09-18,"G380E",48.766,11.376,"Inflow"
"4381",2025-09-19,"G380E",45.918,12.046,"Inflow"
"4382",2025-09-19,"G380E",45.918,11.299,"Inflow"
"4383",2025-09-20,"G380E",57.164,12.073,"Inflow"
"4384",2025-09-20,"G380E",57.164,11.319,"Inflow"
"4385",2025-09-22,"G380E",8.315,11.85,"Inflow"
"4386",2025-09-22,"G380E",8.315,10.975,"Inflow"
"4387",2025-09-23,"G380E",49.345,11.949,"Inflow"
"4388",2025-09-23,"G380E",49.345,11.05,"Inflow"
"4389",2025-09-24,"G380E",130.826,12.573,"Inflow"
"4390",2025-09-24,"G380E",130.826,11.574,"Inflow"
"4391",2025-09-26,"G380E",129.908,12.466,"Inflow"
"4392",2025-09-26,"G380E",129.908,11.763,"Inflow"
"4393",2025-09-28,"G380E",119.033,12.257,"Inflow"
"4394",2025-09-28,"G380E",119.033,11.66,"Inflow"
"4395",2025-09-29,"G380E",85.83,12.417,"Inflow"
"4396",2025-09-29,"G380E",85.83,11.554,"Inflow"
"4397",2025-09-30,"G380E",41.432,12.166,"Inflow"
"4398",2025-09-30,"G380E",41.432,11.355,"Inflow"
"4399",2025-10-01,"G380E",29.712,12.187,"Inflow"
"4400",2025-10-01,"G380E",29.712,11.23,"Inflow"
"4401",2025-10-02,"G380E",35.165,12.069,"Inflow"
"4402",2025-10-02,"G380E",35.165,11.168,"Inflow"
"4403",2025-10-03,"G380E",75.939,12.18,"Inflow"
"4404",2025-10-03,"G380E",75.939,11.338,"Inflow"
"4405",2025-10-04,"G380E",85.727,12.242,"Inflow"
"4406",2025-10-04,"G380E",85.727,11.472,"Inflow"
"4407",2025-10-05,"G380E",30.061,12.115,"Inflow"
"4408",2025-10-05,"G380E",30.061,11.208,"Inflow"
"4409",2025-10-06,"G380E",36.717,12.096,"Inflow"
"4410",2025-10-06,"G380E",36.717,11.184,"Inflow"
"4411",2025-10-07,"G380E",27.779,12.027,"Inflow"
"4412",2025-10-07,"G380E",27.779,11.155,"Inflow"
"4413",2025-10-08,"G380E",31.387,12.085,"Inflow"
"4414",2025-10-08,"G380E",31.387,11.171,"Inflow"
"4415",2025-10-09,"G380E",25.713,12.091,"Inflow"
"4416",2025-10-09,"G380E",25.713,11.119,"Inflow"
"4417",2025-10-10,"G380E",79.158,12.18,"Inflow"
"4418",2025-10-10,"G380E",79.158,11.279,"Inflow"
"4419",2025-10-11,"G380E",170.019,12.803,"Inflow"
"4420",2025-10-11,"G380E",170.019,11.707,"Inflow"
"4421",2025-10-13,"G380E",138.55,12.284,"Inflow"
"4422",2025-10-13,"G380E",138.55,11.958,"Inflow"
"4423",2025-10-14,"G380E",122.761,12.071,"Inflow"
"4424",2025-10-14,"G380E",122.761,11.822,"Inflow"
"4425",2025-10-15,"G380E",39.24,11.984,"Inflow"
"4426",2025-10-15,"G380E",39.24,11.463,"Inflow"
"4427",2025-10-17,"G380E",22.961,11.962,"Inflow"
"4428",2025-10-17,"G380E",22.961,11.268,"Inflow"
"4429",2025-10-18,"G380E",0,11.454,"Inflow"
"4430",2025-10-18,"G380E",0,11.11,"Inflow"
"4431",2025-10-19,"G380E",0,11.114,"Inflow"
"4432",2025-10-19,"G380E",0,11.007,"Inflow"
"4433",2025-10-20,"G380E",50.423,11.68,"Inflow"
"4434",2025-10-20,"G380E",50.423,11.226,"Inflow"
"4435",2025-10-21,"G380E",28.275,12.351,"Inflow"
"4436",2025-10-21,"G380E",28.275,11.238,"Inflow"
"4437",2025-10-22,"G380E",0,12.506,"Inflow"
"4438",2025-10-22,"G380E",0,10.927,"Inflow"
"4439",2025-10-23,"G380E",0,12.479,"Inflow"
"4440",2025-10-23,"G380E",0,10.805,"Inflow"
"4441",2026-08-17,"G380E",9.318,10.951,"Inflow"
"4442",2026-08-17,"G380E",9.318,10.871,"Inflow"
"4443",2026-08-19,"G380E",-0.149,10.648,"Inflow"
"4444",2026-08-19,"G380E",-0.149,10.648,"Inflow"
"4445",2026-08-20,"G380E",1.405,10.552,"Inflow"
"4446",2026-08-20,"G380E",1.405,10.548,"Inflow"
"4447",2026-08-21,"G380E",2.571,10.468,"Inflow"
"4448",2026-08-21,"G380E",2.571,10.46,"Inflow"
"4449",2026-08-22,"G380E",4.433,10.511,"Inflow"
"4450",2026-08-22,"G380E",4.433,10.493,"Inflow"
"4451",2026-08-23,"G380E",3.091,10.585,"Inflow"
"4452",2026-08-23,"G380E",3.091,10.574,"Inflow"
"4453",2026-08-24,"G380E",1.268,11.166,"Inflow"
"4454",2026-08-24,"G380E",1.268,10.615,"Inflow"
"4455",2026-08-25,"G380E",14.329,11.465,"Inflow"
"4456",2026-08-25,"G380E",14.329,10.76,"Inflow"
"4457",2026-08-26,"G380E",7.439,10.896,"Inflow"
"4458",2026-08-26,"G380E",7.439,10.829,"Inflow"
"4459",2026-08-27,"G380E",32.585,11.744,"Inflow"
"4460",2026-08-27,"G380E",32.585,10.982,"Inflow"
"4461",2026-08-28,"G380E",55.039,12.456,"Inflow"
"4462",2026-08-28,"G380E",55.039,11.178,"Inflow"
"4463",2026-08-29,"G380E",39.987,11.817,"Inflow"
"4464",2026-08-29,"G380E",39.987,11.126,"Inflow"
"4465",2026-08-30,"G380E",40.773,11.843,"Inflow"
"4466",2026-08-30,"G380E",40.773,11.133,"Inflow"
"4467",2026-08-31,"G380E",43.046,11.94,"Inflow"
"4468",2026-08-31,"G380E",43.046,11.153,"Inflow"
"4469",2026-09-01,"G380E",46.903,12.107,"Inflow"
"4470",2026-09-01,"G380E",46.903,11.179,"Inflow"
"4471",2026-09-02,"G380E",40.618,11.894,"Inflow"
"4472",2026-09-02,"G380E",40.618,11.194,"Inflow"
"4473",2026-09-03,"G380E",111.293,12.487,"Inflow"
"4474",2026-09-03,"G380E",111.293,11.464,"Inflow"
"4475",2026-09-04,"G380E",168.508,12.533,"Inflow"
"4476",2026-09-04,"G380E",168.508,11.863,"Inflow"
"4477",2026-09-05,"G380E",170.556,12.569,"Inflow"
"4478",2026-09-05,"G380E",170.556,12.001,"Inflow"
"4479",2026-09-06,"G380E",167.82,12.606,"Inflow"
"4480",2026-09-06,"G380E",167.82,12.134,"Inflow"
"4481",2026-09-07,"G380E",173.003,12.688,"Inflow"
"4482",2026-09-07,"G380E",173.003,12.192,"Inflow"
"4483",2026-09-08,"G380E",175.284,12.748,"Inflow"
"4484",2026-09-08,"G380E",175.284,12.238,"Inflow"
"4485",2026-09-09,"G380E",165.631,12.691,"Inflow"
"4486",2026-09-09,"G380E",165.631,12.237,"Inflow"
"4487",2026-09-10,"G380E",168.878,12.715,"Inflow"
"4488",2026-09-10,"G380E",168.878,12.243,"Inflow"
"4489",2026-09-13,"G380E",139.193,12.435,"Inflow"
"4490",2026-09-13,"G380E",139.193,12.106,"Inflow"
"4491",2026-09-14,"G380E",133.63,12.386,"Inflow"
"4492",2026-09-14,"G380E",133.63,12.073,"Inflow"
"4493",2026-09-15,"G380E",122.3,12.313,"Inflow"
"4494",2026-09-15,"G380E",122.3,12.064,"Inflow"
"4495",2026-09-16,"G380E",120.797,12.24,"Inflow"
"4496",2026-09-16,"G380E",120.797,11.998,"Inflow"
"4497",2026-09-17,"G380E",120.575,12.241,"Inflow"
"4498",2026-09-17,"G380E",120.575,12,"Inflow"
"4499",2026-09-18,"G380E",121.679,12.231,"Inflow"
"4500",2026-09-18,"G380E",121.679,11.978,"Inflow"
"4501",2026-09-19,"G380E",152.944,12.45,"Inflow"
"4502",2026-09-19,"G380E",152.944,12.131,"Inflow"
"4503",2026-09-20,"G380E",138.697,12.45,"Inflow"
"4504",2026-09-20,"G380E",138.697,12.188,"Inflow"
"4505",2026-09-21,"G380E",68.409,12.157,"Inflow"
"4506",2026-09-21,"G380E",68.409,11.816,"Inflow"
"4507",2026-09-22,"G380E",210.391,12.919,"Inflow"
"4508",2026-09-22,"G380E",210.391,12.208,"Inflow"
"4509",2026-09-23,"G380E",284.373,13.845,"Inflow"
"4510",2026-09-23,"G380E",284.373,12.765,"Inflow"
"4511",2026-09-24,"G380E",222.292,13.458,"Inflow"
"4512",2026-09-24,"G380E",222.292,12.766,"Inflow"
"4513",2026-09-25,"G380E",174.808,13.229,"Inflow"
"4514",2026-09-25,"G380E",174.808,12.725,"Inflow"
"4515",2026-09-26,"G380E",93.221,12.479,"Inflow"
"4516",2026-09-26,"G380E",93.221,12.276,"Inflow"
"4517",2026-09-27,"G380E",51.497,12.245,"Inflow"
"4518",2026-09-27,"G380E",51.497,11.8,"Inflow"
"4519",2026-09-28,"G380E",87.838,12.21,"Inflow"
"4520",2026-09-28,"G380E",87.838,11.785,"Inflow"
"4521",2026-09-29,"G380E",16.242,12.089,"Inflow"
"4522",2026-09-29,"G380E",16.242,11.426,"Inflow"
"4523",2026-09-30,"G380E",78.107,12.237,"Inflow"
"4524",2026-09-30,"G380E",78.107,11.464,"Inflow"
"4525",2026-10-01,"G380E",40.963,12.252,"Inflow"
"4526",2026-10-01,"G380E",40.963,11.347,"Inflow"
"4527",2026-10-02,"G380E",79.608,12.731,"Inflow"
"4528",2026-10-02,"G380E",79.608,11.652,"Inflow"
"4529",2026-10-03,"G380E",0,13.167,"Inflow"
"4530",2026-10-03,"G380E",0,11.162,"Inflow"
"4531",2026-10-04,"G380E",33.423,12.903,"Inflow"
"4532",2026-10-04,"G380E",33.423,11.04,"Inflow"
"4533",2026-10-05,"G380E",40.04,12.876,"Inflow"
"4534",2026-10-05,"G380E",40.04,11.286,"Inflow"
"4535",2026-09-12,"G380E",136.207,12.438,"Inflow"
"4536",2026-09-12,"G380E",136.207,12.123,"Inflow"
"4537",2026-01-02,"G380E",0,10.734,"Inflow"
"4538",2026-01-02,"G380E",0,10.411,"Inflow"
"4539",2026-01-03,"G380E",0,10.72,"Inflow"
"4540",2026-01-03,"G380E",0,10.404,"Inflow"
"4541",2026-01-07,"G380E",0,10.647,"Inflow"
"4542",2026-01-07,"G380E",0,10.392,"Inflow"
"4543",2026-01-08,"G380E",0,10.891,"Inflow"
"4544",2026-01-08,"G380E",0,10.388,"Inflow"
"4545",2026-01-21,"G380E",34.782,12.171,"Inflow"
"4546",2026-01-21,"G380E",34.782,10.982,"Inflow"
"4547",2026-01-25,"G380E",23.726,12.002,"Inflow"
"4548",2026-01-25,"G380E",23.726,10.916,"Inflow"
"4549",2026-02-01,"G380E",0,11.952,"Inflow"
"4550",2026-02-01,"G380E",0,10.852,"Inflow"
"4551",2026-02-02,"G380E",27.418,12.098,"Inflow"
"4552",2026-02-02,"G380E",27.418,10.975,"Inflow"
"4553",2026-02-11,"G380E",44.02,11.841,"Inflow"
"4554",2026-02-11,"G380E",44.02,11.021,"Inflow"
"4555",2026-02-15,"G380E",56.424,11.946,"Inflow"
"4556",2026-02-15,"G380E",56.424,11.103,"Inflow"
"4557",2026-02-16,"G380E",55.149,11.847,"Inflow"
"4558",2026-02-16,"G380E",55.149,11.095,"Inflow"
"4559",2025-10-25,"G380E",0,12.358,"Inflow"
"4560",2025-10-25,"G380E",0,10.705,"Inflow"
"4561",2025-10-27,"G380E",0,12.235,"Inflow"
"4562",2025-10-27,"G380E",0,10.669,"Inflow"
"4563",2025-10-30,"G380E",0,12.142,"Inflow"
"4564",2025-10-30,"G380E",0,10.613,"Inflow"
"4565",2025-11-01,"G380E",0,11.99,"Inflow"
"4566",2025-11-01,"G380E",0,10.602,"Inflow"
"4567",2025-11-02,"G380E",0,11.916,"Inflow"
"4568",2025-11-02,"G380E",0,10.596,"Inflow"
"4569",2025-11-03,"G380E",0,11.899,"Inflow"
"4570",2025-11-03,"G380E",0,10.587,"Inflow"
"4571",2025-11-05,"G380E",0,11.825,"Inflow"
"4572",2025-11-05,"G380E",0,10.571,"Inflow"
"4573",2025-11-06,"G380E",0,11.8,"Inflow"
"4574",2025-11-06,"G380E",0,10.563,"Inflow"
"4575",2025-11-07,"G380E",0,11.771,"Inflow"
"4576",2025-11-07,"G380E",0,10.558,"Inflow"
"4577",2025-11-09,"G380E",0,11.721,"Inflow"
"4578",2025-11-09,"G380E",0,10.544,"Inflow"
"4579",2025-11-10,"G380E",0,11.681,"Inflow"
"4580",2025-11-10,"G380E",0,10.522,"Inflow"
"4581",2025-11-11,"G380E",15.186,11.676,"Inflow"
"4582",2025-11-11,"G380E",15.186,10.74,"Inflow"
"4583",2025-11-12,"G380E",17.372,11.618,"Inflow"
"4584",2025-11-12,"G380E",17.372,10.951,"Inflow"
"4585",2025-11-13,"G380E",16.74,11.583,"Inflow"
"4586",2025-11-13,"G380E",16.74,10.96,"Inflow"
"4587",2025-11-14,"G380E",16.262,11.549,"Inflow"
"4588",2025-11-14,"G380E",16.262,10.962,"Inflow"
"4589",2025-11-15,"G380E",15.75,11.518,"Inflow"
"4590",2025-11-15,"G380E",15.75,10.964,"Inflow"
"4591",2025-11-16,"G380E",16.973,11.477,"Inflow"
"4592",2025-11-16,"G380E",16.973,10.966,"Inflow"
"4593",2025-11-18,"G380E",12.414,11.4,"Inflow"
"4594",2025-11-18,"G380E",12.414,10.955,"Inflow"
"4595",2025-11-19,"G380E",0,11.394,"Inflow"
"4596",2025-11-19,"G380E",0,10.738,"Inflow"
"4597",2025-11-20,"G380E",0,11.376,"Inflow"
"4598",2025-11-20,"G380E",0,10.653,"Inflow"
"4599",2025-11-21,"G380E",0,11.353,"Inflow"
"4600",2025-11-21,"G380E",0,10.61,"Inflow"
"4601",2025-11-23,"G380E",0,11.295,"Inflow"
"4602",2025-11-23,"G380E",0,10.551,"Inflow"
"4603",2025-11-24,"G380E",0,11.289,"Inflow"
"4604",2025-11-24,"G380E",0,10.536,"Inflow"
"4605",2025-11-26,"G380E",0,11.269,"Inflow"
"4606",2025-11-26,"G380E",0,10.564,"Inflow"
"4607",2025-11-27,"G380E",0,11.354,"Inflow"
"4608",2025-11-27,"G380E",0,10.636,"Inflow"
"4609",2025-11-28,"G380E",0,11.388,"Inflow"
"4610",2025-11-28,"G380E",0,10.605,"Inflow"
"4611",2025-11-30,"G380E",0,11.31,"Inflow"
"4612",2025-11-30,"G380E",0,10.598,"Inflow"
"4613",2025-12-01,"G380E",0,11.308,"Inflow"
"4614",2025-12-01,"G380E",0,10.607,"Inflow"
"4615",2025-12-02,"G380E",0.004,11.25,"Inflow"
"4616",2025-12-02,"G380E",0.004,10.587,"Inflow"
"4617",2025-12-03,"G380E",0,11.267,"Inflow"
"4618",2025-12-03,"G380E",0,10.578,"Inflow"
"4619",2025-12-04,"G380E",0,11.258,"Inflow"
"4620",2025-12-04,"G380E",0,10.572,"Inflow"
"4621",2025-12-05,"G380E",0,11.22,"Inflow"
"4622",2025-12-05,"G380E",0,10.561,"Inflow"
"4623",2025-12-06,"G380E",0,11.221,"Inflow"
"4624",2025-12-06,"G380E",0,10.554,"Inflow"
"4625",2025-12-07,"G380E",0,11.222,"Inflow"
"4626",2025-12-07,"G380E",0,10.551,"Inflow"
"4627",2025-12-08,"G380E",0,11.218,"Inflow"
"4628",2025-12-08,"G380E",0,10.556,"Inflow"
"4629",2025-12-09,"G380E",0,11.252,"Inflow"
"4630",2025-12-09,"G380E",0,10.555,"Inflow"
"4631",2025-12-10,"G380E",0,11.186,"Inflow"
"4632",2025-12-10,"G380E",0,10.549,"Inflow"
"4633",2025-12-11,"G380E",0,11.173,"Inflow"
"4634",2025-12-11,"G380E",0,10.544,"Inflow"
"4635",2025-12-12,"G380E",0,11.177,"Inflow"
"4636",2025-12-12,"G380E",0,10.542,"Inflow"
"4637",2025-12-14,"G380E",0,11.15,"Inflow"
"4638",2025-12-14,"G380E",0,10.531,"Inflow"
"4639",2025-12-16,"G380E",0,11.152,"Inflow"
"4640",2025-12-16,"G380E",0,10.53,"Inflow"
"4641",2025-12-17,"G380E",0,11.129,"Inflow"
"4642",2025-12-17,"G380E",0,10.527,"Inflow"
"4643",2025-12-18,"G380E",0,11.078,"Inflow"
"4644",2025-12-18,"G380E",0,10.518,"Inflow"
"4645",2025-12-19,"G380E",0,11.057,"Inflow"
"4646",2025-12-19,"G380E",0,10.506,"Inflow"
"4647",2025-12-20,"G380E",0,11.055,"Inflow"
"4648",2025-12-20,"G380E",0,10.505,"Inflow"
"4649",2025-12-21,"G380E",0,11.045,"Inflow"
"4650",2025-12-21,"G380E",0,10.503,"Inflow"
"4651",2025-12-22,"G380E",0,11.066,"Inflow"
"4652",2025-12-22,"G380E",0,10.506,"Inflow"
"4653",2025-12-23,"G380E",0,11.034,"Inflow"
"4654",2025-12-23,"G380E",0,10.498,"Inflow"
"4655",2025-12-24,"G380E",0,11.004,"Inflow"
"4656",2025-12-24,"G380E",0,10.483,"Inflow"
"4657",2025-12-25,"G380E",0,10.972,"Inflow"
"4658",2025-12-25,"G380E",0,10.471,"Inflow"
"4659",2025-12-26,"G380E",0,10.952,"Inflow"
"4660",2025-12-26,"G380E",0,10.466,"Inflow"
"4661",2025-12-27,"G380E",0,10.931,"Inflow"
"4662",2025-12-27,"G380E",0,10.459,"Inflow"
"4663",2025-12-28,"G380E",0,10.915,"Inflow"
"4664",2025-12-28,"G380E",0,10.453,"Inflow"
"4665",2025-12-30,"G380E",0,10.821,"Inflow"
"4666",2025-12-30,"G380E",0,10.429,"Inflow"
"4667",2025-12-31,"G380E",0,10.782,"Inflow"
"4668",2025-12-31,"G380E",0,10.419,"Inflow"
"4669",2025-12-29,"G380E",0,10.868,"Inflow"
"4670",2025-12-29,"G380E",0,10.442,"Inflow"
"4671",2025-01-01,"G380E",20.539,11.567,"Inflow"
"4672",2025-01-01,"G380E",20.539,11.002,"Inflow"
"4673",2025-01-04,"G380E",0,10.557,"Inflow"
"4674",2025-01-04,"G380E",0,10.567,"Inflow"
"4675",2025-01-05,"G380E",0,10.465,"Inflow"
"4676",2025-01-05,"G380E",0,10.489,"Inflow"
"4677",2025-01-07,"G380E",0,10.35,"Inflow"
"4678",2025-01-07,"G380E",0,10.365,"Inflow"
"4679",2026-02-22,"G380E",68.276,12.236,"Inflow"
"4680",2026-02-22,"G380E",68.276,11.185,"Inflow"
"4681",2026-02-24,"G380E",70.692,12.167,"Inflow"
"4682",2026-02-24,"G380E",70.692,11.141,"Inflow"
"4683",2026-02-26,"G380E",63.368,12.216,"Inflow"
"4684",2026-02-26,"G380E",63.368,11.148,"Inflow"
"4685",2026-02-27,"G380E",73.201,12.215,"Inflow"
"4686",2026-02-27,"G380E",73.201,11.151,"Inflow"
"4687",2026-03-02,"G380E",40.063,12.13,"Inflow"
"4688",2026-03-02,"G380E",40.063,10.943,"Inflow"
"4689",2026-03-04,"G380E",32.985,11.978,"Inflow"
"4690",2026-03-04,"G380E",32.985,11.055,"Inflow"
"4691",2026-03-17,"G380E",0,11.257,"Inflow"
"4692",2026-03-17,"G380E",0,10.602,"Inflow"
"4693",2026-03-23,"G380E",82.913,12.98,"Inflow"
"4694",2026-03-23,"G380E",82.913,10.982,"Inflow"
"4695",2026-03-25,"G380E",54.554,12.674,"Inflow"
"4696",2026-03-25,"G380E",54.554,11.086,"Inflow"
"4697",2026-03-27,"G380E",51.888,12.65,"Inflow"
"4698",2026-03-27,"G380E",51.888,11.088,"Inflow"
"4699",2026-03-28,"G380E",52.621,12.652,"Inflow"
"4700",2026-03-28,"G380E",52.621,11.094,"Inflow"
"4701",2026-04-09,"G380E",195.652,12.841,"Inflow"
"4702",2026-04-09,"G380E",195.652,11.715,"Inflow"
"4703",2026-04-18,"G380E",0,11.869,"Inflow"
"4704",2026-04-18,"G380E",0,11.034,"Inflow"
"4705",2026-04-28,"G380E",0,11.959,"Inflow"
"4706",2026-04-28,"G380E",0,10.888,"Inflow"
"4707",2026-04-30,"G380E",0,11.924,"Inflow"
"4708",2026-04-30,"G380E",0,10.659,"Inflow"
"4709",2026-05-22,"G380E",0,10.493,"Inflow"
"4710",2026-05-22,"G380E",0,10.501,"Inflow"
"4711",2026-05-29,"G380E",0,9.763,"Inflow"
"4712",2026-05-29,"G380E",0,10.075,"Inflow"
"4713",2026-06-01,"G380E",0,11.449,"Inflow"
"4714",2026-06-01,"G380E",0,10.208,"Inflow"
"4715",2026-06-09,"G380E",0,10.44,"Inflow"
"4716",2026-06-09,"G380E",0,10.304,"Inflow"
"4717",2026-06-12,"G380E",0,9.78,"Inflow"
"4718",2026-06-12,"G380E",0,10.061,"Inflow"
"4719",2026-06-28,"G380E",0,12.332,"Inflow"
"4720",2026-06-28,"G380E",0,10.464,"Inflow"
"4721",2026-07-01,"G380E",0,11.745,"Inflow"
"4722",2026-07-01,"G380E",0,10.393,"Inflow"
"4723",2026-07-03,"G380E",0,10.989,"Inflow"
"4724",2026-07-03,"G380E",0,10.422,"Inflow"
"4725",2026-07-17,"G380E",0,12.371,"Inflow"
"4726",2026-07-17,"G380E",0,10.568,"Inflow"
"4727",2026-07-25,"G380E",0,12.513,"Inflow"
"4728",2026-07-25,"G380E",0,10.624,"Inflow"
"4729",2026-08-18,"G380E",4.215,10.808,"Inflow"
"4730",2026-08-18,"G380E",4.215,10.79,"Inflow"
"4731",2026-09-11,"G380E",150.379,12.591,"Inflow"
"4732",2026-09-11,"G380E",150.379,12.211,"Inflow"
"4733",2024-11-01,"G380F",0,NA,"Inflow"
"4734",2024-11-02,"G380F",0,NA,"Inflow"
"4735",2024-11-03,"G380F",0,NA,"Inflow"
"4736",2024-11-04,"G380F",0,NA,"Inflow"
"4737",2024-11-07,"G380F",193.555,NA,"Inflow"
"4738",2024-11-08,"G380F",63.712,NA,"Inflow"
"4739",2024-11-09,"G380F",0,NA,"Inflow"
"4740",2024-11-10,"G380F",0,NA,"Inflow"
"4741",2024-11-11,"G380F",0,NA,"Inflow"
"4742",2024-11-12,"G380F",0,NA,"Inflow"
"4743",2024-11-13,"G380F",0,NA,"Inflow"
"4744",2024-11-15,"G380F",0,NA,"Inflow"
"4745",2024-11-16,"G380F",0,NA,"Inflow"
"4746",2024-11-17,"G380F",0,NA,"Inflow"
"4747",2024-11-19,"G380F",0,NA,"Inflow"
"4748",2024-11-22,"G380F",0,NA,"Inflow"
"4749",2024-11-23,"G380F",0,NA,"Inflow"
"4750",2024-11-24,"G380F",0,NA,"Inflow"
"4751",2024-11-25,"G380F",0,NA,"Inflow"
"4752",2024-11-26,"G380F",0,NA,"Inflow"
"4753",2024-11-27,"G380F",0,NA,"Inflow"
"4754",2024-11-28,"G380F",0,NA,"Inflow"
"4755",2024-11-29,"G380F",0,NA,"Inflow"
"4756",2024-11-30,"G380F",0,NA,"Inflow"
"4757",2024-12-02,"G380F",0,NA,"Inflow"
"4758",2024-12-04,"G380F",0,NA,"Inflow"
"4759",2024-12-05,"G380F",0,NA,"Inflow"
"4760",2024-12-06,"G380F",0,NA,"Inflow"
"4761",2024-12-09,"G380F",0,NA,"Inflow"
"4762",2024-12-10,"G380F",0,NA,"Inflow"
"4763",2024-12-11,"G380F",0,NA,"Inflow"
"4764",2024-12-12,"G380F",0,NA,"Inflow"
"4765",2024-12-13,"G380F",40.61,NA,"Inflow"
"4766",2025-01-15,"G380E",31.314,12.418,"Inflow"
"4767",2025-01-15,"G380E",31.314,11.028,"Inflow"
"4768",2025-01-18,"G380E",26.02,12.224,"Inflow"
"4769",2025-01-18,"G380E",26.02,10.99,"Inflow"
"4770",2025-01-21,"G380E",34.545,12.757,"Inflow"
"4771",2025-01-21,"G380E",34.545,11.054,"Inflow"
"4772",2025-01-22,"G380E",33.728,12.772,"Inflow"
"4773",2025-01-22,"G380E",33.728,11.058,"Inflow"
"4774",2025-01-23,"G380E",33.909,12.784,"Inflow"
"4775",2025-01-23,"G380E",33.909,11.061,"Inflow"
"4776",2025-01-30,"G380E",36.103,12.731,"Inflow"
"4777",2025-01-30,"G380E",36.103,11.087,"Inflow"
"4778",2025-01-31,"G380E",31.973,12.693,"Inflow"
"4779",2025-01-31,"G380E",31.973,11.07,"Inflow"
"4780",2025-02-01,"G380E",26.78,12.713,"Inflow"
"4781",2025-02-01,"G380E",26.78,11.036,"Inflow"
"4782",2025-02-04,"G380E",33.702,13.002,"Inflow"
"4783",2025-02-04,"G380E",33.702,11.06,"Inflow"
"4784",2025-02-05,"G380E",44.658,12.832,"Inflow"
"4785",2025-02-05,"G380E",44.658,11.137,"Inflow"
"4786",2025-02-14,"G380E",26.646,12.295,"Inflow"
"4787",2025-02-14,"G380E",26.646,11.1,"Inflow"
"4788",2025-02-19,"G380E",31.807,12.395,"Inflow"
"4789",2025-02-19,"G380E",31.807,11.146,"Inflow"
"4790",2025-02-20,"G380E",28.145,12.386,"Inflow"
"4791",2025-02-20,"G380E",28.145,11.137,"Inflow"
"4792",2025-02-24,"G380E",0,11.856,"Inflow"
"4793",2025-02-24,"G380E",0,10.99,"Inflow"
"4794",2025-02-27,"G380E",39.977,12.344,"Inflow"
"4795",2025-02-27,"G380E",39.977,11.138,"Inflow"
"4796",2025-03-01,"G380E",27.215,12.434,"Inflow"
"4797",2025-03-01,"G380E",27.215,11.111,"Inflow"
"4798",2025-03-10,"G380E",32.529,12.444,"Inflow"
"4799",2025-03-10,"G380E",32.529,11.165,"Inflow"
"4800",2025-03-13,"G380E",34.135,12.663,"Inflow"
"4801",2025-03-13,"G380E",34.135,11.189,"Inflow"
"4802",2025-03-16,"G380E",29.246,12.549,"Inflow"
"4803",2025-03-16,"G380E",29.246,11.166,"Inflow"
"4804",2025-03-26,"G380E",34.334,12.602,"Inflow"
"4805",2025-03-26,"G380E",34.334,11.217,"Inflow"
"4806",2025-03-27,"G380E",34.226,12.607,"Inflow"
"4807",2025-03-27,"G380E",34.226,11.224,"Inflow"
"4808",2025-03-30,"G380E",35.654,12.74,"Inflow"
"4809",2025-03-30,"G380E",35.654,11.238,"Inflow"
"4810",2025-04-02,"G380E",0,12.6,"Inflow"
"4811",2025-04-02,"G380E",0,10.878,"Inflow"
"4812",2025-04-03,"G380E",0,12.531,"Inflow"
"4813",2025-04-03,"G380E",0,10.787,"Inflow"
"4814",2025-04-05,"G380E",0,12.624,"Inflow"
"4815",2025-04-05,"G380E",0,10.684,"Inflow"
"4816",2025-04-14,"G380E",0,12.422,"Inflow"
"4817",2025-04-14,"G380E",0,10.564,"Inflow"
"4818",2025-04-18,"G380E",0,12.171,"Inflow"
"4819",2025-04-18,"G380E",0,10.526,"Inflow"
"4820",2025-04-19,"G380E",0,12.235,"Inflow"
"4821",2025-04-19,"G380E",0,10.515,"Inflow"
"4822",2025-04-21,"G380E",0,12.199,"Inflow"
"4823",2025-04-21,"G380E",0,10.476,"Inflow"
"4824",2025-04-22,"G380E",0,12.481,"Inflow"
"4825",2025-04-22,"G380E",0,10.459,"Inflow"
"4826",2025-04-24,"G380E",0,12.463,"Inflow"
"4827",2025-04-24,"G380E",0,10.442,"Inflow"
"4828",2025-04-25,"G380E",0,12.577,"Inflow"
"4829",2025-04-25,"G380E",0,10.43,"Inflow"
"4830",2025-04-27,"G380E",0,12.809,"Inflow"
"4831",2025-04-27,"G380E",0,10.417,"Inflow"
"4832",2025-05-04,"G380E",53.969,12.624,"Inflow"
"4833",2025-05-04,"G380E",53.969,11.135,"Inflow"
"4834",2025-05-08,"G380E",0,12.121,"Inflow"
"4835",2025-05-08,"G380E",0,10.723,"Inflow"
"4836",2025-05-09,"G380E",0,12.374,"Inflow"
"4837",2025-05-09,"G380E",0,10.648,"Inflow"
"4838",2025-05-10,"G380E",0,12.155,"Inflow"
"4839",2025-05-10,"G380E",0,10.602,"Inflow"
"4840",2025-05-11,"G380E",0,12.293,"Inflow"
"4841",2025-05-11,"G380E",0,10.572,"Inflow"
"4842",2025-05-13,"G380E",0,12.444,"Inflow"
"4843",2025-05-13,"G380E",0,10.729,"Inflow"
"4844",2025-05-16,"G380E",0,11.978,"Inflow"
"4845",2025-05-16,"G380E",0,10.639,"Inflow"
"4846",2025-05-18,"G380E",0,11.215,"Inflow"
"4847",2025-05-18,"G380E",0,10.59,"Inflow"
"4848",2025-05-20,"G380E",0,10.773,"Inflow"
"4849",2025-05-20,"G380E",0,10.525,"Inflow"
"4850",2025-05-21,"G380E",0,10.735,"Inflow"
"4851",2025-05-21,"G380E",0,10.484,"Inflow"
"4852",2025-05-22,"G380E",0,11.118,"Inflow"
"4853",2025-05-22,"G380E",0,10.469,"Inflow"
"4854",2025-05-23,"G380E",0,11.227,"Inflow"
"4855",2025-05-23,"G380E",0,10.502,"Inflow"
"4856",2025-05-25,"G380E",0,11.977,"Inflow"
"4857",2025-05-25,"G380E",0,10.473,"Inflow"
"4858",2025-05-27,"G380E",0,13.004,"Inflow"
"4859",2025-05-27,"G380E",0,10.468,"Inflow"
"4860",2025-05-28,"G380E",0,13.709,"Inflow"
"4861",2025-05-28,"G380E",0,10.473,"Inflow"
"4862",2025-05-29,"G380E",0,13.357,"Inflow"
"4863",2025-05-29,"G380E",0,10.472,"Inflow"
"4864",2025-05-31,"G380E",0,12.924,"Inflow"
"4865",2025-05-31,"G380E",0,10.447,"Inflow"
"4866",2025-06-08,"G380E",0,12.887,"Inflow"
"4867",2025-06-08,"G380E",0,10.758,"Inflow"
"4868",2025-06-12,"G380E",60.742,13.372,"Inflow"
"4869",2025-06-12,"G380E",60.742,11.153,"Inflow"
"4870",2025-06-15,"G380E",40.788,13.193,"Inflow"
"4871",2025-06-15,"G380E",40.788,11.122,"Inflow"
"4872",2025-06-18,"G380E",0,13.033,"Inflow"
"4873",2025-06-18,"G380E",0,10.757,"Inflow"
"4874",2025-06-26,"G380E",20.488,13.08,"Inflow"
"4875",2025-06-26,"G380E",20.488,11.07,"Inflow"
"4876",2025-06-29,"G380E",0,13.072,"Inflow"
"4877",2025-06-29,"G380E",0,10.66,"Inflow"
"4878",2025-06-30,"G380E",13.051,13.019,"Inflow"
"4879",2025-06-30,"G380E",13.051,10.772,"Inflow"
"4880",2025-07-09,"G380E",0,13.105,"Inflow"
"4881",2025-07-09,"G380E",0,10.838,"Inflow"
"4882",2025-07-17,"G380E",177.651,13.426,"Inflow"
"4883",2025-07-17,"G380E",177.651,11.944,"Inflow"
"4884",2025-07-19,"G380E",8.565,13.394,"Inflow"
"4885",2025-07-19,"G380E",8.565,11.304,"Inflow"
"4886",2024-12-14,"G380F",81.771,NA,"Inflow"
"4887",2024-12-15,"G380F",36.809,NA,"Inflow"
"4888",2024-12-17,"G380F",37.304,NA,"Inflow"
"4889",2024-12-19,"G380F",34.85,NA,"Inflow"
"4890",2024-12-20,"G380F",32.845,NA,"Inflow"
"4891",2024-12-21,"G380F",29.931,NA,"Inflow"
"4892",2024-12-22,"G380F",27.899,NA,"Inflow"
"4893",2024-12-23,"G380F",34.813,NA,"Inflow"
"4894",2024-12-24,"G380F",28.355,NA,"Inflow"
"4895",2024-12-25,"G380F",26.405,NA,"Inflow"
"4896",2024-12-27,"G380F",40.092,NA,"Inflow"
"4897",2024-12-28,"G380F",38.228,NA,"Inflow"
"4898",2024-12-29,"G380F",37.15,NA,"Inflow"
"4899",2024-12-31,"G380F",36.617,NA,"Inflow"
"4900",2024-11-05,"G380F",0,NA,"Inflow"
"4901",2024-11-06,"G380F",111.851,NA,"Inflow"
"4902",2024-11-14,"G380F",0,NA,"Inflow"
"4903",2024-11-18,"G380F",0,NA,"Inflow"
"4904",2024-11-20,"G380F",0,NA,"Inflow"
"4905",2024-11-21,"G380F",0,NA,"Inflow"
"4906",2024-12-01,"G380F",0,NA,"Inflow"
"4907",2024-12-03,"G380F",0,NA,"Inflow"
"4908",2024-12-07,"G380F",0,NA,"Inflow"
"4909",2024-12-08,"G380F",0,NA,"Inflow"
"4910",2024-12-16,"G380F",37.385,NA,"Inflow"
"4911",2024-12-18,"G380F",36.428,NA,"Inflow"
"4912",2024-12-26,"G380F",36.791,NA,"Inflow"
"4913",2024-12-30,"G380F",36.613,NA,"Inflow"
"4914",2026-01-03,"G380F",0,NA,"Inflow"
"4915",2026-01-04,"G380F",0,NA,"Inflow"
"4916",2026-01-05,"G380F",0,NA,"Inflow"
"4917",2026-01-06,"G380F",0,NA,"Inflow"
"4918",2026-01-07,"G380F",0,NA,"Inflow"
"4919",2026-01-08,"G380F",0,NA,"Inflow"
"4920",2026-01-09,"G380F",18.895,NA,"Inflow"
"4921",2026-01-10,"G380F",34.925,NA,"Inflow"
"4922",2026-01-11,"G380F",17.963,NA,"Inflow"
"4923",2026-01-12,"G380F",19.656,NA,"Inflow"
"4924",2026-01-14,"G380F",21.983,NA,"Inflow"
"4925",2026-01-15,"G380F",20.819,NA,"Inflow"
"4926",2026-01-16,"G380F",11.125,NA,"Inflow"
"4927",2026-01-17,"G380F",7.154,NA,"Inflow"
"4928",2026-01-18,"G380F",26.098,NA,"Inflow"
"4929",2026-01-21,"G380F",35.052,NA,"Inflow"
"4930",2026-01-24,"G380F",0,NA,"Inflow"
"4931",2026-01-25,"G380F",23.592,NA,"Inflow"
"4932",2026-01-26,"G380F",21.012,NA,"Inflow"
"4933",2026-01-27,"G380F",21.572,NA,"Inflow"
"4934",2026-01-29,"G380F",19.989,NA,"Inflow"
"4935",2026-01-30,"G380F",21.11,NA,"Inflow"
"4936",2026-02-01,"G380F",0,NA,"Inflow"
"4937",2026-02-02,"G380F",27.028,NA,"Inflow"
"4938",2026-02-04,"G380F",49.314,NA,"Inflow"
"4939",2026-02-05,"G380F",47.254,NA,"Inflow"
"4940",2026-02-06,"G380F",40.35,NA,"Inflow"
"4941",2026-02-07,"G380F",0,NA,"Inflow"
"4942",2026-02-09,"G380F",47.555,NA,"Inflow"
"4943",2026-02-10,"G380F",42.004,NA,"Inflow"
"4944",2026-02-11,"G380F",43.816,NA,"Inflow"
"4945",2026-02-12,"G380F",56.438,NA,"Inflow"
"4946",2025-07-22,"G380E",29.587,13.631,"Inflow"
"4947",2025-07-22,"G380E",29.587,11.103,"Inflow"
"4948",2025-07-24,"G380E",52.073,13.465,"Inflow"
"4949",2025-07-24,"G380E",52.073,11.361,"Inflow"
"4950",2025-07-29,"G380E",0,13.376,"Inflow"
"4951",2025-07-29,"G380E",0,10.974,"Inflow"
"4952",2025-07-31,"G380E",0,13.184,"Inflow"
"4953",2025-07-31,"G380E",0,10.947,"Inflow"
"4954",2025-08-03,"G380E",0,13.602,"Inflow"
"4955",2025-08-03,"G380E",0,10.726,"Inflow"
"4956",2025-08-05,"G380E",0.029,13.413,"Inflow"
"4957",2025-08-05,"G380E",0.029,10.702,"Inflow"
"4958",2025-08-06,"G380E",0,13.359,"Inflow"
"4959",2025-08-06,"G380E",0,10.644,"Inflow"
"4960",2025-08-07,"G380E",0,13.136,"Inflow"
"4961",2025-08-07,"G380E",0,10.606,"Inflow"
"4962",2025-08-08,"G380E",0,12.927,"Inflow"
"4963",2025-08-08,"G380E",0,10.586,"Inflow"
"4964",2025-08-17,"G380E",0,13.089,"Inflow"
"4965",2025-08-17,"G380E",0,10.33,"Inflow"
"4966",2025-08-19,"G380E",1.877,12.927,"Inflow"
"4967",2025-08-19,"G380E",1.877,10.704,"Inflow"
"4968",2025-08-20,"G380E",16.092,13.08,"Inflow"
"4969",2025-08-20,"G380E",16.092,10.675,"Inflow"
"4970",2025-08-25,"G380E",4.628,12.604,"Inflow"
"4971",2025-08-25,"G380E",4.628,11.025,"Inflow"
"4972",2025-08-30,"G380E",23.992,12.475,"Inflow"
"4973",2025-08-30,"G380E",23.992,10.743,"Inflow"
"4974",2025-08-31,"G380E",130.878,12.975,"Inflow"
"4975",2025-08-31,"G380E",130.878,11.232,"Inflow"
"4976",2025-09-03,"G380E",136.319,13.03,"Inflow"
"4977",2025-09-03,"G380E",136.319,11.493,"Inflow"
"4978",2025-09-05,"G380E",95.233,12.932,"Inflow"
"4979",2025-09-05,"G380E",95.233,11.433,"Inflow"
"4980",2025-09-06,"G380E",42.215,12.708,"Inflow"
"4981",2025-09-06,"G380E",42.215,11.357,"Inflow"
"4982",2025-09-07,"G380E",67.68,12.782,"Inflow"
"4983",2025-09-07,"G380E",67.68,11.28,"Inflow"
"4984",2025-09-10,"G380E",187.939,13.366,"Inflow"
"4985",2025-09-10,"G380E",187.939,11.909,"Inflow"
"4986",2025-09-21,"G380E",15.734,11.844,"Inflow"
"4987",2025-09-21,"G380E",15.734,11.109,"Inflow"
"4988",2025-09-25,"G380E",162.689,12.907,"Inflow"
"4989",2025-09-25,"G380E",162.689,11.813,"Inflow"
"4990",2025-09-27,"G380E",119.559,12.501,"Inflow"
"4991",2025-09-27,"G380E",119.559,11.679,"Inflow"
"4992",2025-10-12,"G380E",212.386,12.857,"Inflow"
"4993",2025-10-12,"G380E",212.386,12.11,"Inflow"
"4994",2025-10-16,"G380E",39.895,12.07,"Inflow"
"4995",2025-10-16,"G380E",39.895,11.341,"Inflow"
"4996",2025-10-24,"G380E",0,12.395,"Inflow"
"4997",2025-10-24,"G380E",0,10.747,"Inflow"
"4998",2025-10-26,"G380E",0,12.277,"Inflow"
"4999",2025-10-26,"G380E",0,10.689,"Inflow"
"5000",2025-10-28,"G380E",0,12.273,"Inflow"
"5001",2025-10-28,"G380E",0,10.65,"Inflow"
"5002",2025-10-29,"G380E",0,12.208,"Inflow"
"5003",2025-10-29,"G380E",0,10.636,"Inflow"
"5004",2025-10-31,"G380E",0,12.124,"Inflow"
"5005",2025-10-31,"G380E",0,10.612,"Inflow"
"5006",2025-11-04,"G380E",0,11.869,"Inflow"
"5007",2025-11-04,"G380E",0,10.581,"Inflow"
"5008",2025-11-08,"G380E",0,11.748,"Inflow"
"5009",2025-11-08,"G380E",0,10.552,"Inflow"
"5010",2025-11-17,"G380E",22.153,11.437,"Inflow"
"5011",2025-11-17,"G380E",22.153,11.007,"Inflow"
"5012",2025-11-22,"G380E",0,11.318,"Inflow"
"5013",2025-11-22,"G380E",0,10.577,"Inflow"
"5014",2025-11-25,"G380E",0,11.267,"Inflow"
"5015",2025-11-25,"G380E",0,10.528,"Inflow"
"5016",2025-11-29,"G380E",0,11.347,"Inflow"
"5017",2025-11-29,"G380E",0,10.602,"Inflow"
"5018",2025-12-13,"G380E",0,11.177,"Inflow"
"5019",2025-12-13,"G380E",0,10.539,"Inflow"
"5020",2025-12-15,"G380E",0,11.211,"Inflow"
"5021",2025-12-15,"G380E",0,10.536,"Inflow"
"5022",2025-01-02,"G380F",0.752,NA,"Inflow"
"5023",2025-01-03,"G380F",0,NA,"Inflow"
"5024",2025-01-05,"G380F",0,NA,"Inflow"
"5025",2025-01-06,"G380F",0,NA,"Inflow"
"5026",2025-01-09,"G380F",16.348,NA,"Inflow"
"5027",2025-01-11,"G380F",33.935,NA,"Inflow"
"5028",2025-01-12,"G380F",34.367,NA,"Inflow"
"5029",2025-01-13,"G380F",32.356,NA,"Inflow"
"5030",2025-01-14,"G380F",32.471,NA,"Inflow"
"5031",2025-01-15,"G380F",32.679,NA,"Inflow"
"5032",2025-01-16,"G380F",30.276,NA,"Inflow"
"5033",2025-01-18,"G380F",26.059,NA,"Inflow"
"5034",2025-01-19,"G380F",23.751,NA,"Inflow"
"5035",2025-01-20,"G380F",32.019,NA,"Inflow"
"5036",2025-01-21,"G380F",34.077,NA,"Inflow"
"5037",2025-01-22,"G380F",34.041,NA,"Inflow"
"5038",2025-01-24,"G380F",30.08,NA,"Inflow"
"5039",2025-01-25,"G380F",30.287,NA,"Inflow"
"5040",2025-01-26,"G380F",26.327,NA,"Inflow"
"5041",2025-01-27,"G380F",31.038,NA,"Inflow"
"5042",2025-01-28,"G380F",35.251,NA,"Inflow"
"5043",2026-02-14,"G380F",57.123,NA,"Inflow"
"5044",2026-02-15,"G380F",34.034,NA,"Inflow"
"5045",2026-02-16,"G380F",39.828,NA,"Inflow"
"5046",2026-02-18,"G380F",69.799,NA,"Inflow"
"5047",2026-02-19,"G380F",91.774,NA,"Inflow"
"5048",2026-02-20,"G380F",68.438,NA,"Inflow"
"5049",2026-02-21,"G380F",68.158,NA,"Inflow"
"5050",2026-02-22,"G380F",68.241,NA,"Inflow"
"5051",2026-02-24,"G380F",70.605,NA,"Inflow"
"5052",2026-02-26,"G380F",64.893,NA,"Inflow"
"5053",2026-02-27,"G380F",73.424,NA,"Inflow"
"5054",2026-03-01,"G380F",0.792,NA,"Inflow"
"5055",2026-03-02,"G380F",40.366,NA,"Inflow"
"5056",2026-03-04,"G380F",33.09,NA,"Inflow"
"5057",2026-03-08,"G380F",25.855,NA,"Inflow"
"5058",2026-03-09,"G380F",0,NA,"Inflow"
"5059",2026-03-12,"G380F",54.201,NA,"Inflow"
"5060",2026-03-13,"G380F",48.231,NA,"Inflow"
"5061",2026-03-14,"G380F",0,NA,"Inflow"
"5062",2026-03-15,"G380F",0,NA,"Inflow"
"5063",2026-03-17,"G380F",0,NA,"Inflow"
"5064",2026-03-18,"G380F",0,NA,"Inflow"
"5065",2026-03-19,"G380F",0,NA,"Inflow"
"5066",2026-03-20,"G380F",0,NA,"Inflow"
"5067",2026-03-21,"G380F",0,NA,"Inflow"
"5068",2026-03-22,"G380F",0,NA,"Inflow"
"5069",2026-03-23,"G380F",87.46,NA,"Inflow"
"5070",2026-03-24,"G380F",67.414,NA,"Inflow"
"5071",2026-03-25,"G380F",56.772,NA,"Inflow"
"5072",2026-03-26,"G380F",54.752,NA,"Inflow"
"5073",2026-03-27,"G380F",54.355,NA,"Inflow"
"5074",2026-03-28,"G380F",55.255,NA,"Inflow"
"5075",2026-03-30,"G380F",0,NA,"Inflow"
"5076",2026-03-31,"G380F",0,NA,"Inflow"
"5077",2026-04-01,"G380F",0,NA,"Inflow"
"5078",2026-04-03,"G380F",8.4,NA,"Inflow"
"5079",2026-04-04,"G380F",138.282,NA,"Inflow"
"5080",2026-04-05,"G380F",135.913,NA,"Inflow"
"5081",2026-04-06,"G380F",164.72,NA,"Inflow"
"5082",2026-04-08,"G380F",216.54,NA,"Inflow"
"5083",2026-04-09,"G380F",195.306,NA,"Inflow"
"5084",2026-04-10,"G380F",243.617,NA,"Inflow"
"5085",2026-04-11,"G380F",157.574,NA,"Inflow"
"5086",2026-04-12,"G380F",123.709,NA,"Inflow"
"5087",2026-04-14,"G380F",150.677,NA,"Inflow"
"5088",2026-04-15,"G380F",47.534,NA,"Inflow"
"5089",2026-04-16,"G380F",0,NA,"Inflow"
"5090",2026-04-17,"G380F",0,NA,"Inflow"
"5091",2026-04-18,"G380F",0,NA,"Inflow"
"5092",2026-04-19,"G380F",0,NA,"Inflow"
"5093",2026-04-21,"G380F",39.157,NA,"Inflow"
"5094",2026-04-22,"G380F",56.852,NA,"Inflow"
"5095",2026-04-23,"G380F",35.241,NA,"Inflow"
"5096",2026-04-24,"G380F",37.788,NA,"Inflow"
"5097",2026-04-25,"G380F",53.527,NA,"Inflow"
"5098",2026-04-26,"G380F",38.182,NA,"Inflow"
"5099",2026-04-27,"G380F",0,NA,"Inflow"
"5100",2026-04-28,"G380F",0,NA,"Inflow"
"5101",2026-04-29,"G380F",0,NA,"Inflow"
"5102",2026-05-01,"G380F",0,NA,"Inflow"
"5103",2025-01-30,"G380F",36.504,NA,"Inflow"
"5104",2025-01-31,"G380F",31.826,NA,"Inflow"
"5105",2025-02-01,"G380F",26.815,NA,"Inflow"
"5106",2025-02-02,"G380F",29.022,NA,"Inflow"
"5107",2025-02-03,"G380F",31.574,NA,"Inflow"
"5108",2025-02-04,"G380F",33.269,NA,"Inflow"
"5109",2025-02-05,"G380F",49.016,NA,"Inflow"
"5110",2025-02-06,"G380F",46.218,NA,"Inflow"
"5111",2025-02-07,"G380F",44.778,NA,"Inflow"
"5112",2025-02-08,"G380F",37.297,NA,"Inflow"
"5113",2025-02-09,"G380F",41.378,NA,"Inflow"
"5114",2025-02-10,"G380F",42.722,NA,"Inflow"
"5115",2025-02-11,"G380F",44.141,NA,"Inflow"
"5116",2025-02-12,"G380F",46.219,NA,"Inflow"
"5117",2025-02-13,"G380F",41.379,NA,"Inflow"
"5118",2025-02-14,"G380F",41.475,NA,"Inflow"
"5119",2025-02-15,"G380F",43.088,NA,"Inflow"
"5120",2025-02-16,"G380F",43.244,NA,"Inflow"
"5121",2025-02-17,"G380F",43.385,NA,"Inflow"
"5122",2025-02-18,"G380F",43.695,NA,"Inflow"
"5123",2025-02-19,"G380F",42.516,NA,"Inflow"
"5124",2025-02-20,"G380F",42.753,NA,"Inflow"
"5125",2025-02-21,"G380F",43.135,NA,"Inflow"
"5126",2025-02-23,"G380F",42.655,NA,"Inflow"
"5127",2025-02-25,"G380F",35.976,NA,"Inflow"
"5128",2025-02-26,"G380F",15.329,NA,"Inflow"
"5129",2025-02-27,"G380F",27.376,NA,"Inflow"
"5130",2025-02-28,"G380F",27.778,NA,"Inflow"
"5131",2025-03-02,"G380F",26.339,NA,"Inflow"
"5132",2025-03-03,"G380F",26.197,NA,"Inflow"
"5133",2025-03-04,"G380F",26.438,NA,"Inflow"
"5134",2025-03-06,"G380F",27.434,NA,"Inflow"
"5135",2025-03-08,"G380F",28.658,NA,"Inflow"
"5136",2025-03-10,"G380F",31.629,NA,"Inflow"
"5137",2025-03-11,"G380F",26.823,NA,"Inflow"
"5138",2025-03-12,"G380F",28.906,NA,"Inflow"
"5139",2025-03-13,"G380F",34.885,NA,"Inflow"
"5140",2025-03-15,"G380F",28.107,NA,"Inflow"
"5141",2025-03-17,"G380F",28.102,NA,"Inflow"
"5142",2025-03-18,"G380F",27.797,NA,"Inflow"
"5143",2025-03-19,"G380F",28.266,NA,"Inflow"
"5144",2025-03-20,"G380F",27.572,NA,"Inflow"
"5145",2025-03-22,"G380F",28.006,NA,"Inflow"
"5146",2025-03-23,"G380F",29.551,NA,"Inflow"
"5147",2025-03-26,"G380F",33.854,NA,"Inflow"
"5148",2025-03-27,"G380F",33.794,NA,"Inflow"
"5149",2025-03-28,"G380F",28.866,NA,"Inflow"
"5150",2025-03-30,"G380F",35.292,NA,"Inflow"
"5151",2025-03-31,"G380F",21.456,NA,"Inflow"
"5152",2025-04-01,"G380F",14.801,NA,"Inflow"
"5153",2025-04-04,"G380F",0,NA,"Inflow"
"5154",2025-04-05,"G380F",0,NA,"Inflow"
"5155",2025-04-08,"G380F",0,NA,"Inflow"
"5156",2025-04-09,"G380F",0,NA,"Inflow"
"5157",2025-04-10,"G380F",0,NA,"Inflow"
"5158",2025-04-11,"G380F",0,NA,"Inflow"
"5159",2025-04-12,"G380F",0,NA,"Inflow"
"5160",2025-04-13,"G380F",0,NA,"Inflow"
"5161",2025-04-15,"G380F",0,NA,"Inflow"
"5162",2025-04-16,"G380F",0,NA,"Inflow"
"5163",2026-05-02,"G380F",0,NA,"Inflow"
"5164",2026-05-03,"G380F",0,NA,"Inflow"
"5165",2026-05-04,"G380F",0,NA,"Inflow"
"5166",2026-05-05,"G380F",0,NA,"Inflow"
"5167",2026-05-06,"G380F",0,NA,"Inflow"
"5168",2026-05-07,"G380F",0,NA,"Inflow"
"5169",2026-05-08,"G380F",0,NA,"Inflow"
"5170",2026-05-09,"G380F",0,NA,"Inflow"
"5171",2026-05-10,"G380F",0,NA,"Inflow"
"5172",2026-05-11,"G380F",0,NA,"Inflow"
"5173",2026-05-12,"G380F",0,NA,"Inflow"
"5174",2026-05-13,"G380F",0,NA,"Inflow"
"5175",2026-05-14,"G380F",0,NA,"Inflow"
"5176",2026-05-15,"G380F",15.454,NA,"Inflow"
"5177",2026-05-16,"G380F",13.57,NA,"Inflow"
"5178",2026-05-17,"G380F",16.641,NA,"Inflow"
"5179",2026-05-18,"G380F",22.885,NA,"Inflow"
"5180",2026-05-20,"G380F",0,NA,"Inflow"
"5181",2026-05-22,"G380F",0,NA,"Inflow"
"5182",2026-05-23,"G380F",0,NA,"Inflow"
"5183",2026-05-24,"G380F",0,NA,"Inflow"
"5184",2026-05-25,"G380F",0,NA,"Inflow"
"5185",2026-05-26,"G380F",0,NA,"Inflow"
"5186",2026-05-27,"G380F",0,NA,"Inflow"
"5187",2026-05-28,"G380F",0,NA,"Inflow"
"5188",2026-05-29,"G380F",0,NA,"Inflow"
"5189",2026-05-30,"G380F",0,NA,"Inflow"
"5190",2026-06-01,"G380F",0,NA,"Inflow"
"5191",2026-06-02,"G380F",0,NA,"Inflow"
"5192",2026-06-03,"G380F",0,NA,"Inflow"
"5193",2026-06-06,"G380F",0,NA,"Inflow"
"5194",2026-06-07,"G380F",0,NA,"Inflow"
"5195",2026-06-08,"G380F",1.219,NA,"Inflow"
"5196",2026-06-09,"G380F",0,NA,"Inflow"
"5197",2026-06-10,"G380F",0,NA,"Inflow"
"5198",2026-06-11,"G380F",0,NA,"Inflow"
"5199",2026-06-12,"G380F",0,NA,"Inflow"
"5200",2026-06-15,"G380F",0,NA,"Inflow"
"5201",2026-06-16,"G380F",0,NA,"Inflow"
"5202",2026-06-19,"G380F",54.653,NA,"Inflow"
"5203",2026-06-20,"G380F",0,NA,"Inflow"
"5204",2026-06-22,"G380F",0,NA,"Inflow"
"5205",2026-06-23,"G380F",0,NA,"Inflow"
"5206",2026-06-24,"G380F",0,NA,"Inflow"
"5207",2026-06-25,"G380F",0,NA,"Inflow"
"5208",2026-06-26,"G380F",0,NA,"Inflow"
"5209",2026-06-27,"G380F",0,NA,"Inflow"
"5210",2026-06-28,"G380F",0,NA,"Inflow"
"5211",2026-06-29,"G380F",0,NA,"Inflow"
"5212",2026-07-01,"G380F",0,NA,"Inflow"
"5213",2026-07-02,"G380F",0,NA,"Inflow"
"5214",2026-07-03,"G380F",0,NA,"Inflow"
"5215",2026-07-04,"G380F",0,NA,"Inflow"
"5216",2026-07-05,"G380F",0,NA,"Inflow"
"5217",2026-07-06,"G380F",0,NA,"Inflow"
"5218",2026-07-07,"G380F",0,NA,"Inflow"
"5219",2026-07-08,"G380F",0,NA,"Inflow"
"5220",2026-07-09,"G380F",0,NA,"Inflow"
"5221",2026-07-10,"G380F",0,NA,"Inflow"
"5222",2026-07-11,"G380F",0,NA,"Inflow"
"5223",2025-04-17,"G380F",0,NA,"Inflow"
"5224",2025-04-18,"G380F",0,NA,"Inflow"
"5225",2025-04-19,"G380F",0,NA,"Inflow"
"5226",2025-04-20,"G380F",0,NA,"Inflow"
"5227",2025-04-22,"G380F",0,NA,"Inflow"
"5228",2025-04-23,"G380F",0,NA,"Inflow"
"5229",2025-04-24,"G380F",0,NA,"Inflow"
"5230",2025-04-25,"G380F",0,NA,"Inflow"
"5231",2025-04-26,"G380F",0,NA,"Inflow"
"5232",2025-04-28,"G380F",0,NA,"Inflow"
"5233",2025-04-29,"G380F",9.958,NA,"Inflow"
"5234",2025-05-01,"G380F",25.791,NA,"Inflow"
"5235",2025-05-04,"G380F",53.929,NA,"Inflow"
"5236",2025-05-06,"G380F",62.761,NA,"Inflow"
"5237",2025-05-07,"G380F",10.986,NA,"Inflow"
"5238",2025-05-08,"G380F",0,NA,"Inflow"
"5239",2025-05-12,"G380F",0,NA,"Inflow"
"5240",2025-05-15,"G380F",0,NA,"Inflow"
"5241",2025-05-16,"G380F",0,NA,"Inflow"
"5242",2025-05-18,"G380F",0,NA,"Inflow"
"5243",2025-05-19,"G380F",0,NA,"Inflow"
"5244",2025-05-22,"G380F",0,NA,"Inflow"
"5245",2025-05-23,"G380F",0,NA,"Inflow"
"5246",2025-05-24,"G380F",0,NA,"Inflow"
"5247",2025-05-25,"G380F",0,NA,"Inflow"
"5248",2025-05-26,"G380F",0,NA,"Inflow"
"5249",2025-05-27,"G380F",0,NA,"Inflow"
"5250",2025-05-28,"G380F",0,NA,"Inflow"
"5251",2025-05-30,"G380F",0,NA,"Inflow"
"5252",2025-05-31,"G380F",0,NA,"Inflow"
"5253",2025-06-01,"G380F",0,NA,"Inflow"
"5254",2025-06-02,"G380F",0,NA,"Inflow"
"5255",2025-06-03,"G380F",49.712,NA,"Inflow"
"5256",2025-06-04,"G380F",122.76,NA,"Inflow"
"5257",2025-06-05,"G380F",59.363,NA,"Inflow"
"5258",2025-06-06,"G380F",0,NA,"Inflow"
"5259",2025-06-07,"G380F",0,NA,"Inflow"
"5260",2025-06-08,"G380F",0,NA,"Inflow"
"5261",2025-06-09,"G380F",0,NA,"Inflow"
"5262",2025-06-10,"G380F",0,NA,"Inflow"
"5263",2025-06-13,"G380F",69.007,NA,"Inflow"
"5264",2025-06-14,"G380F",36.938,NA,"Inflow"
"5265",2025-06-16,"G380F",0,NA,"Inflow"
"5266",2025-06-17,"G380F",0,NA,"Inflow"
"5267",2025-06-18,"G380F",0,NA,"Inflow"
"5268",2025-06-20,"G380F",0,NA,"Inflow"
"5269",2025-06-21,"G380F",0,NA,"Inflow"
"5270",2025-06-22,"G380F",0,NA,"Inflow"
"5271",2025-06-25,"G380F",77.382,NA,"Inflow"
"5272",2025-06-27,"G380F",0,NA,"Inflow"
"5273",2025-06-28,"G380F",0,NA,"Inflow"
"5274",2025-06-29,"G380F",0,NA,"Inflow"
"5275",2025-07-03,"G380F",79.238,NA,"Inflow"
"5276",2025-07-05,"G380F",131.099,NA,"Inflow"
"5277",2025-07-06,"G380F",53.226,NA,"Inflow"
"5278",2025-07-07,"G380F",16.296,NA,"Inflow"
"5279",2025-07-08,"G380F",12.566,NA,"Inflow"
"5280",2025-07-09,"G380F",0,NA,"Inflow"
"5281",2025-07-10,"G380F",0,NA,"Inflow"
"5282",2025-07-11,"G380F",0,NA,"Inflow"
"5283",2026-07-14,"G380F",0,NA,"Inflow"
"5284",2026-07-15,"G380F",0,NA,"Inflow"
"5285",2026-07-16,"G380F",0,NA,"Inflow"
"5286",2026-07-18,"G380F",0,NA,"Inflow"
"5287",2026-07-19,"G380F",0,NA,"Inflow"
"5288",2026-07-20,"G380F",0,NA,"Inflow"
"5289",2026-07-21,"G380F",0,NA,"Inflow"
"5290",2026-07-22,"G380F",0,NA,"Inflow"
"5291",2026-07-24,"G380F",0,NA,"Inflow"
"5292",2026-07-25,"G380F",0,NA,"Inflow"
"5293",2026-07-26,"G380F",0,NA,"Inflow"
"5294",2026-07-27,"G380F",0,NA,"Inflow"
"5295",2026-07-28,"G380F",0,NA,"Inflow"
"5296",2026-07-29,"G380F",0,NA,"Inflow"
"5297",2026-07-30,"G380F",0,NA,"Inflow"
"5298",2026-08-01,"G380F",0,NA,"Inflow"
"5299",2026-08-02,"G380F",0,NA,"Inflow"
"5300",2026-08-03,"G380F",0,NA,"Inflow"
"5301",2026-08-04,"G380F",17.003,NA,"Inflow"
"5302",2026-08-05,"G380F",28.025,NA,"Inflow"
"5303",2026-08-06,"G380F",30.091,NA,"Inflow"
"5304",2026-08-07,"G380F",39.127,NA,"Inflow"
"5305",2026-08-08,"G380F",29.309,NA,"Inflow"
"5306",2026-08-09,"G380F",29.736,NA,"Inflow"
"5307",2026-08-10,"G380F",20.713,NA,"Inflow"
"5308",2026-08-11,"G380F",24.74,NA,"Inflow"
"5309",2026-08-12,"G380F",45.111,NA,"Inflow"
"5310",2026-08-13,"G380F",53.592,NA,"Inflow"
"5311",2026-08-14,"G380F",51.664,NA,"Inflow"
"5312",2026-08-15,"G380F",25.179,NA,"Inflow"
"5313",2026-08-16,"G380F",3.443,NA,"Inflow"
"5314",2026-08-17,"G380F",9.253,NA,"Inflow"
"5315",2026-08-18,"G380F",4.211,NA,"Inflow"
"5316",2026-08-19,"G380F",-0.134,NA,"Inflow"
"5317",2026-08-20,"G380F",1.408,NA,"Inflow"
"5318",2026-08-22,"G380F",4.423,NA,"Inflow"
"5319",2026-08-23,"G380F",3.096,NA,"Inflow"
"5320",2026-08-24,"G380F",1.292,NA,"Inflow"
"5321",2026-08-25,"G380F",14.194,NA,"Inflow"
"5322",2026-08-26,"G380F",7.482,NA,"Inflow"
"5323",2026-08-27,"G380F",32.738,NA,"Inflow"
"5324",2026-08-28,"G380F",55.302,NA,"Inflow"
"5325",2026-08-29,"G380F",40.258,NA,"Inflow"
"5326",2026-08-30,"G380F",40.949,NA,"Inflow"
"5327",2026-08-31,"G380F",43.177,NA,"Inflow"
"5328",2026-09-01,"G380F",47.024,NA,"Inflow"
"5329",2026-09-02,"G380F",40.749,NA,"Inflow"
"5330",2026-09-03,"G380F",111.23,NA,"Inflow"
"5331",2026-09-04,"G380F",168.2,NA,"Inflow"
"5332",2026-09-05,"G380F",170.552,NA,"Inflow"
"5333",2026-09-06,"G380F",168.132,NA,"Inflow"
"5334",2026-09-07,"G380F",173.259,NA,"Inflow"
"5335",2026-09-08,"G380F",175.521,NA,"Inflow"
"5336",2026-09-09,"G380F",165.835,NA,"Inflow"
"5337",2026-09-10,"G380F",169.116,NA,"Inflow"
"5338",2026-09-11,"G380F",150.59,NA,"Inflow"
"5339",2026-09-12,"G380F",136.363,NA,"Inflow"
"5340",2026-09-13,"G380F",139.351,NA,"Inflow"
"5341",2026-09-14,"G380F",133.686,NA,"Inflow"
"5342",2025-07-12,"G380F",61.889,NA,"Inflow"
"5343",2025-07-13,"G380F",42.966,NA,"Inflow"
"5344",2025-07-14,"G380F",32.085,NA,"Inflow"
"5345",2025-07-15,"G380F",163.114,NA,"Inflow"
"5346",2025-07-16,"G380F",199.892,NA,"Inflow"
"5347",2025-07-17,"G380F",175.404,NA,"Inflow"
"5348",2025-07-18,"G380F",102.308,NA,"Inflow"
"5349",2025-07-19,"G380F",8.634,NA,"Inflow"
"5350",2025-07-20,"G380F",0,NA,"Inflow"
"5351",2025-07-21,"G380F",2.717,NA,"Inflow"
"5352",2025-07-22,"G380F",30.379,NA,"Inflow"
"5353",2025-07-23,"G380F",80.458,NA,"Inflow"
"5354",2025-07-24,"G380F",51.913,NA,"Inflow"
"5355",2025-07-25,"G380F",30.344,NA,"Inflow"
"5356",2025-07-26,"G380F",53.326,NA,"Inflow"
"5357",2025-07-27,"G380F",58.036,NA,"Inflow"
"5358",2025-07-28,"G380F",35.664,NA,"Inflow"
"5359",2025-07-29,"G380F",0,NA,"Inflow"
"5360",2025-07-30,"G380F",27.099,NA,"Inflow"
"5361",2025-07-31,"G380F",0,NA,"Inflow"
"5362",2025-08-03,"G380F",0,NA,"Inflow"
"5363",2025-08-05,"G380F",0.01,NA,"Inflow"
"5364",2025-08-06,"G380F",0,NA,"Inflow"
"5365",2025-08-08,"G380F",0,NA,"Inflow"
"5366",2025-08-09,"G380F",0,NA,"Inflow"
"5367",2025-08-10,"G380F",0,NA,"Inflow"
"5368",2025-08-12,"G380F",0,NA,"Inflow"
"5369",2025-08-13,"G380F",0,NA,"Inflow"
"5370",2025-08-15,"G380F",0,NA,"Inflow"
"5371",2025-08-16,"G380F",0,NA,"Inflow"
"5372",2025-08-17,"G380F",0,NA,"Inflow"
"5373",2025-08-18,"G380F",11.293,NA,"Inflow"
"5374",2025-08-19,"G380F",1.87,NA,"Inflow"
"5375",2025-08-20,"G380F",16.228,NA,"Inflow"
"5376",2025-08-21,"G380F",0,NA,"Inflow"
"5377",2025-08-22,"G380F",13.595,NA,"Inflow"
"5378",2025-08-23,"G380F",1.644,NA,"Inflow"
"5379",2025-08-24,"G380F",103.194,NA,"Inflow"
"5380",2025-08-25,"G380F",4.629,NA,"Inflow"
"5381",2025-08-26,"G380F",0,NA,"Inflow"
"5382",2025-08-28,"G380F",0,NA,"Inflow"
"5383",2025-08-29,"G380F",0,NA,"Inflow"
"5384",2025-08-30,"G380F",23.986,NA,"Inflow"
"5385",2025-08-31,"G380F",130.87,NA,"Inflow"
"5386",2025-09-01,"G380F",152.713,NA,"Inflow"
"5387",2025-09-02,"G380F",142.086,NA,"Inflow"
"5388",2025-09-03,"G380F",136.49,NA,"Inflow"
"5389",2025-09-04,"G380F",159.362,NA,"Inflow"
"5390",2025-09-06,"G380F",42.151,NA,"Inflow"
"5391",2025-09-07,"G380F",67.299,NA,"Inflow"
"5392",2025-09-08,"G380F",104.457,NA,"Inflow"
"5393",2025-09-10,"G380F",188.083,NA,"Inflow"
"5394",2025-09-11,"G380F",172.279,NA,"Inflow"
"5395",2025-09-12,"G380F",157.534,NA,"Inflow"
"5396",2025-09-13,"G380F",158.266,NA,"Inflow"
"5397",2025-09-14,"G380F",136.125,NA,"Inflow"
"5398",2025-09-16,"G380F",43.423,NA,"Inflow"
"5399",2025-09-17,"G380F",75.87,NA,"Inflow"
"5400",2025-09-18,"G380F",48.716,NA,"Inflow"
"5401",2026-09-15,"G380F",122.386,NA,"Inflow"
"5402",2026-09-16,"G380F",120.952,NA,"Inflow"
"5403",2026-09-17,"G380F",120.851,NA,"Inflow"
"5404",2026-09-18,"G380F",121.699,NA,"Inflow"
"5405",2026-09-19,"G380F",152.932,NA,"Inflow"
"5406",2026-09-20,"G380F",138.808,NA,"Inflow"
"5407",2026-09-21,"G380F",68.127,NA,"Inflow"
"5408",2026-09-22,"G380F",210.053,NA,"Inflow"
"5409",2026-09-23,"G380F",283.936,NA,"Inflow"
"5410",2026-09-24,"G380F",223.06,NA,"Inflow"
"5411",2026-09-25,"G380F",174.53,NA,"Inflow"
"5412",2026-09-26,"G380F",92.985,NA,"Inflow"
"5413",2026-09-27,"G380F",51.448,NA,"Inflow"
"5414",2026-09-28,"G380F",87.615,NA,"Inflow"
"5415",2026-09-29,"G380F",16.437,NA,"Inflow"
"5416",2026-09-30,"G380F",80.21,NA,"Inflow"
"5417",2026-10-01,"G380F",41.806,NA,"Inflow"
"5418",2026-10-02,"G380F",77.99,NA,"Inflow"
"5419",2026-10-03,"G380F",0,NA,"Inflow"
"5420",2026-10-04,"G380F",32.077,NA,"Inflow"
"5421",2026-10-05,"G380F",40.021,NA,"Inflow"
"5422",2026-08-21,"G380F",2.582,NA,"Inflow"
"5423",2026-01-01,"G380F",0,NA,"Inflow"
"5424",2026-01-02,"G380F",0,NA,"Inflow"
"5425",2026-01-13,"G380F",21.512,NA,"Inflow"
"5426",2026-01-19,"G380F",20.385,NA,"Inflow"
"5427",2026-01-20,"G380F",21.501,NA,"Inflow"
"5428",2026-01-22,"G380F",36.85,NA,"Inflow"
"5429",2026-01-23,"G380F",20.668,NA,"Inflow"
"5430",2026-01-28,"G380F",31.262,NA,"Inflow"
"5431",2026-01-31,"G380F",0,NA,"Inflow"
"5432",2026-02-03,"G380F",38.908,NA,"Inflow"
"5433",2026-02-08,"G380F",9.782,NA,"Inflow"
"5434",2026-02-13,"G380F",53.151,NA,"Inflow"
"5435",2026-02-17,"G380F",53.149,NA,"Inflow"
"5436",2026-02-23,"G380F",68.231,NA,"Inflow"
"5437",2026-02-25,"G380F",71.159,NA,"Inflow"
"5438",2026-02-28,"G380F",60.689,NA,"Inflow"
"5439",2026-03-03,"G380F",64.184,NA,"Inflow"
"5440",2026-03-05,"G380F",37.99,NA,"Inflow"
"5441",2026-03-06,"G380F",26.319,NA,"Inflow"
"5442",2026-03-07,"G380F",38.125,NA,"Inflow"
"5443",2026-03-10,"G380F",45.664,NA,"Inflow"
"5444",2026-03-11,"G380F",54.872,NA,"Inflow"
"5445",2026-03-16,"G380F",0,NA,"Inflow"
"5446",2026-03-29,"G380F",0,NA,"Inflow"
"5447",2026-04-02,"G380F",0,NA,"Inflow"
"5448",2026-04-07,"G380F",166.636,NA,"Inflow"
"5449",2026-04-13,"G380F",117.282,NA,"Inflow"
"5450",2026-04-20,"G380F",16.144,NA,"Inflow"
"5451",2026-04-30,"G380F",0,NA,"Inflow"
"5452",2026-05-19,"G380F",0,NA,"Inflow"
"5453",2026-05-21,"G380F",0,NA,"Inflow"
"5454",2026-05-31,"G380F",0,NA,"Inflow"
"5455",2026-06-04,"G380F",0,NA,"Inflow"
"5456",2026-06-05,"G380F",0,NA,"Inflow"
"5457",2026-06-13,"G380F",0,NA,"Inflow"
"5458",2026-06-14,"G380F",0,NA,"Inflow"
"5459",2026-06-17,"G380F",66.333,NA,"Inflow"
"5460",2026-06-18,"G380F",58.283,NA,"Inflow"
"5461",2025-09-19,"G380F",45.946,NA,"Inflow"
"5462",2025-09-20,"G380F",57.951,NA,"Inflow"
"5463",2025-09-21,"G380F",15.723,NA,"Inflow"
"5464",2025-09-22,"G380F",8.386,NA,"Inflow"
"5465",2025-09-23,"G380F",49.444,NA,"Inflow"
"5466",2025-09-24,"G380F",130.806,NA,"Inflow"
"5467",2025-09-25,"G380F",162.625,NA,"Inflow"
"5468",2025-09-26,"G380F",129.753,NA,"Inflow"
"5469",2025-09-27,"G380F",119.445,NA,"Inflow"
"5470",2025-09-28,"G380F",119.166,NA,"Inflow"
"5471",2025-09-30,"G380F",41.177,NA,"Inflow"
"5472",2025-10-01,"G380F",29.713,NA,"Inflow"
"5473",2025-10-03,"G380F",75.957,NA,"Inflow"
"5474",2025-10-05,"G380F",29.92,NA,"Inflow"
"5475",2025-10-06,"G380F",36.815,NA,"Inflow"
"5476",2025-10-07,"G380F",27.726,NA,"Inflow"
"5477",2025-10-08,"G380F",31.965,NA,"Inflow"
"5478",2025-10-09,"G380F",25.751,NA,"Inflow"
"5479",2025-10-10,"G380F",78.784,NA,"Inflow"
"5480",2025-10-11,"G380F",169.029,NA,"Inflow"
"5481",2025-10-13,"G380F",138.35,NA,"Inflow"
"5482",2025-10-14,"G380F",122.575,NA,"Inflow"
"5483",2025-10-15,"G380F",39.153,NA,"Inflow"
"5484",2025-10-16,"G380F",48.911,NA,"Inflow"
"5485",2025-10-19,"G380F",0,NA,"Inflow"
"5486",2025-10-20,"G380F",50.339,NA,"Inflow"
"5487",2025-10-21,"G380F",28.118,NA,"Inflow"
"5488",2025-10-22,"G380F",0,NA,"Inflow"
"5489",2025-10-23,"G380F",0,NA,"Inflow"
"5490",2025-10-24,"G380F",0,NA,"Inflow"
"5491",2025-10-25,"G380F",0,NA,"Inflow"
"5492",2025-10-26,"G380F",0,NA,"Inflow"
"5493",2025-10-27,"G380F",0,NA,"Inflow"
"5494",2025-10-28,"G380F",0,NA,"Inflow"
"5495",2025-10-29,"G380F",0,NA,"Inflow"
"5496",2025-10-31,"G380F",0,NA,"Inflow"
"5497",2025-11-02,"G380F",0,NA,"Inflow"
"5498",2025-11-03,"G380F",0,NA,"Inflow"
"5499",2025-11-04,"G380F",0,NA,"Inflow"
"5500",2025-11-05,"G380F",0,NA,"Inflow"
"5501",2025-11-06,"G380F",0,NA,"Inflow"
"5502",2025-11-07,"G380F",0,NA,"Inflow"
"5503",2025-11-08,"G380F",0,NA,"Inflow"
"5504",2025-11-09,"G380F",0,NA,"Inflow"
"5505",2025-11-11,"G380F",15.42,NA,"Inflow"
"5506",2025-11-12,"G380F",17.733,NA,"Inflow"
"5507",2025-11-13,"G380F",17.033,NA,"Inflow"
"5508",2025-11-14,"G380F",16.612,NA,"Inflow"
"5509",2025-11-15,"G380F",16.022,NA,"Inflow"
"5510",2025-11-16,"G380F",17.082,NA,"Inflow"
"5511",2025-11-17,"G380F",21.702,NA,"Inflow"
"5512",2025-11-18,"G380F",12.11,NA,"Inflow"
"5513",2025-11-19,"G380F",0,NA,"Inflow"
"5514",2025-11-20,"G380F",0,NA,"Inflow"
"5515",2025-11-21,"G380F",0,NA,"Inflow"
"5516",2025-11-22,"G380F",0,NA,"Inflow"
"5517",2025-11-23,"G380F",0,NA,"Inflow"
"5518",2025-11-24,"G380F",0,NA,"Inflow"
"5519",2025-11-25,"G380F",0,NA,"Inflow"
"5520",2025-11-26,"G380F",0,NA,"Inflow"
"5521",2026-06-21,"G380F",0,NA,"Inflow"
"5522",2026-06-30,"G380F",0,NA,"Inflow"
"5523",2026-07-12,"G380F",0,NA,"Inflow"
"5524",2026-07-13,"G380F",0,NA,"Inflow"
"5525",2026-07-17,"G380F",0,NA,"Inflow"
"5526",2026-07-23,"G380F",0,NA,"Inflow"
"5527",2026-07-31,"G380F",0,NA,"Inflow"
"5528",2024-11-01,"G381A",0,NA,"Outflow"
"5529",2024-11-02,"G381A",0,NA,"Outflow"
"5530",2024-11-05,"G381A",0,NA,"Outflow"
"5531",2024-11-06,"G381A",0,NA,"Outflow"
"5532",2024-11-12,"G381A",5.98,NA,"Outflow"
"5533",2024-11-13,"G381A",0,NA,"Outflow"
"5534",2024-11-14,"G381A",0,NA,"Outflow"
"5535",2024-11-15,"G381A",0,NA,"Outflow"
"5536",2024-11-16,"G381A",0,NA,"Outflow"
"5537",2024-11-17,"G381A",0,NA,"Outflow"
"5538",2024-11-18,"G381A",0,NA,"Outflow"
"5539",2024-11-19,"G381A",0,NA,"Outflow"
"5540",2024-11-20,"G381A",0,NA,"Outflow"
"5541",2024-11-21,"G381A",0,NA,"Outflow"
"5542",2024-11-22,"G381A",0,NA,"Outflow"
"5543",2024-11-25,"G381A",0,NA,"Outflow"
"5544",2024-11-26,"G381A",0,NA,"Outflow"
"5545",2024-11-28,"G381A",0,NA,"Outflow"
"5546",2024-11-29,"G381A",0,NA,"Outflow"
"5547",2024-11-30,"G381A",0,NA,"Outflow"
"5548",2024-12-01,"G381A",0,NA,"Outflow"
"5549",2024-12-02,"G381A",0,NA,"Outflow"
"5550",2024-12-03,"G381A",0,NA,"Outflow"
"5551",2024-12-05,"G381A",0,NA,"Outflow"
"5552",2024-12-07,"G381A",0,NA,"Outflow"
"5553",2024-12-10,"G381A",0.008,NA,"Outflow"
"5554",2024-12-11,"G381A",0,NA,"Outflow"
"5555",2024-12-12,"G381A",0,NA,"Outflow"
"5556",2024-12-13,"G381A",6.873,NA,"Outflow"
"5557",2024-12-14,"G381A",11.465,NA,"Outflow"
"5558",2024-12-15,"G381A",12.237,NA,"Outflow"
"5559",2024-12-16,"G381A",17.014,NA,"Outflow"
"5560",2024-12-17,"G381A",21.411,NA,"Outflow"
"5561",2024-12-18,"G381A",22.3,NA,"Outflow"
"5562",2024-12-19,"G381A",63.885,NA,"Outflow"
"5563",2024-12-22,"G381A",7.496,NA,"Outflow"
"5564",2024-12-25,"G381A",39.191,NA,"Outflow"
"5565",2024-12-26,"G381A",33.746,NA,"Outflow"
"5566",2024-12-27,"G381A",36.981,NA,"Outflow"
"5567",2024-12-28,"G381A",41.551,NA,"Outflow"
"5568",2024-12-29,"G381A",43.207,NA,"Outflow"
"5569",2024-12-30,"G381A",43.499,NA,"Outflow"
"5570",2024-12-31,"G381A",37.876,NA,"Outflow"
"5571",2024-11-03,"G381A",0,NA,"Outflow"
"5572",2024-11-04,"G381A",0,NA,"Outflow"
"5573",2024-11-07,"G381A",0,NA,"Outflow"
"5574",2024-11-08,"G381A",83.749,NA,"Outflow"
"5575",2024-11-09,"G381A",119.478,NA,"Outflow"
"5576",2024-11-10,"G381A",48.03,NA,"Outflow"
"5577",2024-11-11,"G381A",36.368,NA,"Outflow"
"5578",2024-11-23,"G381A",0,NA,"Outflow"
"5579",2024-11-24,"G381A",0,NA,"Outflow"
"5580",2024-11-27,"G381A",0,NA,"Outflow"
"5581",2024-12-04,"G381A",0,NA,"Outflow"
"5582",2024-12-06,"G381A",0,NA,"Outflow"
"5583",2024-12-08,"G381A",0,NA,"Outflow"
"5584",2024-12-09,"G381A",0,NA,"Outflow"
"5585",2024-12-20,"G381A",51.418,NA,"Outflow"
"5586",2024-12-21,"G381A",45.722,NA,"Outflow"
"5587",2024-12-23,"G381A",35.045,NA,"Outflow"
"5588",2024-12-24,"G381A",41.394,NA,"Outflow"
"5589",2025-11-27,"G380F",0,NA,"Inflow"
"5590",2025-11-28,"G380F",0,NA,"Inflow"
"5591",2025-11-29,"G380F",0,NA,"Inflow"
"5592",2025-11-30,"G380F",0,NA,"Inflow"
"5593",2025-12-02,"G380F",0,NA,"Inflow"
"5594",2025-12-05,"G380F",0,NA,"Inflow"
"5595",2025-12-06,"G380F",0,NA,"Inflow"
"5596",2025-12-07,"G380F",0,NA,"Inflow"
"5597",2025-12-09,"G380F",0,NA,"Inflow"
"5598",2025-12-13,"G380F",0,NA,"Inflow"
"5599",2025-12-14,"G380F",0,NA,"Inflow"
"5600",2025-12-15,"G380F",0,NA,"Inflow"
"5601",2025-12-17,"G380F",0,NA,"Inflow"
"5602",2025-12-18,"G380F",0,NA,"Inflow"
"5603",2025-12-19,"G380F",0,NA,"Inflow"
"5604",2025-12-20,"G380F",0,NA,"Inflow"
"5605",2025-12-21,"G380F",0,NA,"Inflow"
"5606",2025-12-23,"G380F",0,NA,"Inflow"
"5607",2025-12-24,"G380F",0,NA,"Inflow"
"5608",2025-12-25,"G380F",0,NA,"Inflow"
"5609",2025-12-26,"G380F",0,NA,"Inflow"
"5610",2025-12-28,"G380F",0,NA,"Inflow"
"5611",2025-12-31,"G380F",0,NA,"Inflow"
"5612",2025-12-30,"G380F",0,NA,"Inflow"
"5613",2025-01-01,"G380F",20.2,NA,"Inflow"
"5614",2025-01-04,"G380F",0,NA,"Inflow"
"5615",2025-01-07,"G380F",0,NA,"Inflow"
"5616",2025-01-08,"G380F",0,NA,"Inflow"
"5617",2025-01-10,"G380F",33.293,NA,"Inflow"
"5618",2025-01-17,"G380F",26.087,NA,"Inflow"
"5619",2025-01-23,"G380F",33.642,NA,"Inflow"
"5620",2025-01-29,"G380F",34.178,NA,"Inflow"
"5621",2025-02-22,"G380F",43.189,NA,"Inflow"
"5622",2025-02-24,"G380F",35.591,NA,"Inflow"
"5623",2025-03-01,"G380F",26.544,NA,"Inflow"
"5624",2025-03-05,"G380F",27.209,NA,"Inflow"
"5625",2025-03-07,"G380F",28.181,NA,"Inflow"
"5626",2025-03-09,"G380F",30.327,NA,"Inflow"
"5627",2025-03-14,"G380F",28.27,NA,"Inflow"
"5628",2025-03-16,"G380F",29.127,NA,"Inflow"
"5629",2025-03-21,"G380F",27.768,NA,"Inflow"
"5630",2025-03-24,"G380F",27.633,NA,"Inflow"
"5631",2025-03-25,"G380F",34.049,NA,"Inflow"
"5632",2025-03-29,"G380F",34.862,NA,"Inflow"
"5633",2025-04-02,"G380F",0,NA,"Inflow"
"5634",2025-04-03,"G380F",0,NA,"Inflow"
"5635",2025-04-06,"G380F",0,NA,"Inflow"
"5636",2025-04-07,"G380F",0,NA,"Inflow"
"5637",2025-04-14,"G380F",0,NA,"Inflow"
"5638",2025-04-21,"G380F",0,NA,"Inflow"
"5639",2025-04-27,"G380F",0,NA,"Inflow"
"5640",2025-04-30,"G380F",25.91,NA,"Inflow"
"5641",2025-05-02,"G380F",35.316,NA,"Inflow"
"5642",2025-05-03,"G380F",60.885,NA,"Inflow"
"5643",2025-05-05,"G380F",29.931,NA,"Inflow"
"5644",2025-05-09,"G380F",0,NA,"Inflow"
"5645",2025-05-10,"G380F",0,NA,"Inflow"
"5646",2025-05-11,"G380F",0,NA,"Inflow"
"5647",2025-05-13,"G380F",0,NA,"Inflow"
"5648",2025-05-14,"G380F",0,NA,"Inflow"
"5649",2026-01-02,"G381A",0,NA,"Outflow"
"5650",2026-01-04,"G381A",0,NA,"Outflow"
"5651",2026-01-05,"G381A",0,NA,"Outflow"
"5652",2026-01-06,"G381A",0,NA,"Outflow"
"5653",2026-01-07,"G381A",0,NA,"Outflow"
"5654",2026-01-08,"G381A",0,NA,"Outflow"
"5655",2026-01-09,"G381A",0,NA,"Outflow"
"5656",2026-01-10,"G381A",0,NA,"Outflow"
"5657",2026-01-13,"G381A",22.565,NA,"Outflow"
"5658",2026-01-14,"G381A",13.797,NA,"Outflow"
"5659",2026-01-15,"G381A",11.114,NA,"Outflow"
"5660",2026-01-16,"G381A",25.094,NA,"Outflow"
"5661",2026-01-17,"G381A",20.745,NA,"Outflow"
"5662",2026-01-18,"G381A",9.545,NA,"Outflow"
"5663",2026-01-19,"G381A",15.71,NA,"Outflow"
"5664",2026-01-20,"G381A",19.314,NA,"Outflow"
"5665",2026-01-21,"G381A",12.87,NA,"Outflow"
"5666",2026-01-22,"G381A",9.598,NA,"Outflow"
"5667",2026-01-24,"G381A",16.919,NA,"Outflow"
"5668",2026-01-26,"G381A",14.317,NA,"Outflow"
"5669",2026-01-27,"G381A",0,NA,"Outflow"
"5670",2026-01-28,"G381A",27.036,NA,"Outflow"
"5671",2026-01-30,"G381A",35.203,NA,"Outflow"
"5672",2026-02-01,"G381A",21.427,NA,"Outflow"
"5673",2026-02-03,"G381A",17.162,NA,"Outflow"
"5674",2026-02-04,"G381A",14.843,NA,"Outflow"
"5675",2026-02-05,"G381A",17.471,NA,"Outflow"
"5676",2026-02-06,"G381A",44.734,NA,"Outflow"
"5677",2026-02-07,"G381A",39.211,NA,"Outflow"
"5678",2026-02-08,"G381A",33.767,NA,"Outflow"
"5679",2026-02-10,"G381A",23.593,NA,"Outflow"
"5680",2026-02-11,"G381A",25.184,NA,"Outflow"
"5681",2026-02-12,"G381A",28.78,NA,"Outflow"
"5682",2026-02-13,"G381A",32.062,NA,"Outflow"
"5683",2026-02-15,"G381A",50.496,NA,"Outflow"
"5684",2026-02-16,"G381A",63.477,NA,"Outflow"
"5685",2026-02-18,"G381A",59.088,NA,"Outflow"
"5686",2026-02-19,"G381A",68.991,NA,"Outflow"
"5687",2026-02-20,"G381A",72.095,NA,"Outflow"
"5688",2026-02-21,"G381A",66.357,NA,"Outflow"
"5689",2026-02-23,"G381A",70.935,NA,"Outflow"
"5690",2026-02-24,"G381A",63.178,NA,"Outflow"
"5691",2026-02-25,"G381A",57.888,NA,"Outflow"
"5692",2026-02-28,"G381A",61.255,NA,"Outflow"
"5693",2026-03-01,"G381A",66.943,NA,"Outflow"
"5694",2026-03-02,"G381A",45.481,NA,"Outflow"
"5695",2026-03-03,"G381A",5.431,NA,"Outflow"
"5696",2026-03-04,"G381A",0,NA,"Outflow"
"5697",2026-03-05,"G381A",0,NA,"Outflow"
"5698",2026-03-06,"G381A",48.222,NA,"Outflow"
"5699",2026-03-07,"G381A",62.206,NA,"Outflow"
"5700",2026-03-08,"G381A",37.728,NA,"Outflow"
"5701",2026-03-10,"G381A",18.967,NA,"Outflow"
"5702",2026-03-11,"G381A",18.747,NA,"Outflow"
"5703",2026-03-12,"G381A",38.195,NA,"Outflow"
"5704",2026-03-13,"G381A",56.217,NA,"Outflow"
"5705",2026-03-15,"G381A",31.082,NA,"Outflow"
"5706",2026-03-16,"G381A",6.159,NA,"Outflow"
"5707",2026-03-17,"G381A",0,NA,"Outflow"
"5708",2026-03-18,"G381A",19.455,NA,"Outflow"
"5709",2026-03-19,"G381A",23.689,NA,"Outflow"
"5710",2026-03-20,"G381A",41.914,NA,"Outflow"
"5711",2026-03-21,"G381A",23.736,NA,"Outflow"
"5712",2026-03-22,"G381A",0,NA,"Outflow"
"5713",2026-03-23,"G381A",0,NA,"Outflow"
"5714",2026-03-24,"G381A",0,NA,"Outflow"
"5715",2026-03-25,"G381A",35.37,NA,"Outflow"
"5716",2026-03-26,"G381A",40.489,NA,"Outflow"
"5717",2026-03-27,"G381A",44.33,NA,"Outflow"
"5718",2025-05-17,"G380F",0,NA,"Inflow"
"5719",2025-05-20,"G380F",0,NA,"Inflow"
"5720",2025-05-21,"G380F",0,NA,"Inflow"
"5721",2025-05-29,"G380F",0,NA,"Inflow"
"5722",2025-06-11,"G380F",57.655,NA,"Inflow"
"5723",2025-06-12,"G380F",60.622,NA,"Inflow"
"5724",2025-06-15,"G380F",40.201,NA,"Inflow"
"5725",2025-06-19,"G380F",0,NA,"Inflow"
"5726",2025-06-23,"G380F",0,NA,"Inflow"
"5727",2025-06-24,"G380F",0,NA,"Inflow"
"5728",2025-06-26,"G380F",20.396,NA,"Inflow"
"5729",2025-06-30,"G380F",12.903,NA,"Inflow"
"5730",2025-07-01,"G380F",28.5,NA,"Inflow"
"5731",2025-07-02,"G380F",96.201,NA,"Inflow"
"5732",2025-07-04,"G380F",111.394,NA,"Inflow"
"5733",2025-08-01,"G380F",0,NA,"Inflow"
"5734",2025-08-02,"G380F",0,NA,"Inflow"
"5735",2025-08-04,"G380F",0,NA,"Inflow"
"5736",2025-08-07,"G380F",0,NA,"Inflow"
"5737",2025-08-11,"G380F",0,NA,"Inflow"
"5738",2025-08-14,"G380F",0,NA,"Inflow"
"5739",2025-08-27,"G380F",0,NA,"Inflow"
"5740",2025-09-05,"G380F",95.113,NA,"Inflow"
"5741",2025-09-09,"G380F",196.096,NA,"Inflow"
"5742",2025-09-15,"G380F",84.024,NA,"Inflow"
"5743",2025-09-29,"G380F",85.823,NA,"Inflow"
"5744",2025-10-02,"G380F",35.164,NA,"Inflow"
"5745",2025-10-04,"G380F",85.626,NA,"Inflow"
"5746",2025-10-12,"G380F",212.114,NA,"Inflow"
"5747",2025-10-17,"G380F",22.889,NA,"Inflow"
"5748",2025-10-18,"G380F",0,NA,"Inflow"
"5749",2025-10-30,"G380F",0,NA,"Inflow"
"5750",2025-11-01,"G380F",0,NA,"Inflow"
"5751",2025-11-10,"G380F",0,NA,"Inflow"
"5752",2025-12-01,"G380F",0,NA,"Inflow"
"5753",2025-12-03,"G380F",0,NA,"Inflow"
"5754",2025-12-04,"G380F",0,NA,"Inflow"
"5755",2025-12-08,"G380F",0,NA,"Inflow"
"5756",2025-12-10,"G380F",0,NA,"Inflow"
"5757",2025-12-11,"G380F",0,NA,"Inflow"
"5758",2025-12-12,"G380F",0,NA,"Inflow"
"5759",2025-12-16,"G380F",0,NA,"Inflow"
"5760",2025-12-22,"G380F",0,NA,"Inflow"
"5761",2025-12-27,"G380F",0,NA,"Inflow"
"5762",2025-12-29,"G380F",0,NA,"Inflow"
"5763",2025-01-01,"G381A",39.073,NA,"Outflow"
"5764",2025-01-03,"G381A",20.598,NA,"Outflow"
"5765",2025-01-04,"G381A",0,NA,"Outflow"
"5766",2025-01-05,"G381A",0,NA,"Outflow"
"5767",2025-01-06,"G381A",0,NA,"Outflow"
"5768",2025-01-07,"G381A",0,NA,"Outflow"
"5769",2025-01-08,"G381A",0,NA,"Outflow"
"5770",2025-01-11,"G381A",0,NA,"Outflow"
"5771",2025-01-12,"G381A",38.091,NA,"Outflow"
"5772",2025-01-14,"G381A",41.196,NA,"Outflow"
"5773",2025-01-15,"G381A",37.593,NA,"Outflow"
"5774",2025-01-16,"G381A",35.527,NA,"Outflow"
"5775",2025-01-17,"G381A",31.976,NA,"Outflow"
"5776",2025-01-18,"G381A",32.021,NA,"Outflow"
"5777",2025-01-19,"G381A",13.951,NA,"Outflow"
"5778",2025-01-20,"G381A",35.926,NA,"Outflow"
"5779",2025-01-21,"G381A",28.496,NA,"Outflow"
"5780",2026-03-28,"G381A",62.722,NA,"Outflow"
"5781",2026-03-29,"G381A",67.355,NA,"Outflow"
"5782",2026-03-31,"G381A",67.333,NA,"Outflow"
"5783",2026-04-02,"G381A",11.906,NA,"Outflow"
"5784",2026-04-03,"G381A",15.283,NA,"Outflow"
"5785",2026-04-04,"G381A",0,NA,"Outflow"
"5786",2026-04-06,"G381A",115.43,NA,"Outflow"
"5787",2026-04-07,"G381A",154.145,NA,"Outflow"
"5788",2026-04-08,"G381A",166.08,NA,"Outflow"
"5789",2026-04-09,"G381A",185.648,NA,"Outflow"
"5790",2026-04-10,"G381A",196.291,NA,"Outflow"
"5791",2026-04-11,"G381A",206.191,NA,"Outflow"
"5792",2026-04-12,"G381A",201.269,NA,"Outflow"
"5793",2026-04-13,"G381A",210.626,NA,"Outflow"
"5794",2026-04-15,"G381A",135.8,NA,"Outflow"
"5795",2026-04-16,"G381A",108.595,NA,"Outflow"
"5796",2026-04-17,"G381A",38.657,NA,"Outflow"
"5797",2026-04-18,"G381A",3.971,NA,"Outflow"
"5798",2026-04-20,"G381A",0,NA,"Outflow"
"5799",2026-04-21,"G381A",0,NA,"Outflow"
"5800",2026-04-23,"G381A",0,NA,"Outflow"
"5801",2026-04-26,"G381A",83.798,NA,"Outflow"
"5802",2026-04-27,"G381A",36.112,NA,"Outflow"
"5803",2026-04-29,"G381A",22.092,NA,"Outflow"
"5804",2026-04-30,"G381A",24.674,NA,"Outflow"
"5805",2026-05-01,"G381A",0,NA,"Outflow"
"5806",2026-05-02,"G381A",0,NA,"Outflow"
"5807",2026-05-03,"G381A",0,NA,"Outflow"
"5808",2026-05-04,"G381A",0,NA,"Outflow"
"5809",2026-05-06,"G381A",0,NA,"Outflow"
"5810",2026-05-07,"G381A",0,NA,"Outflow"
"5811",2026-05-08,"G381A",0,NA,"Outflow"
"5812",2026-05-09,"G381A",0,NA,"Outflow"
"5813",2026-05-10,"G381A",0,NA,"Outflow"
"5814",2026-05-11,"G381A",0,NA,"Outflow"
"5815",2026-05-12,"G381A",0,NA,"Outflow"
"5816",2026-05-14,"G381A",0,NA,"Outflow"
"5817",2026-05-15,"G381A",0,NA,"Outflow"
"5818",2026-05-16,"G381A",0,NA,"Outflow"
"5819",2026-05-17,"G381A",0,NA,"Outflow"
"5820",2026-05-18,"G381A",0,NA,"Outflow"
"5821",2026-05-19,"G381A",0,NA,"Outflow"
"5822",2026-05-20,"G381A",0,NA,"Outflow"
"5823",2026-05-21,"G381A",0,NA,"Outflow"
"5824",2026-05-22,"G381A",0,NA,"Outflow"
"5825",2026-05-23,"G381A",0,NA,"Outflow"
"5826",2026-05-24,"G381A",0,NA,"Outflow"
"5827",2026-05-26,"G381A",0,NA,"Outflow"
"5828",2026-05-28,"G381A",0,NA,"Outflow"
"5829",2026-05-29,"G381A",0,NA,"Outflow"
"5830",2026-05-30,"G381A",0,NA,"Outflow"
"5831",2026-05-31,"G381A",0,NA,"Outflow"
"5832",2026-06-02,"G381A",0,NA,"Outflow"
"5833",2026-06-03,"G381A",0,NA,"Outflow"
"5834",2026-06-05,"G381A",0,NA,"Outflow"
"5835",2026-06-06,"G381A",0,NA,"Outflow"
"5836",2026-06-07,"G381A",0,NA,"Outflow"
"5837",2026-06-09,"G381A",0,NA,"Outflow"
"5838",2026-06-10,"G381A",0,NA,"Outflow"
"5839",2026-06-11,"G381A",0,NA,"Outflow"
"5840",2026-06-12,"G381A",0,NA,"Outflow"
"5841",2026-06-13,"G381A",0,NA,"Outflow"
"5842",2026-06-14,"G381A",0,NA,"Outflow"
"5843",2026-06-15,"G381A",0,NA,"Outflow"
"5844",2026-06-16,"G381A",0,NA,"Outflow"
"5845",2026-06-17,"G381A",0,NA,"Outflow"
"5846",2026-06-18,"G381A",0,NA,"Outflow"
"5847",2026-06-20,"G381A",0,NA,"Outflow"
"5848",2026-06-21,"G381A",0,NA,"Outflow"
"5849",2026-06-22,"G381A",0,NA,"Outflow"
"5850",2025-01-23,"G381A",53.144,NA,"Outflow"
"5851",2025-01-24,"G381A",48.33,NA,"Outflow"
"5852",2025-01-25,"G381A",26.77,NA,"Outflow"
"5853",2025-01-26,"G381A",34.784,NA,"Outflow"
"5854",2025-01-27,"G381A",31.451,NA,"Outflow"
"5855",2025-01-29,"G381A",38.383,NA,"Outflow"
"5856",2025-01-30,"G381A",36.079,NA,"Outflow"
"5857",2025-01-31,"G381A",37.011,NA,"Outflow"
"5858",2025-02-01,"G381A",36.325,NA,"Outflow"
"5859",2025-02-02,"G381A",36.801,NA,"Outflow"
"5860",2025-02-03,"G381A",30.319,NA,"Outflow"
"5861",2025-02-04,"G381A",16.733,NA,"Outflow"
"5862",2025-02-05,"G381A",37.071,NA,"Outflow"
"5863",2025-02-06,"G381A",27.171,NA,"Outflow"
"5864",2025-02-07,"G381A",39.502,NA,"Outflow"
"5865",2025-02-08,"G381A",34.253,NA,"Outflow"
"5866",2025-02-09,"G381A",10.021,NA,"Outflow"
"5867",2025-02-10,"G381A",1.336,NA,"Outflow"
"5868",2025-02-11,"G381A",0,NA,"Outflow"
"5869",2025-02-14,"G381A",35.702,NA,"Outflow"
"5870",2025-02-15,"G381A",28.811,NA,"Outflow"
"5871",2025-02-17,"G381A",35.702,NA,"Outflow"
"5872",2025-02-18,"G381A",19.049,NA,"Outflow"
"5873",2025-02-19,"G381A",40.667,NA,"Outflow"
"5874",2025-02-20,"G381A",63.045,NA,"Outflow"
"5875",2025-02-21,"G381A",37.192,NA,"Outflow"
"5876",2025-02-22,"G381A",40.287,NA,"Outflow"
"5877",2025-02-23,"G381A",37.898,NA,"Outflow"
"5878",2025-02-25,"G381A",38.788,NA,"Outflow"
"5879",2025-02-26,"G381A",29.493,NA,"Outflow"
"5880",2025-02-27,"G381A",22.524,NA,"Outflow"
"5881",2025-02-28,"G381A",32.896,NA,"Outflow"
"5882",2025-03-01,"G381A",24.23,NA,"Outflow"
"5883",2025-03-02,"G381A",33.731,NA,"Outflow"
"5884",2025-03-03,"G381A",27.988,NA,"Outflow"
"5885",2025-03-04,"G381A",16.541,NA,"Outflow"
"5886",2025-03-05,"G381A",26.218,NA,"Outflow"
"5887",2025-03-07,"G381A",28.358,NA,"Outflow"
"5888",2025-03-08,"G381A",25.998,NA,"Outflow"
"5889",2025-03-09,"G381A",25.661,NA,"Outflow"
"5890",2025-03-10,"G381A",28.274,NA,"Outflow"
"5891",2025-03-11,"G381A",29.878,NA,"Outflow"
"5892",2025-03-12,"G381A",30.685,NA,"Outflow"
"5893",2025-03-13,"G381A",32.436,NA,"Outflow"
"5894",2025-03-14,"G381A",31.779,NA,"Outflow"
"5895",2025-03-16,"G381A",28.774,NA,"Outflow"
"5896",2025-03-17,"G381A",31.64,NA,"Outflow"
"5897",2025-03-18,"G381A",32.602,NA,"Outflow"
"5898",2025-03-19,"G381A",31.8,NA,"Outflow"
"5899",2025-03-21,"G381A",30.806,NA,"Outflow"
"5900",2025-03-22,"G381A",29.352,NA,"Outflow"
"5901",2025-03-23,"G381A",28.312,NA,"Outflow"
"5902",2025-03-24,"G381A",30.296,NA,"Outflow"
"5903",2025-03-25,"G381A",30.479,NA,"Outflow"
"5904",2025-03-28,"G381A",30.956,NA,"Outflow"
"5905",2025-03-29,"G381A",25.645,NA,"Outflow"
"5906",2025-03-30,"G381A",23.798,NA,"Outflow"
"5907",2025-03-31,"G381A",26.801,NA,"Outflow"
"5908",2025-04-01,"G381A",34.121,NA,"Outflow"
"5909",2025-04-02,"G381A",33.337,NA,"Outflow"
"5910",2025-04-03,"G381A",32.155,NA,"Outflow"
"5911",2025-04-04,"G381A",32.969,NA,"Outflow"
"5912",2025-04-05,"G381A",20.652,NA,"Outflow"
"5913",2025-04-06,"G381A",0,NA,"Outflow"
"5914",2025-04-07,"G381A",0,NA,"Outflow"
"5915",2025-04-08,"G381A",0,NA,"Outflow"
"5916",2025-04-10,"G381A",0,NA,"Outflow"
"5917",2025-04-11,"G381A",0,NA,"Outflow"
"5918",2025-04-12,"G381A",0,NA,"Outflow"
"5919",2026-06-23,"G381A",0,NA,"Outflow"
"5920",2026-06-24,"G381A",0,NA,"Outflow"
"5921",2026-06-26,"G381A",0,NA,"Outflow"
"5922",2026-06-27,"G381A",0,NA,"Outflow"
"5923",2026-06-28,"G381A",0,NA,"Outflow"
"5924",2026-06-29,"G381A",0,NA,"Outflow"
"5925",2026-06-30,"G381A",0,NA,"Outflow"
"5926",2026-07-01,"G381A",0,NA,"Outflow"
"5927",2026-07-02,"G381A",0,NA,"Outflow"
"5928",2026-07-04,"G381A",0,NA,"Outflow"
"5929",2026-07-05,"G381A",0,NA,"Outflow"
"5930",2026-07-06,"G381A",0,NA,"Outflow"
"5931",2026-07-07,"G381A",0,NA,"Outflow"
"5932",2026-07-08,"G381A",0,NA,"Outflow"
"5933",2026-07-09,"G381A",0,NA,"Outflow"
"5934",2026-07-10,"G381A",0,NA,"Outflow"
"5935",2026-07-11,"G381A",0,NA,"Outflow"
"5936",2026-07-12,"G381A",0,NA,"Outflow"
"5937",2026-07-13,"G381A",0,NA,"Outflow"
"5938",2026-07-14,"G381A",0,NA,"Outflow"
"5939",2026-07-15,"G381A",0,NA,"Outflow"
"5940",2026-07-16,"G381A",0,NA,"Outflow"
"5941",2026-07-17,"G381A",0,NA,"Outflow"
"5942",2026-07-18,"G381A",0,NA,"Outflow"
"5943",2026-07-19,"G381A",0,NA,"Outflow"
"5944",2026-07-20,"G381A",0,NA,"Outflow"
"5945",2026-07-21,"G381A",0,NA,"Outflow"
"5946",2026-07-22,"G381A",0,NA,"Outflow"
"5947",2026-07-23,"G381A",34.839,NA,"Outflow"
"5948",2026-07-24,"G381A",23.191,NA,"Outflow"
"5949",2026-07-25,"G381A",22.712,NA,"Outflow"
"5950",2026-07-26,"G381A",22.099,NA,"Outflow"
"5951",2026-07-27,"G381A",21.29,NA,"Outflow"
"5952",2026-07-28,"G381A",19.576,NA,"Outflow"
"5953",2026-07-29,"G381A",18.996,NA,"Outflow"
"5954",2026-07-30,"G381A",17.458,NA,"Outflow"
"5955",2026-07-31,"G381A",15.345,NA,"Outflow"
"5956",2026-08-02,"G381A",12.552,NA,"Outflow"
"5957",2026-08-03,"G381A",12.913,NA,"Outflow"
"5958",2026-08-04,"G381A",8.156,NA,"Outflow"
"5959",2026-08-05,"G381A",11.096,NA,"Outflow"
"5960",2026-08-06,"G381A",82.384,NA,"Outflow"
"5961",2026-08-07,"G381A",109.54,NA,"Outflow"
"5962",2026-08-08,"G381A",106.735,NA,"Outflow"
"5963",2026-08-09,"G381A",66.805,NA,"Outflow"
"5964",2026-08-10,"G381A",46.152,NA,"Outflow"
"5965",2026-08-11,"G381A",44.154,NA,"Outflow"
"5966",2026-08-12,"G381A",48.557,NA,"Outflow"
"5967",2026-08-13,"G381A",64.648,NA,"Outflow"
"5968",2026-08-14,"G381A",67.391,NA,"Outflow"
"5969",2026-08-15,"G381A",72.091,NA,"Outflow"
"5970",2026-08-16,"G381A",NA,NA,"Outflow"
"5971",2026-08-17,"G381A",18.35,NA,"Outflow"
"5972",2026-08-18,"G381A",28.177,NA,"Outflow"
"5973",2026-08-19,"G381A",49.084,NA,"Outflow"
"5974",2026-08-20,"G381A",23.759,NA,"Outflow"
"5975",2026-08-21,"G381A",6.356,NA,"Outflow"
"5976",2026-08-22,"G381A",0,NA,"Outflow"
"5977",2026-08-23,"G381A",0,NA,"Outflow"
"5978",2026-08-24,"G381A",0,NA,"Outflow"
"5979",2026-08-25,"G381A",57.818,NA,"Outflow"
"5980",2026-08-26,"G381A",41.61,NA,"Outflow"
"5981",2026-08-27,"G381A",0,NA,"Outflow"
"5982",2026-08-28,"G381A",6.111,NA,"Outflow"
"5983",2026-08-29,"G381A",5.522,NA,"Outflow"
"5984",2026-08-30,"G381A",46.548,NA,"Outflow"
"5985",2026-08-31,"G381A",58.775,NA,"Outflow"
"5986",2026-09-01,"G381A",54.319,NA,"Outflow"
"5987",2026-09-02,"G381A",55.406,NA,"Outflow"
"5988",2025-04-13,"G381A",0,NA,"Outflow"
"5989",2025-04-14,"G381A",0,NA,"Outflow"
"5990",2025-04-15,"G381A",0,NA,"Outflow"
"5991",2025-04-16,"G381A",0,NA,"Outflow"
"5992",2025-04-17,"G381A",0,NA,"Outflow"
"5993",2025-04-18,"G381A",0,NA,"Outflow"
"5994",2025-04-19,"G381A",0,NA,"Outflow"
"5995",2025-04-20,"G381A",0,NA,"Outflow"
"5996",2025-04-21,"G381A",0,NA,"Outflow"
"5997",2025-04-22,"G381A",0,NA,"Outflow"
"5998",2025-04-23,"G381A",0,NA,"Outflow"
"5999",2025-04-24,"G381A",0,NA,"Outflow"
"6000",2025-04-25,"G381A",0,NA,"Outflow"
"6001",2025-04-28,"G381A",0,NA,"Outflow"
"6002",2025-04-29,"G381A",0,NA,"Outflow"
"6003",2025-04-30,"G381A",0,NA,"Outflow"
"6004",2025-05-01,"G381A",0,NA,"Outflow"
"6005",2025-05-02,"G381A",0,NA,"Outflow"
"6006",2025-05-04,"G381A",0,NA,"Outflow"
"6007",2025-05-06,"G381A",0,NA,"Outflow"
"6008",2025-05-07,"G381A",0,NA,"Outflow"
"6009",2025-05-08,"G381A",0,NA,"Outflow"
"6010",2025-05-09,"G381A",0,NA,"Outflow"
"6011",2025-05-10,"G381A",0,NA,"Outflow"
"6012",2025-05-11,"G381A",0,NA,"Outflow"
"6013",2025-05-12,"G381A",0,NA,"Outflow"
"6014",2025-05-13,"G381A",0,NA,"Outflow"
"6015",2025-05-14,"G381A",0,NA,"Outflow"
"6016",2025-05-15,"G381A",0,NA,"Outflow"
"6017",2025-05-16,"G381A",0,NA,"Outflow"
"6018",2025-05-17,"G381A",0,NA,"Outflow"
"6019",2025-05-19,"G381A",0,NA,"Outflow"
"6020",2025-05-21,"G381A",0,NA,"Outflow"
"6021",2025-05-22,"G381A",0,NA,"Outflow"
"6022",2025-05-24,"G381A",0,NA,"Outflow"
"6023",2025-05-26,"G381A",0,NA,"Outflow"
"6024",2025-05-28,"G381A",0,NA,"Outflow"
"6025",2025-05-29,"G381A",42.828,NA,"Outflow"
"6026",2025-05-30,"G381A",0.656,NA,"Outflow"
"6027",2025-06-01,"G381A",0,NA,"Outflow"
"6028",2025-06-02,"G381A",25.907,NA,"Outflow"
"6029",2025-06-04,"G381A",0,NA,"Outflow"
"6030",2025-06-05,"G381A",74.372,NA,"Outflow"
"6031",2025-06-06,"G381A",77.716,NA,"Outflow"
"6032",2025-06-08,"G381A",29.92,NA,"Outflow"
"6033",2025-06-09,"G381A",15.076,NA,"Outflow"
"6034",2025-06-10,"G381A",0,NA,"Outflow"
"6035",2025-06-11,"G381A",0,NA,"Outflow"
"6036",2025-06-12,"G381A",0,NA,"Outflow"
"6037",2025-06-13,"G381A",59.931,NA,"Outflow"
"6038",2025-06-15,"G381A",55.709,NA,"Outflow"
"6039",2025-06-16,"G381A",62.552,NA,"Outflow"
"6040",2025-06-17,"G381A",56.93,NA,"Outflow"
"6041",2025-06-18,"G381A",31.894,NA,"Outflow"
"6042",2025-06-20,"G381A",0,NA,"Outflow"
"6043",2025-06-21,"G381A",0,NA,"Outflow"
"6044",2025-06-24,"G381A",47.143,NA,"Outflow"
"6045",2025-06-26,"G381A",0,NA,"Outflow"
"6046",2025-06-28,"G381A",34.399,NA,"Outflow"
"6047",2025-06-29,"G381A",0,NA,"Outflow"
"6048",2025-06-30,"G381A",0,NA,"Outflow"
"6049",2025-07-01,"G381A",0,NA,"Outflow"
"6050",2025-07-03,"G381A",61.103,NA,"Outflow"
"6051",2025-07-04,"G381A",80.627,NA,"Outflow"
"6052",2025-07-05,"G381A",93.481,NA,"Outflow"
"6053",2025-07-06,"G381A",118.178,NA,"Outflow"
"6054",2025-07-07,"G381A",96.092,NA,"Outflow"
"6055",2025-07-08,"G381A",69.514,NA,"Outflow"
"6056",2025-07-09,"G381A",38.887,NA,"Outflow"
"6057",2025-07-10,"G381A",0,NA,"Outflow"
"6058",2026-09-03,"G381A",89.827,NA,"Outflow"
"6059",2026-09-04,"G381A",106.114,NA,"Outflow"
"6060",2026-09-05,"G381A",157.99,NA,"Outflow"
"6061",2026-09-06,"G381A",197.163,NA,"Outflow"
"6062",2026-09-07,"G381A",208.347,NA,"Outflow"
"6063",2026-09-08,"G381A",223.565,NA,"Outflow"
"6064",2026-09-09,"G381A",221.342,NA,"Outflow"
"6065",2026-09-10,"G381A",220.478,NA,"Outflow"
"6066",2026-09-11,"G381A",221.513,NA,"Outflow"
"6067",2026-09-12,"G381A",215.052,NA,"Outflow"
"6068",2026-09-13,"G381A",209.823,NA,"Outflow"
"6069",2026-09-14,"G381A",201.142,NA,"Outflow"
"6070",2026-09-15,"G381A",200.368,NA,"Outflow"
"6071",2026-09-16,"G381A",184.323,NA,"Outflow"
"6072",2026-09-17,"G381A",179.581,NA,"Outflow"
"6073",2026-09-18,"G381A",181.06,NA,"Outflow"
"6074",2026-09-19,"G381A",183.952,NA,"Outflow"
"6075",2026-09-20,"G381A",199.042,NA,"Outflow"
"6076",2026-09-21,"G381A",198.535,NA,"Outflow"
"6077",2026-09-22,"G381A",169.96,NA,"Outflow"
"6078",2026-09-23,"G381A",206.111,NA,"Outflow"
"6079",2026-09-24,"G381A",253.02,NA,"Outflow"
"6080",2026-09-25,"G381A",265.905,NA,"Outflow"
"6081",2026-09-26,"G381A",254.591,NA,"Outflow"
"6082",2026-09-27,"G381A",208.35,NA,"Outflow"
"6083",2026-09-28,"G381A",157.025,NA,"Outflow"
"6084",2026-09-29,"G381A",139.639,NA,"Outflow"
"6085",2026-09-30,"G381A",111.189,NA,"Outflow"
"6086",2026-10-01,"G381A",103.58,NA,"Outflow"
"6087",2026-10-02,"G381A",107.537,NA,"Outflow"
"6088",2026-10-03,"G381A",98.025,NA,"Outflow"
"6089",2026-10-04,"G381A",78.858,NA,"Outflow"
"6090",2026-10-05,"G381A",52.071,NA,"Outflow"
"6091",2026-08-01,"G381A",13.575,NA,"Outflow"
"6092",2026-01-01,"G381A",0,NA,"Outflow"
"6093",2026-01-03,"G381A",0,NA,"Outflow"
"6094",2026-01-11,"G381A",0,NA,"Outflow"
"6095",2026-01-12,"G381A",0,NA,"Outflow"
"6096",2026-01-23,"G381A",29.886,NA,"Outflow"
"6097",2026-01-25,"G381A",17.895,NA,"Outflow"
"6098",2026-01-29,"G381A",21.656,NA,"Outflow"
"6099",2026-01-31,"G381A",31.611,NA,"Outflow"
"6100",2026-02-02,"G381A",16.652,NA,"Outflow"
"6101",2026-02-09,"G381A",29.919,NA,"Outflow"
"6102",2026-02-14,"G381A",48.011,NA,"Outflow"
"6103",2026-02-17,"G381A",54.735,NA,"Outflow"
"6104",2026-02-22,"G381A",73.327,NA,"Outflow"
"6105",2026-02-26,"G381A",54.028,NA,"Outflow"
"6106",2026-02-27,"G381A",52.297,NA,"Outflow"
"6107",2026-03-09,"G381A",49.91,NA,"Outflow"
"6108",2026-03-14,"G381A",54.918,NA,"Outflow"
"6109",2026-03-30,"G381A",107.954,NA,"Outflow"
"6110",2026-04-01,"G381A",31.531,NA,"Outflow"
"6111",2026-04-05,"G381A",25.347,NA,"Outflow"
"6112",2026-04-14,"G381A",162.33,NA,"Outflow"
"6113",2026-04-19,"G381A",1.866,NA,"Outflow"
"6114",2026-04-22,"G381A",0,NA,"Outflow"
"6115",2026-04-24,"G381A",5.307,NA,"Outflow"
"6116",2026-04-25,"G381A",28.377,NA,"Outflow"
"6117",2026-04-28,"G381A",28.769,NA,"Outflow"
"6118",2026-05-05,"G381A",0,NA,"Outflow"
"6119",2026-05-13,"G381A",0,NA,"Outflow"
"6120",2026-05-25,"G381A",0,NA,"Outflow"
"6121",2026-05-27,"G381A",0,NA,"Outflow"
"6122",2026-06-01,"G381A",0,NA,"Outflow"
"6123",2026-06-04,"G381A",0,NA,"Outflow"
"6124",2026-06-08,"G381A",0,NA,"Outflow"
"6125",2026-06-19,"G381A",0,NA,"Outflow"
"6126",2026-06-25,"G381A",0,NA,"Outflow"
"6127",2025-07-11,"G381A",0,NA,"Outflow"
"6128",2025-07-13,"G381A",0,NA,"Outflow"
"6129",2025-07-14,"G381A",89.589,NA,"Outflow"
"6130",2025-07-15,"G381A",96.08,NA,"Outflow"
"6131",2025-07-16,"G381A",128.678,NA,"Outflow"
"6132",2025-07-17,"G381A",193.234,NA,"Outflow"
"6133",2025-07-19,"G381A",191.483,NA,"Outflow"
"6134",2025-07-20,"G381A",152.268,NA,"Outflow"
"6135",2025-07-21,"G381A",98.478,NA,"Outflow"
"6136",2025-07-22,"G381A",74.195,NA,"Outflow"
"6137",2025-07-23,"G381A",48.407,NA,"Outflow"
"6138",2025-07-24,"G381A",12.738,NA,"Outflow"
"6139",2025-07-25,"G381A",45.915,NA,"Outflow"
"6140",2025-07-26,"G381A",67.044,NA,"Outflow"
"6141",2025-07-27,"G381A",64.244,NA,"Outflow"
"6142",2025-07-28,"G381A",104.101,NA,"Outflow"
"6143",2025-07-30,"G381A",18.173,NA,"Outflow"
"6144",2025-08-01,"G381A",19.134,NA,"Outflow"
"6145",2025-08-02,"G381A",17.18,NA,"Outflow"
"6146",2025-08-03,"G381A",17.566,NA,"Outflow"
"6147",2025-08-04,"G381A",16.836,NA,"Outflow"
"6148",2025-08-06,"G381A",16.607,NA,"Outflow"
"6149",2025-08-07,"G381A",15.707,NA,"Outflow"
"6150",2025-08-08,"G381A",15.095,NA,"Outflow"
"6151",2025-08-09,"G381A",9.445,NA,"Outflow"
"6152",2025-08-10,"G381A",0,NA,"Outflow"
"6153",2025-08-11,"G381A",0,NA,"Outflow"
"6154",2025-08-12,"G381A",0,NA,"Outflow"
"6155",2025-08-13,"G381A",0,NA,"Outflow"
"6156",2025-08-14,"G381A",0,NA,"Outflow"
"6157",2025-08-16,"G381A",0,NA,"Outflow"
"6158",2025-08-17,"G381A",0,NA,"Outflow"
"6159",2025-08-18,"G381A",0,NA,"Outflow"
"6160",2025-08-19,"G381A",0,NA,"Outflow"
"6161",2025-08-20,"G381A",0,NA,"Outflow"
"6162",2025-08-21,"G381A",0.021,NA,"Outflow"
"6163",2025-08-22,"G381A",0,NA,"Outflow"
"6164",2025-08-23,"G381A",0,NA,"Outflow"
"6165",2025-08-24,"G381A",0,NA,"Outflow"
"6166",2025-08-25,"G381A",0,NA,"Outflow"
"6167",2025-08-26,"G381A",0,NA,"Outflow"
"6168",2025-08-27,"G381A",66.54,NA,"Outflow"
"6169",2025-08-28,"G381A",18.412,NA,"Outflow"
"6170",2025-08-29,"G381A",0,NA,"Outflow"
"6171",2025-08-30,"G381A",0,NA,"Outflow"
"6172",2025-08-31,"G381A",0,NA,"Outflow"
"6173",2025-09-01,"G381A",91.687,NA,"Outflow"
"6174",2025-09-03,"G381A",173.994,NA,"Outflow"
"6175",2025-09-05,"G381A",203.637,NA,"Outflow"
"6176",2025-09-06,"G381A",185.008,NA,"Outflow"
"6177",2025-09-08,"G381A",101.545,NA,"Outflow"
"6178",2025-09-09,"G381A",136.92,NA,"Outflow"
"6179",2025-09-11,"G381A",233.309,NA,"Outflow"
"6180",2025-09-13,"G381A",246.059,NA,"Outflow"
"6181",2025-09-14,"G381A",240.743,NA,"Outflow"
"6182",2025-09-15,"G381A",228.591,NA,"Outflow"
"6183",2025-09-16,"G381A",153.933,NA,"Outflow"
"6184",2025-09-17,"G381A",140.51,NA,"Outflow"
"6185",2025-09-18,"G381A",135.967,NA,"Outflow"
"6186",2025-09-19,"G381A",125.423,NA,"Outflow"
"6187",2025-09-20,"G381A",91.084,NA,"Outflow"
"6188",2025-09-22,"G381A",74.799,NA,"Outflow"
"6189",2025-09-24,"G381A",70.638,NA,"Outflow"
"6190",2025-09-25,"G381A",170.143,NA,"Outflow"
"6191",2025-09-27,"G381A",221.813,NA,"Outflow"
"6192",2025-09-28,"G381A",211.554,NA,"Outflow"
"6193",2025-09-29,"G381A",207.073,NA,"Outflow"
"6194",2025-09-30,"G381A",161.276,NA,"Outflow"
"6195",2025-10-01,"G381A",137.44,NA,"Outflow"
"6196",2026-07-03,"G381A",0,NA,"Outflow"
"6197",2024-11-03,"G381B",0,9.471,"Outflow"
"6198",2024-11-03,"G381B",0,8.819,"Outflow"
"6199",2024-11-04,"G381B",0,9.482,"Outflow"
"6200",2024-11-04,"G381B",0,8.829,"Outflow"
"6201",2024-11-05,"G381B",0,9.496,"Outflow"
"6202",2024-11-05,"G381B",0,8.817,"Outflow"
"6203",2024-11-07,"G381B",0,9.537,"Outflow"
"6204",2024-11-07,"G381B",0,8.934,"Outflow"
"6205",2024-11-08,"G381B",0,9.866,"Outflow"
"6206",2024-11-08,"G381B",0,9.063,"Outflow"
"6207",2024-11-09,"G381B",0,10.008,"Outflow"
"6208",2024-11-09,"G381B",0,9.594,"Outflow"
"6209",2024-11-10,"G381B",0,10.074,"Outflow"
"6210",2024-11-10,"G381B",0,9.314,"Outflow"
"6211",2024-11-11,"G381B",0,9.998,"Outflow"
"6212",2024-11-11,"G381B",0,9.561,"Outflow"
"6213",2024-11-12,"G381B",0,9.986,"Outflow"
"6214",2024-11-12,"G381B",0,9.591,"Outflow"
"6215",2024-11-13,"G381B",0,9.996,"Outflow"
"6216",2024-11-13,"G381B",0,9.593,"Outflow"
"6217",2024-11-14,"G381B",0,9.999,"Outflow"
"6218",2024-11-14,"G381B",0,10.063,"Outflow"
"6219",2024-11-15,"G381B",0,10.004,"Outflow"
"6220",2024-11-15,"G381B",0,10.04,"Outflow"
"6221",2024-11-16,"G381B",0,10.004,"Outflow"
"6222",2024-11-16,"G381B",0,9.925,"Outflow"
"6223",2024-11-17,"G381B",0,10.002,"Outflow"
"6224",2024-11-17,"G381B",0,9.829,"Outflow"
"6225",2024-11-18,"G381B",0,10,"Outflow"
"6226",2024-11-18,"G381B",0,9.834,"Outflow"
"6227",2024-11-20,"G381B",0.807,9.994,"Outflow"
"6228",2024-11-20,"G381B",0.807,9.931,"Outflow"
"6229",2024-11-21,"G381B",0,10.002,"Outflow"
"6230",2024-11-21,"G381B",0,9.987,"Outflow"
"6231",2024-11-22,"G381B",0,9.996,"Outflow"
"6232",2024-11-22,"G381B",0,9.754,"Outflow"
"6233",2024-11-23,"G381B",0,9.989,"Outflow"
"6234",2024-11-23,"G381B",0,9.598,"Outflow"
"6235",2024-11-24,"G381B",0,9.983,"Outflow"
"6236",2024-11-24,"G381B",0,9.471,"Outflow"
"6237",2024-11-25,"G381B",0,9.977,"Outflow"
"6238",2024-11-25,"G381B",0,9.418,"Outflow"
"6239",2024-11-26,"G381B",0,9.972,"Outflow"
"6240",2024-11-26,"G381B",0,9.527,"Outflow"
"6241",2024-11-28,"G381B",0,9.963,"Outflow"
"6242",2024-11-28,"G381B",0,9.405,"Outflow"
"6243",2024-11-29,"G381B",0,9.958,"Outflow"
"6244",2024-11-29,"G381B",0,9.341,"Outflow"
"6245",2024-11-30,"G381B",0,9.953,"Outflow"
"6246",2024-11-30,"G381B",0,9.281,"Outflow"
"6247",2024-12-01,"G381B",0,9.943,"Outflow"
"6248",2024-12-01,"G381B",0,9.23,"Outflow"
"6249",2024-12-02,"G381B",0,9.933,"Outflow"
"6250",2024-12-02,"G381B",0,9.175,"Outflow"
"6251",2024-12-03,"G381B",0,9.919,"Outflow"
"6252",2024-12-03,"G381B",0,9.154,"Outflow"
"6253",2024-12-05,"G381B",0,9.902,"Outflow"
"6254",2024-12-05,"G381B",0,9.154,"Outflow"
"6255",2024-12-06,"G381B",0,9.897,"Outflow"
"6256",2024-12-06,"G381B",0,9.176,"Outflow"
"6257",2024-12-08,"G381B",0,9.882,"Outflow"
"6258",2024-12-08,"G381B",0,9.438,"Outflow"
"6259",2024-12-10,"G381B",0.009,9.87,"Outflow"
"6260",2024-12-10,"G381B",0.009,9.506,"Outflow"
"6261",2024-12-11,"G381B",0,9.862,"Outflow"
"6262",2024-12-11,"G381B",0,9.519,"Outflow"
"6263",2024-12-13,"G381B",6.844,9.819,"Outflow"
"6264",2024-12-13,"G381B",6.844,9.548,"Outflow"
"6265",2024-12-16,"G381B",17.005,9.947,"Outflow"
"6266",2024-12-16,"G381B",17.005,9.601,"Outflow"
"6267",2024-12-17,"G381B",21.696,10.017,"Outflow"
"6268",2024-12-17,"G381B",21.696,9.532,"Outflow"
"6269",2024-12-18,"G381B",22.891,10.069,"Outflow"
"6270",2024-12-18,"G381B",22.891,9.641,"Outflow"
"6271",2024-12-20,"G381B",51.233,9.991,"Outflow"
"6272",2024-12-20,"G381B",51.233,9.832,"Outflow"
"6273",2024-12-21,"G381B",45.5,9.949,"Outflow"
"6274",2024-12-21,"G381B",45.5,9.824,"Outflow"
"6275",2024-12-23,"G381B",34.517,10.062,"Outflow"
"6276",2024-12-23,"G381B",34.517,9.761,"Outflow"
"6277",2024-12-25,"G381B",38.682,9.982,"Outflow"
"6278",2024-12-25,"G381B",38.682,9.808,"Outflow"
"6279",2024-12-26,"G381B",33.308,9.97,"Outflow"
"6280",2024-12-26,"G381B",33.308,9.841,"Outflow"
"6281",2024-12-27,"G381B",36.529,9.958,"Outflow"
"6282",2024-12-27,"G381B",36.529,9.801,"Outflow"
"6283",2024-12-28,"G381B",41.025,9.931,"Outflow"
"6284",2024-12-28,"G381B",41.025,9.735,"Outflow"
"6285",2024-12-29,"G381B",42.697,9.973,"Outflow"
"6286",2024-12-29,"G381B",42.697,9.76,"Outflow"
"6287",2024-12-30,"G381B",42.971,9.996,"Outflow"
"6288",2024-12-30,"G381B",42.971,9.78,"Outflow"
"6289",2024-12-31,"G381B",37.464,10.018,"Outflow"
"6290",2024-12-31,"G381B",37.464,9.853,"Outflow"
"6291",2024-12-24,"G381B",40.829,9.998,"Outflow"
"6292",2024-12-24,"G381B",40.829,9.804,"Outflow"
"6293",2024-11-01,"G381B",0,9.429,"Outflow"
"6294",2024-11-01,"G381B",0,8.697,"Outflow"
"6295",2024-11-02,"G381B",0,9.451,"Outflow"
"6296",2024-11-02,"G381B",0,8.652,"Outflow"
"6297",2024-11-06,"G381B",0,9.524,"Outflow"
"6298",2024-11-06,"G381B",0,8.882,"Outflow"
"6299",2024-11-19,"G381B",0.13,9.997,"Outflow"
"6300",2024-11-19,"G381B",0.13,9.888,"Outflow"
"6301",2024-11-27,"G381B",0,9.969,"Outflow"
"6302",2024-11-27,"G381B",0,9.501,"Outflow"
"6303",2024-12-04,"G381B",0,9.909,"Outflow"
"6304",2024-12-04,"G381B",0,9.16,"Outflow"
"6305",2024-12-07,"G381B",0,9.89,"Outflow"
"6306",2024-12-07,"G381B",0,9.34,"Outflow"
"6307",2024-12-09,"G381B",0,9.875,"Outflow"
"6308",2024-12-09,"G381B",0,9.498,"Outflow"
"6309",2024-12-12,"G381B",0,9.859,"Outflow"
"6310",2024-12-12,"G381B",0,9.511,"Outflow"
"6311",2024-12-14,"G381B",11.396,9.736,"Outflow"
"6312",2024-12-14,"G381B",11.396,9.581,"Outflow"
"6313",2024-12-15,"G381B",12.196,9.79,"Outflow"
"6314",2024-12-15,"G381B",12.196,9.611,"Outflow"
"6315",2024-12-19,"G381B",63.88,10.019,"Outflow"
"6316",2024-12-19,"G381B",63.88,9.813,"Outflow"
"6317",2024-12-22,"G381B",6.922,10.041,"Outflow"
"6318",2024-12-22,"G381B",6.922,9.742,"Outflow"
"6319",2026-01-01,"G381B",0,9.895,"Outflow"
"6320",2026-01-01,"G381B",0,9.653,"Outflow"
"6321",2026-01-02,"G381B",0,9.885,"Outflow"
"6322",2026-01-02,"G381B",0,9.645,"Outflow"
"6323",2026-01-03,"G381B",0,9.878,"Outflow"
"6324",2026-01-03,"G381B",0,9.642,"Outflow"
"6325",2026-01-04,"G381B",0,9.872,"Outflow"
"6326",2026-01-04,"G381B",0,9.637,"Outflow"
"6327",2025-10-02,"G381A",93.921,NA,"Outflow"
"6328",2025-10-03,"G381A",39.462,NA,"Outflow"
"6329",2025-10-04,"G381A",88.549,NA,"Outflow"
"6330",2025-10-05,"G381A",72.674,NA,"Outflow"
"6331",2025-10-06,"G381A",72.821,NA,"Outflow"
"6332",2025-10-07,"G381A",69.486,NA,"Outflow"
"6333",2025-10-09,"G381A",32.323,NA,"Outflow"
"6334",2025-10-11,"G381A",91.967,NA,"Outflow"
"6335",2025-10-12,"G381A",185.653,NA,"Outflow"
"6336",2025-10-14,"G381A",261.977,NA,"Outflow"
"6337",2025-10-15,"G381A",202.376,NA,"Outflow"
"6338",2025-10-16,"G381A",141.799,NA,"Outflow"
"6339",2025-10-17,"G381A",104.909,NA,"Outflow"
"6340",2025-10-18,"G381A",61.429,NA,"Outflow"
"6341",2025-10-19,"G381A",33.187,NA,"Outflow"
"6342",2025-10-20,"G381A",86.568,NA,"Outflow"
"6343",2025-10-21,"G381A",31.831,NA,"Outflow"
"6344",2025-10-22,"G381A",56.847,NA,"Outflow"
"6345",2025-10-23,"G381A",54.066,NA,"Outflow"
"6346",2025-10-24,"G381A",7.214,NA,"Outflow"
"6347",2025-10-26,"G381A",0,NA,"Outflow"
"6348",2025-10-27,"G381A",0,NA,"Outflow"
"6349",2025-10-28,"G381A",0,NA,"Outflow"
"6350",2025-10-30,"G381A",0,NA,"Outflow"
"6351",2025-10-31,"G381A",0,NA,"Outflow"
"6352",2025-11-01,"G381A",0,NA,"Outflow"
"6353",2025-11-02,"G381A",0,NA,"Outflow"
"6354",2025-11-03,"G381A",0,NA,"Outflow"
"6355",2025-11-04,"G381A",0,NA,"Outflow"
"6356",2025-11-05,"G381A",0,NA,"Outflow"
"6357",2025-11-06,"G381A",0,NA,"Outflow"
"6358",2025-11-07,"G381A",0,NA,"Outflow"
"6359",2025-11-08,"G381A",0,NA,"Outflow"
"6360",2025-11-09,"G381A",0,NA,"Outflow"
"6361",2025-11-10,"G381A",0,NA,"Outflow"
"6362",2025-11-11,"G381A",0,NA,"Outflow"
"6363",2025-11-13,"G381A",0,NA,"Outflow"
"6364",2025-11-14,"G381A",0,NA,"Outflow"
"6365",2025-11-17,"G381A",0,NA,"Outflow"
"6366",2025-11-18,"G381A",0,NA,"Outflow"
"6367",2025-11-19,"G381A",0,NA,"Outflow"
"6368",2025-11-20,"G381A",0,NA,"Outflow"
"6369",2025-11-21,"G381A",0,NA,"Outflow"
"6370",2025-11-22,"G381A",0,NA,"Outflow"
"6371",2025-11-24,"G381A",0,NA,"Outflow"
"6372",2025-11-25,"G381A",0,NA,"Outflow"
"6373",2025-11-26,"G381A",0,NA,"Outflow"
"6374",2025-11-27,"G381A",0,NA,"Outflow"
"6375",2025-11-28,"G381A",0,NA,"Outflow"
"6376",2025-11-29,"G381A",0,NA,"Outflow"
"6377",2025-11-30,"G381A",0,NA,"Outflow"
"6378",2025-12-02,"G381A",0,NA,"Outflow"
"6379",2025-12-03,"G381A",0,NA,"Outflow"
"6380",2025-12-04,"G381A",0,NA,"Outflow"
"6381",2025-12-06,"G381A",0,NA,"Outflow"
"6382",2025-12-07,"G381A",0,NA,"Outflow"
"6383",2025-12-09,"G381A",0,NA,"Outflow"
"6384",2025-12-10,"G381A",0,NA,"Outflow"
"6385",2025-12-11,"G381A",0,NA,"Outflow"
"6386",2025-12-12,"G381A",0,NA,"Outflow"
"6387",2025-12-13,"G381A",0,NA,"Outflow"
"6388",2025-12-15,"G381A",0,NA,"Outflow"
"6389",2025-12-16,"G381A",0,NA,"Outflow"
"6390",2025-12-17,"G381A",0,NA,"Outflow"
"6391",2025-12-18,"G381A",0,NA,"Outflow"
"6392",2025-12-19,"G381A",0,NA,"Outflow"
"6393",2025-12-20,"G381A",0,NA,"Outflow"
"6394",2025-12-21,"G381A",0,NA,"Outflow"
"6395",2025-12-22,"G381A",0,NA,"Outflow"
"6396",2026-01-05,"G381B",0,9.87,"Outflow"
"6397",2026-01-05,"G381B",0,9.635,"Outflow"
"6398",2026-01-06,"G381B",0,9.86,"Outflow"
"6399",2026-01-06,"G381B",0,9.599,"Outflow"
"6400",2026-01-09,"G381B",0,9.831,"Outflow"
"6401",2026-01-09,"G381B",0,9.585,"Outflow"
"6402",2026-01-11,"G381B",0,9.813,"Outflow"
"6403",2026-01-11,"G381B",0,9.455,"Outflow"
"6404",2026-01-12,"G381B",0,9.857,"Outflow"
"6405",2026-01-12,"G381B",0,9.377,"Outflow"
"6406",2026-01-13,"G381B",0,9.746,"Outflow"
"6407",2026-01-13,"G381B",0,9.387,"Outflow"
"6408",2026-01-14,"G381B",0,9.698,"Outflow"
"6409",2026-01-14,"G381B",0,9.537,"Outflow"
"6410",2026-01-15,"G381B",0,9.796,"Outflow"
"6411",2026-01-15,"G381B",0,9.584,"Outflow"
"6412",2026-01-16,"G381B",0,9.784,"Outflow"
"6413",2026-01-16,"G381B",0,9.602,"Outflow"
"6414",2026-01-17,"G381B",0,9.844,"Outflow"
"6415",2026-01-17,"G381B",0,9.639,"Outflow"
"6416",2026-01-18,"G381B",0,9.877,"Outflow"
"6417",2026-01-18,"G381B",0,9.667,"Outflow"
"6418",2026-01-19,"G381B",0,9.835,"Outflow"
"6419",2026-01-19,"G381B",0,9.647,"Outflow"
"6420",2026-01-20,"G381B",0,9.793,"Outflow"
"6421",2026-01-20,"G381B",0,9.67,"Outflow"
"6422",2026-01-21,"G381B",0,9.807,"Outflow"
"6423",2026-01-21,"G381B",0,9.636,"Outflow"
"6424",2026-01-22,"G381B",0,9.852,"Outflow"
"6425",2026-01-22,"G381B",0,9.637,"Outflow"
"6426",2026-01-23,"G381B",0,9.854,"Outflow"
"6427",2026-01-23,"G381B",0,9.691,"Outflow"
"6428",2026-01-24,"G381B",0,9.926,"Outflow"
"6429",2026-01-24,"G381B",0,9.69,"Outflow"
"6430",2026-01-25,"G381B",0,9.904,"Outflow"
"6431",2026-01-25,"G381B",0,9.761,"Outflow"
"6432",2026-01-26,"G381B",0,9.917,"Outflow"
"6433",2026-01-26,"G381B",0,9.718,"Outflow"
"6434",2026-01-27,"G381B",0,9.964,"Outflow"
"6435",2026-01-27,"G381B",0,9.708,"Outflow"
"6436",2026-01-28,"G381B",0,9.949,"Outflow"
"6437",2026-01-28,"G381B",0,9.751,"Outflow"
"6438",2026-01-29,"G381B",0,9.95,"Outflow"
"6439",2026-01-29,"G381B",0,9.749,"Outflow"
"6440",2026-01-30,"G381B",0,9.814,"Outflow"
"6441",2026-01-30,"G381B",0,9.643,"Outflow"
"6442",2026-01-31,"G381B",0,9.732,"Outflow"
"6443",2026-01-31,"G381B",0,9.595,"Outflow"
"6444",2026-02-01,"G381B",0,9.711,"Outflow"
"6445",2026-02-01,"G381B",0,9.487,"Outflow"
"6446",2026-02-02,"G381B",0,9.734,"Outflow"
"6447",2026-02-02,"G381B",0,9.298,"Outflow"
"6448",2026-02-03,"G381B",0,9.659,"Outflow"
"6449",2026-02-03,"G381B",0,9.185,"Outflow"
"6450",2026-02-04,"G381B",0,9.646,"Outflow"
"6451",2026-02-04,"G381B",0,9.28,"Outflow"
"6452",2026-02-05,"G381B",0,9.724,"Outflow"
"6453",2026-02-05,"G381B",0,9.222,"Outflow"
"6454",2026-02-06,"G381B",0,9.595,"Outflow"
"6455",2026-02-06,"G381B",0,9.254,"Outflow"
"6456",2026-02-07,"G381B",0,9.657,"Outflow"
"6457",2026-02-07,"G381B",0,9.283,"Outflow"
"6458",2026-02-08,"G381B",0,9.709,"Outflow"
"6459",2026-02-08,"G381B",0,9.284,"Outflow"
"6460",2026-02-09,"G381B",0,9.568,"Outflow"
"6461",2026-02-09,"G381B",0,9.232,"Outflow"
"6462",2026-02-10,"G381B",0,9.436,"Outflow"
"6463",2026-02-10,"G381B",0,9.227,"Outflow"
"6464",2026-02-12,"G381B",0,9.557,"Outflow"
"6465",2026-02-12,"G381B",0,9.245,"Outflow"
"6466",2026-02-13,"G381B",0,9.703,"Outflow"
"6467",2026-02-13,"G381B",0,9.317,"Outflow"
"6468",2026-02-15,"G381B",0,9.765,"Outflow"
"6469",2026-02-15,"G381B",0,9.402,"Outflow"
"6470",2026-02-16,"G381B",0,9.721,"Outflow"
"6471",2026-02-16,"G381B",0,9.385,"Outflow"
"6472",2026-02-17,"G381B",0,9.709,"Outflow"
"6473",2026-02-17,"G381B",0,9.492,"Outflow"
"6474",2026-02-18,"G381B",0,9.725,"Outflow"
"6475",2026-02-18,"G381B",0,9.468,"Outflow"
"6476",2026-02-20,"G381B",0,9.482,"Outflow"
"6477",2026-02-20,"G381B",0,9.102,"Outflow"
"6478",2026-02-21,"G381B",0,9.571,"Outflow"
"6479",2026-02-21,"G381B",0,9.032,"Outflow"
"6480",2026-02-22,"G381B",0,9.574,"Outflow"
"6481",2026-02-22,"G381B",0,9.198,"Outflow"
"6482",2026-02-23,"G381B",0,9.667,"Outflow"
"6483",2026-02-23,"G381B",0,9.002,"Outflow"
"6484",2026-02-24,"G381B",0,9.463,"Outflow"
"6485",2026-02-24,"G381B",0,8.957,"Outflow"
"6486",2026-02-25,"G381B",0,9.503,"Outflow"
"6487",2026-02-25,"G381B",0,9.078,"Outflow"
"6488",2026-02-26,"G381B",0,9.558,"Outflow"
"6489",2026-02-26,"G381B",0,8.971,"Outflow"
"6490",2026-02-27,"G381B",0,9.561,"Outflow"
"6491",2026-02-27,"G381B",0,8.916,"Outflow"
"6492",2026-02-28,"G381B",0,9.621,"Outflow"
"6493",2026-02-28,"G381B",0,9.034,"Outflow"
"6494",2026-03-01,"G381B",0,9.585,"Outflow"
"6495",2026-03-01,"G381B",0,9.16,"Outflow"
"6496",2026-03-02,"G381B",0,9.612,"Outflow"
"6497",2026-03-02,"G381B",0,8.899,"Outflow"
"6498",2026-03-03,"G381B",0,9.608,"Outflow"
"6499",2026-03-03,"G381B",0,8.778,"Outflow"
"6500",2026-03-04,"G381B",0,9.745,"Outflow"
"6501",2026-03-04,"G381B",0,8.853,"Outflow"
"6502",2026-03-05,"G381B",0,9.939,"Outflow"
"6503",2026-03-05,"G381B",0,8.815,"Outflow"
"6504",2026-03-07,"G381B",0,9.586,"Outflow"
"6505",2026-03-07,"G381B",0,9.107,"Outflow"
"6506",2026-03-08,"G381B",0,9.485,"Outflow"
"6507",2026-03-08,"G381B",0,9.096,"Outflow"
"6508",2026-03-09,"G381B",0,9.527,"Outflow"
"6509",2026-03-09,"G381B",0,8.972,"Outflow"
"6510",2026-03-10,"G381B",0,9.594,"Outflow"
"6511",2026-03-10,"G381B",0,8.883,"Outflow"
"6512",2026-03-11,"G381B",0,9.655,"Outflow"
"6513",2026-03-11,"G381B",0,8.885,"Outflow"
"6514",2026-03-12,"G381B",0,9.596,"Outflow"
"6515",2026-03-12,"G381B",0,8.882,"Outflow"
"6516",2026-03-13,"G381B",0,9.583,"Outflow"
"6517",2026-03-13,"G381B",0,9.202,"Outflow"
"6518",2026-03-14,"G381B",0,9.844,"Outflow"
"6519",2026-03-14,"G381B",0,9.483,"Outflow"
"6520",2026-03-15,"G381B",0,9.967,"Outflow"
"6521",2026-03-15,"G381B",0,9.787,"Outflow"
"6522",2026-03-17,"G381B",0,10.045,"Outflow"
"6523",2026-03-17,"G381B",0,9.891,"Outflow"
"6524",2026-03-18,"G381B",0,10.018,"Outflow"
"6525",2026-03-18,"G381B",0,9.784,"Outflow"
"6526",2025-12-23,"G381A",0,NA,"Outflow"
"6527",2025-12-24,"G381A",0,NA,"Outflow"
"6528",2025-12-25,"G381A",0,NA,"Outflow"
"6529",2025-12-26,"G381A",0,NA,"Outflow"
"6530",2025-12-27,"G381A",0,NA,"Outflow"
"6531",2025-12-29,"G381A",0,NA,"Outflow"
"6532",2025-12-30,"G381A",0,NA,"Outflow"
"6533",2025-12-31,"G381A",0,NA,"Outflow"
"6534",2025-12-28,"G381A",0,NA,"Outflow"
"6535",2025-02-12,"G381A",0,NA,"Outflow"
"6536",2025-02-16,"G381A",30.514,NA,"Outflow"
"6537",2025-02-24,"G381A",37.208,NA,"Outflow"
"6538",2025-03-15,"G381A",29.303,NA,"Outflow"
"6539",2025-03-20,"G381A",28.591,NA,"Outflow"
"6540",2025-03-26,"G381A",31.142,NA,"Outflow"
"6541",2025-03-27,"G381A",30.97,NA,"Outflow"
"6542",2025-04-09,"G381A",0,NA,"Outflow"
"6543",2025-04-26,"G381A",0,NA,"Outflow"
"6544",2025-05-03,"G381A",0,NA,"Outflow"
"6545",2025-05-23,"G381A",0,NA,"Outflow"
"6546",2025-06-07,"G381A",42.124,NA,"Outflow"
"6547",2025-12-14,"G381A",0,NA,"Outflow"
"6548",2025-01-02,"G381A",35.501,NA,"Outflow"
"6549",2025-01-09,"G381A",0,NA,"Outflow"
"6550",2025-01-10,"G381A",0,NA,"Outflow"
"6551",2025-01-13,"G381A",44.612,NA,"Outflow"
"6552",2025-01-22,"G381A",34.498,NA,"Outflow"
"6553",2025-01-28,"G381A",31.081,NA,"Outflow"
"6554",2025-02-13,"G381A",26.259,NA,"Outflow"
"6555",2025-03-06,"G381A",28.118,NA,"Outflow"
"6556",2025-04-27,"G381A",0,NA,"Outflow"
"6557",2025-05-05,"G381A",0,NA,"Outflow"
"6558",2025-05-18,"G381A",0,NA,"Outflow"
"6559",2025-05-20,"G381A",0,NA,"Outflow"
"6560",2025-05-25,"G381A",0,NA,"Outflow"
"6561",2025-05-27,"G381A",0,NA,"Outflow"
"6562",2025-05-31,"G381A",0,NA,"Outflow"
"6563",2025-06-03,"G381A",35.351,NA,"Outflow"
"6564",2025-06-14,"G381A",57.177,NA,"Outflow"
"6565",2025-06-19,"G381A",0,NA,"Outflow"
"6566",2025-06-22,"G381A",0,NA,"Outflow"
"6567",2025-06-23,"G381A",0,NA,"Outflow"
"6568",2025-06-25,"G381A",30.107,NA,"Outflow"
"6569",2025-06-27,"G381A",39.43,NA,"Outflow"
"6570",2025-07-02,"G381A",38.314,NA,"Outflow"
"6571",2025-07-12,"G381A",0,NA,"Outflow"
"6572",2025-07-18,"G381A",206.982,NA,"Outflow"
"6573",2025-07-29,"G381A",66.256,NA,"Outflow"
"6574",2025-07-31,"G381A",20.202,NA,"Outflow"
"6575",2025-08-05,"G381A",16.259,NA,"Outflow"
"6576",2025-08-15,"G381A",0,NA,"Outflow"
"6577",2025-09-02,"G381A",150.422,NA,"Outflow"
"6578",2025-09-04,"G381A",184.927,NA,"Outflow"
"6579",2025-09-07,"G381A",138.855,NA,"Outflow"
"6580",2025-09-10,"G381A",197.208,NA,"Outflow"
"6581",2025-09-12,"G381A",252.292,NA,"Outflow"
"6582",2025-09-21,"G381A",78.45,NA,"Outflow"
"6583",2025-09-23,"G381A",66.555,NA,"Outflow"
"6584",2025-09-26,"G381A",225.769,NA,"Outflow"
"6585",2025-10-08,"G381A",68.757,NA,"Outflow"
"6586",2025-10-10,"G381A",22.072,NA,"Outflow"
"6587",2025-10-13,"G381A",267.287,NA,"Outflow"
"6588",2025-10-25,"G381A",0,NA,"Outflow"
"6589",2025-10-29,"G381A",0,NA,"Outflow"
"6590",2025-11-12,"G381A",0,NA,"Outflow"
"6591",2025-11-15,"G381A",0,NA,"Outflow"
"6592",2025-11-16,"G381A",0,NA,"Outflow"
"6593",2025-11-23,"G381A",0,NA,"Outflow"
"6594",2025-12-01,"G381A",0,NA,"Outflow"
"6595",2025-12-05,"G381A",0,NA,"Outflow"
"6596",2026-03-19,"G381B",0,9.944,"Outflow"
"6597",2026-03-19,"G381B",0,9.761,"Outflow"
"6598",2026-03-20,"G381B",0,9.761,"Outflow"
"6599",2026-03-20,"G381B",0,9.547,"Outflow"
"6600",2026-03-22,"G381B",0,9.744,"Outflow"
"6601",2026-03-22,"G381B",0,9.36,"Outflow"
"6602",2026-03-23,"G381B",0,9.752,"Outflow"
"6603",2026-03-23,"G381B",0,9.271,"Outflow"
"6604",2026-03-24,"G381B",0,9.747,"Outflow"
"6605",2026-03-24,"G381B",0,9.207,"Outflow"
"6606",2026-03-25,"G381B",0,9.693,"Outflow"
"6607",2026-03-25,"G381B",0,9.391,"Outflow"
"6608",2026-03-26,"G381B",0,9.794,"Outflow"
"6609",2026-03-26,"G381B",0,9.579,"Outflow"
"6610",2026-03-27,"G381B",0,9.891,"Outflow"
"6611",2026-03-27,"G381B",0,9.639,"Outflow"
"6612",2026-03-28,"G381B",0,9.89,"Outflow"
"6613",2026-03-28,"G381B",0,9.385,"Outflow"
"6614",2026-03-29,"G381B",0,10.002,"Outflow"
"6615",2026-03-29,"G381B",0,9.427,"Outflow"
"6616",2026-03-30,"G381B",0,9.952,"Outflow"
"6617",2026-03-30,"G381B",0,9.522,"Outflow"
"6618",2026-04-01,"G381B",0,9.664,"Outflow"
"6619",2026-04-01,"G381B",0,8.771,"Outflow"
"6620",2026-04-02,"G381B",0,9.697,"Outflow"
"6621",2026-04-02,"G381B",0,8.534,"Outflow"
"6622",2026-04-03,"G381B",0,9.684,"Outflow"
"6623",2026-04-03,"G381B",0,8.401,"Outflow"
"6624",2026-04-04,"G381B",0,9.721,"Outflow"
"6625",2026-04-04,"G381B",0,8.417,"Outflow"
"6626",2026-04-05,"G381B",0,9.672,"Outflow"
"6627",2026-04-05,"G381B",0,8.423,"Outflow"
"6628",2026-04-06,"G381B",0,9.605,"Outflow"
"6629",2026-04-06,"G381B",0,8.654,"Outflow"
"6630",2026-04-07,"G381B",80.914,9.79,"Outflow"
"6631",2026-04-07,"G381B",80.914,9.16,"Outflow"
"6632",2026-04-08,"G381B",167.974,9.881,"Outflow"
"6633",2026-04-08,"G381B",167.974,9.136,"Outflow"
"6634",2026-04-09,"G381B",187.732,10.089,"Outflow"
"6635",2026-04-09,"G381B",187.732,9.16,"Outflow"
"6636",2026-04-10,"G381B",198.546,10.315,"Outflow"
"6637",2026-04-10,"G381B",198.546,9.275,"Outflow"
"6638",2026-04-11,"G381B",208.491,10.558,"Outflow"
"6639",2026-04-11,"G381B",208.491,9.413,"Outflow"
"6640",2026-04-12,"G381B",203.461,10.56,"Outflow"
"6641",2026-04-12,"G381B",203.461,9.469,"Outflow"
"6642",2026-04-13,"G381B",211.1,10.224,"Outflow"
"6643",2026-04-13,"G381B",211.1,9.502,"Outflow"
"6644",2026-04-14,"G381B",162.241,9.622,"Outflow"
"6645",2026-04-14,"G381B",162.241,9.274,"Outflow"
"6646",2026-04-15,"G381B",135.178,9.697,"Outflow"
"6647",2026-04-15,"G381B",135.178,9.241,"Outflow"
"6648",2026-04-16,"G381B",107.937,9.602,"Outflow"
"6649",2026-04-16,"G381B",107.937,9.292,"Outflow"
"6650",2026-04-17,"G381B",38.32,9.591,"Outflow"
"6651",2026-04-17,"G381B",38.32,9.13,"Outflow"
"6652",2026-04-18,"G381B",3.67,9.651,"Outflow"
"6653",2026-04-18,"G381B",3.67,8.975,"Outflow"
"6654",2026-04-19,"G381B",1.652,9.354,"Outflow"
"6655",2026-04-19,"G381B",1.652,8.843,"Outflow"
"6656",2026-04-20,"G381B",0.001,9.506,"Outflow"
"6657",2026-04-20,"G381B",0.001,8.726,"Outflow"
"6658",2026-04-21,"G381B",0,9.838,"Outflow"
"6659",2026-04-21,"G381B",0,8.881,"Outflow"
"6660",2026-04-22,"G381B",0,9.912,"Outflow"
"6661",2026-04-22,"G381B",0,8.932,"Outflow"
"6662",2026-04-23,"G381B",0,10.025,"Outflow"
"6663",2026-04-23,"G381B",0,9.067,"Outflow"
"6664",2026-04-24,"G381B",5.408,10.206,"Outflow"
"6665",2026-04-24,"G381B",5.408,9.104,"Outflow"
"6666",2026-04-25,"G381B",28.664,10.28,"Outflow"
"6667",2026-04-25,"G381B",28.664,9.245,"Outflow"
"6668",2026-04-26,"G381B",83.844,10.185,"Outflow"
"6669",2026-04-26,"G381B",83.844,9.733,"Outflow"
"6670",2026-04-27,"G381B",54.166,10.187,"Outflow"
"6671",2026-04-27,"G381B",54.166,9.807,"Outflow"
"6672",2026-04-29,"G381B",34.443,10.178,"Outflow"
"6673",2026-04-29,"G381B",34.443,10.025,"Outflow"
"6674",2026-04-30,"G381B",38.393,10.07,"Outflow"
"6675",2026-04-30,"G381B",38.393,9.876,"Outflow"
"6676",2026-05-01,"G381B",0,10.048,"Outflow"
"6677",2026-05-01,"G381B",0,9.718,"Outflow"
"6678",2026-05-02,"G381B",0,10.038,"Outflow"
"6679",2026-05-02,"G381B",0,9.631,"Outflow"
"6680",2026-05-04,"G381B",0,10.039,"Outflow"
"6681",2026-05-04,"G381B",0,9.597,"Outflow"
"6682",2026-05-05,"G381B",0,10.032,"Outflow"
"6683",2026-05-05,"G381B",0,9.623,"Outflow"
"6684",2026-05-06,"G381B",0,10.014,"Outflow"
"6685",2026-05-06,"G381B",0,9.618,"Outflow"
"6686",2026-05-07,"G381B",0,9.997,"Outflow"
"6687",2026-05-07,"G381B",0,9.602,"Outflow"
"6688",2026-05-08,"G381B",0,9.972,"Outflow"
"6689",2026-05-08,"G381B",0,9.573,"Outflow"
"6690",2026-05-09,"G381B",0,9.945,"Outflow"
"6691",2026-05-09,"G381B",0,9.57,"Outflow"
"6692",2026-05-10,"G381B",0,9.936,"Outflow"
"6693",2026-05-10,"G381B",0,9.522,"Outflow"
"6694",2026-05-11,"G381B",0,9.984,"Outflow"
"6695",2026-05-11,"G381B",0,9.607,"Outflow"
"6696",2026-05-12,"G381B",0,9.997,"Outflow"
"6697",2026-05-12,"G381B",0,9.711,"Outflow"
"6698",2026-05-14,"G381B",0,10.06,"Outflow"
"6699",2026-05-14,"G381B",0,9.899,"Outflow"
"6700",2026-05-15,"G381B",0,10.044,"Outflow"
"6701",2026-05-15,"G381B",0,9.916,"Outflow"
"6702",2026-05-16,"G381B",0,10.025,"Outflow"
"6703",2026-05-16,"G381B",0,9.965,"Outflow"
"6704",2026-05-17,"G381B",0,10.013,"Outflow"
"6705",2026-05-17,"G381B",0,9.964,"Outflow"
"6706",2026-05-18,"G381B",0,10.029,"Outflow"
"6707",2026-05-18,"G381B",0,9.964,"Outflow"
"6708",2026-05-19,"G381B",0,10.053,"Outflow"
"6709",2026-05-19,"G381B",0,9.963,"Outflow"
"6710",2026-05-20,"G381B",0,10.079,"Outflow"
"6711",2026-05-20,"G381B",0,9.8,"Outflow"
"6712",2026-05-21,"G381B",0,10.072,"Outflow"
"6713",2026-05-21,"G381B",0,9.721,"Outflow"
"6714",2026-05-22,"G381B",0,10.055,"Outflow"
"6715",2026-05-22,"G381B",0,9.574,"Outflow"
"6716",2026-05-23,"G381B",0,10.033,"Outflow"
"6717",2026-05-23,"G381B",0,9.392,"Outflow"
"6718",2026-05-24,"G381B",0,10.05,"Outflow"
"6719",2026-05-24,"G381B",0,9.258,"Outflow"
"6720",2026-05-25,"G381B",0,10.082,"Outflow"
"6721",2026-05-25,"G381B",0,9.016,"Outflow"
"6722",2026-05-26,"G381B",0,10.053,"Outflow"
"6723",2026-05-26,"G381B",0,8.953,"Outflow"
"6724",2026-05-27,"G381B",0,10.025,"Outflow"
"6725",2026-05-27,"G381B",0,8.766,"Outflow"
"6726",2025-12-08,"G381A",0,NA,"Outflow"
"6727",2025-01-01,"G381B",38.657,10.026,"Outflow"
"6728",2025-01-01,"G381B",38.657,9.851,"Outflow"
"6729",2025-01-02,"G381B",35.166,10.021,"Outflow"
"6730",2025-01-02,"G381B",35.166,9.876,"Outflow"
"6731",2025-01-04,"G381B",0,10.039,"Outflow"
"6732",2025-01-04,"G381B",0,9.778,"Outflow"
"6733",2025-01-05,"G381B",0,10.043,"Outflow"
"6734",2025-01-05,"G381B",0,9.711,"Outflow"
"6735",2025-01-07,"G381B",0.006,10.043,"Outflow"
"6736",2025-01-07,"G381B",0.006,9.642,"Outflow"
"6737",2025-01-08,"G381B",0,10.036,"Outflow"
"6738",2025-01-08,"G381B",0,9.592,"Outflow"
"6739",2025-01-09,"G381B",0,10.025,"Outflow"
"6740",2025-01-09,"G381B",0,9.527,"Outflow"
"6741",2025-01-10,"G381B",0,10.014,"Outflow"
"6742",2025-01-10,"G381B",0,9.492,"Outflow"
"6743",2025-01-11,"G381B",0,10.035,"Outflow"
"6744",2025-01-11,"G381B",0,9.473,"Outflow"
"6745",2025-01-12,"G381B",38.008,10.036,"Outflow"
"6746",2025-01-12,"G381B",38.008,9.568,"Outflow"
"6747",2025-01-13,"G381B",44.847,9.915,"Outflow"
"6748",2025-01-13,"G381B",44.847,9.731,"Outflow"
"6749",2025-01-14,"G381B",41.548,9.911,"Outflow"
"6750",2025-01-14,"G381B",41.548,9.68,"Outflow"
"6751",2025-01-15,"G381B",37.858,9.912,"Outflow"
"6752",2025-01-15,"G381B",37.858,9.72,"Outflow"
"6753",2025-01-16,"G381B",35.778,9.912,"Outflow"
"6754",2025-01-16,"G381B",35.778,9.74,"Outflow"
"6755",2025-01-17,"G381B",32.211,9.926,"Outflow"
"6756",2025-01-17,"G381B",32.211,9.787,"Outflow"
"6757",2025-01-18,"G381B",32.275,9.948,"Outflow"
"6758",2025-01-18,"G381B",32.275,9.803,"Outflow"
"6759",2025-01-19,"G381B",13.973,10.066,"Outflow"
"6760",2025-01-19,"G381B",13.973,9.797,"Outflow"
"6761",2025-01-21,"G381B",28.414,10.115,"Outflow"
"6762",2025-01-21,"G381B",28.414,9.87,"Outflow"
"6763",2025-01-22,"G381B",34.494,10.149,"Outflow"
"6764",2025-01-22,"G381B",34.494,9.87,"Outflow"
"6765",2025-01-24,"G381B",47.996,10.048,"Outflow"
"6766",2025-01-24,"G381B",47.996,9.894,"Outflow"
"6767",2025-01-25,"G381B",26.583,10.053,"Outflow"
"6768",2025-01-25,"G381B",26.583,9.901,"Outflow"
"6769",2025-01-26,"G381B",34.494,10.119,"Outflow"
"6770",2025-01-26,"G381B",34.494,9.928,"Outflow"
"6771",2025-01-28,"G381B",31.167,10.124,"Outflow"
"6772",2025-01-28,"G381B",31.167,9.915,"Outflow"
"6773",2025-01-30,"G381B",36.242,10.084,"Outflow"
"6774",2025-01-30,"G381B",36.242,9.917,"Outflow"
"6775",2025-01-31,"G381B",37.19,10.087,"Outflow"
"6776",2025-01-31,"G381B",37.19,9.912,"Outflow"
"6777",2025-02-01,"G381B",36.502,10.099,"Outflow"
"6778",2025-02-01,"G381B",36.502,9.929,"Outflow"
"6779",2025-02-02,"G381B",36.99,10.087,"Outflow"
"6780",2025-02-02,"G381B",36.99,9.913,"Outflow"
"6781",2025-02-03,"G381B",30.51,10.078,"Outflow"
"6782",2025-02-03,"G381B",30.51,9.923,"Outflow"
"6783",2025-02-04,"G381B",16.689,10.184,"Outflow"
"6784",2025-02-04,"G381B",16.689,9.994,"Outflow"
"6785",2025-02-05,"G381B",37.054,10.137,"Outflow"
"6786",2025-02-05,"G381B",37.054,9.99,"Outflow"
"6787",2025-02-06,"G381B",27.202,10.227,"Outflow"
"6788",2025-02-06,"G381B",27.202,9.999,"Outflow"
"6789",2025-02-07,"G381B",39.598,10.228,"Outflow"
"6790",2025-02-07,"G381B",39.598,10.031,"Outflow"
"6791",2025-02-08,"G381B",34.391,10.233,"Outflow"
"6792",2025-02-08,"G381B",34.391,10.084,"Outflow"
"6793",2025-02-09,"G381B",10.033,10.282,"Outflow"
"6794",2025-02-09,"G381B",10.033,10.136,"Outflow"
"6795",2025-02-10,"G381B",54.547,10.293,"Outflow"
"6796",2025-02-10,"G381B",54.547,10.112,"Outflow"
"6797",2025-02-11,"G381B",42.4,10.247,"Outflow"
"6798",2025-02-11,"G381B",42.4,10.121,"Outflow"
"6799",2025-02-12,"G381B",24.45,10.283,"Outflow"
"6800",2025-02-12,"G381B",24.45,10.134,"Outflow"
"6801",2025-02-13,"G381B",35.154,10.336,"Outflow"
"6802",2025-02-13,"G381B",35.154,10.111,"Outflow"
"6803",2025-02-14,"G381B",35.707,10.299,"Outflow"
"6804",2025-02-14,"G381B",35.707,10.13,"Outflow"
"6805",2025-02-15,"G381B",28.712,10.286,"Outflow"
"6806",2025-02-15,"G381B",28.712,10.143,"Outflow"
"6807",2025-02-17,"G381B",33.986,10.328,"Outflow"
"6808",2025-02-17,"G381B",33.986,10.146,"Outflow"
"6809",2025-02-20,"G381B",61.394,10.28,"Outflow"
"6810",2025-02-20,"G381B",61.394,10.072,"Outflow"
"6811",2025-02-21,"G381B",42.536,10.18,"Outflow"
"6812",2025-02-21,"G381B",42.536,10.011,"Outflow"
"6813",2025-02-22,"G381B",40.554,10.193,"Outflow"
"6814",2025-02-22,"G381B",40.554,9.994,"Outflow"
"6815",2025-02-23,"G381B",38.167,10.169,"Outflow"
"6816",2025-02-23,"G381B",38.167,9.99,"Outflow"
"6817",2025-02-24,"G381B",37.407,10.163,"Outflow"
"6818",2025-02-24,"G381B",37.407,9.993,"Outflow"
"6819",2025-02-25,"G381B",39.086,10.17,"Outflow"
"6820",2025-02-25,"G381B",39.086,9.983,"Outflow"
"6821",2025-02-26,"G381B",29.644,10.118,"Outflow"
"6822",2025-02-26,"G381B",29.644,9.929,"Outflow"
"6823",2025-03-01,"G381B",24.287,10.136,"Outflow"
"6824",2025-03-01,"G381B",24.287,9.96,"Outflow"
"6825",2025-03-02,"G381B",33.81,10.118,"Outflow"
"6826",2025-03-02,"G381B",33.81,9.975,"Outflow"
"6827",2025-03-03,"G381B",28.095,10.092,"Outflow"
"6828",2025-03-03,"G381B",28.095,9.921,"Outflow"
"6829",2025-03-04,"G381B",16.508,10.152,"Outflow"
"6830",2025-03-04,"G381B",16.508,9.892,"Outflow"
"6831",2025-03-05,"G381B",25.963,10.153,"Outflow"
"6832",2025-03-05,"G381B",25.963,9.92,"Outflow"
"6833",2025-03-06,"G381B",27.731,10.147,"Outflow"
"6834",2025-03-06,"G381B",27.731,9.882,"Outflow"
"6835",2025-03-07,"G381B",28.04,10.122,"Outflow"
"6836",2025-03-07,"G381B",28.04,9.854,"Outflow"
"6837",2025-03-09,"G381B",25.564,10.12,"Outflow"
"6838",2025-03-09,"G381B",25.564,9.897,"Outflow"
"6839",2025-03-10,"G381B",28.13,10.123,"Outflow"
"6840",2025-03-10,"G381B",28.13,9.849,"Outflow"
"6841",2025-03-11,"G381B",29.605,10.119,"Outflow"
"6842",2025-03-11,"G381B",29.605,9.819,"Outflow"
"6843",2025-03-12,"G381B",30.485,10.097,"Outflow"
"6844",2025-03-12,"G381B",30.485,9.78,"Outflow"
"6845",2025-03-13,"G381B",32.327,10.062,"Outflow"
"6846",2025-03-13,"G381B",32.327,9.706,"Outflow"
"6847",2025-03-14,"G381B",31.696,10.041,"Outflow"
"6848",2025-03-14,"G381B",31.696,9.698,"Outflow"
"6849",2025-03-15,"G381B",29.247,10.042,"Outflow"
"6850",2025-03-15,"G381B",29.247,9.749,"Outflow"
"6851",2025-03-16,"G381B",28.669,10.038,"Outflow"
"6852",2025-03-16,"G381B",28.669,9.757,"Outflow"
"6853",2025-03-18,"G381B",32.311,9.994,"Outflow"
"6854",2025-03-18,"G381B",32.311,9.636,"Outflow"
"6855",2026-05-28,"G381B",0,10.011,"Outflow"
"6856",2026-05-28,"G381B",0,8.775,"Outflow"
"6857",2026-05-29,"G381B",0,10.022,"Outflow"
"6858",2026-05-29,"G381B",0,8.854,"Outflow"
"6859",2026-05-30,"G381B",0,10.096,"Outflow"
"6860",2026-05-30,"G381B",0,8.833,"Outflow"
"6861",2026-05-31,"G381B",0,10.083,"Outflow"
"6862",2026-05-31,"G381B",0,8.797,"Outflow"
"6863",2026-06-01,"G381B",0,10.07,"Outflow"
"6864",2026-06-01,"G381B",0,8.667,"Outflow"
"6865",2026-06-02,"G381B",0,10.055,"Outflow"
"6866",2026-06-02,"G381B",0,8.658,"Outflow"
"6867",2026-06-03,"G381B",0,10.135,"Outflow"
"6868",2026-06-03,"G381B",0,8.901,"Outflow"
"6869",2026-06-05,"G381B",0,10.127,"Outflow"
"6870",2026-06-05,"G381B",0,9.027,"Outflow"
"6871",2026-06-06,"G381B",0,10.099,"Outflow"
"6872",2026-06-06,"G381B",0,8.931,"Outflow"
"6873",2026-06-07,"G381B",0,10.069,"Outflow"
"6874",2026-06-07,"G381B",0,8.823,"Outflow"
"6875",2026-06-08,"G381B",0,10.042,"Outflow"
"6876",2026-06-08,"G381B",0,8.751,"Outflow"
"6877",2026-06-09,"G381B",0,10.015,"Outflow"
"6878",2026-06-09,"G381B",0,8.633,"Outflow"
"6879",2026-06-10,"G381B",0,9.984,"Outflow"
"6880",2026-06-10,"G381B",0,8.548,"Outflow"
"6881",2026-06-11,"G381B",0,9.952,"Outflow"
"6882",2026-06-11,"G381B",0,8.635,"Outflow"
"6883",2026-06-12,"G381B",0,9.922,"Outflow"
"6884",2026-06-12,"G381B",0,8.796,"Outflow"
"6885",2026-06-13,"G381B",0,9.905,"Outflow"
"6886",2026-06-13,"G381B",0,8.917,"Outflow"
"6887",2026-06-14,"G381B",0,9.892,"Outflow"
"6888",2026-06-14,"G381B",0,9.002,"Outflow"
"6889",2026-06-15,"G381B",0,9.87,"Outflow"
"6890",2026-06-15,"G381B",0,9.057,"Outflow"
"6891",2026-06-16,"G381B",0,9.843,"Outflow"
"6892",2026-06-16,"G381B",0,9.058,"Outflow"
"6893",2026-06-18,"G381B",0,9.769,"Outflow"
"6894",2026-06-18,"G381B",0,9.129,"Outflow"
"6895",2026-06-19,"G381B",0,9.752,"Outflow"
"6896",2026-06-19,"G381B",0,9.158,"Outflow"
"6897",2026-06-20,"G381B",0,9.814,"Outflow"
"6898",2026-06-20,"G381B",0,9.313,"Outflow"
"6899",2026-06-21,"G381B",0,9.949,"Outflow"
"6900",2026-06-21,"G381B",0,9.479,"Outflow"
"6901",2026-06-22,"G381B",0,9.978,"Outflow"
"6902",2026-06-22,"G381B",0,9.484,"Outflow"
"6903",2026-06-23,"G381B",0,9.972,"Outflow"
"6904",2026-06-23,"G381B",0,9.467,"Outflow"
"6905",2026-06-24,"G381B",0,9.958,"Outflow"
"6906",2026-06-24,"G381B",0,9.424,"Outflow"
"6907",2026-06-26,"G381B",0,9.974,"Outflow"
"6908",2026-06-26,"G381B",0,9.477,"Outflow"
"6909",2026-06-27,"G381B",0,10.011,"Outflow"
"6910",2026-06-27,"G381B",0,9.598,"Outflow"
"6911",2026-06-28,"G381B",0,10.01,"Outflow"
"6912",2026-06-28,"G381B",0,9.572,"Outflow"
"6913",2026-06-29,"G381B",0,9.997,"Outflow"
"6914",2026-06-29,"G381B",0,9.535,"Outflow"
"6915",2026-06-30,"G381B",0,9.975,"Outflow"
"6916",2026-06-30,"G381B",0,9.483,"Outflow"
"6917",2026-07-01,"G381B",0,9.953,"Outflow"
"6918",2026-07-01,"G381B",0,9.396,"Outflow"
"6919",2026-07-02,"G381B",0,9.931,"Outflow"
"6920",2026-07-02,"G381B",0,9.325,"Outflow"
"6921",2026-07-03,"G381B",0,9.977,"Outflow"
"6922",2026-07-03,"G381B",0,9.29,"Outflow"
"6923",2026-07-04,"G381B",0,10.095,"Outflow"
"6924",2026-07-04,"G381B",0,9.323,"Outflow"
"6925",2026-07-05,"G381B",0,10.095,"Outflow"
"6926",2026-07-05,"G381B",0,9.342,"Outflow"
"6927",2026-07-06,"G381B",0,10.121,"Outflow"
"6928",2026-07-06,"G381B",0,9.38,"Outflow"
"6929",2026-07-07,"G381B",0,10.153,"Outflow"
"6930",2026-07-07,"G381B",0,9.446,"Outflow"
"6931",2026-07-08,"G381B",0,10.136,"Outflow"
"6932",2026-07-08,"G381B",0,9.447,"Outflow"
"6933",2026-07-09,"G381B",0,10.111,"Outflow"
"6934",2026-07-09,"G381B",0,9.335,"Outflow"
"6935",2026-07-10,"G381B",0,10.088,"Outflow"
"6936",2026-07-10,"G381B",0,9.282,"Outflow"
"6937",2026-07-11,"G381B",0,10.131,"Outflow"
"6938",2026-07-11,"G381B",0,9.341,"Outflow"
"6939",2026-07-13,"G381B",0,10.219,"Outflow"
"6940",2026-07-13,"G381B",0,9.444,"Outflow"
"6941",2026-07-14,"G381B",0,10.203,"Outflow"
"6942",2026-07-14,"G381B",0,9.448,"Outflow"
"6943",2026-07-15,"G381B",0,10.182,"Outflow"
"6944",2026-07-15,"G381B",0,9.322,"Outflow"
"6945",2026-07-16,"G381B",0,10.16,"Outflow"
"6946",2026-07-16,"G381B",0,9.215,"Outflow"
"6947",2026-07-18,"G381B",0,10.32,"Outflow"
"6948",2026-07-18,"G381B",0,9.341,"Outflow"
"6949",2026-07-20,"G381B",0,10.32,"Outflow"
"6950",2026-07-20,"G381B",0,9.32,"Outflow"
"6951",2026-07-22,"G381B",0,10.273,"Outflow"
"6952",2026-07-22,"G381B",0,9.256,"Outflow"
"6953",2026-07-23,"G381B",36.007,10.103,"Outflow"
"6954",2026-07-23,"G381B",36.007,9.311,"Outflow"
"6955",2026-07-24,"G381B",23.089,10.051,"Outflow"
"6956",2026-07-24,"G381B",23.089,9.324,"Outflow"
"6957",2026-07-25,"G381B",22.678,10.063,"Outflow"
"6958",2026-07-25,"G381B",22.678,9.363,"Outflow"
"6959",2026-07-26,"G381B",22.053,10.082,"Outflow"
"6960",2026-07-26,"G381B",22.053,9.418,"Outflow"
"6961",2026-07-27,"G381B",21.599,10.029,"Outflow"
"6962",2026-07-27,"G381B",21.599,9.415,"Outflow"
"6963",2026-07-28,"G381B",20.111,9.969,"Outflow"
"6964",2026-07-28,"G381B",20.111,9.451,"Outflow"
"6965",2026-07-29,"G381B",19.535,9.891,"Outflow"
"6966",2026-07-29,"G381B",19.535,9.4,"Outflow"
"6967",2026-07-30,"G381B",17.985,9.784,"Outflow"
"6968",2026-07-30,"G381B",17.985,9.368,"Outflow"
"6969",2026-07-31,"G381B",15.817,9.684,"Outflow"
"6970",2026-07-31,"G381B",15.817,9.363,"Outflow"
"6971",2026-08-01,"G381B",14.013,9.587,"Outflow"
"6972",2026-08-01,"G381B",14.013,9.336,"Outflow"
"6973",2026-08-03,"G381B",13.242,9.538,"Outflow"
"6974",2026-08-03,"G381B",13.242,9.313,"Outflow"
"6975",2026-08-05,"G381B",11.781,9.801,"Outflow"
"6976",2026-08-05,"G381B",11.781,9.454,"Outflow"
"6977",2026-08-06,"G381B",17.478,9.905,"Outflow"
"6978",2026-08-06,"G381B",17.478,9.532,"Outflow"
"6979",2026-08-07,"G381B",13.29,9.822,"Outflow"
"6980",2026-08-07,"G381B",13.29,9.611,"Outflow"
"6981",2026-08-08,"G381B",12.891,9.598,"Outflow"
"6982",2026-08-08,"G381B",12.891,9.393,"Outflow"
"6983",2026-08-09,"G381B",24.732,9.338,"Outflow"
"6984",2026-08-09,"G381B",24.732,8.699,"Outflow"
"6985",2026-08-10,"G381B",30.3,9.389,"Outflow"
"6986",2026-08-10,"G381B",30.3,8.729,"Outflow"
"6987",2025-03-19,"G381B",31.578,9.948,"Outflow"
"6988",2025-03-19,"G381B",31.578,9.606,"Outflow"
"6989",2025-03-20,"G381B",28.476,9.936,"Outflow"
"6990",2025-03-20,"G381B",28.476,9.659,"Outflow"
"6991",2025-03-21,"G381B",30.529,9.908,"Outflow"
"6992",2025-03-21,"G381B",30.529,9.589,"Outflow"
"6993",2025-03-22,"G381B",29.128,9.886,"Outflow"
"6994",2025-03-22,"G381B",29.128,9.598,"Outflow"
"6995",2025-03-23,"G381B",28.106,9.873,"Outflow"
"6996",2025-03-23,"G381B",28.106,9.604,"Outflow"
"6997",2025-03-24,"G381B",30.205,9.844,"Outflow"
"6998",2025-03-24,"G381B",30.205,9.529,"Outflow"
"6999",2025-03-25,"G381B",30.378,9.813,"Outflow"
"7000",2025-03-25,"G381B",30.378,9.497,"Outflow"
"7001",2025-03-26,"G381B",31.032,9.792,"Outflow"
"7002",2025-03-26,"G381B",31.032,9.46,"Outflow"
"7003",2025-03-27,"G381B",30.872,9.8,"Outflow"
"7004",2025-03-27,"G381B",30.872,9.472,"Outflow"
"7005",2025-03-28,"G381B",30.821,9.809,"Outflow"
"7006",2025-03-28,"G381B",30.821,9.481,"Outflow"
"7007",2025-03-29,"G381B",25.522,9.88,"Outflow"
"7008",2025-03-29,"G381B",25.522,9.658,"Outflow"
"7009",2025-03-30,"G381B",23.725,9.952,"Outflow"
"7010",2025-03-30,"G381B",23.725,9.758,"Outflow"
"7011",2025-03-31,"G381B",26.753,10.033,"Outflow"
"7012",2025-03-31,"G381B",26.753,9.783,"Outflow"
"7013",2025-04-01,"G381B",34.017,10.126,"Outflow"
"7014",2025-04-01,"G381B",34.017,9.727,"Outflow"
"7015",2025-04-02,"G381B",33.324,10.1,"Outflow"
"7016",2025-04-02,"G381B",33.324,9.719,"Outflow"
"7017",2025-04-03,"G381B",32.091,10.008,"Outflow"
"7018",2025-04-03,"G381B",32.091,9.653,"Outflow"
"7019",2025-04-04,"G381B",32.909,9.87,"Outflow"
"7020",2025-04-04,"G381B",32.909,9.496,"Outflow"
"7021",2025-04-05,"G381B",20.592,9.765,"Outflow"
"7022",2025-04-05,"G381B",20.592,9.461,"Outflow"
"7023",2025-04-06,"G381B",0,9.863,"Outflow"
"7024",2025-04-06,"G381B",0,9.325,"Outflow"
"7025",2025-04-07,"G381B",0,9.863,"Outflow"
"7026",2025-04-07,"G381B",0,9.055,"Outflow"
"7027",2025-04-08,"G381B",0,9.87,"Outflow"
"7028",2025-04-08,"G381B",0,9.017,"Outflow"
"7029",2025-04-09,"G381B",0,9.878,"Outflow"
"7030",2025-04-09,"G381B",0,9.217,"Outflow"
"7031",2025-04-11,"G381B",0,9.849,"Outflow"
"7032",2025-04-11,"G381B",0,9.282,"Outflow"
"7033",2025-04-12,"G381B",0,9.825,"Outflow"
"7034",2025-04-12,"G381B",0,9.077,"Outflow"
"7035",2025-04-13,"G381B",0,9.798,"Outflow"
"7036",2025-04-13,"G381B",0,8.986,"Outflow"
"7037",2025-04-14,"G381B",0,9.773,"Outflow"
"7038",2025-04-14,"G381B",0,9.119,"Outflow"
"7039",2025-04-15,"G381B",0,9.753,"Outflow"
"7040",2025-04-15,"G381B",0,9.161,"Outflow"
"7041",2025-04-16,"G381B",0.051,9.733,"Outflow"
"7042",2025-04-16,"G381B",0.051,9.163,"Outflow"
"7043",2025-04-17,"G381B",0,9.717,"Outflow"
"7044",2025-04-17,"G381B",0,9.201,"Outflow"
"7045",2025-04-19,"G381B",0,9.677,"Outflow"
"7046",2025-04-19,"G381B",0,8.846,"Outflow"
"7047",2025-04-20,"G381B",0,9.657,"Outflow"
"7048",2025-04-20,"G381B",0,8.706,"Outflow"
"7049",2025-04-21,"G381B",0,9.641,"Outflow"
"7050",2025-04-21,"G381B",0,8.929,"Outflow"
"7051",2025-04-22,"G381B",0,9.624,"Outflow"
"7052",2025-04-22,"G381B",0,9.037,"Outflow"
"7053",2025-04-24,"G381B",0,9.594,"Outflow"
"7054",2025-04-24,"G381B",0,8.866,"Outflow"
"7055",2025-04-25,"G381B",0,9.58,"Outflow"
"7056",2025-04-25,"G381B",0,8.918,"Outflow"
"7057",2025-04-26,"G381B",0,9.57,"Outflow"
"7058",2025-04-26,"G381B",0,9.059,"Outflow"
"7059",2025-04-27,"G381B",0,9.563,"Outflow"
"7060",2025-04-27,"G381B",0,9.177,"Outflow"
"7061",2025-04-28,"G381B",0,9.552,"Outflow"
"7062",2025-04-28,"G381B",0,9.302,"Outflow"
"7063",2025-04-30,"G381B",0,9.541,"Outflow"
"7064",2025-04-30,"G381B",0,9.513,"Outflow"
"7065",2025-05-01,"G381B",0,9.536,"Outflow"
"7066",2025-05-01,"G381B",0,9.56,"Outflow"
"7067",2025-05-02,"G381B",0,9.533,"Outflow"
"7068",2025-05-02,"G381B",0,9.578,"Outflow"
"7069",2025-05-03,"G381B",0,9.541,"Outflow"
"7070",2025-05-03,"G381B",0,9.595,"Outflow"
"7071",2025-05-04,"G381B",0,9.647,"Outflow"
"7072",2025-05-04,"G381B",0,9.661,"Outflow"
"7073",2025-05-05,"G381B",0,9.957,"Outflow"
"7074",2025-05-05,"G381B",0,9.683,"Outflow"
"7075",2025-05-06,"G381B",0,10.171,"Outflow"
"7076",2025-05-06,"G381B",0,9.769,"Outflow"
"7077",2025-05-07,"G381B",0,10.313,"Outflow"
"7078",2025-05-07,"G381B",0,9.776,"Outflow"
"7079",2025-05-08,"G381B",0,10.339,"Outflow"
"7080",2025-05-08,"G381B",0,9.741,"Outflow"
"7081",2025-05-09,"G381B",0,10.377,"Outflow"
"7082",2025-05-09,"G381B",0,9.53,"Outflow"
"7083",2025-05-10,"G381B",0,10.362,"Outflow"
"7084",2025-05-10,"G381B",0,9.228,"Outflow"
"7085",2025-05-11,"G381B",0,10.335,"Outflow"
"7086",2025-05-11,"G381B",0,8.866,"Outflow"
"7087",2025-05-12,"G381B",0,10.453,"Outflow"
"7088",2025-05-12,"G381B",0,9.033,"Outflow"
"7089",2025-05-14,"G381B",0,10.593,"Outflow"
"7090",2025-05-14,"G381B",0,9.327,"Outflow"
"7091",2025-05-15,"G381B",0,10.562,"Outflow"
"7092",2025-05-15,"G381B",0,9.219,"Outflow"
"7093",2025-05-16,"G381B",0,10.533,"Outflow"
"7094",2025-05-16,"G381B",0,9.074,"Outflow"
"7095",2025-05-17,"G381B",0,10.497,"Outflow"
"7096",2025-05-17,"G381B",0,8.896,"Outflow"
"7097",2025-05-18,"G381B",0,10.457,"Outflow"
"7098",2025-05-18,"G381B",0,8.641,"Outflow"
"7099",2025-05-19,"G381B",0,10.429,"Outflow"
"7100",2025-05-19,"G381B",0,8.93,"Outflow"
"7101",2025-05-21,"G381B",0,10.371,"Outflow"
"7102",2025-05-21,"G381B",0,9.135,"Outflow"
"7103",2025-05-23,"G381B",0,10.408,"Outflow"
"7104",2025-05-23,"G381B",0,9.371,"Outflow"
"7105",2025-05-25,"G381B",0,10.356,"Outflow"
"7106",2025-05-25,"G381B",0,9.427,"Outflow"
"7107",2025-05-26,"G381B",0,10.332,"Outflow"
"7108",2025-05-26,"G381B",0,9.44,"Outflow"
"7109",2025-05-27,"G381B",0,10.312,"Outflow"
"7110",2025-05-27,"G381B",0,9.461,"Outflow"
"7111",2025-05-28,"G381B",0,10.295,"Outflow"
"7112",2025-05-28,"G381B",0,9.519,"Outflow"
"7113",2025-05-29,"G381B",43.213,10.141,"Outflow"
"7114",2025-05-29,"G381B",43.213,9.754,"Outflow"
"7115",2025-05-30,"G381B",0.672,10.122,"Outflow"
"7116",2025-05-30,"G381B",0.672,9.837,"Outflow"
"7117",2026-08-11,"G381B",44.839,9.22,"Outflow"
"7118",2026-08-11,"G381B",44.839,8.789,"Outflow"
"7119",2026-08-12,"G381B",48.526,9.247,"Outflow"
"7120",2026-08-12,"G381B",48.526,8.444,"Outflow"
"7121",2026-08-13,"G381B",64.574,9.53,"Outflow"
"7122",2026-08-13,"G381B",64.574,9.228,"Outflow"
"7123",2026-08-14,"G381B",66.683,9.814,"Outflow"
"7124",2026-08-14,"G381B",66.683,9.557,"Outflow"
"7125",2026-08-15,"G381B",72.07,10.029,"Outflow"
"7126",2026-08-15,"G381B",72.07,9.783,"Outflow"
"7127",2026-08-16,"G381B",NA,NA,"Outflow"
"7128",2026-08-16,"G381B",NA,NA,"Outflow"
"7129",2026-08-17,"G381B",64.858,9.987,"Outflow"
"7130",2026-08-17,"G381B",64.858,9.782,"Outflow"
"7131",2026-08-18,"G381B",28.172,9.953,"Outflow"
"7132",2026-08-18,"G381B",28.172,9.748,"Outflow"
"7133",2026-08-19,"G381B",49.168,9.712,"Outflow"
"7134",2026-08-19,"G381B",49.168,9.542,"Outflow"
"7135",2026-08-20,"G381B",23.74,9.607,"Outflow"
"7136",2026-08-20,"G381B",23.74,9.441,"Outflow"
"7137",2026-08-21,"G381B",6.388,9.6,"Outflow"
"7138",2026-08-21,"G381B",6.388,9.321,"Outflow"
"7139",2026-08-22,"G381B",0,9.687,"Outflow"
"7140",2026-08-22,"G381B",0,9.397,"Outflow"
"7141",2026-08-23,"G381B",0,9.679,"Outflow"
"7142",2026-08-23,"G381B",0,9.462,"Outflow"
"7143",2026-08-24,"G381B",0,9.715,"Outflow"
"7144",2026-08-24,"G381B",0,9.47,"Outflow"
"7145",2026-08-25,"G381B",7.24,9.632,"Outflow"
"7146",2026-08-25,"G381B",7.24,9.311,"Outflow"
"7147",2026-08-26,"G381B",0,9.499,"Outflow"
"7148",2026-08-26,"G381B",0,9.098,"Outflow"
"7149",2026-08-27,"G381B",0,9.679,"Outflow"
"7150",2026-08-27,"G381B",0,8.75,"Outflow"
"7151",2026-08-28,"G381B",6.016,9.769,"Outflow"
"7152",2026-08-28,"G381B",6.016,8.479,"Outflow"
"7153",2026-08-29,"G381B",5.542,9.616,"Outflow"
"7154",2026-08-29,"G381B",5.542,8.746,"Outflow"
"7155",2026-08-30,"G381B",46.209,9.592,"Outflow"
"7156",2026-08-30,"G381B",46.209,9.113,"Outflow"
"7157",2026-08-31,"G381B",58.506,9.659,"Outflow"
"7158",2026-08-31,"G381B",58.506,9.267,"Outflow"
"7159",2026-09-01,"G381B",53.739,9.567,"Outflow"
"7160",2026-09-01,"G381B",53.739,9.067,"Outflow"
"7161",2026-09-02,"G381B",55.061,9.543,"Outflow"
"7162",2026-09-02,"G381B",55.061,8.885,"Outflow"
"7163",2026-09-03,"G381B",89.388,9.572,"Outflow"
"7164",2026-09-03,"G381B",89.388,9.054,"Outflow"
"7165",2026-09-04,"G381B",108.768,9.559,"Outflow"
"7166",2026-09-04,"G381B",108.768,9.203,"Outflow"
"7167",2026-09-05,"G381B",162.839,9.682,"Outflow"
"7168",2026-09-05,"G381B",162.839,9.172,"Outflow"
"7169",2026-09-06,"G381B",197.021,9.829,"Outflow"
"7170",2026-09-06,"G381B",197.021,9.575,"Outflow"
"7171",2026-09-07,"G381B",199.652,9.655,"Outflow"
"7172",2026-09-07,"G381B",199.652,9.197,"Outflow"
"7173",2026-09-08,"G381B",214.018,9.684,"Outflow"
"7174",2026-09-08,"G381B",214.018,9.281,"Outflow"
"7175",2026-09-09,"G381B",221.359,9.665,"Outflow"
"7176",2026-09-09,"G381B",221.359,9.319,"Outflow"
"7177",2026-09-10,"G381B",220.515,9.675,"Outflow"
"7178",2026-09-10,"G381B",220.515,9.332,"Outflow"
"7179",2026-09-11,"G381B",221.545,9.665,"Outflow"
"7180",2026-09-11,"G381B",221.545,9.319,"Outflow"
"7181",2026-09-12,"G381B",215.109,9.532,"Outflow"
"7182",2026-09-12,"G381B",215.109,9.205,"Outflow"
"7183",2026-09-13,"G381B",209.719,9.569,"Outflow"
"7184",2026-09-13,"G381B",209.719,9.126,"Outflow"
"7185",2026-09-14,"G381B",203.348,9.628,"Outflow"
"7186",2026-09-14,"G381B",203.348,9.181,"Outflow"
"7187",2026-09-15,"G381B",200.331,9.692,"Outflow"
"7188",2026-09-15,"G381B",200.331,9.438,"Outflow"
"7189",2026-09-16,"G381B",184.316,9.569,"Outflow"
"7190",2026-09-16,"G381B",184.316,9.354,"Outflow"
"7191",2026-09-17,"G381B",179.583,9.66,"Outflow"
"7192",2026-09-17,"G381B",179.583,9.456,"Outflow"
"7193",2026-09-18,"G381B",181.065,9.734,"Outflow"
"7194",2026-09-18,"G381B",181.065,9.526,"Outflow"
"7195",2026-09-19,"G381B",183.966,9.659,"Outflow"
"7196",2026-09-19,"G381B",183.966,9.445,"Outflow"
"7197",2026-09-20,"G381B",199.056,9.697,"Outflow"
"7198",2026-09-20,"G381B",199.056,9.445,"Outflow"
"7199",2026-09-21,"G381B",198.555,9.661,"Outflow"
"7200",2026-09-21,"G381B",198.555,9.411,"Outflow"
"7201",2026-09-22,"G381B",170.18,9.592,"Outflow"
"7202",2026-09-22,"G381B",170.18,9.272,"Outflow"
"7203",2026-09-23,"G381B",206.201,9.771,"Outflow"
"7204",2026-09-23,"G381B",206.201,9.424,"Outflow"
"7205",2026-09-24,"G381B",253.05,10.125,"Outflow"
"7206",2026-09-24,"G381B",253.05,9.719,"Outflow"
"7207",2026-09-25,"G381B",265.914,10.226,"Outflow"
"7208",2026-09-25,"G381B",265.914,9.779,"Outflow"
"7209",2026-09-26,"G381B",254.614,10.123,"Outflow"
"7210",2026-09-26,"G381B",254.614,9.712,"Outflow"
"7211",2026-09-27,"G381B",208.379,9.73,"Outflow"
"7212",2026-09-27,"G381B",208.379,9.453,"Outflow"
"7213",2026-09-28,"G381B",157.378,9.556,"Outflow"
"7214",2026-09-28,"G381B",157.378,9.268,"Outflow"
"7215",2026-09-29,"G381B",139.686,9.656,"Outflow"
"7216",2026-09-29,"G381B",139.686,9.169,"Outflow"
"7217",2026-09-30,"G381B",111.331,9.504,"Outflow"
"7218",2026-09-30,"G381B",111.331,9.149,"Outflow"
"7219",2026-10-01,"G381B",103.628,9.606,"Outflow"
"7220",2026-10-01,"G381B",103.628,9.133,"Outflow"
"7221",2026-10-02,"G381B",107.511,9.536,"Outflow"
"7222",2026-10-02,"G381B",107.511,9.201,"Outflow"
"7223",2026-10-04,"G381B",78.785,9.518,"Outflow"
"7224",2026-10-04,"G381B",78.785,8.755,"Outflow"
"7225",2026-10-05,"G381B",52.756,9.512,"Outflow"
"7226",2026-10-05,"G381B",52.756,8.769,"Outflow"
"7227",2026-10-03,"G381B",97.776,9.586,"Outflow"
"7228",2026-10-03,"G381B",97.776,8.974,"Outflow"
"7229",2026-01-07,"G381B",0,9.854,"Outflow"
"7230",2026-01-07,"G381B",0,9.583,"Outflow"
"7231",2026-01-08,"G381B",0,9.844,"Outflow"
"7232",2026-01-08,"G381B",0,9.585,"Outflow"
"7233",2026-01-10,"G381B",0,9.819,"Outflow"
"7234",2026-01-10,"G381B",0,9.516,"Outflow"
"7235",2026-02-11,"G381B",0,9.448,"Outflow"
"7236",2026-02-11,"G381B",0,9.209,"Outflow"
"7237",2026-02-14,"G381B",0,9.729,"Outflow"
"7238",2026-02-14,"G381B",0,9.386,"Outflow"
"7239",2026-02-19,"G381B",0,9.58,"Outflow"
"7240",2026-02-19,"G381B",0,9.233,"Outflow"
"7241",2026-03-06,"G381B",0,9.962,"Outflow"
"7242",2026-03-06,"G381B",0,8.788,"Outflow"
"7243",2026-03-16,"G381B",0,10.028,"Outflow"
"7244",2026-03-16,"G381B",0,9.887,"Outflow"
"7245",2025-05-31,"G381B",0,10.126,"Outflow"
"7246",2025-05-31,"G381B",0,9.653,"Outflow"
"7247",2025-06-01,"G381B",0,10.122,"Outflow"
"7248",2025-06-01,"G381B",0,9.57,"Outflow"
"7249",2025-06-02,"G381B",0,10.106,"Outflow"
"7250",2025-06-02,"G381B",0,9.475,"Outflow"
"7251",2025-06-03,"G381B",0,9.933,"Outflow"
"7252",2025-06-03,"G381B",0,9.641,"Outflow"
"7253",2025-06-04,"G381B",0.011,10.096,"Outflow"
"7254",2025-06-04,"G381B",0.011,9.494,"Outflow"
"7255",2025-06-05,"G381B",74.444,10.008,"Outflow"
"7256",2025-06-05,"G381B",74.444,9.68,"Outflow"
"7257",2025-06-06,"G381B",78.126,10.037,"Outflow"
"7258",2025-06-06,"G381B",78.126,9.779,"Outflow"
"7259",2025-06-07,"G381B",42.184,10.052,"Outflow"
"7260",2025-06-07,"G381B",42.184,9.813,"Outflow"
"7261",2025-06-08,"G381B",30.091,10.008,"Outflow"
"7262",2025-06-08,"G381B",30.091,9.711,"Outflow"
"7263",2025-06-09,"G381B",15.14,9.962,"Outflow"
"7264",2025-06-09,"G381B",15.14,9.595,"Outflow"
"7265",2025-06-10,"G381B",0,10.03,"Outflow"
"7266",2025-06-10,"G381B",0,9.454,"Outflow"
"7267",2025-06-13,"G381B",59.82,9.932,"Outflow"
"7268",2025-06-13,"G381B",59.82,9.444,"Outflow"
"7269",2025-06-14,"G381B",57.535,10.091,"Outflow"
"7270",2025-06-14,"G381B",57.535,9.772,"Outflow"
"7271",2025-06-15,"G381B",56.016,10.078,"Outflow"
"7272",2025-06-15,"G381B",56.016,9.874,"Outflow"
"7273",2025-06-16,"G381B",62.824,10.052,"Outflow"
"7274",2025-06-16,"G381B",62.824,9.849,"Outflow"
"7275",2025-06-17,"G381B",57.316,9.927,"Outflow"
"7276",2025-06-17,"G381B",57.316,9.736,"Outflow"
"7277",2025-06-18,"G381B",32.038,9.837,"Outflow"
"7278",2025-06-18,"G381B",32.038,9.645,"Outflow"
"7279",2025-06-19,"G381B",0,10.085,"Outflow"
"7280",2025-06-19,"G381B",0,9.668,"Outflow"
"7281",2025-06-20,"G381B",0,10.107,"Outflow"
"7282",2025-06-20,"G381B",0,9.602,"Outflow"
"7283",2025-06-21,"G381B",0,10.111,"Outflow"
"7284",2025-06-21,"G381B",0,9.499,"Outflow"
"7285",2025-06-24,"G381B",46.904,10.043,"Outflow"
"7286",2025-06-24,"G381B",46.904,9.336,"Outflow"
"7287",2025-06-25,"G381B",29.855,9.836,"Outflow"
"7288",2025-06-25,"G381B",29.855,9.33,"Outflow"
"7289",2025-06-26,"G381B",0,10.037,"Outflow"
"7290",2025-06-26,"G381B",0,9.12,"Outflow"
"7291",2025-06-28,"G381B",34.193,9.893,"Outflow"
"7292",2025-06-28,"G381B",34.193,9.24,"Outflow"
"7293",2025-06-29,"G381B",0,10.106,"Outflow"
"7294",2025-06-29,"G381B",0,8.968,"Outflow"
"7295",2025-06-30,"G381B",0,10.125,"Outflow"
"7296",2025-06-30,"G381B",0,8.979,"Outflow"
"7297",2025-07-01,"G381B",0,10.144,"Outflow"
"7298",2025-07-01,"G381B",0,8.881,"Outflow"
"7299",2025-07-02,"G381B",38.506,9.975,"Outflow"
"7300",2025-07-02,"G381B",38.506,9.252,"Outflow"
"7301",2025-07-03,"G381B",61.231,9.826,"Outflow"
"7302",2025-07-03,"G381B",61.231,9.416,"Outflow"
"7303",2025-07-04,"G381B",84.601,9.674,"Outflow"
"7304",2025-07-04,"G381B",84.601,8.913,"Outflow"
"7305",2025-07-06,"G381B",121.236,9.643,"Outflow"
"7306",2025-07-06,"G381B",121.236,9.157,"Outflow"
"7307",2025-07-07,"G381B",94.005,9.717,"Outflow"
"7308",2025-07-07,"G381B",94.005,9.076,"Outflow"
"7309",2025-07-08,"G381B",66.129,9.75,"Outflow"
"7310",2025-07-08,"G381B",66.129,8.885,"Outflow"
"7311",2025-07-10,"G381B",27.79,9.985,"Outflow"
"7312",2025-07-10,"G381B",27.79,9.891,"Outflow"
"7313",2025-07-12,"G381B",0,10.201,"Outflow"
"7314",2025-07-12,"G381B",0,9.98,"Outflow"
"7315",2025-07-13,"G381B",0,10.258,"Outflow"
"7316",2025-07-13,"G381B",0,9.596,"Outflow"
"7317",2025-07-14,"G381B",0,9.975,"Outflow"
"7318",2025-07-14,"G381B",0,9.218,"Outflow"
"7319",2025-07-15,"G381B",0,9.411,"Outflow"
"7320",2025-07-15,"G381B",0,9.164,"Outflow"
"7321",2025-07-16,"G381B",0,9.629,"Outflow"
"7322",2025-07-16,"G381B",0,9.176,"Outflow"
"7323",2025-07-17,"G381B",0,10.36,"Outflow"
"7324",2025-07-17,"G381B",0,9.329,"Outflow"
"7325",2025-07-18,"G381B",0,10.576,"Outflow"
"7326",2025-07-18,"G381B",0,9.393,"Outflow"
"7327",2025-07-19,"G381B",0,10.344,"Outflow"
"7328",2025-07-19,"G381B",0,9.332,"Outflow"
"7329",2025-07-20,"G381B",0,9.792,"Outflow"
"7330",2025-07-20,"G381B",0,9.133,"Outflow"
"7331",2025-07-21,"G381B",0,9.207,"Outflow"
"7332",2025-07-21,"G381B",0,8.935,"Outflow"
"7333",2025-07-22,"G381B",0,8.92,"Outflow"
"7334",2025-07-22,"G381B",0,8.767,"Outflow"
"7335",2025-07-23,"G381B",0,9.231,"Outflow"
"7336",2025-07-23,"G381B",0,8.712,"Outflow"
"7337",2025-07-24,"G381B",0,9.752,"Outflow"
"7338",2025-07-24,"G381B",0,8.802,"Outflow"
"7339",2025-07-28,"G381B",0,10.022,"Outflow"
"7340",2025-07-28,"G381B",0,9.065,"Outflow"
"7341",2025-07-29,"G381B",0,9.809,"Outflow"
"7342",2025-07-29,"G381B",0,9.555,"Outflow"
"7343",2025-07-30,"G381B",0,10.106,"Outflow"
"7344",2025-07-30,"G381B",0,9.209,"Outflow"
"7345",2025-07-31,"G381B",0,10.095,"Outflow"
"7346",2025-07-31,"G381B",0,8.984,"Outflow"
"7347",2025-08-01,"G381B",0,10.071,"Outflow"
"7348",2025-08-01,"G381B",0,9.074,"Outflow"
"7349",2025-08-02,"G381B",0,10.044,"Outflow"
"7350",2025-08-02,"G381B",0,9.242,"Outflow"
"7351",2025-08-03,"G381B",0,9.993,"Outflow"
"7352",2025-08-03,"G381B",0,9.149,"Outflow"
"7353",2025-08-04,"G381B",0,9.948,"Outflow"
"7354",2025-08-04,"G381B",0,9.186,"Outflow"
"7355",2025-08-05,"G381B",0,9.937,"Outflow"
"7356",2025-08-05,"G381B",0,9.228,"Outflow"
"7357",2025-08-06,"G381B",0,9.897,"Outflow"
"7358",2025-08-06,"G381B",0,9.158,"Outflow"
"7359",2025-08-07,"G381B",0,9.84,"Outflow"
"7360",2025-08-07,"G381B",0,9.174,"Outflow"
"7361",2025-08-08,"G381B",0,9.784,"Outflow"
"7362",2025-08-08,"G381B",0,9.172,"Outflow"
"7363",2025-08-09,"G381B",0,9.744,"Outflow"
"7364",2025-08-09,"G381B",0,9.031,"Outflow"
"7365",2025-08-10,"G381B",0,9.793,"Outflow"
"7366",2025-08-10,"G381B",0,8.857,"Outflow"
"7367",2025-08-11,"G381B",0,9.798,"Outflow"
"7368",2025-08-11,"G381B",0,8.84,"Outflow"
"7369",2025-08-12,"G381B",0,9.784,"Outflow"
"7370",2025-08-12,"G381B",0,9.097,"Outflow"
"7371",2025-08-13,"G381B",0,9.782,"Outflow"
"7372",2025-08-13,"G381B",0,9.117,"Outflow"
"7373",2025-08-14,"G381B",0,9.788,"Outflow"
"7374",2025-08-14,"G381B",0,9.374,"Outflow"
"7375",2026-03-21,"G381B",0,9.593,"Outflow"
"7376",2026-03-21,"G381B",0,9.406,"Outflow"
"7377",2026-03-31,"G381B",0,9.659,"Outflow"
"7378",2026-03-31,"G381B",0,9.17,"Outflow"
"7379",2026-04-28,"G381B",44.659,10.201,"Outflow"
"7380",2026-04-28,"G381B",44.659,9.942,"Outflow"
"7381",2026-05-03,"G381B",0,10.032,"Outflow"
"7382",2026-05-03,"G381B",0,9.554,"Outflow"
"7383",2026-05-13,"G381B",0,10.046,"Outflow"
"7384",2026-05-13,"G381B",0,9.798,"Outflow"
"7385",2026-06-04,"G381B",0,10.148,"Outflow"
"7386",2026-06-04,"G381B",0,9.101,"Outflow"
"7387",2026-06-17,"G381B",0,9.801,"Outflow"
"7388",2026-06-17,"G381B",0,9.053,"Outflow"
"7389",2026-06-25,"G381B",0,9.95,"Outflow"
"7390",2026-06-25,"G381B",0,9.403,"Outflow"
"7391",2026-07-12,"G381B",0,10.142,"Outflow"
"7392",2026-07-12,"G381B",0,9.305,"Outflow"
"7393",2026-07-17,"G381B",0,10.189,"Outflow"
"7394",2026-07-17,"G381B",0,9.235,"Outflow"
"7395",2026-07-19,"G381B",0,10.321,"Outflow"
"7396",2026-07-19,"G381B",0,9.322,"Outflow"
"7397",2026-07-21,"G381B",0,10.297,"Outflow"
"7398",2026-07-21,"G381B",0,9.307,"Outflow"
"7399",2026-08-02,"G381B",12.84,9.519,"Outflow"
"7400",2026-08-02,"G381B",12.84,9.307,"Outflow"
"7401",2026-08-04,"G381B",8.387,9.54,"Outflow"
"7402",2026-08-04,"G381B",8.387,9.339,"Outflow"
"7403",2024-11-02,"G381C",0,NA,"Outflow"
"7404",2024-11-03,"G381C",0,NA,"Outflow"
"7405",2024-11-04,"G381C",0,NA,"Outflow"
"7406",2024-11-05,"G381C",0,NA,"Outflow"
"7407",2024-11-06,"G381C",0,NA,"Outflow"
"7408",2024-11-07,"G381C",0,NA,"Outflow"
"7409",2024-11-08,"G381C",58.311,NA,"Outflow"
"7410",2024-11-09,"G381C",84.916,NA,"Outflow"
"7411",2024-11-10,"G381C",46.422,NA,"Outflow"
"7412",2024-11-11,"G381C",35.442,NA,"Outflow"
"7413",2024-11-12,"G381C",5.658,NA,"Outflow"
"7414",2024-11-13,"G381C",0,NA,"Outflow"
"7415",2024-11-14,"G381C",0,NA,"Outflow"
"7416",2024-11-15,"G381C",0,NA,"Outflow"
"7417",2024-11-16,"G381C",0,NA,"Outflow"
"7418",2024-11-18,"G381C",0,NA,"Outflow"
"7419",2024-11-20,"G381C",0.671,NA,"Outflow"
"7420",2024-11-21,"G381C",0,NA,"Outflow"
"7421",2024-11-22,"G381C",0,NA,"Outflow"
"7422",2024-11-23,"G381C",0,NA,"Outflow"
"7423",2024-11-24,"G381C",0,NA,"Outflow"
"7424",2024-11-27,"G381C",0,NA,"Outflow"
"7425",2024-11-28,"G381C",0,NA,"Outflow"
"7426",2024-11-29,"G381C",0,NA,"Outflow"
"7427",2024-11-30,"G381C",0,NA,"Outflow"
"7428",2024-12-01,"G381C",0,NA,"Outflow"
"7429",2024-12-02,"G381C",0,NA,"Outflow"
"7430",2024-12-04,"G381C",0,NA,"Outflow"
"7431",2024-12-07,"G381C",0,NA,"Outflow"
"7432",2024-12-08,"G381C",0,NA,"Outflow"
"7433",2024-12-11,"G381C",0,NA,"Outflow"
"7434",2024-12-12,"G381C",0,NA,"Outflow"
"7435",2024-12-13,"G381C",6.626,NA,"Outflow"
"7436",2024-12-16,"G381C",16.731,NA,"Outflow"
"7437",2024-12-17,"G381C",21.471,NA,"Outflow"
"7438",2024-12-19,"G381C",50.318,NA,"Outflow"
"7439",2024-12-21,"G381C",38.13,NA,"Outflow"
"7440",2024-12-22,"G381C",6.668,NA,"Outflow"
"7441",2024-12-23,"G381C",27.018,NA,"Outflow"
"7442",2024-12-24,"G381C",37.927,NA,"Outflow"
"7443",2024-12-25,"G381C",35.581,NA,"Outflow"
"7444",2024-12-26,"G381C",30.475,NA,"Outflow"
"7445",2024-12-27,"G381C",33.231,NA,"Outflow"
"7446",2024-12-28,"G381C",38.097,NA,"Outflow"
"7447",2024-12-29,"G381C",40.147,NA,"Outflow"
"7448",2024-12-31,"G381C",34.964,NA,"Outflow"
"7449",2024-11-01,"G381C",0,NA,"Outflow"
"7450",2024-11-17,"G381C",0,NA,"Outflow"
"7451",2024-11-19,"G381C",0,NA,"Outflow"
"7452",2024-11-25,"G381C",0,NA,"Outflow"
"7453",2024-11-26,"G381C",0,NA,"Outflow"
"7454",2024-12-03,"G381C",0,NA,"Outflow"
"7455",2024-12-15,"G381C",11.78,NA,"Outflow"
"7456",2024-12-05,"G381C",0,NA,"Outflow"
"7457",2024-12-06,"G381C",0,NA,"Outflow"
"7458",2025-08-15,"G381B",0,9.768,"Outflow"
"7459",2025-08-15,"G381B",0,9.235,"Outflow"
"7460",2025-08-16,"G381B",0,9.751,"Outflow"
"7461",2025-08-16,"G381B",0,9.336,"Outflow"
"7462",2025-08-17,"G381B",0,9.757,"Outflow"
"7463",2025-08-17,"G381B",0,9.376,"Outflow"
"7464",2025-08-18,"G381B",0,9.798,"Outflow"
"7465",2025-08-18,"G381B",0,9.336,"Outflow"
"7466",2025-08-19,"G381B",0,9.786,"Outflow"
"7467",2025-08-19,"G381B",0,9.334,"Outflow"
"7468",2025-08-20,"G381B",0,9.77,"Outflow"
"7469",2025-08-20,"G381B",0,9.35,"Outflow"
"7470",2025-08-21,"G381B",0,9.754,"Outflow"
"7471",2025-08-21,"G381B",0,9.126,"Outflow"
"7472",2025-08-22,"G381B",0,9.742,"Outflow"
"7473",2025-08-22,"G381B",0,9.042,"Outflow"
"7474",2025-08-23,"G381B",0,9.811,"Outflow"
"7475",2025-08-23,"G381B",0,9.196,"Outflow"
"7476",2025-08-24,"G381B",0,9.904,"Outflow"
"7477",2025-08-24,"G381B",0,9.34,"Outflow"
"7478",2025-08-25,"G381B",0,9.972,"Outflow"
"7479",2025-08-25,"G381B",0,9.297,"Outflow"
"7480",2025-08-27,"G381B",0,9.91,"Outflow"
"7481",2025-08-27,"G381B",0,9.473,"Outflow"
"7482",2025-08-28,"G381B",0,9.818,"Outflow"
"7483",2025-08-28,"G381B",0,9.434,"Outflow"
"7484",2025-08-29,"G381B",0,9.972,"Outflow"
"7485",2025-08-29,"G381B",0,9.426,"Outflow"
"7486",2025-08-31,"G381B",0,10.035,"Outflow"
"7487",2025-08-31,"G381B",0,9.471,"Outflow"
"7488",2025-09-01,"G381B",0,9.961,"Outflow"
"7489",2025-09-01,"G381B",0,9.636,"Outflow"
"7490",2025-09-03,"G381B",0,10.04,"Outflow"
"7491",2025-09-03,"G381B",0,9.804,"Outflow"
"7492",2025-09-04,"G381B",0,10.123,"Outflow"
"7493",2025-09-04,"G381B",0,9.857,"Outflow"
"7494",2025-09-05,"G381B",0,10.122,"Outflow"
"7495",2025-09-05,"G381B",0,9.848,"Outflow"
"7496",2025-09-06,"G381B",0,9.996,"Outflow"
"7497",2025-09-06,"G381B",0,9.787,"Outflow"
"7498",2025-09-07,"G381B",0,9.963,"Outflow"
"7499",2025-09-07,"G381B",0,9.7,"Outflow"
"7500",2025-09-08,"G381B",0,10.153,"Outflow"
"7501",2025-09-08,"G381B",0,9.73,"Outflow"
"7502",2025-09-10,"G381B",0,10.274,"Outflow"
"7503",2025-09-10,"G381B",0,10.012,"Outflow"
"7504",2025-09-11,"G381B",0,10.463,"Outflow"
"7505",2025-09-11,"G381B",0,10.132,"Outflow"
"7506",2025-09-12,"G381B",0,10.415,"Outflow"
"7507",2025-09-12,"G381B",0,10.034,"Outflow"
"7508",2025-09-13,"G381B",0,10.386,"Outflow"
"7509",2025-09-13,"G381B",0,10.024,"Outflow"
"7510",2025-09-14,"G381B",0,10.233,"Outflow"
"7511",2025-09-14,"G381B",0,9.886,"Outflow"
"7512",2025-09-15,"G381B",0,9.966,"Outflow"
"7513",2025-09-15,"G381B",0,9.653,"Outflow"
"7514",2025-09-16,"G381B",0,10.023,"Outflow"
"7515",2025-09-16,"G381B",0,9.351,"Outflow"
"7516",2025-09-18,"G381B",0,10.007,"Outflow"
"7517",2025-09-18,"G381B",0,9.37,"Outflow"
"7518",2025-09-19,"G381B",0,9.875,"Outflow"
"7519",2025-09-19,"G381B",0,9.332,"Outflow"
"7520",2025-09-21,"G381B",0,9.93,"Outflow"
"7521",2025-09-21,"G381B",0,8.674,"Outflow"
"7522",2025-09-22,"G381B",0,9.842,"Outflow"
"7523",2025-09-22,"G381B",0,8.843,"Outflow"
"7524",2025-09-23,"G381B",0,9.957,"Outflow"
"7525",2025-09-23,"G381B",0,9.052,"Outflow"
"7526",2025-09-24,"G381B",0,10.118,"Outflow"
"7527",2025-09-24,"G381B",0,9.097,"Outflow"
"7528",2025-09-25,"G381B",0,10.018,"Outflow"
"7529",2025-09-25,"G381B",0,9.298,"Outflow"
"7530",2025-09-26,"G381B",0,10.125,"Outflow"
"7531",2025-09-26,"G381B",0,9.646,"Outflow"
"7532",2025-09-27,"G381B",0,10.121,"Outflow"
"7533",2025-09-27,"G381B",0,9.659,"Outflow"
"7534",2025-09-28,"G381B",0,10.031,"Outflow"
"7535",2025-09-28,"G381B",0,9.611,"Outflow"
"7536",2025-09-29,"G381B",0,9.971,"Outflow"
"7537",2025-09-29,"G381B",0,9.568,"Outflow"
"7538",2025-09-30,"G381B",0,9.852,"Outflow"
"7539",2025-09-30,"G381B",0,9.159,"Outflow"
"7540",2025-10-01,"G381B",0,10.035,"Outflow"
"7541",2025-10-01,"G381B",0,8.936,"Outflow"
"7542",2025-10-02,"G381B",0,9.912,"Outflow"
"7543",2025-10-02,"G381B",0,8.783,"Outflow"
"7544",2025-10-03,"G381B",0,10.171,"Outflow"
"7545",2025-10-03,"G381B",0,8.925,"Outflow"
"7546",2025-10-04,"G381B",0,9.952,"Outflow"
"7547",2025-10-04,"G381B",0,8.873,"Outflow"
"7548",2025-10-05,"G381B",0,10.145,"Outflow"
"7549",2025-10-05,"G381B",0,8.866,"Outflow"
"7550",2025-10-06,"G381B",0,10.109,"Outflow"
"7551",2025-10-06,"G381B",0,8.848,"Outflow"
"7552",2025-10-07,"G381B",0,9.983,"Outflow"
"7553",2025-10-07,"G381B",0,8.844,"Outflow"
"7554",2025-10-08,"G381B",0,9.856,"Outflow"
"7555",2025-10-08,"G381B",0,8.744,"Outflow"
"7556",2025-10-09,"G381B",0,9.875,"Outflow"
"7557",2025-10-09,"G381B",0,8.753,"Outflow"
"7558",2025-10-10,"G381B",0,10.121,"Outflow"
"7559",2025-10-10,"G381B",0,8.816,"Outflow"
"7560",2025-10-11,"G381B",0,9.894,"Outflow"
"7561",2025-10-11,"G381B",0,8.798,"Outflow"
"7562",2025-10-12,"G381B",0,9.966,"Outflow"
"7563",2025-10-12,"G381B",0,8.952,"Outflow"
"7564",2025-10-13,"G381B",0,10.085,"Outflow"
"7565",2025-10-13,"G381B",0,9.435,"Outflow"
"7566",2025-10-14,"G381B",0,10.033,"Outflow"
"7567",2025-10-14,"G381B",0,9.354,"Outflow"
"7568",2025-10-15,"G381B",0,9.908,"Outflow"
"7569",2025-10-15,"G381B",0,9.277,"Outflow"
"7570",2025-10-16,"G381B",0,9.92,"Outflow"
"7571",2025-10-16,"G381B",0,8.865,"Outflow"
"7572",2025-10-17,"G381B",0,9.818,"Outflow"
"7573",2025-10-17,"G381B",0,8.762,"Outflow"
"7574",2025-10-18,"G381B",0,9.908,"Outflow"
"7575",2025-10-18,"G381B",0,8.772,"Outflow"
"7576",2025-10-19,"G381B",0,10.1,"Outflow"
"7577",2025-10-19,"G381B",0,8.799,"Outflow"
"7578",2025-10-20,"G381B",0,9.826,"Outflow"
"7579",2025-10-20,"G381B",0,9.285,"Outflow"
"7580",2025-10-21,"G381B",0,10.047,"Outflow"
"7581",2025-10-21,"G381B",0,8.818,"Outflow"
"7582",2025-10-22,"G381B",0,9.936,"Outflow"
"7583",2025-10-22,"G381B",0,8.852,"Outflow"
"7584",2025-10-23,"G381B",0,9.87,"Outflow"
"7585",2025-10-23,"G381B",0,8.894,"Outflow"
"7586",2025-10-24,"G381B",0,9.941,"Outflow"
"7587",2025-10-24,"G381B",0,8.538,"Outflow"
"7588",2025-10-25,"G381B",0,10.035,"Outflow"
"7589",2025-10-25,"G381B",0,8.83,"Outflow"
"7590",2024-12-09,"G381C",0,NA,"Outflow"
"7591",2024-12-10,"G381C",0.005,NA,"Outflow"
"7592",2024-12-14,"G381C",10.985,NA,"Outflow"
"7593",2024-12-18,"G381C",22.551,NA,"Outflow"
"7594",2024-12-20,"G381C",43.974,NA,"Outflow"
"7595",2024-12-30,"G381C",40.225,NA,"Outflow"
"7596",2026-01-01,"G381C",0,NA,"Outflow"
"7597",2026-01-02,"G381C",0,NA,"Outflow"
"7598",2026-01-03,"G381C",0,NA,"Outflow"
"7599",2026-01-04,"G381C",0,NA,"Outflow"
"7600",2026-01-05,"G381C",0,NA,"Outflow"
"7601",2026-01-07,"G381C",0,NA,"Outflow"
"7602",2026-01-08,"G381C",0,NA,"Outflow"
"7603",2026-01-09,"G381C",0,NA,"Outflow"
"7604",2026-01-10,"G381C",0,NA,"Outflow"
"7605",2026-01-11,"G381C",0,NA,"Outflow"
"7606",2026-01-12,"G381C",0,NA,"Outflow"
"7607",2026-01-13,"G381C",18.63,NA,"Outflow"
"7608",2026-01-15,"G381C",10.41,NA,"Outflow"
"7609",2026-01-16,"G381C",24.652,NA,"Outflow"
"7610",2026-01-17,"G381C",11.371,NA,"Outflow"
"7611",2026-01-19,"G381C",14.7,NA,"Outflow"
"7612",2026-01-20,"G381C",17.855,NA,"Outflow"
"7613",2026-01-21,"G381C",12.331,NA,"Outflow"
"7614",2026-01-22,"G381C",8.068,NA,"Outflow"
"7615",2026-01-25,"G381C",16.244,NA,"Outflow"
"7616",2026-01-26,"G381C",12.09,NA,"Outflow"
"7617",2026-01-28,"G381C",0,NA,"Outflow"
"7618",2026-01-29,"G381C",14.023,NA,"Outflow"
"7619",2026-01-30,"G381C",32.865,NA,"Outflow"
"7620",2026-01-31,"G381C",30.236,NA,"Outflow"
"7621",2026-02-01,"G381C",21.11,NA,"Outflow"
"7622",2026-02-02,"G381C",17.746,NA,"Outflow"
"7623",2026-02-03,"G381C",18.242,NA,"Outflow"
"7624",2026-02-04,"G381C",15.804,NA,"Outflow"
"7625",2026-02-05,"G381C",18.584,NA,"Outflow"
"7626",2026-02-06,"G381C",38.335,NA,"Outflow"
"7627",2026-02-08,"G381C",32.347,NA,"Outflow"
"7628",2026-02-09,"G381C",28.706,NA,"Outflow"
"7629",2026-02-10,"G381C",22.142,NA,"Outflow"
"7630",2026-02-11,"G381C",23.882,NA,"Outflow"
"7631",2026-02-12,"G381C",27.431,NA,"Outflow"
"7632",2026-02-13,"G381C",30.79,NA,"Outflow"
"7633",2026-02-15,"G381C",46.886,NA,"Outflow"
"7634",2026-02-16,"G381C",52.632,NA,"Outflow"
"7635",2026-02-17,"G381C",48.456,NA,"Outflow"
"7636",2026-02-18,"G381C",52.424,NA,"Outflow"
"7637",2026-02-19,"G381C",60.397,NA,"Outflow"
"7638",2026-02-20,"G381C",63.317,NA,"Outflow"
"7639",2026-02-21,"G381C",53.122,NA,"Outflow"
"7640",2026-02-22,"G381C",56.17,NA,"Outflow"
"7641",2026-02-23,"G381C",65.625,NA,"Outflow"
"7642",2026-02-24,"G381C",58.292,NA,"Outflow"
"7643",2026-02-25,"G381C",53.56,NA,"Outflow"
"7644",2026-02-26,"G381C",45.864,NA,"Outflow"
"7645",2026-02-27,"G381C",60.605,NA,"Outflow"
"7646",2026-03-01,"G381C",56.52,NA,"Outflow"
"7647",2026-03-02,"G381C",36.273,NA,"Outflow"
"7648",2026-03-03,"G381C",4.413,NA,"Outflow"
"7649",2026-03-04,"G381C",0,NA,"Outflow"
"7650",2026-03-05,"G381C",0,NA,"Outflow"
"7651",2026-03-06,"G381C",46.246,NA,"Outflow"
"7652",2026-03-07,"G381C",59.705,NA,"Outflow"
"7653",2026-03-08,"G381C",35.568,NA,"Outflow"
"7654",2026-03-09,"G381C",47.409,NA,"Outflow"
"7655",2026-03-10,"G381C",17.983,NA,"Outflow"
"7656",2026-03-11,"G381C",17.774,NA,"Outflow"
"7657",2026-03-12,"G381C",35.734,NA,"Outflow"
"7658",2026-03-14,"G381C",52.644,NA,"Outflow"
"7659",2025-10-26,"G381B",0,10.042,"Outflow"
"7660",2025-10-26,"G381B",0,9.004,"Outflow"
"7661",2025-10-27,"G381B",0,10.05,"Outflow"
"7662",2025-10-27,"G381B",0,9.001,"Outflow"
"7663",2025-10-28,"G381B",0,10.045,"Outflow"
"7664",2025-10-28,"G381B",0,8.818,"Outflow"
"7665",2025-10-30,"G381B",0,10.023,"Outflow"
"7666",2025-10-30,"G381B",0,8.995,"Outflow"
"7667",2025-10-31,"G381B",0,10.009,"Outflow"
"7668",2025-10-31,"G381B",0,9.113,"Outflow"
"7669",2025-11-01,"G381B",0,10.001,"Outflow"
"7670",2025-11-01,"G381B",0,9.047,"Outflow"
"7671",2025-11-02,"G381B",0,9.992,"Outflow"
"7672",2025-11-02,"G381B",0,9.099,"Outflow"
"7673",2025-11-04,"G381B",0,9.972,"Outflow"
"7674",2025-11-04,"G381B",0,9.005,"Outflow"
"7675",2025-11-05,"G381B",0,9.961,"Outflow"
"7676",2025-11-05,"G381B",0,8.956,"Outflow"
"7677",2025-11-06,"G381B",0,9.953,"Outflow"
"7678",2025-11-06,"G381B",0,8.827,"Outflow"
"7679",2025-11-07,"G381B",0,9.941,"Outflow"
"7680",2025-11-07,"G381B",0,8.769,"Outflow"
"7681",2025-11-08,"G381B",0,9.93,"Outflow"
"7682",2025-11-08,"G381B",0,9.025,"Outflow"
"7683",2025-11-09,"G381B",0,9.919,"Outflow"
"7684",2025-11-09,"G381B",0,8.941,"Outflow"
"7685",2025-11-10,"G381B",0,9.911,"Outflow"
"7686",2025-11-10,"G381B",0,9.052,"Outflow"
"7687",2025-11-11,"G381B",0,9.894,"Outflow"
"7688",2025-11-11,"G381B",0,9.131,"Outflow"
"7689",2025-11-12,"G381B",0,9.879,"Outflow"
"7690",2025-11-12,"G381B",0,9.239,"Outflow"
"7691",2025-11-13,"G381B",0,9.871,"Outflow"
"7692",2025-11-13,"G381B",0,9.299,"Outflow"
"7693",2025-11-14,"G381B",0,9.879,"Outflow"
"7694",2025-11-14,"G381B",0,9.318,"Outflow"
"7695",2025-11-15,"G381B",0,9.906,"Outflow"
"7696",2025-11-15,"G381B",0,9.34,"Outflow"
"7697",2025-11-16,"G381B",0,9.943,"Outflow"
"7698",2025-11-16,"G381B",0,9.36,"Outflow"
"7699",2025-11-17,"G381B",0,9.977,"Outflow"
"7700",2025-11-17,"G381B",0,9.364,"Outflow"
"7701",2025-11-18,"G381B",0,10.012,"Outflow"
"7702",2025-11-18,"G381B",0,9.374,"Outflow"
"7703",2025-11-19,"G381B",0,10.054,"Outflow"
"7704",2025-11-19,"G381B",0,9.4,"Outflow"
"7705",2025-11-20,"G381B",0,10.08,"Outflow"
"7706",2025-11-20,"G381B",0,9.52,"Outflow"
"7707",2025-11-21,"G381B",0,10.085,"Outflow"
"7708",2025-11-21,"G381B",0,9.569,"Outflow"
"7709",2025-11-22,"G381B",0,10.081,"Outflow"
"7710",2025-11-22,"G381B",0,9.588,"Outflow"
"7711",2025-11-25,"G381B",0,10.049,"Outflow"
"7712",2025-11-25,"G381B",0,9.616,"Outflow"
"7713",2025-11-26,"G381B",0,10.057,"Outflow"
"7714",2025-11-26,"G381B",0,9.643,"Outflow"
"7715",2025-11-29,"G381B",0,10.118,"Outflow"
"7716",2025-11-29,"G381B",0,9.733,"Outflow"
"7717",2025-11-30,"G381B",0,10.118,"Outflow"
"7718",2025-11-30,"G381B",0,9.751,"Outflow"
"7719",2025-12-01,"G381B",0,10.121,"Outflow"
"7720",2025-12-01,"G381B",0,9.78,"Outflow"
"7721",2025-12-02,"G381B",0,10.117,"Outflow"
"7722",2025-12-02,"G381B",0,9.713,"Outflow"
"7723",2025-12-04,"G381B",0,10.113,"Outflow"
"7724",2025-12-04,"G381B",0,9.778,"Outflow"
"7725",2025-12-05,"G381B",0,10.104,"Outflow"
"7726",2025-12-05,"G381B",0,9.774,"Outflow"
"7727",2025-12-06,"G381B",0,10.095,"Outflow"
"7728",2025-12-06,"G381B",0,9.773,"Outflow"
"7729",2025-12-08,"G381B",0,10.094,"Outflow"
"7730",2025-12-08,"G381B",0,10.022,"Outflow"
"7731",2025-12-10,"G381B",0,10.088,"Outflow"
"7732",2025-12-10,"G381B",0,9.933,"Outflow"
"7733",2025-12-11,"G381B",0,10.074,"Outflow"
"7734",2025-12-11,"G381B",0,9.895,"Outflow"
"7735",2025-12-12,"G381B",0,10.064,"Outflow"
"7736",2025-12-12,"G381B",0,9.961,"Outflow"
"7737",2025-12-13,"G381B",0,10.053,"Outflow"
"7738",2025-12-13,"G381B",0,10.011,"Outflow"
"7739",2025-12-14,"G381B",0,10.048,"Outflow"
"7740",2025-12-14,"G381B",0,9.962,"Outflow"
"7741",2025-12-15,"G381B",0,10.046,"Outflow"
"7742",2025-12-15,"G381B",0,9.898,"Outflow"
"7743",2025-12-16,"G381B",0,10.035,"Outflow"
"7744",2025-12-16,"G381B",0,9.854,"Outflow"
"7745",2025-12-17,"G381B",0,10.026,"Outflow"
"7746",2025-12-17,"G381B",0,9.787,"Outflow"
"7747",2025-12-18,"G381B",0,10.018,"Outflow"
"7748",2025-12-18,"G381B",0,9.733,"Outflow"
"7749",2025-12-19,"G381B",0,10.011,"Outflow"
"7750",2025-12-19,"G381B",0,9.706,"Outflow"
"7751",2025-12-20,"G381B",0,10.007,"Outflow"
"7752",2025-12-20,"G381B",0,9.676,"Outflow"
"7753",2025-12-21,"G381B",0,10,"Outflow"
"7754",2025-12-21,"G381B",0,9.646,"Outflow"
"7755",2025-12-22,"G381B",0,9.99,"Outflow"
"7756",2025-12-22,"G381B",0,9.622,"Outflow"
"7757",2025-12-24,"G381B",0,9.973,"Outflow"
"7758",2025-12-24,"G381B",0,9.671,"Outflow"
"7759",2025-12-25,"G381B",0,9.964,"Outflow"
"7760",2025-12-25,"G381B",0,9.686,"Outflow"
"7761",2025-12-26,"G381B",0,9.955,"Outflow"
"7762",2025-12-26,"G381B",0,9.692,"Outflow"
"7763",2025-12-27,"G381B",0,9.944,"Outflow"
"7764",2025-12-27,"G381B",0,9.691,"Outflow"
"7765",2025-12-28,"G381B",0,9.934,"Outflow"
"7766",2025-12-28,"G381B",0,9.692,"Outflow"
"7767",2025-12-29,"G381B",0,9.925,"Outflow"
"7768",2025-12-29,"G381B",0,9.69,"Outflow"
"7769",2025-12-30,"G381B",0,9.917,"Outflow"
"7770",2025-12-30,"G381B",0,9.682,"Outflow"
"7771",2025-12-31,"G381B",0,9.904,"Outflow"
"7772",2025-12-31,"G381B",0,9.667,"Outflow"
"7773",2025-12-23,"G381B",0,9.979,"Outflow"
"7774",2025-12-23,"G381B",0,9.648,"Outflow"
"7775",2025-01-03,"G381B",20.369,9.996,"Outflow"
"7776",2025-01-03,"G381B",20.369,9.845,"Outflow"
"7777",2025-01-06,"G381B",0,10.044,"Outflow"
"7778",2025-01-06,"G381B",0,9.65,"Outflow"
"7779",2025-01-20,"G381B",35.964,10.046,"Outflow"
"7780",2025-01-20,"G381B",35.964,9.854,"Outflow"
"7781",2025-01-23,"G381B",52.797,10.092,"Outflow"
"7782",2025-01-23,"G381B",52.797,9.905,"Outflow"
"7783",2025-01-27,"G381B",31.555,10.098,"Outflow"
"7784",2025-01-27,"G381B",31.555,9.913,"Outflow"
"7785",2025-01-29,"G381B",38.506,10.087,"Outflow"
"7786",2025-01-29,"G381B",38.506,9.9,"Outflow"
"7787",2025-02-16,"G381B",30.483,10.321,"Outflow"
"7788",2025-02-16,"G381B",30.483,10.126,"Outflow"
"7789",2026-03-15,"G381C",29.548,NA,"Outflow"
"7790",2026-03-16,"G381C",5.956,NA,"Outflow"
"7791",2026-03-17,"G381C",0,NA,"Outflow"
"7792",2026-03-18,"G381C",18.962,NA,"Outflow"
"7793",2026-03-19,"G381C",22.739,NA,"Outflow"
"7794",2026-03-21,"G381C",21.532,NA,"Outflow"
"7795",2026-03-22,"G381C",0,NA,"Outflow"
"7796",2026-03-23,"G381C",0,NA,"Outflow"
"7797",2026-03-25,"G381C",33.307,NA,"Outflow"
"7798",2026-03-26,"G381C",38.561,NA,"Outflow"
"7799",2026-03-27,"G381C",42.546,NA,"Outflow"
"7800",2026-03-28,"G381C",59.986,NA,"Outflow"
"7801",2026-03-29,"G381C",65.258,NA,"Outflow"
"7802",2026-03-30,"G381C",94.125,NA,"Outflow"
"7803",2026-03-31,"G381C",56.442,NA,"Outflow"
"7804",2026-04-01,"G381C",26.134,NA,"Outflow"
"7805",2026-04-02,"G381C",12.882,NA,"Outflow"
"7806",2026-04-03,"G381C",14.071,NA,"Outflow"
"7807",2026-04-04,"G381C",0,NA,"Outflow"
"7808",2026-04-05,"G381C",21.782,NA,"Outflow"
"7809",2026-04-06,"G381C",103.351,NA,"Outflow"
"7810",2026-04-07,"G381C",138.485,NA,"Outflow"
"7811",2026-04-08,"G381C",145.599,NA,"Outflow"
"7812",2026-04-10,"G381C",174.499,NA,"Outflow"
"7813",2026-04-11,"G381C",182.522,NA,"Outflow"
"7814",2026-04-12,"G381C",177.87,NA,"Outflow"
"7815",2026-04-13,"G381C",172.974,NA,"Outflow"
"7816",2026-04-14,"G381C",123.819,NA,"Outflow"
"7817",2026-04-15,"G381C",111.377,NA,"Outflow"
"7818",2026-04-16,"G381C",86.758,NA,"Outflow"
"7819",2026-04-18,"G381C",3.242,NA,"Outflow"
"7820",2026-04-19,"G381C",1.491,NA,"Outflow"
"7821",2026-04-20,"G381C",0,NA,"Outflow"
"7822",2026-04-21,"G381C",0,NA,"Outflow"
"7823",2026-04-23,"G381C",0,NA,"Outflow"
"7824",2026-04-24,"G381C",5.36,NA,"Outflow"
"7825",2026-04-26,"G381C",78.199,NA,"Outflow"
"7826",2026-04-27,"G381C",51.008,NA,"Outflow"
"7827",2026-04-28,"G381C",40.822,NA,"Outflow"
"7828",2026-04-30,"G381C",34.422,NA,"Outflow"
"7829",2026-05-01,"G381C",0,NA,"Outflow"
"7830",2026-05-02,"G381C",0,NA,"Outflow"
"7831",2026-05-03,"G381C",0,NA,"Outflow"
"7832",2026-05-06,"G381C",0,NA,"Outflow"
"7833",2026-05-07,"G381C",0,NA,"Outflow"
"7834",2026-05-08,"G381C",0,NA,"Outflow"
"7835",2026-05-09,"G381C",0,NA,"Outflow"
"7836",2026-05-10,"G381C",0,NA,"Outflow"
"7837",2026-05-11,"G381C",0,NA,"Outflow"
"7838",2026-05-12,"G381C",0,NA,"Outflow"
"7839",2026-05-13,"G381C",0,NA,"Outflow"
"7840",2026-05-14,"G381C",0,NA,"Outflow"
"7841",2026-05-15,"G381C",0,NA,"Outflow"
"7842",2026-05-16,"G381C",0,NA,"Outflow"
"7843",2026-05-17,"G381C",0,NA,"Outflow"
"7844",2026-05-18,"G381C",0,NA,"Outflow"
"7845",2026-05-19,"G381C",0,NA,"Outflow"
"7846",2026-05-20,"G381C",0,NA,"Outflow"
"7847",2026-05-21,"G381C",0,NA,"Outflow"
"7848",2026-05-22,"G381C",0,NA,"Outflow"
"7849",2026-05-23,"G381C",0,NA,"Outflow"
"7850",2026-05-24,"G381C",0,NA,"Outflow"
"7851",2026-05-25,"G381C",0,NA,"Outflow"
"7852",2026-05-26,"G381C",0,NA,"Outflow"
"7853",2026-05-27,"G381C",0,NA,"Outflow"
"7854",2026-05-29,"G381C",0,NA,"Outflow"
"7855",2026-05-30,"G381C",0,NA,"Outflow"
"7856",2026-05-31,"G381C",0,NA,"Outflow"
"7857",2026-06-01,"G381C",0,NA,"Outflow"
"7858",2025-02-18,"G381B",18.427,10.354,"Outflow"
"7859",2025-02-18,"G381B",18.427,10.169,"Outflow"
"7860",2025-02-19,"G381B",38.034,10.356,"Outflow"
"7861",2025-02-19,"G381B",38.034,10.128,"Outflow"
"7862",2025-02-27,"G381B",22.478,10.147,"Outflow"
"7863",2025-02-27,"G381B",22.478,9.943,"Outflow"
"7864",2025-02-28,"G381B",32.914,10.13,"Outflow"
"7865",2025-02-28,"G381B",32.914,9.94,"Outflow"
"7866",2025-03-08,"G381B",25.868,10.118,"Outflow"
"7867",2025-03-08,"G381B",25.868,9.89,"Outflow"
"7868",2025-03-17,"G381B",31.444,10.034,"Outflow"
"7869",2025-03-17,"G381B",31.444,9.695,"Outflow"
"7870",2025-04-10,"G381B",0,9.866,"Outflow"
"7871",2025-04-10,"G381B",0,9.229,"Outflow"
"7872",2025-04-18,"G381B",0,9.695,"Outflow"
"7873",2025-04-18,"G381B",0,9.144,"Outflow"
"7874",2025-04-23,"G381B",0,9.609,"Outflow"
"7875",2025-04-23,"G381B",0,8.949,"Outflow"
"7876",2025-04-29,"G381B",0,9.549,"Outflow"
"7877",2025-04-29,"G381B",0,9.444,"Outflow"
"7878",2025-05-13,"G381B",0,10.619,"Outflow"
"7879",2025-05-13,"G381B",0,9.43,"Outflow"
"7880",2025-05-20,"G381B",0,10.402,"Outflow"
"7881",2025-05-20,"G381B",0,9.105,"Outflow"
"7882",2025-05-22,"G381B",0,10.369,"Outflow"
"7883",2025-05-22,"G381B",0,9.185,"Outflow"
"7884",2025-05-24,"G381B",0,10.38,"Outflow"
"7885",2025-05-24,"G381B",0,9.417,"Outflow"
"7886",2025-06-11,"G381B",0,10.034,"Outflow"
"7887",2025-06-11,"G381B",0,9.255,"Outflow"
"7888",2025-06-12,"G381B",0,10.089,"Outflow"
"7889",2025-06-12,"G381B",0,8.945,"Outflow"
"7890",2025-06-22,"G381B",0,10.147,"Outflow"
"7891",2025-06-22,"G381B",0,9.466,"Outflow"
"7892",2025-06-23,"G381B",0,10.188,"Outflow"
"7893",2025-06-23,"G381B",0,9.399,"Outflow"
"7894",2025-06-27,"G381B",39.167,10.096,"Outflow"
"7895",2025-06-27,"G381B",39.167,9.072,"Outflow"
"7896",2025-07-05,"G381B",95.13,9.701,"Outflow"
"7897",2025-07-05,"G381B",95.13,8.88,"Outflow"
"7898",2025-07-09,"G381B",83.319,9.707,"Outflow"
"7899",2025-07-09,"G381B",83.319,8.826,"Outflow"
"7900",2025-07-11,"G381B",6.554,10.123,"Outflow"
"7901",2025-07-11,"G381B",6.554,10.101,"Outflow"
"7902",2025-07-25,"G381B",0,10.085,"Outflow"
"7903",2025-07-25,"G381B",0,8.901,"Outflow"
"7904",2025-07-26,"G381B",0,10.049,"Outflow"
"7905",2025-07-26,"G381B",0,8.845,"Outflow"
"7906",2025-07-27,"G381B",0,10.086,"Outflow"
"7907",2025-07-27,"G381B",0,8.609,"Outflow"
"7908",2025-08-26,"G381B",0,10.176,"Outflow"
"7909",2025-08-26,"G381B",0,9.308,"Outflow"
"7910",2025-08-30,"G381B",0,9.989,"Outflow"
"7911",2025-08-30,"G381B",0,9.439,"Outflow"
"7912",2025-09-02,"G381B",0,9.896,"Outflow"
"7913",2025-09-02,"G381B",0,9.719,"Outflow"
"7914",2025-09-09,"G381B",0,10.138,"Outflow"
"7915",2025-09-09,"G381B",0,9.94,"Outflow"
"7916",2025-09-17,"G381B",0,10.056,"Outflow"
"7917",2025-09-17,"G381B",0,9.376,"Outflow"
"7918",2025-09-20,"G381B",0,9.885,"Outflow"
"7919",2025-09-20,"G381B",0,9.064,"Outflow"
"7920",2025-10-29,"G381B",0,10.036,"Outflow"
"7921",2025-10-29,"G381B",0,8.502,"Outflow"
"7922",2025-11-03,"G381B",0,9.987,"Outflow"
"7923",2025-11-03,"G381B",0,9.089,"Outflow"
"7924",2025-11-23,"G381B",0,10.072,"Outflow"
"7925",2025-11-23,"G381B",0,9.605,"Outflow"
"7926",2025-11-24,"G381B",0,10.062,"Outflow"
"7927",2025-11-24,"G381B",0,9.612,"Outflow"
"7928",2025-11-27,"G381B",0,10.123,"Outflow"
"7929",2025-11-27,"G381B",0,9.724,"Outflow"
"7930",2025-11-28,"G381B",0,10.13,"Outflow"
"7931",2025-11-28,"G381B",0,9.736,"Outflow"
"7932",2025-12-03,"G381B",0,10.117,"Outflow"
"7933",2025-12-03,"G381B",0,9.706,"Outflow"
"7934",2025-12-07,"G381B",0,10.087,"Outflow"
"7935",2025-12-07,"G381B",0,9.876,"Outflow"
"7936",2025-12-09,"G381B",0,10.091,"Outflow"
"7937",2025-12-09,"G381B",0,9.981,"Outflow"
"7938",2025-01-01,"G381C",35.907,NA,"Outflow"
"7939",2025-01-02,"G381C",32.698,NA,"Outflow"
"7940",2025-01-04,"G381C",0,NA,"Outflow"
"7941",2025-01-05,"G381C",0,NA,"Outflow"
"7942",2025-01-06,"G381C",0,NA,"Outflow"
"7943",2025-01-07,"G381C",0.005,NA,"Outflow"
"7944",2025-01-08,"G381C",0,NA,"Outflow"
"7945",2025-01-10,"G381C",0,NA,"Outflow"
"7946",2025-01-11,"G381C",0,NA,"Outflow"
"7947",2025-01-12,"G381C",29.954,NA,"Outflow"
"7948",2025-01-13,"G381C",37.789,NA,"Outflow"
"7949",2025-01-14,"G381C",37.943,NA,"Outflow"
"7950",2025-01-15,"G381C",34.128,NA,"Outflow"
"7951",2025-01-16,"G381C",32.112,NA,"Outflow"
"7952",2025-01-17,"G381C",28.653,NA,"Outflow"
"7953",2025-01-18,"G381C",29.376,NA,"Outflow"
"7954",2025-01-19,"G381C",10.904,NA,"Outflow"
"7955",2025-01-20,"G381C",31.339,NA,"Outflow"
"7956",2025-01-22,"G381C",31.716,NA,"Outflow"
"7957",2025-01-23,"G381C",45.429,NA,"Outflow"
"7958",2025-01-25,"G381C",23.129,NA,"Outflow"
"7959",2025-01-26,"G381C",29.218,NA,"Outflow"
"7960",2025-01-27,"G381C",23.999,NA,"Outflow"
"7961",2025-01-28,"G381C",27.526,NA,"Outflow"
"7962",2025-01-29,"G381C",33.937,NA,"Outflow"
"7963",2025-01-30,"G381C",31.37,NA,"Outflow"
"7964",2025-01-31,"G381C",32.368,NA,"Outflow"
"7965",2026-06-02,"G381C",0,NA,"Outflow"
"7966",2026-06-05,"G381C",0,NA,"Outflow"
"7967",2026-06-06,"G381C",0,NA,"Outflow"
"7968",2026-06-07,"G381C",0,NA,"Outflow"
"7969",2026-06-08,"G381C",0,NA,"Outflow"
"7970",2026-06-09,"G381C",0,NA,"Outflow"
"7971",2026-06-10,"G381C",0,NA,"Outflow"
"7972",2026-06-11,"G381C",0,NA,"Outflow"
"7973",2026-06-12,"G381C",0,NA,"Outflow"
"7974",2026-06-13,"G381C",0,NA,"Outflow"
"7975",2026-06-14,"G381C",0,NA,"Outflow"
"7976",2026-06-15,"G381C",0,NA,"Outflow"
"7977",2026-06-16,"G381C",0,NA,"Outflow"
"7978",2026-06-17,"G381C",0,NA,"Outflow"
"7979",2026-06-19,"G381C",0,NA,"Outflow"
"7980",2026-06-21,"G381C",0,NA,"Outflow"
"7981",2026-06-22,"G381C",0,NA,"Outflow"
"7982",2026-06-23,"G381C",0,NA,"Outflow"
"7983",2026-06-24,"G381C",0,NA,"Outflow"
"7984",2026-06-25,"G381C",0,NA,"Outflow"
"7985",2026-06-26,"G381C",0,NA,"Outflow"
"7986",2026-06-27,"G381C",0,NA,"Outflow"
"7987",2026-06-28,"G381C",0,NA,"Outflow"
"7988",2026-06-29,"G381C",0,NA,"Outflow"
"7989",2026-06-30,"G381C",0,NA,"Outflow"
"7990",2026-07-01,"G381C",0,NA,"Outflow"
"7991",2026-07-02,"G381C",0,NA,"Outflow"
"7992",2026-07-03,"G381C",0,NA,"Outflow"
"7993",2026-07-04,"G381C",0,NA,"Outflow"
"7994",2026-07-05,"G381C",0,NA,"Outflow"
"7995",2026-07-06,"G381C",0,NA,"Outflow"
"7996",2026-07-07,"G381C",0,NA,"Outflow"
"7997",2026-07-09,"G381C",0,NA,"Outflow"
"7998",2026-07-10,"G381C",0,NA,"Outflow"
"7999",2026-07-11,"G381C",0,NA,"Outflow"
"8000",2026-07-12,"G381C",0,NA,"Outflow"
"8001",2026-07-14,"G381C",0,NA,"Outflow"
"8002",2026-07-15,"G381C",0,NA,"Outflow"
"8003",2026-07-16,"G381C",0,NA,"Outflow"
"8004",2026-07-17,"G381C",0,NA,"Outflow"
"8005",2026-07-18,"G381C",0,NA,"Outflow"
"8006",2026-07-19,"G381C",0,NA,"Outflow"
"8007",2026-07-20,"G381C",0,NA,"Outflow"
"8008",2026-07-21,"G381C",0,NA,"Outflow"
"8009",2026-07-22,"G381C",0,NA,"Outflow"
"8010",2026-07-23,"G381C",34.418,NA,"Outflow"
"8011",2026-07-24,"G381C",23.265,NA,"Outflow"
"8012",2026-07-25,"G381C",22.776,NA,"Outflow"
"8013",2026-07-26,"G381C",22.245,NA,"Outflow"
"8014",2026-07-27,"G381C",21.361,NA,"Outflow"
"8015",2026-07-28,"G381C",19.75,NA,"Outflow"
"8016",2026-07-29,"G381C",19.018,NA,"Outflow"
"8017",2026-07-30,"G381C",17.545,NA,"Outflow"
"8018",2026-07-31,"G381C",15.429,NA,"Outflow"
"8019",2026-08-01,"G381C",13.496,NA,"Outflow"
"8020",2026-08-02,"G381C",12.412,NA,"Outflow"
"8021",2026-08-03,"G381C",12.692,NA,"Outflow"
"8022",2026-08-04,"G381C",8.006,NA,"Outflow"
"8023",2026-08-05,"G381C",10.709,NA,"Outflow"
"8024",2026-08-06,"G381C",76.488,NA,"Outflow"
"8025",2026-08-07,"G381C",110.366,NA,"Outflow"
"8026",2026-08-08,"G381C",112.458,NA,"Outflow"
"8027",2026-08-09,"G381C",68.643,NA,"Outflow"
"8028",2026-08-10,"G381C",48.998,NA,"Outflow"
"8029",2026-08-11,"G381C",43.141,NA,"Outflow"
"8030",2026-08-12,"G381C",49.293,NA,"Outflow"
"8031",2026-08-13,"G381C",72.453,NA,"Outflow"
"8032",2026-08-14,"G381C",70.926,NA,"Outflow"
"8033",2026-08-15,"G381C",71.894,NA,"Outflow"
"8034",2026-08-16,"G381C",NA,NA,"Outflow"
"8035",2025-02-01,"G381C",31.612,NA,"Outflow"
"8036",2025-02-02,"G381C",32.016,NA,"Outflow"
"8037",2025-02-03,"G381C",26.388,NA,"Outflow"
"8038",2025-02-04,"G381C",14.571,NA,"Outflow"
"8039",2025-02-06,"G381C",24.908,NA,"Outflow"
"8040",2025-02-07,"G381C",36.446,NA,"Outflow"
"8041",2025-02-08,"G381C",31.739,NA,"Outflow"
"8042",2025-02-09,"G381C",9.06,NA,"Outflow"
"8043",2025-02-10,"G381C",38.451,NA,"Outflow"
"8044",2025-02-11,"G381C",43.9,NA,"Outflow"
"8045",2025-02-12,"G381C",21.3,NA,"Outflow"
"8046",2025-02-13,"G381C",24.884,NA,"Outflow"
"8047",2025-02-14,"G381C",31.918,NA,"Outflow"
"8048",2025-02-15,"G381C",25.098,NA,"Outflow"
"8049",2025-02-16,"G381C",26.809,NA,"Outflow"
"8050",2025-02-17,"G381C",30.78,NA,"Outflow"
"8051",2025-02-18,"G381C",12.397,NA,"Outflow"
"8052",2025-02-19,"G381C",33.565,NA,"Outflow"
"8053",2025-02-20,"G381C",49.319,NA,"Outflow"
"8054",2025-02-21,"G381C",33.826,NA,"Outflow"
"8055",2025-02-22,"G381C",36.121,NA,"Outflow"
"8056",2025-02-23,"G381C",33.809,NA,"Outflow"
"8057",2025-02-24,"G381C",33.001,NA,"Outflow"
"8058",2025-02-25,"G381C",33.861,NA,"Outflow"
"8059",2025-02-26,"G381C",26.173,NA,"Outflow"
"8060",2025-02-27,"G381C",19.052,NA,"Outflow"
"8061",2025-02-28,"G381C",27.702,NA,"Outflow"
"8062",2025-03-01,"G381C",20.78,NA,"Outflow"
"8063",2025-03-02,"G381C",28.678,NA,"Outflow"
"8064",2025-03-03,"G381C",24.144,NA,"Outflow"
"8065",2025-03-04,"G381C",13.225,NA,"Outflow"
"8066",2025-03-05,"G381C",24.137,NA,"Outflow"
"8067",2025-03-06,"G381C",26.221,NA,"Outflow"
"8068",2025-03-07,"G381C",26.596,NA,"Outflow"
"8069",2025-03-08,"G381C",24.234,NA,"Outflow"
"8070",2025-03-10,"G381C",26.353,NA,"Outflow"
"8071",2025-03-12,"G381C",29.304,NA,"Outflow"
"8072",2025-03-13,"G381C",31.175,NA,"Outflow"
"8073",2025-03-14,"G381C",30.648,NA,"Outflow"
"8074",2025-03-15,"G381C",28.103,NA,"Outflow"
"8075",2025-03-16,"G381C",27.534,NA,"Outflow"
"8076",2025-03-17,"G381C",30.422,NA,"Outflow"
"8077",2025-03-18,"G381C",31.289,NA,"Outflow"
"8078",2025-03-19,"G381C",31.048,NA,"Outflow"
"8079",2025-03-20,"G381C",27.532,NA,"Outflow"
"8080",2025-03-21,"G381C",29.386,NA,"Outflow"
"8081",2025-03-22,"G381C",27.93,NA,"Outflow"
"8082",2025-03-23,"G381C",26.546,NA,"Outflow"
"8083",2025-03-24,"G381C",28.787,NA,"Outflow"
"8084",2025-03-25,"G381C",29.113,NA,"Outflow"
"8085",2025-03-28,"G381C",29.449,NA,"Outflow"
"8086",2025-03-29,"G381C",24.006,NA,"Outflow"
"8087",2025-03-30,"G381C",22.368,NA,"Outflow"
"8088",2025-03-31,"G381C",25.899,NA,"Outflow"
"8089",2025-04-03,"G381C",31.27,NA,"Outflow"
"8090",2025-04-04,"G381C",31.365,NA,"Outflow"
"8091",2025-04-05,"G381C",19.209,NA,"Outflow"
"8092",2025-04-06,"G381C",0,NA,"Outflow"
"8093",2025-04-07,"G381C",0,NA,"Outflow"
"8094",2025-04-08,"G381C",0,NA,"Outflow"
"8095",2025-04-09,"G381C",0,NA,"Outflow"
"8096",2025-04-10,"G381C",0,NA,"Outflow"
"8097",2025-04-11,"G381C",0,NA,"Outflow"
"8098",2025-04-12,"G381C",0,NA,"Outflow"
"8099",2025-04-13,"G381C",0,NA,"Outflow"
"8100",2025-04-14,"G381C",0,NA,"Outflow"
"8101",2025-04-15,"G381C",0,NA,"Outflow"
"8102",2025-04-16,"G381C",0,NA,"Outflow"
"8103",2025-04-17,"G381C",0,NA,"Outflow"
"8104",2026-08-17,"G381C",21.289,NA,"Outflow"
"8105",2026-08-18,"G381C",27.529,NA,"Outflow"
"8106",2026-08-19,"G381C",46.925,NA,"Outflow"
"8107",2026-08-20,"G381C",21.614,NA,"Outflow"
"8108",2026-08-21,"G381C",5.572,NA,"Outflow"
"8109",2026-08-22,"G381C",0,NA,"Outflow"
"8110",2026-08-23,"G381C",0,NA,"Outflow"
"8111",2026-08-24,"G381C",0,NA,"Outflow"
"8112",2026-08-25,"G381C",6.619,NA,"Outflow"
"8113",2026-08-26,"G381C",0,NA,"Outflow"
"8114",2026-08-27,"G381C",0,NA,"Outflow"
"8115",2026-08-28,"G381C",6.036,NA,"Outflow"
"8116",2026-08-29,"G381C",5.653,NA,"Outflow"
"8117",2026-08-31,"G381C",56.551,NA,"Outflow"
"8118",2026-09-02,"G381C",57.985,NA,"Outflow"
"8119",2026-09-03,"G381C",74.216,NA,"Outflow"
"8120",2026-09-04,"G381C",87.353,NA,"Outflow"
"8121",2026-09-05,"G381C",122.852,NA,"Outflow"
"8122",2026-09-06,"G381C",112.622,NA,"Outflow"
"8123",2026-09-07,"G381C",134.736,NA,"Outflow"
"8124",2026-09-08,"G381C",146.569,NA,"Outflow"
"8125",2026-09-09,"G381C",132.694,NA,"Outflow"
"8126",2026-09-10,"G381C",133.22,NA,"Outflow"
"8127",2026-09-11,"G381C",134.647,NA,"Outflow"
"8128",2026-09-12,"G381C",131.627,NA,"Outflow"
"8129",2026-09-13,"G381C",136.149,NA,"Outflow"
"8130",2026-09-14,"G381C",134.654,NA,"Outflow"
"8131",2026-09-15,"G381C",116.524,NA,"Outflow"
"8132",2026-09-16,"G381C",111.163,NA,"Outflow"
"8133",2026-09-17,"G381C",106.058,NA,"Outflow"
"8134",2026-09-18,"G381C",105.598,NA,"Outflow"
"8135",2026-09-19,"G381C",105.882,NA,"Outflow"
"8136",2026-09-20,"G381C",114.241,NA,"Outflow"
"8137",2026-09-21,"G381C",114.573,NA,"Outflow"
"8138",2026-09-22,"G381C",111.836,NA,"Outflow"
"8139",2026-09-23,"G381C",129.188,NA,"Outflow"
"8140",2026-09-24,"G381C",153.686,NA,"Outflow"
"8141",2026-09-25,"G381C",166.561,NA,"Outflow"
"8142",2026-09-26,"G381C",153.573,NA,"Outflow"
"8143",2026-09-27,"G381C",118.446,NA,"Outflow"
"8144",2026-09-28,"G381C",103.536,NA,"Outflow"
"8145",2026-09-29,"G381C",111.455,NA,"Outflow"
"8146",2026-09-30,"G381C",89.768,NA,"Outflow"
"8147",2026-10-01,"G381C",86.091,NA,"Outflow"
"8148",2026-10-02,"G381C",87.888,NA,"Outflow"
"8149",2026-10-03,"G381C",83.429,NA,"Outflow"
"8150",2026-10-04,"G381C",70.963,NA,"Outflow"
"8151",2026-10-05,"G381C",48.299,NA,"Outflow"
"8152",2026-09-01,"G381C",50.916,NA,"Outflow"
"8153",2026-01-06,"G381C",0,NA,"Outflow"
"8154",2026-01-14,"G381C",12.788,NA,"Outflow"
"8155",2026-01-18,"G381C",8.993,NA,"Outflow"
"8156",2026-01-23,"G381C",27.434,NA,"Outflow"
"8157",2026-01-24,"G381C",16.087,NA,"Outflow"
"8158",2026-01-27,"G381C",0,NA,"Outflow"
"8159",2026-02-07,"G381C",33.181,NA,"Outflow"
"8160",2026-02-14,"G381C",43.635,NA,"Outflow"
"8161",2026-02-28,"G381C",49.323,NA,"Outflow"
"8162",2026-03-13,"G381C",53.339,NA,"Outflow"
"8163",2026-03-20,"G381C",39.884,NA,"Outflow"
"8164",2026-03-24,"G381C",0,NA,"Outflow"
"8165",2026-04-09,"G381C",164.059,NA,"Outflow"
"8166",2026-04-17,"G381C",30.734,NA,"Outflow"
"8167",2026-04-22,"G381C",0,NA,"Outflow"
"8168",2026-04-25,"G381C",28.239,NA,"Outflow"
"8169",2026-04-29,"G381C",30.677,NA,"Outflow"
"8170",2026-05-04,"G381C",0,NA,"Outflow"
"8171",2026-05-05,"G381C",0,NA,"Outflow"
"8172",2026-05-28,"G381C",0,NA,"Outflow"
"8173",2025-04-18,"G381C",0,NA,"Outflow"
"8174",2025-04-19,"G381C",0,NA,"Outflow"
"8175",2025-04-21,"G381C",0,NA,"Outflow"
"8176",2025-04-22,"G381C",0,NA,"Outflow"
"8177",2025-04-24,"G381C",0,NA,"Outflow"
"8178",2025-04-25,"G381C",0,NA,"Outflow"
"8179",2025-04-26,"G381C",0,NA,"Outflow"
"8180",2025-04-27,"G381C",0,NA,"Outflow"
"8181",2025-04-28,"G381C",0,NA,"Outflow"
"8182",2025-04-30,"G381C",0,NA,"Outflow"
"8183",2025-05-01,"G381C",0,NA,"Outflow"
"8184",2025-05-02,"G381C",0,NA,"Outflow"
"8185",2025-05-03,"G381C",0,NA,"Outflow"
"8186",2025-05-04,"G381C",0,NA,"Outflow"
"8187",2025-05-05,"G381C",0,NA,"Outflow"
"8188",2025-05-06,"G381C",0,NA,"Outflow"
"8189",2025-05-07,"G381C",0,NA,"Outflow"
"8190",2025-05-08,"G381C",0,NA,"Outflow"
"8191",2025-05-09,"G381C",0,NA,"Outflow"
"8192",2025-05-10,"G381C",0,NA,"Outflow"
"8193",2025-05-11,"G381C",0,NA,"Outflow"
"8194",2025-05-12,"G381C",0,NA,"Outflow"
"8195",2025-05-13,"G381C",0,NA,"Outflow"
"8196",2025-05-14,"G381C",0,NA,"Outflow"
"8197",2025-05-15,"G381C",0,NA,"Outflow"
"8198",2025-05-16,"G381C",0,NA,"Outflow"
"8199",2025-05-17,"G381C",0,NA,"Outflow"
"8200",2025-05-18,"G381C",0,NA,"Outflow"
"8201",2025-05-19,"G381C",0,NA,"Outflow"
"8202",2025-05-20,"G381C",0,NA,"Outflow"
"8203",2025-05-21,"G381C",0,NA,"Outflow"
"8204",2025-05-22,"G381C",0,NA,"Outflow"
"8205",2025-05-23,"G381C",0,NA,"Outflow"
"8206",2025-05-24,"G381C",0,NA,"Outflow"
"8207",2025-05-25,"G381C",0,NA,"Outflow"
"8208",2025-05-27,"G381C",0,NA,"Outflow"
"8209",2025-05-29,"G381C",34.075,NA,"Outflow"
"8210",2025-05-30,"G381C",0.544,NA,"Outflow"
"8211",2025-05-31,"G381C",0,NA,"Outflow"
"8212",2025-06-01,"G381C",0,NA,"Outflow"
"8213",2025-06-02,"G381C",20.473,NA,"Outflow"
"8214",2025-06-03,"G381C",25.903,NA,"Outflow"
"8215",2025-06-04,"G381C",0,NA,"Outflow"
"8216",2025-06-05,"G381C",62.871,NA,"Outflow"
"8217",2025-06-06,"G381C",65.571,NA,"Outflow"
"8218",2025-06-07,"G381C",32.498,NA,"Outflow"
"8219",2025-06-08,"G381C",29.165,NA,"Outflow"
"8220",2025-06-10,"G381C",0,NA,"Outflow"
"8221",2025-06-11,"G381C",0,NA,"Outflow"
"8222",2025-06-12,"G381C",0,NA,"Outflow"
"8223",2025-06-13,"G381C",49.382,NA,"Outflow"
"8224",2025-06-14,"G381C",45.408,NA,"Outflow"
"8225",2025-06-15,"G381C",38.643,NA,"Outflow"
"8226",2025-06-16,"G381C",54.757,NA,"Outflow"
"8227",2025-06-17,"G381C",50.698,NA,"Outflow"
"8228",2025-06-18,"G381C",28.097,NA,"Outflow"
"8229",2025-06-19,"G381C",0,NA,"Outflow"
"8230",2025-06-20,"G381C",0,NA,"Outflow"
"8231",2025-06-23,"G381C",0,NA,"Outflow"
"8232",2025-06-24,"G381C",58.382,NA,"Outflow"
"8233",2025-06-25,"G381C",37.098,NA,"Outflow"
"8234",2025-06-26,"G381C",0,NA,"Outflow"
"8235",2025-06-27,"G381C",36.867,NA,"Outflow"
"8236",2025-06-28,"G381C",31.8,NA,"Outflow"
"8237",2025-06-29,"G381C",0,NA,"Outflow"
"8238",2025-06-30,"G381C",0,NA,"Outflow"
"8239",2025-07-01,"G381C",0,NA,"Outflow"
"8240",2025-07-02,"G381C",27.366,NA,"Outflow"
"8241",2025-07-03,"G381C",50.033,NA,"Outflow"
"8242",2025-07-04,"G381C",69.706,NA,"Outflow"
"8243",2026-06-03,"G381C",0,NA,"Outflow"
"8244",2026-06-04,"G381C",0,NA,"Outflow"
"8245",2026-06-18,"G381C",0,NA,"Outflow"
"8246",2026-06-20,"G381C",0,NA,"Outflow"
"8247",2026-07-08,"G381C",0,NA,"Outflow"
"8248",2026-07-13,"G381C",0,NA,"Outflow"
"8249",2026-08-30,"G381C",46.855,NA,"Outflow"
"8250",2024-11-02,"G381D",0,NA,"Outflow"
"8251",2024-11-03,"G381D",0,NA,"Outflow"
"8252",2024-11-04,"G381D",0,NA,"Outflow"
"8253",2024-11-05,"G381D",0,NA,"Outflow"
"8254",2024-11-06,"G381D",0,NA,"Outflow"
"8255",2024-11-07,"G381D",0,NA,"Outflow"
"8256",2024-11-08,"G381D",50.411,NA,"Outflow"
"8257",2024-11-09,"G381D",73.725,NA,"Outflow"
"8258",2024-11-10,"G381D",41.027,NA,"Outflow"
"8259",2024-11-11,"G381D",31.323,NA,"Outflow"
"8260",2024-11-14,"G381D",0,NA,"Outflow"
"8261",2024-11-15,"G381D",0,NA,"Outflow"
"8262",2024-11-16,"G381D",0,NA,"Outflow"
"8263",2024-11-18,"G381D",0,NA,"Outflow"
"8264",2024-11-19,"G381D",0,NA,"Outflow"
"8265",2024-11-20,"G381D",0,NA,"Outflow"
"8266",2024-11-22,"G381D",0,NA,"Outflow"
"8267",2024-11-23,"G381D",0,NA,"Outflow"
"8268",2024-11-24,"G381D",0,NA,"Outflow"
"8269",2024-11-26,"G381D",0,NA,"Outflow"
"8270",2024-11-27,"G381D",0,NA,"Outflow"
"8271",2024-11-28,"G381D",0,NA,"Outflow"
"8272",2024-11-29,"G381D",0,NA,"Outflow"
"8273",2024-12-03,"G381D",0,NA,"Outflow"
"8274",2024-12-05,"G381D",0,NA,"Outflow"
"8275",2024-12-06,"G381D",0,NA,"Outflow"
"8276",2024-12-07,"G381D",0,NA,"Outflow"
"8277",2024-12-08,"G381D",0,NA,"Outflow"
"8278",2024-12-09,"G381D",0,NA,"Outflow"
"8279",2024-12-10,"G381D",0.004,NA,"Outflow"
"8280",2024-12-11,"G381D",0,NA,"Outflow"
"8281",2024-12-13,"G381D",5.916,NA,"Outflow"
"8282",2024-12-14,"G381D",9.923,NA,"Outflow"
"8283",2024-12-15,"G381D",10.495,NA,"Outflow"
"8284",2024-12-16,"G381D",14.926,NA,"Outflow"
"8285",2024-12-17,"G381D",19.256,NA,"Outflow"
"8286",2024-12-18,"G381D",20.385,NA,"Outflow"
"8287",2024-12-19,"G381D",43.867,NA,"Outflow"
"8288",2024-12-20,"G381D",38.521,NA,"Outflow"
"8289",2024-12-21,"G381D",33.491,NA,"Outflow"
"8290",2024-12-22,"G381D",5.866,NA,"Outflow"
"8291",2024-12-23,"G381D",23.576,NA,"Outflow"
"8292",2024-12-24,"G381D",33.607,NA,"Outflow"
"8293",2024-12-25,"G381D",31.515,NA,"Outflow"
"8294",2024-12-26,"G381D",26.976,NA,"Outflow"
"8295",2024-12-28,"G381D",33.755,NA,"Outflow"
"8296",2024-12-29,"G381D",35.528,NA,"Outflow"
"8297",2024-12-30,"G381D",35.581,NA,"Outflow"
"8298",2024-12-31,"G381D",30.907,NA,"Outflow"
"8299",2024-11-01,"G381D",0,NA,"Outflow"
"8300",2024-11-12,"G381D",5.005,NA,"Outflow"
"8301",2024-11-13,"G381D",0,NA,"Outflow"
"8302",2024-11-17,"G381D",0,NA,"Outflow"
"8303",2024-11-21,"G381D",0,NA,"Outflow"
"8304",2024-11-25,"G381D",0,NA,"Outflow"
"8305",2024-11-30,"G381D",0,NA,"Outflow"
"8306",2024-12-01,"G381D",0,NA,"Outflow"
"8307",2024-12-02,"G381D",0,NA,"Outflow"
"8308",2024-12-04,"G381D",0,NA,"Outflow"
"8309",2024-12-12,"G381D",0,NA,"Outflow"
"8310",2024-12-27,"G381D",29.385,NA,"Outflow"
"8311",2026-01-01,"G381D",0,NA,"Outflow"
"8312",2025-07-05,"G381C",82.829,NA,"Outflow"
"8313",2025-07-06,"G381C",100.403,NA,"Outflow"
"8314",2025-07-07,"G381C",84.038,NA,"Outflow"
"8315",2025-07-08,"G381C",62.187,NA,"Outflow"
"8316",2025-07-09,"G381C",36.798,NA,"Outflow"
"8317",2025-07-12,"G381C",0,NA,"Outflow"
"8318",2025-07-13,"G381C",0,NA,"Outflow"
"8319",2025-07-14,"G381C",80.954,NA,"Outflow"
"8320",2025-07-15,"G381C",69,NA,"Outflow"
"8321",2025-07-16,"G381C",97.371,NA,"Outflow"
"8322",2025-07-17,"G381C",157.734,NA,"Outflow"
"8323",2025-07-18,"G381C",169.995,NA,"Outflow"
"8324",2025-07-19,"G381C",154.665,NA,"Outflow"
"8325",2025-07-21,"G381C",69.282,NA,"Outflow"
"8326",2025-07-22,"G381C",45.891,NA,"Outflow"
"8327",2025-07-23,"G381C",32.071,NA,"Outflow"
"8328",2025-07-24,"G381C",9.738,NA,"Outflow"
"8329",2025-07-25,"G381C",37.332,NA,"Outflow"
"8330",2025-07-26,"G381C",40.128,NA,"Outflow"
"8331",2025-07-28,"G381C",77.08,NA,"Outflow"
"8332",2025-07-29,"G381C",53.689,NA,"Outflow"
"8333",2025-07-30,"G381C",17.312,NA,"Outflow"
"8334",2025-07-31,"G381C",19.412,NA,"Outflow"
"8335",2025-08-01,"G381C",18.488,NA,"Outflow"
"8336",2025-08-02,"G381C",16.597,NA,"Outflow"
"8337",2025-08-03,"G381C",16.921,NA,"Outflow"
"8338",2025-08-04,"G381C",16.117,NA,"Outflow"
"8339",2025-08-05,"G381C",15.563,NA,"Outflow"
"8340",2025-08-06,"G381C",15.83,NA,"Outflow"
"8341",2025-08-08,"G381C",14.372,NA,"Outflow"
"8342",2025-08-09,"G381C",8.975,NA,"Outflow"
"8343",2025-08-10,"G381C",0,NA,"Outflow"
"8344",2025-08-11,"G381C",0,NA,"Outflow"
"8345",2025-08-12,"G381C",0,NA,"Outflow"
"8346",2025-08-13,"G381C",0,NA,"Outflow"
"8347",2025-08-14,"G381C",0,NA,"Outflow"
"8348",2025-08-15,"G381C",0,NA,"Outflow"
"8349",2025-08-16,"G381C",0,NA,"Outflow"
"8350",2025-08-17,"G381C",0,NA,"Outflow"
"8351",2025-08-19,"G381C",0,NA,"Outflow"
"8352",2025-08-20,"G381C",0,NA,"Outflow"
"8353",2025-08-21,"G381C",0,NA,"Outflow"
"8354",2025-08-22,"G381C",0,NA,"Outflow"
"8355",2025-08-23,"G381C",0,NA,"Outflow"
"8356",2025-08-24,"G381C",0,NA,"Outflow"
"8357",2025-08-25,"G381C",0,NA,"Outflow"
"8358",2025-08-26,"G381C",0,NA,"Outflow"
"8359",2025-08-27,"G381C",53.346,NA,"Outflow"
"8360",2025-08-29,"G381C",0,NA,"Outflow"
"8361",2025-08-30,"G381C",0,NA,"Outflow"
"8362",2025-08-31,"G381C",0,NA,"Outflow"
"8363",2025-09-01,"G381C",55.769,NA,"Outflow"
"8364",2025-09-03,"G381C",119.14,NA,"Outflow"
"8365",2025-09-04,"G381C",124.434,NA,"Outflow"
"8366",2025-09-05,"G381C",111.645,NA,"Outflow"
"8367",2025-09-06,"G381C",83.021,NA,"Outflow"
"8368",2025-09-08,"G381C",78.751,NA,"Outflow"
"8369",2025-09-09,"G381C",80.022,NA,"Outflow"
"8370",2025-09-10,"G381C",106.443,NA,"Outflow"
"8371",2025-09-12,"G381C",137.012,NA,"Outflow"
"8372",2025-09-13,"G381C",130.032,NA,"Outflow"
"8373",2025-09-16,"G381C",113.943,NA,"Outflow"
"8374",2025-09-18,"G381C",108.344,NA,"Outflow"
"8375",2025-09-19,"G381C",98.265,NA,"Outflow"
"8376",2025-09-20,"G381C",72.615,NA,"Outflow"
"8377",2025-09-21,"G381C",74.69,NA,"Outflow"
"8378",2025-09-22,"G381C",66.222,NA,"Outflow"
"8379",2025-09-23,"G381C",63.652,NA,"Outflow"
"8380",2025-09-24,"G381C",67.378,NA,"Outflow"
"8381",2026-01-02,"G381D",0,NA,"Outflow"
"8382",2026-01-03,"G381D",0,NA,"Outflow"
"8383",2026-01-04,"G381D",0,NA,"Outflow"
"8384",2026-01-05,"G381D",0,NA,"Outflow"
"8385",2026-01-07,"G381D",0,NA,"Outflow"
"8386",2026-01-08,"G381D",0,NA,"Outflow"
"8387",2026-01-10,"G381D",0,NA,"Outflow"
"8388",2026-01-11,"G381D",0,NA,"Outflow"
"8389",2026-01-12,"G381D",0,NA,"Outflow"
"8390",2026-01-13,"G381D",35.498,NA,"Outflow"
"8391",2026-01-16,"G381D",21.721,NA,"Outflow"
"8392",2026-01-17,"G381D",10.053,NA,"Outflow"
"8393",2026-01-18,"G381D",7.916,NA,"Outflow"
"8394",2026-01-19,"G381D",13.267,NA,"Outflow"
"8395",2026-01-20,"G381D",16.807,NA,"Outflow"
"8396",2026-01-21,"G381D",11.219,NA,"Outflow"
"8397",2026-01-22,"G381D",7.08,NA,"Outflow"
"8398",2026-01-23,"G381D",23.941,NA,"Outflow"
"8399",2026-01-25,"G381D",14.574,NA,"Outflow"
"8400",2026-01-27,"G381D",0,NA,"Outflow"
"8401",2026-01-28,"G381D",6.211,NA,"Outflow"
"8402",2026-01-29,"G381D",19.439,NA,"Outflow"
"8403",2026-01-30,"G381D",29.285,NA,"Outflow"
"8404",2026-01-31,"G381D",27.037,NA,"Outflow"
"8405",2026-02-01,"G381D",18.981,NA,"Outflow"
"8406",2026-02-02,"G381D",15.965,NA,"Outflow"
"8407",2026-02-03,"G381D",16.341,NA,"Outflow"
"8408",2026-02-05,"G381D",16.566,NA,"Outflow"
"8409",2026-02-06,"G381D",34.427,NA,"Outflow"
"8410",2026-02-07,"G381D",32.084,NA,"Outflow"
"8411",2026-02-08,"G381D",28.663,NA,"Outflow"
"8412",2026-02-09,"G381D",25.291,NA,"Outflow"
"8413",2026-02-10,"G381D",19.505,NA,"Outflow"
"8414",2026-02-11,"G381D",21.075,NA,"Outflow"
"8415",2026-02-12,"G381D",24.096,NA,"Outflow"
"8416",2026-02-13,"G381D",27.063,NA,"Outflow"
"8417",2026-02-14,"G381D",35.269,NA,"Outflow"
"8418",2026-02-15,"G381D",41.578,NA,"Outflow"
"8419",2026-02-16,"G381D",46.324,NA,"Outflow"
"8420",2026-02-17,"G381D",42.757,NA,"Outflow"
"8421",2026-02-18,"G381D",46.183,NA,"Outflow"
"8422",2026-02-19,"G381D",53.274,NA,"Outflow"
"8423",2026-02-20,"G381D",55.778,NA,"Outflow"
"8424",2026-02-21,"G381D",46.737,NA,"Outflow"
"8425",2026-02-22,"G381D",49.23,NA,"Outflow"
"8426",2026-02-25,"G381D",47.44,NA,"Outflow"
"8427",2026-02-26,"G381D",40.782,NA,"Outflow"
"8428",2026-02-27,"G381D",4.878,NA,"Outflow"
"8429",2026-02-28,"G381D",43.093,NA,"Outflow"
"8430",2026-03-02,"G381D",31.531,NA,"Outflow"
"8431",2026-03-03,"G381D",113.22,NA,"Outflow"
"8432",2026-03-04,"G381D",105.114,NA,"Outflow"
"8433",2026-03-05,"G381D",69.834,NA,"Outflow"
"8434",2026-03-06,"G381D",0.124,NA,"Outflow"
"8435",2026-03-07,"G381D",0,NA,"Outflow"
"8436",2026-03-08,"G381D",0,NA,"Outflow"
"8437",2026-03-09,"G381D",0,NA,"Outflow"
"8438",2026-03-10,"G381D",0,NA,"Outflow"
"8439",2026-03-11,"G381D",0,NA,"Outflow"
"8440",2026-03-12,"G381D",0,NA,"Outflow"
"8441",2026-03-13,"G381D",0,NA,"Outflow"
"8442",2026-03-14,"G381D",0,NA,"Outflow"
"8443",2026-03-16,"G381D",0,NA,"Outflow"
"8444",2026-03-17,"G381D",0,NA,"Outflow"
"8445",2026-03-18,"G381D",0,NA,"Outflow"
"8446",2026-03-19,"G381D",0,NA,"Outflow"
"8447",2026-03-20,"G381D",0,NA,"Outflow"
"8448",2026-03-21,"G381D",0,NA,"Outflow"
"8449",2026-03-22,"G381D",0,NA,"Outflow"
"8450",2026-03-24,"G381D",0,NA,"Outflow"
"8451",2025-09-25,"G381C",151.289,NA,"Outflow"
"8452",2025-09-26,"G381C",190.078,NA,"Outflow"
"8453",2025-09-27,"G381C",182.657,NA,"Outflow"
"8454",2025-09-28,"G381C",166.625,NA,"Outflow"
"8455",2025-09-29,"G381C",155.91,NA,"Outflow"
"8456",2025-09-30,"G381C",131.275,NA,"Outflow"
"8457",2025-10-01,"G381C",128.867,NA,"Outflow"
"8458",2025-10-02,"G381C",87.021,NA,"Outflow"
"8459",2025-10-03,"G381C",37.751,NA,"Outflow"
"8460",2025-10-04,"G381C",76.477,NA,"Outflow"
"8461",2025-10-05,"G381C",68.175,NA,"Outflow"
"8462",2025-10-06,"G381C",68.03,NA,"Outflow"
"8463",2025-10-07,"G381C",64.523,NA,"Outflow"
"8464",2025-10-08,"G381C",63.905,NA,"Outflow"
"8465",2025-10-09,"G381C",30.147,NA,"Outflow"
"8466",2025-10-10,"G381C",16.602,NA,"Outflow"
"8467",2025-10-13,"G381C",153.139,NA,"Outflow"
"8468",2025-10-14,"G381C",142.838,NA,"Outflow"
"8469",2025-10-15,"G381C",128.849,NA,"Outflow"
"8470",2025-10-16,"G381C",117.865,NA,"Outflow"
"8471",2025-10-19,"G381C",32.073,NA,"Outflow"
"8472",2025-10-20,"G381C",86.643,NA,"Outflow"
"8473",2025-10-21,"G381C",24.475,NA,"Outflow"
"8474",2025-10-22,"G381C",54.505,NA,"Outflow"
"8475",2025-10-23,"G381C",51.581,NA,"Outflow"
"8476",2025-10-24,"G381C",6.304,NA,"Outflow"
"8477",2025-10-25,"G381C",0,NA,"Outflow"
"8478",2025-10-26,"G381C",0,NA,"Outflow"
"8479",2025-10-27,"G381C",0,NA,"Outflow"
"8480",2025-10-28,"G381C",0,NA,"Outflow"
"8481",2025-10-29,"G381C",0,NA,"Outflow"
"8482",2025-10-30,"G381C",0,NA,"Outflow"
"8483",2025-10-31,"G381C",0,NA,"Outflow"
"8484",2025-11-01,"G381C",0,NA,"Outflow"
"8485",2025-11-02,"G381C",0,NA,"Outflow"
"8486",2025-11-03,"G381C",0,NA,"Outflow"
"8487",2025-11-04,"G381C",0,NA,"Outflow"
"8488",2025-11-05,"G381C",0,NA,"Outflow"
"8489",2025-11-06,"G381C",0,NA,"Outflow"
"8490",2025-11-07,"G381C",0,NA,"Outflow"
"8491",2025-11-08,"G381C",0,NA,"Outflow"
"8492",2025-11-09,"G381C",0,NA,"Outflow"
"8493",2025-11-10,"G381C",0,NA,"Outflow"
"8494",2025-11-12,"G381C",0,NA,"Outflow"
"8495",2025-11-13,"G381C",0,NA,"Outflow"
"8496",2025-11-14,"G381C",0,NA,"Outflow"
"8497",2025-11-15,"G381C",0,NA,"Outflow"
"8498",2025-11-16,"G381C",0,NA,"Outflow"
"8499",2025-11-17,"G381C",0,NA,"Outflow"
"8500",2025-11-18,"G381C",0,NA,"Outflow"
"8501",2025-11-19,"G381C",0,NA,"Outflow"
"8502",2025-11-20,"G381C",0,NA,"Outflow"
"8503",2025-11-21,"G381C",0,NA,"Outflow"
"8504",2025-11-22,"G381C",0,NA,"Outflow"
"8505",2025-11-23,"G381C",0,NA,"Outflow"
"8506",2025-11-24,"G381C",0,NA,"Outflow"
"8507",2025-11-25,"G381C",0,NA,"Outflow"
"8508",2025-11-27,"G381C",0,NA,"Outflow"
"8509",2025-11-28,"G381C",0,NA,"Outflow"
"8510",2025-11-29,"G381C",0,NA,"Outflow"
"8511",2025-11-30,"G381C",0,NA,"Outflow"
"8512",2025-12-01,"G381C",0,NA,"Outflow"
"8513",2025-12-02,"G381C",0,NA,"Outflow"
"8514",2025-12-03,"G381C",0,NA,"Outflow"
"8515",2025-12-04,"G381C",0,NA,"Outflow"
"8516",2025-12-05,"G381C",0,NA,"Outflow"
"8517",2025-12-06,"G381C",0,NA,"Outflow"
"8518",2025-12-08,"G381C",0,NA,"Outflow"
"8519",2025-12-09,"G381C",0,NA,"Outflow"
"8520",2026-03-25,"G381D",0,NA,"Outflow"
"8521",2026-03-26,"G381D",0,NA,"Outflow"
"8522",2026-03-27,"G381D",0,NA,"Outflow"
"8523",2026-03-28,"G381D",0,NA,"Outflow"
"8524",2026-03-29,"G381D",0,NA,"Outflow"
"8525",2026-03-31,"G381D",0,NA,"Outflow"
"8526",2026-04-01,"G381D",0,NA,"Outflow"
"8527",2026-04-02,"G381D",0,NA,"Outflow"
"8528",2026-04-03,"G381D",0,NA,"Outflow"
"8529",2026-04-04,"G381D",0,NA,"Outflow"
"8530",2026-04-05,"G381D",0,NA,"Outflow"
"8531",2026-04-06,"G381D",0,NA,"Outflow"
"8532",2026-04-07,"G381D",0,NA,"Outflow"
"8533",2026-04-08,"G381D",0,NA,"Outflow"
"8534",2026-04-09,"G381D",0,NA,"Outflow"
"8535",2026-04-10,"G381D",0,NA,"Outflow"
"8536",2026-04-11,"G381D",0,NA,"Outflow"
"8537",2026-04-12,"G381D",0,NA,"Outflow"
"8538",2026-04-13,"G381D",0,NA,"Outflow"
"8539",2026-04-14,"G381D",0,NA,"Outflow"
"8540",2026-04-15,"G381D",0,NA,"Outflow"
"8541",2026-04-16,"G381D",0,NA,"Outflow"
"8542",2026-04-17,"G381D",0,NA,"Outflow"
"8543",2026-04-18,"G381D",0,NA,"Outflow"
"8544",2026-04-19,"G381D",0,NA,"Outflow"
"8545",2026-04-20,"G381D",0,NA,"Outflow"
"8546",2026-04-21,"G381D",0,NA,"Outflow"
"8547",2026-04-22,"G381D",0,NA,"Outflow"
"8548",2026-04-23,"G381D",0,NA,"Outflow"
"8549",2026-04-24,"G381D",0,NA,"Outflow"
"8550",2026-04-25,"G381D",0,NA,"Outflow"
"8551",2026-04-26,"G381D",0,NA,"Outflow"
"8552",2026-04-27,"G381D",0,NA,"Outflow"
"8553",2026-04-28,"G381D",0,NA,"Outflow"
"8554",2026-04-29,"G381D",0,NA,"Outflow"
"8555",2026-04-30,"G381D",0,NA,"Outflow"
"8556",2026-05-01,"G381D",0,NA,"Outflow"
"8557",2026-05-02,"G381D",0,NA,"Outflow"
"8558",2026-05-03,"G381D",0,NA,"Outflow"
"8559",2026-05-04,"G381D",0,NA,"Outflow"
"8560",2026-05-05,"G381D",0.004,NA,"Outflow"
"8561",2026-05-06,"G381D",0,NA,"Outflow"
"8562",2026-05-08,"G381D",0,NA,"Outflow"
"8563",2026-05-09,"G381D",0,NA,"Outflow"
"8564",2026-05-10,"G381D",0,NA,"Outflow"
"8565",2026-05-11,"G381D",0,NA,"Outflow"
"8566",2026-05-12,"G381D",0,NA,"Outflow"
"8567",2026-05-13,"G381D",0,NA,"Outflow"
"8568",2026-05-14,"G381D",0,NA,"Outflow"
"8569",2026-05-15,"G381D",0,NA,"Outflow"
"8570",2026-05-16,"G381D",0,NA,"Outflow"
"8571",2026-05-17,"G381D",0,NA,"Outflow"
"8572",2026-05-18,"G381D",0,NA,"Outflow"
"8573",2026-05-19,"G381D",0,NA,"Outflow"
"8574",2026-05-20,"G381D",0,NA,"Outflow"
"8575",2026-05-21,"G381D",0,NA,"Outflow"
"8576",2026-05-22,"G381D",0,NA,"Outflow"
"8577",2026-05-23,"G381D",0,NA,"Outflow"
"8578",2026-05-24,"G381D",0,NA,"Outflow"
"8579",2026-05-25,"G381D",0,NA,"Outflow"
"8580",2026-05-26,"G381D",0,NA,"Outflow"
"8581",2026-05-27,"G381D",0,NA,"Outflow"
"8582",2026-05-28,"G381D",0,NA,"Outflow"
"8583",2026-05-29,"G381D",0,NA,"Outflow"
"8584",2026-05-30,"G381D",0,NA,"Outflow"
"8585",2026-05-31,"G381D",0,NA,"Outflow"
"8586",2026-06-01,"G381D",0,NA,"Outflow"
"8587",2026-06-02,"G381D",0,NA,"Outflow"
"8588",2026-06-03,"G381D",0,NA,"Outflow"
"8589",2025-12-10,"G381C",0,NA,"Outflow"
"8590",2025-12-12,"G381C",0,NA,"Outflow"
"8591",2025-12-13,"G381C",0,NA,"Outflow"
"8592",2025-12-14,"G381C",0,NA,"Outflow"
"8593",2025-12-15,"G381C",0,NA,"Outflow"
"8594",2025-12-16,"G381C",0,NA,"Outflow"
"8595",2025-12-17,"G381C",0,NA,"Outflow"
"8596",2025-12-19,"G381C",0,NA,"Outflow"
"8597",2025-12-20,"G381C",0,NA,"Outflow"
"8598",2025-12-22,"G381C",0,NA,"Outflow"
"8599",2025-12-23,"G381C",0,NA,"Outflow"
"8600",2025-12-24,"G381C",0,NA,"Outflow"
"8601",2025-12-25,"G381C",0,NA,"Outflow"
"8602",2025-12-26,"G381C",0,NA,"Outflow"
"8603",2025-12-27,"G381C",0,NA,"Outflow"
"8604",2025-12-28,"G381C",0,NA,"Outflow"
"8605",2025-12-29,"G381C",0,NA,"Outflow"
"8606",2025-12-30,"G381C",0,NA,"Outflow"
"8607",2025-12-31,"G381C",0,NA,"Outflow"
"8608",2025-12-21,"G381C",0,NA,"Outflow"
"8609",2025-01-03,"G381C",18.454,NA,"Outflow"
"8610",2025-01-09,"G381C",0,NA,"Outflow"
"8611",2025-01-21,"G381C",26.53,NA,"Outflow"
"8612",2025-01-24,"G381C",41.727,NA,"Outflow"
"8613",2025-02-05,"G381C",30.717,NA,"Outflow"
"8614",2025-03-09,"G381C",23.991,NA,"Outflow"
"8615",2025-03-11,"G381C",28.118,NA,"Outflow"
"8616",2025-03-26,"G381C",29.958,NA,"Outflow"
"8617",2025-03-27,"G381C",29.544,NA,"Outflow"
"8618",2025-04-01,"G381C",32.84,NA,"Outflow"
"8619",2025-04-02,"G381C",32.035,NA,"Outflow"
"8620",2025-04-20,"G381C",0,NA,"Outflow"
"8621",2025-04-23,"G381C",0,NA,"Outflow"
"8622",2025-04-29,"G381C",0,NA,"Outflow"
"8623",2025-05-26,"G381C",0,NA,"Outflow"
"8624",2025-05-28,"G381C",0,NA,"Outflow"
"8625",2025-06-09,"G381C",14.675,NA,"Outflow"
"8626",2025-06-21,"G381C",0,NA,"Outflow"
"8627",2025-06-22,"G381C",0,NA,"Outflow"
"8628",2025-07-10,"G381C",0,NA,"Outflow"
"8629",2025-07-11,"G381C",0,NA,"Outflow"
"8630",2025-07-20,"G381C",117.223,NA,"Outflow"
"8631",2025-07-27,"G381C",25.834,NA,"Outflow"
"8632",2025-08-07,"G381C",14.986,NA,"Outflow"
"8633",2025-08-18,"G381C",0,NA,"Outflow"
"8634",2025-08-28,"G381C",15.815,NA,"Outflow"
"8635",2025-09-02,"G381C",97.725,NA,"Outflow"
"8636",2025-09-07,"G381C",73.996,NA,"Outflow"
"8637",2025-09-11,"G381C",132.874,NA,"Outflow"
"8638",2025-09-14,"G381C",118.561,NA,"Outflow"
"8639",2025-09-15,"G381C",102.97,NA,"Outflow"
"8640",2025-09-17,"G381C",112.358,NA,"Outflow"
"8641",2025-10-11,"G381C",71.727,NA,"Outflow"
"8642",2025-10-12,"G381C",119.086,NA,"Outflow"
"8643",2025-10-17,"G381C",90.688,NA,"Outflow"
"8644",2025-10-18,"G381C",53.737,NA,"Outflow"
"8645",2025-11-11,"G381C",0,NA,"Outflow"
"8646",2025-11-26,"G381C",0,NA,"Outflow"
"8647",2025-12-07,"G381C",0,NA,"Outflow"
"8648",2025-12-11,"G381C",0,NA,"Outflow"
"8649",2025-12-18,"G381C",0,NA,"Outflow"
"8650",2025-01-03,"G381D",16.393,NA,"Outflow"
"8651",2025-01-04,"G381D",0,NA,"Outflow"
"8652",2025-01-05,"G381D",0,NA,"Outflow"
"8653",2025-01-06,"G381D",0,NA,"Outflow"
"8654",2025-01-07,"G381D",0.004,NA,"Outflow"
"8655",2025-01-09,"G381D",0,NA,"Outflow"
"8656",2025-01-10,"G381D",0,NA,"Outflow"
"8657",2025-01-11,"G381D",0,NA,"Outflow"
"8658",2025-01-12,"G381D",25.903,NA,"Outflow"
"8659",2026-06-04,"G381D",0,NA,"Outflow"
"8660",2026-06-05,"G381D",0,NA,"Outflow"
"8661",2026-06-06,"G381D",0,NA,"Outflow"
"8662",2026-06-07,"G381D",0,NA,"Outflow"
"8663",2026-06-08,"G381D",0,NA,"Outflow"
"8664",2026-06-09,"G381D",0,NA,"Outflow"
"8665",2026-06-10,"G381D",0,NA,"Outflow"
"8666",2026-06-11,"G381D",0,NA,"Outflow"
"8667",2026-06-12,"G381D",0,NA,"Outflow"
"8668",2026-06-13,"G381D",0,NA,"Outflow"
"8669",2026-06-14,"G381D",0,NA,"Outflow"
"8670",2026-06-15,"G381D",0,NA,"Outflow"
"8671",2026-06-16,"G381D",0,NA,"Outflow"
"8672",2026-06-17,"G381D",0,NA,"Outflow"
"8673",2026-06-18,"G381D",0,NA,"Outflow"
"8674",2026-06-19,"G381D",0,NA,"Outflow"
"8675",2026-06-20,"G381D",0,NA,"Outflow"
"8676",2026-06-21,"G381D",0,NA,"Outflow"
"8677",2026-06-22,"G381D",0,NA,"Outflow"
"8678",2026-06-23,"G381D",0,NA,"Outflow"
"8679",2026-06-24,"G381D",0,NA,"Outflow"
"8680",2026-06-25,"G381D",0,NA,"Outflow"
"8681",2026-06-26,"G381D",0,NA,"Outflow"
"8682",2026-06-27,"G381D",0,NA,"Outflow"
"8683",2026-06-28,"G381D",0,NA,"Outflow"
"8684",2026-06-29,"G381D",0,NA,"Outflow"
"8685",2026-06-30,"G381D",0,NA,"Outflow"
"8686",2026-07-01,"G381D",0,NA,"Outflow"
"8687",2026-07-02,"G381D",0,NA,"Outflow"
"8688",2026-07-04,"G381D",0,NA,"Outflow"
"8689",2026-07-05,"G381D",0,NA,"Outflow"
"8690",2026-07-06,"G381D",0,NA,"Outflow"
"8691",2026-07-07,"G381D",0,NA,"Outflow"
"8692",2026-07-08,"G381D",0,NA,"Outflow"
"8693",2026-07-09,"G381D",0,NA,"Outflow"
"8694",2026-07-11,"G381D",0,NA,"Outflow"
"8695",2026-07-12,"G381D",0,NA,"Outflow"
"8696",2026-07-13,"G381D",0,NA,"Outflow"
"8697",2026-07-14,"G381D",0,NA,"Outflow"
"8698",2026-07-15,"G381D",0,NA,"Outflow"
"8699",2026-07-17,"G381D",0,NA,"Outflow"
"8700",2026-07-18,"G381D",0,NA,"Outflow"
"8701",2026-07-19,"G381D",0,NA,"Outflow"
"8702",2026-07-20,"G381D",0,NA,"Outflow"
"8703",2026-07-21,"G381D",0,NA,"Outflow"
"8704",2026-07-23,"G381D",0,NA,"Outflow"
"8705",2026-07-24,"G381D",0,NA,"Outflow"
"8706",2026-07-25,"G381D",0,NA,"Outflow"
"8707",2026-07-26,"G381D",0,NA,"Outflow"
"8708",2026-07-27,"G381D",1.099,NA,"Outflow"
"8709",2026-07-28,"G381D",0,NA,"Outflow"
"8710",2026-07-29,"G381D",0,NA,"Outflow"
"8711",2026-07-30,"G381D",0,NA,"Outflow"
"8712",2026-07-31,"G381D",0,NA,"Outflow"
"8713",2026-08-01,"G381D",0,NA,"Outflow"
"8714",2026-08-02,"G381D",0,NA,"Outflow"
"8715",2026-08-03,"G381D",0,NA,"Outflow"
"8716",2026-08-04,"G381D",0,NA,"Outflow"
"8717",2026-08-05,"G381D",0,NA,"Outflow"
"8718",2026-08-06,"G381D",0,NA,"Outflow"
"8719",2026-08-07,"G381D",0,NA,"Outflow"
"8720",2026-08-08,"G381D",0,NA,"Outflow"
"8721",2026-08-09,"G381D",0,NA,"Outflow"
"8722",2026-08-10,"G381D",0,NA,"Outflow"
"8723",2026-08-11,"G381D",0,NA,"Outflow"
"8724",2026-08-13,"G381D",0,NA,"Outflow"
"8725",2026-08-14,"G381D",0,NA,"Outflow"
"8726",2026-08-15,"G381D",0,NA,"Outflow"
"8727",2026-08-16,"G381D",NA,NA,"Outflow"
"8728",2026-08-17,"G381D",0,NA,"Outflow"
"8729",2025-01-13,"G381D",33.253,NA,"Outflow"
"8730",2025-01-14,"G381D",33.65,NA,"Outflow"
"8731",2025-01-15,"G381D",30.329,NA,"Outflow"
"8732",2025-01-16,"G381D",28.548,NA,"Outflow"
"8733",2025-01-17,"G381D",25.439,NA,"Outflow"
"8734",2025-01-18,"G381D",26.058,NA,"Outflow"
"8735",2025-01-19,"G381D",9.4,NA,"Outflow"
"8736",2025-01-20,"G381D",27.396,NA,"Outflow"
"8737",2025-01-21,"G381D",23.278,NA,"Outflow"
"8738",2025-01-22,"G381D",27.901,NA,"Outflow"
"8739",2025-01-23,"G381D",39.531,NA,"Outflow"
"8740",2025-01-24,"G381D",36.309,NA,"Outflow"
"8741",2025-01-25,"G381D",20.164,NA,"Outflow"
"8742",2025-01-26,"G381D",25.391,NA,"Outflow"
"8743",2025-01-28,"G381D",24.295,NA,"Outflow"
"8744",2025-01-31,"G381D",28.538,NA,"Outflow"
"8745",2025-02-01,"G381D",27.851,NA,"Outflow"
"8746",2025-02-02,"G381D",28.198,NA,"Outflow"
"8747",2025-02-03,"G381D",23.305,NA,"Outflow"
"8748",2025-02-04,"G381D",12.661,NA,"Outflow"
"8749",2025-02-05,"G381D",26.832,NA,"Outflow"
"8750",2025-02-06,"G381D",21.867,NA,"Outflow"
"8751",2025-02-07,"G381D",31.976,NA,"Outflow"
"8752",2025-02-08,"G381D",27.727,NA,"Outflow"
"8753",2025-02-11,"G381D",29.132,NA,"Outflow"
"8754",2025-02-12,"G381D",13.382,NA,"Outflow"
"8755",2025-02-13,"G381D",19.308,NA,"Outflow"
"8756",2025-02-15,"G381D",22.043,NA,"Outflow"
"8757",2025-02-16,"G381D",23.511,NA,"Outflow"
"8758",2025-02-17,"G381D",27.174,NA,"Outflow"
"8759",2025-02-18,"G381D",14.749,NA,"Outflow"
"8760",2025-02-19,"G381D",29.253,NA,"Outflow"
"8761",2025-02-20,"G381D",47.69,NA,"Outflow"
"8762",2025-02-21,"G381D",33.602,NA,"Outflow"
"8763",2025-02-22,"G381D",32.227,NA,"Outflow"
"8764",2025-02-23,"G381D",30.166,NA,"Outflow"
"8765",2025-02-24,"G381D",29.508,NA,"Outflow"
"8766",2025-02-25,"G381D",30.204,NA,"Outflow"
"8767",2025-02-26,"G381D",23.386,NA,"Outflow"
"8768",2025-02-27,"G381D",16.73,NA,"Outflow"
"8769",2025-02-28,"G381D",24.215,NA,"Outflow"
"8770",2025-03-01,"G381D",18.304,NA,"Outflow"
"8771",2025-03-02,"G381D",25.356,NA,"Outflow"
"8772",2025-03-03,"G381D",21.398,NA,"Outflow"
"8773",2025-03-04,"G381D",11.584,NA,"Outflow"
"8774",2025-03-05,"G381D",21.142,NA,"Outflow"
"8775",2025-03-06,"G381D",23.078,NA,"Outflow"
"8776",2025-03-07,"G381D",23.537,NA,"Outflow"
"8777",2025-03-08,"G381D",21.458,NA,"Outflow"
"8778",2025-03-09,"G381D",21.149,NA,"Outflow"
"8779",2025-03-10,"G381D",23.187,NA,"Outflow"
"8780",2025-03-11,"G381D",24.93,NA,"Outflow"
"8781",2025-03-12,"G381D",25.886,NA,"Outflow"
"8782",2025-03-13,"G381D",27.475,NA,"Outflow"
"8783",2025-03-15,"G381D",24.695,NA,"Outflow"
"8784",2025-03-16,"G381D",24.236,NA,"Outflow"
"8785",2025-03-17,"G381D",26.757,NA,"Outflow"
"8786",2025-03-18,"G381D",27.758,NA,"Outflow"
"8787",2025-03-19,"G381D",27.411,NA,"Outflow"
"8788",2025-03-20,"G381D",24.261,NA,"Outflow"
"8789",2025-03-21,"G381D",25.961,NA,"Outflow"
"8790",2025-03-22,"G381D",24.683,NA,"Outflow"
"8791",2025-03-23,"G381D",23.442,NA,"Outflow"
"8792",2025-03-24,"G381D",25.345,NA,"Outflow"
"8793",2025-03-25,"G381D",25.608,NA,"Outflow"
"8794",2025-03-26,"G381D",26.334,NA,"Outflow"
"8795",2025-03-27,"G381D",25.962,NA,"Outflow"
"8796",2025-03-30,"G381D",19.679,NA,"Outflow"
"8797",2026-08-18,"G381D",0,NA,"Outflow"
"8798",2026-08-19,"G381D",0,NA,"Outflow"
"8799",2026-08-20,"G381D",0,NA,"Outflow"
"8800",2026-08-21,"G381D",0,NA,"Outflow"
"8801",2026-08-22,"G381D",0,NA,"Outflow"
"8802",2026-08-23,"G381D",0,NA,"Outflow"
"8803",2026-08-24,"G381D",0,NA,"Outflow"
"8804",2026-08-25,"G381D",0,NA,"Outflow"
"8805",2026-08-26,"G381D",0,NA,"Outflow"
"8806",2026-08-27,"G381D",0,NA,"Outflow"
"8807",2026-08-28,"G381D",0,NA,"Outflow"
"8808",2026-08-29,"G381D",0,NA,"Outflow"
"8809",2026-08-30,"G381D",0,NA,"Outflow"
"8810",2026-08-31,"G381D",0,NA,"Outflow"
"8811",2026-09-01,"G381D",1.524,NA,"Outflow"
"8812",2026-09-02,"G381D",19.954,NA,"Outflow"
"8813",2026-09-03,"G381D",66.03,NA,"Outflow"
"8814",2026-09-04,"G381D",51.977,NA,"Outflow"
"8815",2026-09-05,"G381D",82.195,NA,"Outflow"
"8816",2026-09-06,"G381D",100.265,NA,"Outflow"
"8817",2026-09-07,"G381D",144.985,NA,"Outflow"
"8818",2026-09-08,"G381D",110.437,NA,"Outflow"
"8819",2026-09-09,"G381D",117.184,NA,"Outflow"
"8820",2026-09-10,"G381D",117.664,NA,"Outflow"
"8821",2026-09-11,"G381D",118.89,NA,"Outflow"
"8822",2026-09-12,"G381D",116.222,NA,"Outflow"
"8823",2026-09-13,"G381D",119.563,NA,"Outflow"
"8824",2026-09-14,"G381D",117.264,NA,"Outflow"
"8825",2026-09-15,"G381D",103.853,NA,"Outflow"
"8826",2026-09-16,"G381D",99.086,NA,"Outflow"
"8827",2026-09-17,"G381D",94.56,NA,"Outflow"
"8828",2026-09-18,"G381D",94.164,NA,"Outflow"
"8829",2026-09-19,"G381D",94.4,NA,"Outflow"
"8830",2026-09-20,"G381D",101.832,NA,"Outflow"
"8831",2026-09-21,"G381D",102.138,NA,"Outflow"
"8832",2026-09-22,"G381D",96.86,NA,"Outflow"
"8833",2026-09-23,"G381D",113.648,NA,"Outflow"
"8834",2026-09-24,"G381D",137.171,NA,"Outflow"
"8835",2026-09-25,"G381D",148.676,NA,"Outflow"
"8836",2026-09-26,"G381D",137.085,NA,"Outflow"
"8837",2026-09-27,"G381D",105.726,NA,"Outflow"
"8838",2026-09-28,"G381D",90.702,NA,"Outflow"
"8839",2026-09-29,"G381D",97.506,NA,"Outflow"
"8840",2026-09-30,"G381D",78.748,NA,"Outflow"
"8841",2026-10-01,"G381D",75.861,NA,"Outflow"
"8842",2026-10-02,"G381D",64.375,NA,"Outflow"
"8843",2026-10-03,"G381D",71.79,NA,"Outflow"
"8844",2026-10-04,"G381D",63.594,NA,"Outflow"
"8845",2026-10-05,"G381D",43.6,NA,"Outflow"
"8846",2026-08-12,"G381D",0,NA,"Outflow"
"8847",2026-01-06,"G381D",0,NA,"Outflow"
"8848",2026-01-09,"G381D",0,NA,"Outflow"
"8849",2026-01-14,"G381D",35.27,NA,"Outflow"
"8850",2026-01-15,"G381D",9.036,NA,"Outflow"
"8851",2026-01-24,"G381D",14.405,NA,"Outflow"
"8852",2026-01-26,"G381D",10.724,NA,"Outflow"
"8853",2026-02-04,"G381D",13.985,NA,"Outflow"
"8854",2026-02-23,"G381D",58.364,NA,"Outflow"
"8855",2026-02-24,"G381D",51.895,NA,"Outflow"
"8856",2026-03-01,"G381D",49.698,NA,"Outflow"
"8857",2026-03-15,"G381D",0,NA,"Outflow"
"8858",2026-03-23,"G381D",0,NA,"Outflow"
"8859",2026-03-30,"G381D",0,NA,"Outflow"
"8860",2026-05-07,"G381D",0.182,NA,"Outflow"
"8861",2026-07-03,"G381D",0,NA,"Outflow"
"8862",2026-07-10,"G381D",0,NA,"Outflow"
"8863",2026-07-16,"G381D",0,NA,"Outflow"
"8864",2026-07-22,"G381D",0,NA,"Outflow"
"8865",2024-11-01,"G381E",0,9.446,"Outflow"
"8866",2024-11-01,"G381E",0,8.724,"Outflow"
"8867",2025-03-31,"G381D",22.771,NA,"Outflow"
"8868",2025-04-02,"G381D",28.11,NA,"Outflow"
"8869",2025-04-03,"G381D",27.411,NA,"Outflow"
"8870",2025-04-04,"G381D",27.501,NA,"Outflow"
"8871",2025-04-05,"G381D",16.854,NA,"Outflow"
"8872",2025-04-06,"G381D",0,NA,"Outflow"
"8873",2025-04-09,"G381D",0,NA,"Outflow"
"8874",2025-04-10,"G381D",0,NA,"Outflow"
"8875",2025-04-11,"G381D",0,NA,"Outflow"
"8876",2025-04-12,"G381D",0,NA,"Outflow"
"8877",2025-04-13,"G381D",0,NA,"Outflow"
"8878",2025-04-14,"G381D",0,NA,"Outflow"
"8879",2025-04-16,"G381D",0,NA,"Outflow"
"8880",2025-04-17,"G381D",0,NA,"Outflow"
"8881",2025-04-18,"G381D",0,NA,"Outflow"
"8882",2025-04-19,"G381D",0,NA,"Outflow"
"8883",2025-04-20,"G381D",0,NA,"Outflow"
"8884",2025-04-21,"G381D",0,NA,"Outflow"
"8885",2025-04-22,"G381D",0,NA,"Outflow"
"8886",2025-04-23,"G381D",0,NA,"Outflow"
"8887",2025-04-25,"G381D",0,NA,"Outflow"
"8888",2025-04-26,"G381D",0,NA,"Outflow"
"8889",2025-04-27,"G381D",0,NA,"Outflow"
"8890",2025-04-29,"G381D",0,NA,"Outflow"
"8891",2025-04-30,"G381D",0,NA,"Outflow"
"8892",2025-05-01,"G381D",0,NA,"Outflow"
"8893",2025-05-02,"G381D",0,NA,"Outflow"
"8894",2025-05-03,"G381D",0,NA,"Outflow"
"8895",2025-05-05,"G381D",0,NA,"Outflow"
"8896",2025-05-06,"G381D",0,NA,"Outflow"
"8897",2025-05-08,"G381D",0,NA,"Outflow"
"8898",2025-05-09,"G381D",0,NA,"Outflow"
"8899",2025-05-10,"G381D",0,NA,"Outflow"
"8900",2025-05-11,"G381D",0,NA,"Outflow"
"8901",2025-05-12,"G381D",0,NA,"Outflow"
"8902",2025-05-13,"G381D",0,NA,"Outflow"
"8903",2025-05-14,"G381D",0,NA,"Outflow"
"8904",2025-05-16,"G381D",0,NA,"Outflow"
"8905",2025-05-17,"G381D",0,NA,"Outflow"
"8906",2025-05-18,"G381D",0,NA,"Outflow"
"8907",2025-05-19,"G381D",0,NA,"Outflow"
"8908",2025-05-20,"G381D",0,NA,"Outflow"
"8909",2025-05-21,"G381D",0,NA,"Outflow"
"8910",2025-05-22,"G381D",0,NA,"Outflow"
"8911",2025-05-23,"G381D",0,NA,"Outflow"
"8912",2025-05-24,"G381D",0,NA,"Outflow"
"8913",2025-05-25,"G381D",0,NA,"Outflow"
"8914",2025-05-26,"G381D",0,NA,"Outflow"
"8915",2025-05-29,"G381D",29.745,NA,"Outflow"
"8916",2025-05-30,"G381D",0.49,NA,"Outflow"
"8917",2025-05-31,"G381D",0,NA,"Outflow"
"8918",2025-06-01,"G381D",0,NA,"Outflow"
"8919",2025-06-02,"G381D",17.698,NA,"Outflow"
"8920",2025-06-03,"G381D",22.414,NA,"Outflow"
"8921",2025-06-04,"G381D",0,NA,"Outflow"
"8922",2025-06-05,"G381D",55.086,NA,"Outflow"
"8923",2025-06-06,"G381D",57.536,NA,"Outflow"
"8924",2025-06-07,"G381D",28.374,NA,"Outflow"
"8925",2025-06-08,"G381D",25.588,NA,"Outflow"
"8926",2025-06-09,"G381D",12.881,NA,"Outflow"
"8927",2025-06-10,"G381D",0,NA,"Outflow"
"8928",2025-06-11,"G381D",0,NA,"Outflow"
"8929",2025-06-12,"G381D",0,NA,"Outflow"
"8930",2025-06-13,"G381D",43.328,NA,"Outflow"
"8931",2025-06-14,"G381D",39.713,NA,"Outflow"
"8932",2025-06-15,"G381D",5.078,NA,"Outflow"
"8933",2025-06-17,"G381D",0,NA,"Outflow"
"8934",2025-06-19,"G381D",0,NA,"Outflow"
"8935",2025-06-20,"G381D",0,NA,"Outflow"
"8936",2025-06-21,"G381D",0,NA,"Outflow"
"8937",2024-11-02,"G381E",0,9.465,"Outflow"
"8938",2024-11-02,"G381E",0,8.673,"Outflow"
"8939",2024-11-04,"G381E",0,9.494,"Outflow"
"8940",2024-11-04,"G381E",0,8.852,"Outflow"
"8941",2024-11-05,"G381E",0,9.513,"Outflow"
"8942",2024-11-05,"G381E",0,8.844,"Outflow"
"8943",2024-11-06,"G381E",0,9.539,"Outflow"
"8944",2024-11-06,"G381E",0,8.912,"Outflow"
"8945",2024-11-12,"G381E",5.058,10.006,"Outflow"
"8946",2024-11-12,"G381E",5.058,9.619,"Outflow"
"8947",2024-11-13,"G381E",0,10.021,"Outflow"
"8948",2024-11-13,"G381E",0,9.611,"Outflow"
"8949",2024-11-14,"G381E",0,10.022,"Outflow"
"8950",2024-11-14,"G381E",0,10.088,"Outflow"
"8951",2024-11-15,"G381E",0,10.023,"Outflow"
"8952",2024-11-15,"G381E",0,10.064,"Outflow"
"8953",2024-11-16,"G381E",0,10.025,"Outflow"
"8954",2024-11-16,"G381E",0,9.95,"Outflow"
"8955",2024-11-17,"G381E",0,10.023,"Outflow"
"8956",2024-11-17,"G381E",0,9.85,"Outflow"
"8957",2024-11-18,"G381E",0,10.02,"Outflow"
"8958",2024-11-18,"G381E",0,9.856,"Outflow"
"8959",2024-11-19,"G381E",0,10.017,"Outflow"
"8960",2024-11-19,"G381E",0,9.915,"Outflow"
"8961",2024-11-20,"G381E",0,10.015,"Outflow"
"8962",2024-11-20,"G381E",0,9.956,"Outflow"
"8963",2024-11-21,"G381E",0,10.021,"Outflow"
"8964",2024-11-21,"G381E",0,10.009,"Outflow"
"8965",2024-11-22,"G381E",0,10.014,"Outflow"
"8966",2024-11-22,"G381E",0,9.767,"Outflow"
"8967",2024-11-23,"G381E",0,10.01,"Outflow"
"8968",2024-11-23,"G381E",0,9.605,"Outflow"
"8969",2024-11-24,"G381E",0,10.001,"Outflow"
"8970",2024-11-24,"G381E",0,9.487,"Outflow"
"8971",2024-11-25,"G381E",0,9.996,"Outflow"
"8972",2024-11-25,"G381E",0,9.437,"Outflow"
"8973",2024-11-26,"G381E",0,9.989,"Outflow"
"8974",2024-11-26,"G381E",0,9.54,"Outflow"
"8975",2024-11-27,"G381E",0,9.984,"Outflow"
"8976",2024-11-27,"G381E",0,9.517,"Outflow"
"8977",2024-11-28,"G381E",0,9.978,"Outflow"
"8978",2024-11-28,"G381E",0,9.428,"Outflow"
"8979",2024-11-29,"G381E",0,9.972,"Outflow"
"8980",2024-11-29,"G381E",0,9.359,"Outflow"
"8981",2024-12-01,"G381E",0,9.959,"Outflow"
"8982",2024-12-01,"G381E",0,9.251,"Outflow"
"8983",2024-12-02,"G381E",0,9.946,"Outflow"
"8984",2024-12-02,"G381E",0,9.191,"Outflow"
"8985",2024-12-03,"G381E",0,9.932,"Outflow"
"8986",2024-12-03,"G381E",0,9.173,"Outflow"
"8987",2024-12-04,"G381E",0,9.921,"Outflow"
"8988",2024-12-04,"G381E",0,9.18,"Outflow"
"8989",2024-12-05,"G381E",0,9.908,"Outflow"
"8990",2024-12-05,"G381E",0,9.173,"Outflow"
"8991",2024-12-06,"G381E",0,9.897,"Outflow"
"8992",2024-12-06,"G381E",0,9.193,"Outflow"
"8993",2024-12-07,"G381E",0,9.891,"Outflow"
"8994",2024-12-07,"G381E",0,9.36,"Outflow"
"8995",2024-12-08,"G381E",0,9.882,"Outflow"
"8996",2024-12-08,"G381E",0,9.463,"Outflow"
"8997",2024-12-09,"G381E",0,9.873,"Outflow"
"8998",2024-12-09,"G381E",0,9.512,"Outflow"
"8999",2024-12-10,"G381E",0,9.867,"Outflow"
"9000",2024-12-10,"G381E",0,9.519,"Outflow"
"9001",2024-12-11,"G381E",0,9.856,"Outflow"
"9002",2024-12-11,"G381E",0,9.527,"Outflow"
"9003",2024-12-12,"G381E",0,9.855,"Outflow"
"9004",2024-12-12,"G381E",0,9.525,"Outflow"
"9005",2024-12-13,"G381E",5.78,9.822,"Outflow"
"9006",2024-12-13,"G381E",5.78,9.566,"Outflow"
"9007",2024-12-14,"G381E",9.65,9.748,"Outflow"
"9008",2024-12-14,"G381E",9.65,9.601,"Outflow"
"9009",2024-12-15,"G381E",10.231,9.801,"Outflow"
"9010",2024-12-15,"G381E",10.231,9.634,"Outflow"
"9011",2024-12-16,"G381E",14.228,9.964,"Outflow"
"9012",2024-12-16,"G381E",14.228,9.625,"Outflow"
"9013",2024-12-18,"G381E",20.152,10.09,"Outflow"
"9014",2024-12-18,"G381E",20.152,9.669,"Outflow"
"9015",2024-12-19,"G381E",43.753,10.039,"Outflow"
"9016",2024-12-19,"G381E",43.753,9.886,"Outflow"
"9017",2024-12-20,"G381E",38.509,10.009,"Outflow"
"9018",2024-12-20,"G381E",38.509,9.892,"Outflow"
"9019",2024-12-21,"G381E",33.502,9.964,"Outflow"
"9020",2024-12-21,"G381E",33.502,9.876,"Outflow"
"9021",2024-12-22,"G381E",5.97,10.059,"Outflow"
"9022",2024-12-22,"G381E",5.97,9.766,"Outflow"
"9023",2024-12-23,"G381E",23.599,10.079,"Outflow"
"9024",2024-12-23,"G381E",23.599,9.811,"Outflow"
"9025",2024-12-24,"G381E",33.729,10.016,"Outflow"
"9026",2024-12-24,"G381E",33.729,9.853,"Outflow"
"9027",2024-12-25,"G381E",31.618,10,"Outflow"
"9028",2024-12-25,"G381E",31.618,9.856,"Outflow"
"9029",2024-12-26,"G381E",27.071,9.991,"Outflow"
"9030",2024-12-26,"G381E",27.071,9.885,"Outflow"
"9031",2024-12-27,"G381E",29.502,9.974,"Outflow"
"9032",2024-12-27,"G381E",29.502,9.847,"Outflow"
"9033",2024-12-28,"G381E",33.873,9.95,"Outflow"
"9034",2024-12-28,"G381E",33.873,9.784,"Outflow"
"9035",2024-12-29,"G381E",35.666,9.994,"Outflow"
"9036",2024-12-29,"G381E",35.666,9.81,"Outflow"
"9037",2024-12-31,"G381E",31.04,10.04,"Outflow"
"9038",2024-12-31,"G381E",31.04,9.899,"Outflow"
"9039",2024-12-30,"G381E",35.71,10.014,"Outflow"
"9040",2024-12-30,"G381E",35.71,9.828,"Outflow"
"9041",2024-11-03,"G381E",0,9.484,"Outflow"
"9042",2024-11-03,"G381E",0,8.84,"Outflow"
"9043",2024-11-07,"G381E",0,9.548,"Outflow"
"9044",2024-11-07,"G381E",0,8.96,"Outflow"
"9045",2024-11-08,"G381E",43.961,9.876,"Outflow"
"9046",2024-11-08,"G381E",43.961,9.224,"Outflow"
"9047",2024-11-09,"G381E",65.843,10.028,"Outflow"
"9048",2024-11-09,"G381E",65.843,9.759,"Outflow"
"9049",2024-11-10,"G381E",41.277,10.093,"Outflow"
"9050",2024-11-10,"G381E",41.277,9.395,"Outflow"
"9051",2024-11-11,"G381E",31.53,10.014,"Outflow"
"9052",2024-11-11,"G381E",31.53,9.604,"Outflow"
"9053",2024-11-30,"G381E",0,9.967,"Outflow"
"9054",2024-11-30,"G381E",0,9.302,"Outflow"
"9055",2024-12-17,"G381E",18.364,10.045,"Outflow"
"9056",2024-12-17,"G381E",18.364,9.565,"Outflow"
"9057",2026-01-01,"G381E",0,9.901,"Outflow"
"9058",2026-01-01,"G381E",0,9.67,"Outflow"
"9059",2026-01-03,"G381E",0,9.882,"Outflow"
"9060",2026-01-03,"G381E",0,9.659,"Outflow"
"9061",2026-01-04,"G381E",0,9.876,"Outflow"
"9062",2026-01-04,"G381E",0,9.656,"Outflow"
"9063",2026-01-05,"G381E",0,9.871,"Outflow"
"9064",2026-01-05,"G381E",0,9.653,"Outflow"
"9065",2026-01-06,"G381E",0,9.861,"Outflow"
"9066",2026-01-06,"G381E",0,9.613,"Outflow"
"9067",2026-01-07,"G381E",0,9.854,"Outflow"
"9068",2026-01-07,"G381E",0,9.592,"Outflow"
"9069",2026-01-08,"G381E",0,9.846,"Outflow"
"9070",2026-01-08,"G381E",0,9.595,"Outflow"
"9071",2026-01-09,"G381E",0,9.84,"Outflow"
"9072",2026-01-09,"G381E",0,9.597,"Outflow"
"9073",2026-01-10,"G381E",0,9.829,"Outflow"
"9074",2026-01-10,"G381E",0,9.534,"Outflow"
"9075",2026-01-12,"G381E",0,9.863,"Outflow"
"9076",2026-01-12,"G381E",0,9.4,"Outflow"
"9077",2025-07-01,"G381D",0.01,NA,"Outflow"
"9078",2025-07-02,"G381D",24.077,NA,"Outflow"
"9079",2025-07-03,"G381D",43.837,NA,"Outflow"
"9080",2025-07-04,"G381D",61.489,NA,"Outflow"
"9081",2025-07-06,"G381D",87.144,NA,"Outflow"
"9082",2025-07-07,"G381D",73.296,NA,"Outflow"
"9083",2025-07-08,"G381D",54.484,NA,"Outflow"
"9084",2025-07-09,"G381D",32.245,NA,"Outflow"
"9085",2025-07-10,"G381D",0.093,NA,"Outflow"
"9086",2025-07-11,"G381D",0,NA,"Outflow"
"9087",2025-07-12,"G381D",0,NA,"Outflow"
"9088",2025-07-14,"G381D",70.137,NA,"Outflow"
"9089",2025-07-15,"G381D",59.598,NA,"Outflow"
"9090",2025-07-16,"G381D",84.061,NA,"Outflow"
"9091",2025-07-17,"G381D",136.191,NA,"Outflow"
"9092",2025-07-18,"G381D",146.832,NA,"Outflow"
"9093",2025-07-19,"G381D",133.519,NA,"Outflow"
"9094",2025-07-20,"G381D",101.171,NA,"Outflow"
"9095",2025-07-21,"G381D",59.829,NA,"Outflow"
"9096",2025-07-22,"G381D",39.762,NA,"Outflow"
"9097",2025-07-23,"G381D",27.721,NA,"Outflow"
"9098",2025-07-24,"G381D",8.47,NA,"Outflow"
"9099",2025-07-25,"G381D",32.036,NA,"Outflow"
"9100",2025-07-26,"G381D",34.738,NA,"Outflow"
"9101",2025-07-27,"G381D",22.406,NA,"Outflow"
"9102",2025-07-28,"G381D",27.113,NA,"Outflow"
"9103",2025-07-30,"G381D",5.884,NA,"Outflow"
"9104",2025-07-31,"G381D",4.746,NA,"Outflow"
"9105",2025-08-01,"G381D",4.511,NA,"Outflow"
"9106",2025-08-02,"G381D",4.109,NA,"Outflow"
"9107",2025-08-03,"G381D",4.136,NA,"Outflow"
"9108",2025-08-04,"G381D",3.933,NA,"Outflow"
"9109",2025-08-05,"G381D",2.067,NA,"Outflow"
"9110",2025-08-06,"G381D",0,NA,"Outflow"
"9111",2025-08-08,"G381D",0,NA,"Outflow"
"9112",2025-08-09,"G381D",0,NA,"Outflow"
"9113",2025-08-10,"G381D",0,NA,"Outflow"
"9114",2025-08-11,"G381D",0,NA,"Outflow"
"9115",2025-08-12,"G381D",0,NA,"Outflow"
"9116",2025-08-13,"G381D",0,NA,"Outflow"
"9117",2025-08-14,"G381D",0,NA,"Outflow"
"9118",2025-08-15,"G381D",0,NA,"Outflow"
"9119",2025-08-16,"G381D",0,NA,"Outflow"
"9120",2025-08-17,"G381D",0,NA,"Outflow"
"9121",2025-08-18,"G381D",0,NA,"Outflow"
"9122",2025-08-19,"G381D",0,NA,"Outflow"
"9123",2025-08-20,"G381D",0,NA,"Outflow"
"9124",2025-08-22,"G381D",0,NA,"Outflow"
"9125",2025-08-23,"G381D",0,NA,"Outflow"
"9126",2025-08-24,"G381D",0,NA,"Outflow"
"9127",2025-08-25,"G381D",0,NA,"Outflow"
"9128",2025-08-26,"G381D",0,NA,"Outflow"
"9129",2025-08-27,"G381D",1.276,NA,"Outflow"
"9130",2025-08-28,"G381D",2.58,NA,"Outflow"
"9131",2025-08-31,"G381D",3.473,NA,"Outflow"
"9132",2025-09-01,"G381D",2.056,NA,"Outflow"
"9133",2025-09-02,"G381D",1.238,NA,"Outflow"
"9134",2025-09-04,"G381D",0.035,NA,"Outflow"
"9135",2025-09-05,"G381D",62.166,NA,"Outflow"
"9136",2025-09-06,"G381D",74.578,NA,"Outflow"
"9137",2025-09-08,"G381D",67.596,NA,"Outflow"
"9138",2025-09-09,"G381D",69.589,NA,"Outflow"
"9139",2025-09-10,"G381D",94.941,NA,"Outflow"
"9140",2025-09-11,"G381D",119.558,NA,"Outflow"
"9141",2025-09-12,"G381D",123.274,NA,"Outflow"
"9142",2025-09-13,"G381D",116.993,NA,"Outflow"
"9143",2025-09-14,"G381D",106.681,NA,"Outflow"
"9144",2025-09-16,"G381D",99.712,NA,"Outflow"
"9145",2025-09-22,"G381D",57.951,NA,"Outflow"
"9146",2026-01-13,"G381E",15.615,9.755,"Outflow"
"9147",2026-01-13,"G381E",15.615,9.425,"Outflow"
"9148",2026-01-14,"G381E",10.963,9.703,"Outflow"
"9149",2026-01-14,"G381E",10.963,9.553,"Outflow"
"9150",2026-01-15,"G381E",9.16,9.805,"Outflow"
"9151",2026-01-15,"G381E",9.16,9.592,"Outflow"
"9152",2026-01-16,"G381E",21.591,9.8,"Outflow"
"9153",2026-01-16,"G381E",21.591,9.616,"Outflow"
"9154",2026-01-17,"G381E",9.948,9.856,"Outflow"
"9155",2026-01-17,"G381E",9.948,9.659,"Outflow"
"9156",2026-01-18,"G381E",7.802,9.882,"Outflow"
"9157",2026-01-18,"G381E",7.802,9.684,"Outflow"
"9158",2026-01-19,"G381E",12.866,9.846,"Outflow"
"9159",2026-01-19,"G381E",12.866,9.664,"Outflow"
"9160",2026-01-20,"G381E",15.6,9.808,"Outflow"
"9161",2026-01-20,"G381E",15.6,9.693,"Outflow"
"9162",2026-01-21,"G381E",10.808,9.824,"Outflow"
"9163",2026-01-21,"G381E",10.808,9.662,"Outflow"
"9164",2026-01-22,"G381E",10.567,9.862,"Outflow"
"9165",2026-01-22,"G381E",10.567,9.663,"Outflow"
"9166",2026-01-23,"G381E",25.444,9.858,"Outflow"
"9167",2026-01-23,"G381E",25.444,9.718,"Outflow"
"9168",2026-01-24,"G381E",14.346,9.945,"Outflow"
"9169",2026-01-24,"G381E",14.346,9.722,"Outflow"
"9170",2026-01-25,"G381E",14.537,9.918,"Outflow"
"9171",2026-01-25,"G381E",14.537,9.795,"Outflow"
"9172",2026-01-26,"G381E",10.629,9.923,"Outflow"
"9173",2026-01-26,"G381E",10.629,9.741,"Outflow"
"9174",2026-01-27,"G381E",0,9.986,"Outflow"
"9175",2026-01-27,"G381E",0,9.727,"Outflow"
"9176",2026-01-28,"G381E",20.869,9.967,"Outflow"
"9177",2026-01-28,"G381E",20.869,9.779,"Outflow"
"9178",2026-01-29,"G381E",7.033,9.972,"Outflow"
"9179",2026-01-29,"G381E",7.033,9.779,"Outflow"
"9180",2026-01-31,"G381E",26.782,9.741,"Outflow"
"9181",2026-01-31,"G381E",26.782,9.615,"Outflow"
"9182",2026-02-01,"G381E",18.194,9.717,"Outflow"
"9183",2026-02-01,"G381E",18.194,9.505,"Outflow"
"9184",2026-02-02,"G381E",14.367,9.748,"Outflow"
"9185",2026-02-02,"G381E",14.367,9.321,"Outflow"
"9186",2026-02-03,"G381E",14.859,9.672,"Outflow"
"9187",2026-02-03,"G381E",14.859,9.211,"Outflow"
"9188",2026-02-06,"G381E",33.22,9.598,"Outflow"
"9189",2026-02-06,"G381E",33.22,9.303,"Outflow"
"9190",2026-02-07,"G381E",29.068,9.664,"Outflow"
"9191",2026-02-07,"G381E",29.068,9.327,"Outflow"
"9192",2026-02-08,"G381E",28.603,9.722,"Outflow"
"9193",2026-02-08,"G381E",28.603,9.324,"Outflow"
"9194",2026-02-09,"G381E",25.286,9.581,"Outflow"
"9195",2026-02-09,"G381E",25.286,9.269,"Outflow"
"9196",2026-02-10,"G381E",19.522,9.447,"Outflow"
"9197",2026-02-10,"G381E",19.522,9.259,"Outflow"
"9198",2026-02-11,"G381E",21.099,9.458,"Outflow"
"9199",2026-02-11,"G381E",21.099,9.24,"Outflow"
"9200",2026-02-12,"G381E",24.161,9.562,"Outflow"
"9201",2026-02-12,"G381E",24.161,9.276,"Outflow"
"9202",2026-02-13,"G381E",27.108,9.713,"Outflow"
"9203",2026-02-13,"G381E",27.108,9.352,"Outflow"
"9204",2026-02-14,"G381E",38.182,9.743,"Outflow"
"9205",2026-02-14,"G381E",38.182,9.45,"Outflow"
"9206",2026-02-15,"G381E",41.247,9.78,"Outflow"
"9207",2026-02-15,"G381E",41.247,9.462,"Outflow"
"9208",2026-02-16,"G381E",46.082,9.729,"Outflow"
"9209",2026-02-16,"G381E",46.082,9.451,"Outflow"
"9210",2026-02-17,"G381E",42.482,9.722,"Outflow"
"9211",2026-02-17,"G381E",42.482,9.548,"Outflow"
"9212",2026-02-19,"G381E",52.895,9.582,"Outflow"
"9213",2026-02-19,"G381E",52.895,9.313,"Outflow"
"9214",2026-02-20,"G381E",55.391,9.486,"Outflow"
"9215",2026-02-20,"G381E",55.391,9.19,"Outflow"
"9216",2026-02-21,"G381E",46.82,9.572,"Outflow"
"9217",2026-02-21,"G381E",46.82,9.117,"Outflow"
"9218",2026-02-22,"G381E",49.291,9.565,"Outflow"
"9219",2026-02-22,"G381E",49.291,9.268,"Outflow"
"9220",2026-02-23,"G381E",58.207,9.661,"Outflow"
"9221",2026-02-23,"G381E",58.207,9.087,"Outflow"
"9222",2026-02-24,"G381E",51.862,9.467,"Outflow"
"9223",2026-02-24,"G381E",51.862,9.032,"Outflow"
"9224",2026-02-26,"G381E",40.822,9.565,"Outflow"
"9225",2026-02-26,"G381E",40.822,9.051,"Outflow"
"9226",2026-02-27,"G381E",44.705,9.565,"Outflow"
"9227",2026-02-27,"G381E",44.705,8.985,"Outflow"
"9228",2026-02-28,"G381E",41.823,9.621,"Outflow"
"9229",2026-02-28,"G381E",41.823,9.114,"Outflow"
"9230",2026-03-01,"G381E",49.459,9.589,"Outflow"
"9231",2026-03-01,"G381E",49.459,9.237,"Outflow"
"9232",2026-03-03,"G381E",3.924,9.621,"Outflow"
"9233",2026-03-03,"G381E",3.924,8.834,"Outflow"
"9234",2026-03-04,"G381E",0,9.759,"Outflow"
"9235",2026-03-04,"G381E",0,8.903,"Outflow"
"9236",2026-03-05,"G381E",0,9.964,"Outflow"
"9237",2026-03-05,"G381E",0,8.857,"Outflow"
"9238",2026-03-06,"G381E",40.245,9.981,"Outflow"
"9239",2026-03-06,"G381E",40.245,8.849,"Outflow"
"9240",2026-03-07,"G381E",51.364,9.595,"Outflow"
"9241",2026-03-07,"G381E",51.364,9.164,"Outflow"
"9242",2026-03-08,"G381E",30.651,9.494,"Outflow"
"9243",2026-03-08,"G381E",30.651,9.134,"Outflow"
"9244",2026-03-09,"G381E",41.389,9.532,"Outflow"
"9245",2026-03-09,"G381E",41.389,9.016,"Outflow"
"9246",2026-03-10,"G381E",15.56,9.605,"Outflow"
"9247",2026-03-10,"G381E",15.56,8.918,"Outflow"
"9248",2026-03-11,"G381E",15.745,9.668,"Outflow"
"9249",2026-03-11,"G381E",15.745,8.916,"Outflow"
"9250",2026-03-12,"G381E",31.739,9.596,"Outflow"
"9251",2026-03-12,"G381E",31.739,8.924,"Outflow"
"9252",2026-03-13,"G381E",46.403,9.591,"Outflow"
"9253",2026-03-13,"G381E",46.403,9.248,"Outflow"
"9254",2026-03-14,"G381E",45.832,9.856,"Outflow"
"9255",2026-03-14,"G381E",45.832,9.525,"Outflow"
"9256",2026-03-15,"G381E",25.744,9.991,"Outflow"
"9257",2026-03-15,"G381E",25.744,9.826,"Outflow"
"9258",2026-03-16,"G381E",5.239,10.056,"Outflow"
"9259",2026-03-16,"G381E",5.239,9.917,"Outflow"
"9260",2026-03-17,"G381E",0,10.076,"Outflow"
"9261",2026-03-17,"G381E",0,9.919,"Outflow"
"9262",2026-03-18,"G381E",16.427,10.045,"Outflow"
"9263",2026-03-18,"G381E",16.427,9.81,"Outflow"
"9264",2026-03-19,"G381E",19.762,9.96,"Outflow"
"9265",2026-03-19,"G381E",19.762,9.788,"Outflow"
"9266",2026-03-21,"G381E",18.931,9.601,"Outflow"
"9267",2026-03-21,"G381E",18.931,9.439,"Outflow"
"9268",2026-03-22,"G381E",0,9.755,"Outflow"
"9269",2026-03-22,"G381E",0,9.384,"Outflow"
"9270",2026-03-23,"G381E",0,9.761,"Outflow"
"9271",2026-03-23,"G381E",0,9.295,"Outflow"
"9272",2026-03-24,"G381E",0,9.759,"Outflow"
"9273",2026-03-24,"G381E",0,9.227,"Outflow"
"9274",2026-03-25,"G381E",29.233,9.702,"Outflow"
"9275",2026-03-25,"G381E",29.233,9.426,"Outflow"
"9276",2026-03-26,"G381E",33.868,9.803,"Outflow"
"9277",2026-03-26,"G381E",33.868,9.611,"Outflow"
"9278",2026-03-27,"G381E",37.357,9.904,"Outflow"
"9279",2026-03-27,"G381E",37.357,9.676,"Outflow"
"9280",2026-03-28,"G381E",52.57,9.892,"Outflow"
"9281",2026-03-28,"G381E",52.57,9.439,"Outflow"
"9282",2026-03-29,"G381E",57.388,10.022,"Outflow"
"9283",2026-03-29,"G381E",57.388,9.488,"Outflow"
"9284",2025-09-23,"G381D",55.712,NA,"Outflow"
"9285",2025-09-26,"G381D",165.178,NA,"Outflow"
"9286",2025-09-27,"G381D",158.786,NA,"Outflow"
"9287",2025-09-29,"G381D",135.545,NA,"Outflow"
"9288",2025-09-30,"G381D",107.629,NA,"Outflow"
"9289",2025-10-01,"G381D",84.798,NA,"Outflow"
"9290",2025-10-02,"G381D",62.456,NA,"Outflow"
"9291",2025-10-03,"G381D",34.573,NA,"Outflow"
"9292",2025-10-04,"G381D",66.329,NA,"Outflow"
"9293",2025-10-05,"G381D",57.852,NA,"Outflow"
"9294",2025-10-06,"G381D",57.924,NA,"Outflow"
"9295",2025-10-07,"G381D",54.712,NA,"Outflow"
"9296",2025-10-08,"G381D",54.349,NA,"Outflow"
"9297",2025-10-09,"G381D",25.663,NA,"Outflow"
"9298",2025-10-10,"G381D",14.487,NA,"Outflow"
"9299",2025-10-11,"G381D",61.035,NA,"Outflow"
"9300",2025-10-12,"G381D",126.45,NA,"Outflow"
"9301",2025-10-13,"G381D",133.508,NA,"Outflow"
"9302",2025-10-14,"G381D",125.84,NA,"Outflow"
"9303",2025-10-15,"G381D",111.981,NA,"Outflow"
"9304",2025-10-16,"G381D",102.802,NA,"Outflow"
"9305",2025-10-17,"G381D",79.72,NA,"Outflow"
"9306",2025-10-18,"G381D",47.033,NA,"Outflow"
"9307",2025-10-19,"G381D",30.386,NA,"Outflow"
"9308",2025-10-20,"G381D",66.752,NA,"Outflow"
"9309",2025-10-21,"G381D",21.396,NA,"Outflow"
"9310",2025-10-22,"G381D",48.344,NA,"Outflow"
"9311",2025-10-23,"G381D",45.678,NA,"Outflow"
"9312",2025-10-24,"G381D",5.503,NA,"Outflow"
"9313",2025-10-26,"G381D",0,NA,"Outflow"
"9314",2025-10-27,"G381D",0,NA,"Outflow"
"9315",2025-10-28,"G381D",0,NA,"Outflow"
"9316",2025-10-29,"G381D",0,NA,"Outflow"
"9317",2025-10-30,"G381D",0,NA,"Outflow"
"9318",2025-10-31,"G381D",0,NA,"Outflow"
"9319",2025-11-02,"G381D",0,NA,"Outflow"
"9320",2025-11-03,"G381D",0,NA,"Outflow"
"9321",2025-11-04,"G381D",0,NA,"Outflow"
"9322",2025-11-05,"G381D",0,NA,"Outflow"
"9323",2025-11-06,"G381D",0,NA,"Outflow"
"9324",2025-11-08,"G381D",0,NA,"Outflow"
"9325",2025-11-10,"G381D",0,NA,"Outflow"
"9326",2025-11-11,"G381D",0,NA,"Outflow"
"9327",2025-11-12,"G381D",0,NA,"Outflow"
"9328",2025-11-13,"G381D",0,NA,"Outflow"
"9329",2025-11-15,"G381D",0,NA,"Outflow"
"9330",2025-11-16,"G381D",0,NA,"Outflow"
"9331",2025-11-17,"G381D",0,NA,"Outflow"
"9332",2025-11-18,"G381D",0,NA,"Outflow"
"9333",2025-11-20,"G381D",0,NA,"Outflow"
"9334",2025-11-22,"G381D",0,NA,"Outflow"
"9335",2025-11-23,"G381D",0,NA,"Outflow"
"9336",2025-11-24,"G381D",0,NA,"Outflow"
"9337",2025-11-26,"G381D",0,NA,"Outflow"
"9338",2025-11-27,"G381D",0,NA,"Outflow"
"9339",2025-11-28,"G381D",0,NA,"Outflow"
"9340",2025-11-29,"G381D",0,NA,"Outflow"
"9341",2025-11-30,"G381D",0,NA,"Outflow"
"9342",2025-12-02,"G381D",0,NA,"Outflow"
"9343",2025-12-03,"G381D",0,NA,"Outflow"
"9344",2025-12-04,"G381D",0,NA,"Outflow"
"9345",2025-12-06,"G381D",0,NA,"Outflow"
"9346",2025-12-07,"G381D",0,NA,"Outflow"
"9347",2025-12-08,"G381D",0,NA,"Outflow"
"9348",2025-12-09,"G381D",0,NA,"Outflow"
"9349",2025-12-10,"G381D",0,NA,"Outflow"
"9350",2025-12-11,"G381D",0,NA,"Outflow"
"9351",2025-12-12,"G381D",0,NA,"Outflow"
"9352",2025-12-13,"G381D",0,NA,"Outflow"
"9353",2025-12-14,"G381D",0,NA,"Outflow"
"9354",2026-04-01,"G381E",22.684,9.673,"Outflow"
"9355",2026-04-01,"G381E",22.684,8.823,"Outflow"
"9356",2026-04-02,"G381E",11.21,9.712,"Outflow"
"9357",2026-04-02,"G381E",11.21,8.582,"Outflow"
"9358",2026-04-03,"G381E",13.873,9.703,"Outflow"
"9359",2026-04-03,"G381E",13.873,8.446,"Outflow"
"9360",2026-04-04,"G381E",0,9.739,"Outflow"
"9361",2026-04-04,"G381E",0,8.444,"Outflow"
"9362",2026-04-05,"G381E",19.099,9.683,"Outflow"
"9363",2026-04-05,"G381E",19.099,8.477,"Outflow"
"9364",2026-04-06,"G381E",68.833,9.608,"Outflow"
"9365",2026-04-06,"G381E",68.833,8.781,"Outflow"
"9366",2026-04-07,"G381E",85.286,9.81,"Outflow"
"9367",2026-04-07,"G381E",85.286,9.298,"Outflow"
"9368",2026-04-08,"G381E",128.303,9.918,"Outflow"
"9369",2026-04-08,"G381E",128.303,9.34,"Outflow"
"9370",2026-04-09,"G381E",144.644,10.148,"Outflow"
"9371",2026-04-09,"G381E",144.644,9.413,"Outflow"
"9372",2026-04-10,"G381E",153.785,10.372,"Outflow"
"9373",2026-04-10,"G381E",153.785,9.541,"Outflow"
"9374",2026-04-11,"G381E",160.936,10.603,"Outflow"
"9375",2026-04-11,"G381E",160.936,9.694,"Outflow"
"9376",2026-04-12,"G381E",156.841,10.601,"Outflow"
"9377",2026-04-12,"G381E",156.841,9.738,"Outflow"
"9378",2026-04-13,"G381E",151.104,10.29,"Outflow"
"9379",2026-04-13,"G381E",151.104,9.768,"Outflow"
"9380",2026-04-14,"G381E",121.555,9.674,"Outflow"
"9381",2026-04-14,"G381E",121.555,9.465,"Outflow"
"9382",2026-04-15,"G381E",138.836,9.721,"Outflow"
"9383",2026-04-15,"G381E",138.836,9.411,"Outflow"
"9384",2026-04-16,"G381E",113.025,9.618,"Outflow"
"9385",2026-04-16,"G381E",113.025,9.417,"Outflow"
"9386",2026-04-17,"G381E",138.911,9.569,"Outflow"
"9387",2026-04-17,"G381E",138.911,9.244,"Outflow"
"9388",2026-04-18,"G381E",175.617,9.602,"Outflow"
"9389",2026-04-18,"G381E",175.617,9.11,"Outflow"
"9390",2026-04-19,"G381E",150.293,9.312,"Outflow"
"9391",2026-04-19,"G381E",150.293,8.948,"Outflow"
"9392",2026-04-20,"G381E",35.724,9.507,"Outflow"
"9393",2026-04-20,"G381E",35.724,8.757,"Outflow"
"9394",2026-04-21,"G381E",0,9.854,"Outflow"
"9395",2026-04-21,"G381E",0,8.91,"Outflow"
"9396",2026-04-22,"G381E",0,9.933,"Outflow"
"9397",2026-04-22,"G381E",0,8.962,"Outflow"
"9398",2026-04-23,"G381E",0,10.059,"Outflow"
"9399",2026-04-23,"G381E",0,9.093,"Outflow"
"9400",2026-04-24,"G381E",4.717,10.227,"Outflow"
"9401",2026-04-24,"G381E",4.717,9.131,"Outflow"
"9402",2026-04-25,"G381E",25.235,10.302,"Outflow"
"9403",2026-04-25,"G381E",25.235,9.284,"Outflow"
"9404",2026-04-26,"G381E",15.242,10.208,"Outflow"
"9405",2026-04-26,"G381E",15.242,9.78,"Outflow"
"9406",2026-04-27,"G381E",14.317,10.201,"Outflow"
"9407",2026-04-27,"G381E",14.317,9.845,"Outflow"
"9408",2026-04-28,"G381E",25.235,10.216,"Outflow"
"9409",2026-04-28,"G381E",25.235,9.989,"Outflow"
"9410",2026-04-29,"G381E",26.486,10.19,"Outflow"
"9411",2026-04-29,"G381E",26.486,10.063,"Outflow"
"9412",2026-04-30,"G381E",29.736,10.076,"Outflow"
"9413",2026-04-30,"G381E",29.736,9.913,"Outflow"
"9414",2026-05-01,"G381E",0,10.066,"Outflow"
"9415",2026-05-01,"G381E",0,9.735,"Outflow"
"9416",2026-05-03,"G381E",0,10.048,"Outflow"
"9417",2026-05-03,"G381E",0,9.567,"Outflow"
"9418",2026-05-04,"G381E",0,10.062,"Outflow"
"9419",2026-05-04,"G381E",0,9.617,"Outflow"
"9420",2026-05-05,"G381E",0,10.048,"Outflow"
"9421",2026-05-05,"G381E",0,9.643,"Outflow"
"9422",2026-05-06,"G381E",0,10.027,"Outflow"
"9423",2026-05-06,"G381E",0,9.639,"Outflow"
"9424",2026-05-07,"G381E",0,10.005,"Outflow"
"9425",2026-05-07,"G381E",0,9.616,"Outflow"
"9426",2026-05-08,"G381E",0.002,9.984,"Outflow"
"9427",2026-05-08,"G381E",0.002,9.583,"Outflow"
"9428",2026-05-09,"G381E",0,9.96,"Outflow"
"9429",2026-05-09,"G381E",0,9.582,"Outflow"
"9430",2026-05-10,"G381E",0,9.952,"Outflow"
"9431",2026-05-10,"G381E",0,9.54,"Outflow"
"9432",2026-05-11,"G381E",0,10.003,"Outflow"
"9433",2026-05-11,"G381E",0,9.623,"Outflow"
"9434",2026-05-12,"G381E",0,10.019,"Outflow"
"9435",2026-05-12,"G381E",0,9.737,"Outflow"
"9436",2026-05-13,"G381E",0,10.07,"Outflow"
"9437",2026-05-13,"G381E",0,9.822,"Outflow"
"9438",2026-05-14,"G381E",0,10.084,"Outflow"
"9439",2026-05-14,"G381E",0,9.928,"Outflow"
"9440",2026-05-15,"G381E",0,10.071,"Outflow"
"9441",2026-05-15,"G381E",0,9.948,"Outflow"
"9442",2026-05-16,"G381E",0,10.053,"Outflow"
"9443",2026-05-16,"G381E",0,10.002,"Outflow"
"9444",2026-05-17,"G381E",0,10.045,"Outflow"
"9445",2026-05-17,"G381E",0,9.998,"Outflow"
"9446",2026-05-18,"G381E",0,10.062,"Outflow"
"9447",2026-05-18,"G381E",0,9.998,"Outflow"
"9448",2026-05-19,"G381E",0,10.088,"Outflow"
"9449",2026-05-19,"G381E",0,9.996,"Outflow"
"9450",2026-05-20,"G381E",0,10.107,"Outflow"
"9451",2026-05-20,"G381E",0,9.83,"Outflow"
"9452",2026-05-21,"G381E",0,10.102,"Outflow"
"9453",2026-05-21,"G381E",0,9.754,"Outflow"
"9454",2026-05-22,"G381E",0,10.083,"Outflow"
"9455",2026-05-22,"G381E",0,9.593,"Outflow"
"9456",2026-05-23,"G381E",0,10.065,"Outflow"
"9457",2026-05-23,"G381E",0,9.408,"Outflow"
"9458",2026-05-24,"G381E",0,10.08,"Outflow"
"9459",2026-05-24,"G381E",0,9.274,"Outflow"
"9460",2026-05-25,"G381E",0,10.11,"Outflow"
"9461",2026-05-25,"G381E",0,9.033,"Outflow"
"9462",2026-05-26,"G381E",0,10.085,"Outflow"
"9463",2026-05-26,"G381E",0,8.973,"Outflow"
"9464",2026-05-27,"G381E",0,10.056,"Outflow"
"9465",2026-05-27,"G381E",0,8.782,"Outflow"
"9466",2026-05-28,"G381E",0,10.037,"Outflow"
"9467",2026-05-28,"G381E",0,8.795,"Outflow"
"9468",2026-05-29,"G381E",0,10.045,"Outflow"
"9469",2026-05-29,"G381E",0,8.87,"Outflow"
"9470",2026-05-30,"G381E",0,10.119,"Outflow"
"9471",2026-05-30,"G381E",0,8.848,"Outflow"
"9472",2026-05-31,"G381E",0,10.105,"Outflow"
"9473",2026-05-31,"G381E",0,8.81,"Outflow"
"9474",2026-06-01,"G381E",0,10.091,"Outflow"
"9475",2026-06-01,"G381E",0,8.665,"Outflow"
"9476",2026-06-02,"G381E",0,10.081,"Outflow"
"9477",2026-06-02,"G381E",0,8.669,"Outflow"
"9478",2026-06-03,"G381E",0,10.149,"Outflow"
"9479",2026-06-03,"G381E",0,8.924,"Outflow"
"9480",2026-06-04,"G381E",0,10.159,"Outflow"
"9481",2026-06-04,"G381E",0,9.124,"Outflow"
"9482",2026-06-05,"G381E",0,10.137,"Outflow"
"9483",2026-06-05,"G381E",0,9.048,"Outflow"
"9484",2026-06-06,"G381E",0,10.112,"Outflow"
"9485",2026-06-06,"G381E",0,8.959,"Outflow"
"9486",2026-06-07,"G381E",0,10.083,"Outflow"
"9487",2026-06-07,"G381E",0,8.852,"Outflow"
"9488",2026-06-08,"G381E",0,10.053,"Outflow"
"9489",2026-06-08,"G381E",0,8.766,"Outflow"
"9490",2026-06-09,"G381E",0,10.024,"Outflow"
"9491",2026-06-09,"G381E",0,8.65,"Outflow"
"9492",2025-12-15,"G381D",0,NA,"Outflow"
"9493",2025-12-16,"G381D",0,NA,"Outflow"
"9494",2025-12-19,"G381D",0,NA,"Outflow"
"9495",2025-12-20,"G381D",0,NA,"Outflow"
"9496",2025-12-21,"G381D",0,NA,"Outflow"
"9497",2025-12-22,"G381D",0,NA,"Outflow"
"9498",2025-12-23,"G381D",0,NA,"Outflow"
"9499",2025-12-24,"G381D",0,NA,"Outflow"
"9500",2025-12-25,"G381D",0,NA,"Outflow"
"9501",2025-12-26,"G381D",0,NA,"Outflow"
"9502",2025-12-27,"G381D",0,NA,"Outflow"
"9503",2025-12-28,"G381D",0,NA,"Outflow"
"9504",2025-12-29,"G381D",0,NA,"Outflow"
"9505",2025-12-30,"G381D",0,NA,"Outflow"
"9506",2025-12-31,"G381D",0,NA,"Outflow"
"9507",2025-12-18,"G381D",0,NA,"Outflow"
"9508",2025-01-01,"G381D",31.74,NA,"Outflow"
"9509",2025-01-02,"G381D",29.008,NA,"Outflow"
"9510",2025-01-08,"G381D",0,NA,"Outflow"
"9511",2025-01-27,"G381D",20.757,NA,"Outflow"
"9512",2025-01-29,"G381D",29.979,NA,"Outflow"
"9513",2025-01-30,"G381D",27.713,NA,"Outflow"
"9514",2025-02-09,"G381D",7.203,NA,"Outflow"
"9515",2025-02-10,"G381D",31.058,NA,"Outflow"
"9516",2025-02-14,"G381D",28.11,NA,"Outflow"
"9517",2025-03-14,"G381D",26.959,NA,"Outflow"
"9518",2025-03-28,"G381D",25.913,NA,"Outflow"
"9519",2025-03-29,"G381D",21.171,NA,"Outflow"
"9520",2025-04-01,"G381D",28.861,NA,"Outflow"
"9521",2025-04-07,"G381D",0,NA,"Outflow"
"9522",2025-04-08,"G381D",0,NA,"Outflow"
"9523",2025-04-15,"G381D",0,NA,"Outflow"
"9524",2025-04-24,"G381D",0,NA,"Outflow"
"9525",2025-04-28,"G381D",0,NA,"Outflow"
"9526",2025-05-04,"G381D",0,NA,"Outflow"
"9527",2025-05-07,"G381D",0,NA,"Outflow"
"9528",2025-05-15,"G381D",0,NA,"Outflow"
"9529",2025-05-27,"G381D",0,NA,"Outflow"
"9530",2025-05-28,"G381D",0,NA,"Outflow"
"9531",2025-06-16,"G381D",0,NA,"Outflow"
"9532",2025-06-18,"G381D",0,NA,"Outflow"
"9533",2025-06-22,"G381D",0,NA,"Outflow"
"9534",2025-06-23,"G381D",0,NA,"Outflow"
"9535",2025-06-24,"G381D",0,NA,"Outflow"
"9536",2025-06-25,"G381D",0,NA,"Outflow"
"9537",2025-06-26,"G381D",0,NA,"Outflow"
"9538",2025-06-27,"G381D",0,NA,"Outflow"
"9539",2025-06-28,"G381D",0,NA,"Outflow"
"9540",2025-06-29,"G381D",0,NA,"Outflow"
"9541",2025-06-30,"G381D",0,NA,"Outflow"
"9542",2025-07-05,"G381D",72.756,NA,"Outflow"
"9543",2025-07-13,"G381D",0,NA,"Outflow"
"9544",2025-07-29,"G381D",0,NA,"Outflow"
"9545",2025-08-07,"G381D",0,NA,"Outflow"
"9546",2025-08-21,"G381D",0,NA,"Outflow"
"9547",2025-08-29,"G381D",3.36,NA,"Outflow"
"9548",2025-08-30,"G381D",3.431,NA,"Outflow"
"9549",2025-09-03,"G381D",0.719,NA,"Outflow"
"9550",2025-09-07,"G381D",65.419,NA,"Outflow"
"9551",2025-09-15,"G381D",92.641,NA,"Outflow"
"9552",2025-09-17,"G381D",98.201,NA,"Outflow"
"9553",2025-09-18,"G381D",94.721,NA,"Outflow"
"9554",2025-09-19,"G381D",85.961,NA,"Outflow"
"9555",2025-09-20,"G381D",63.288,NA,"Outflow"
"9556",2025-09-21,"G381D",65.355,NA,"Outflow"
"9557",2025-09-24,"G381D",59.137,NA,"Outflow"
"9558",2025-09-25,"G381D",131.503,NA,"Outflow"
"9559",2025-09-28,"G381D",144.848,NA,"Outflow"
"9560",2025-10-25,"G381D",0,NA,"Outflow"
"9561",2026-06-10,"G381E",0,9.998,"Outflow"
"9562",2026-06-10,"G381E",0,8.571,"Outflow"
"9563",2026-06-11,"G381E",0,9.968,"Outflow"
"9564",2026-06-11,"G381E",0,8.655,"Outflow"
"9565",2026-06-12,"G381E",0,9.935,"Outflow"
"9566",2026-06-12,"G381E",0,8.816,"Outflow"
"9567",2026-06-14,"G381E",0,9.896,"Outflow"
"9568",2026-06-14,"G381E",0,9.014,"Outflow"
"9569",2026-06-15,"G381E",0,9.869,"Outflow"
"9570",2026-06-15,"G381E",0,9.072,"Outflow"
"9571",2026-06-17,"G381E",0,9.809,"Outflow"
"9572",2026-06-17,"G381E",0,9.07,"Outflow"
"9573",2026-06-18,"G381E",0,9.785,"Outflow"
"9574",2026-06-18,"G381E",0,9.147,"Outflow"
"9575",2026-06-19,"G381E",0,9.767,"Outflow"
"9576",2026-06-19,"G381E",0,9.177,"Outflow"
"9577",2026-06-20,"G381E",0,9.826,"Outflow"
"9578",2026-06-20,"G381E",0,9.335,"Outflow"
"9579",2026-06-21,"G381E",0,9.969,"Outflow"
"9580",2026-06-21,"G381E",0,9.499,"Outflow"
"9581",2026-06-22,"G381E",0,10.006,"Outflow"
"9582",2026-06-22,"G381E",0,9.501,"Outflow"
"9583",2026-06-23,"G381E",0,9.998,"Outflow"
"9584",2026-06-23,"G381E",0,9.486,"Outflow"
"9585",2026-06-24,"G381E",0,9.982,"Outflow"
"9586",2026-06-24,"G381E",0,9.443,"Outflow"
"9587",2026-06-25,"G381E",0,9.977,"Outflow"
"9588",2026-06-25,"G381E",0,9.422,"Outflow"
"9589",2026-06-26,"G381E",0,10.003,"Outflow"
"9590",2026-06-26,"G381E",0,9.496,"Outflow"
"9591",2026-06-27,"G381E",0,10.046,"Outflow"
"9592",2026-06-27,"G381E",0,9.612,"Outflow"
"9593",2026-06-28,"G381E",0,10.047,"Outflow"
"9594",2026-06-28,"G381E",0,9.587,"Outflow"
"9595",2026-06-29,"G381E",0,10.029,"Outflow"
"9596",2026-06-29,"G381E",0,9.552,"Outflow"
"9597",2026-06-30,"G381E",0,10.006,"Outflow"
"9598",2026-06-30,"G381E",0,9.505,"Outflow"
"9599",2026-07-01,"G381E",0,9.984,"Outflow"
"9600",2026-07-01,"G381E",0,9.415,"Outflow"
"9601",2026-07-02,"G381E",0,9.966,"Outflow"
"9602",2026-07-02,"G381E",0,9.345,"Outflow"
"9603",2026-07-03,"G381E",0,10.013,"Outflow"
"9604",2026-07-03,"G381E",0,9.312,"Outflow"
"9605",2026-07-04,"G381E",0,10.131,"Outflow"
"9606",2026-07-04,"G381E",0,9.339,"Outflow"
"9607",2026-07-05,"G381E",0,10.131,"Outflow"
"9608",2026-07-05,"G381E",0,9.358,"Outflow"
"9609",2026-07-06,"G381E",0,10.157,"Outflow"
"9610",2026-07-06,"G381E",0,9.397,"Outflow"
"9611",2026-07-08,"G381E",0,10.177,"Outflow"
"9612",2026-07-08,"G381E",0,9.47,"Outflow"
"9613",2026-07-09,"G381E",0,10.156,"Outflow"
"9614",2026-07-09,"G381E",0,9.356,"Outflow"
"9615",2026-07-10,"G381E",0,10.13,"Outflow"
"9616",2026-07-10,"G381E",0,9.304,"Outflow"
"9617",2026-07-11,"G381E",0,10.158,"Outflow"
"9618",2026-07-11,"G381E",0,9.362,"Outflow"
"9619",2026-07-12,"G381E",0,10.166,"Outflow"
"9620",2026-07-12,"G381E",0,9.327,"Outflow"
"9621",2026-07-15,"G381E",0,10.208,"Outflow"
"9622",2026-07-15,"G381E",0,9.343,"Outflow"
"9623",2026-07-16,"G381E",0,10.184,"Outflow"
"9624",2026-07-16,"G381E",0,9.229,"Outflow"
"9625",2026-07-17,"G381E",0,10.212,"Outflow"
"9626",2026-07-17,"G381E",0,9.248,"Outflow"
"9627",2026-07-21,"G381E",0,10.328,"Outflow"
"9628",2026-07-21,"G381E",0,9.326,"Outflow"
"9629",2026-07-23,"G381E",10.085,10.142,"Outflow"
"9630",2026-07-23,"G381E",10.085,9.342,"Outflow"
"9631",2026-07-24,"G381E",22.065,10.077,"Outflow"
"9632",2026-07-24,"G381E",22.065,9.353,"Outflow"
"9633",2026-07-25,"G381E",21.688,10.082,"Outflow"
"9634",2026-07-25,"G381E",21.688,9.391,"Outflow"
"9635",2026-07-26,"G381E",21.274,10.103,"Outflow"
"9636",2026-07-26,"G381E",21.274,9.441,"Outflow"
"9637",2026-07-27,"G381E",19.657,10.049,"Outflow"
"9638",2026-07-27,"G381E",19.657,9.439,"Outflow"
"9639",2026-07-30,"G381E",16.642,9.8,"Outflow"
"9640",2026-07-30,"G381E",16.642,9.387,"Outflow"
"9641",2026-07-31,"G381E",14.668,9.701,"Outflow"
"9642",2026-07-31,"G381E",14.668,9.38,"Outflow"
"9643",2026-08-01,"G381E",12.811,9.597,"Outflow"
"9644",2026-08-01,"G381E",12.811,9.353,"Outflow"
"9645",2026-08-02,"G381E",11.873,9.533,"Outflow"
"9646",2026-08-02,"G381E",11.873,9.325,"Outflow"
"9647",2026-08-03,"G381E",12.132,9.547,"Outflow"
"9648",2026-08-03,"G381E",12.132,9.33,"Outflow"
"9649",2026-08-04,"G381E",7.674,9.553,"Outflow"
"9650",2026-08-04,"G381E",7.674,9.354,"Outflow"
"9651",2026-08-05,"G381E",9.593,9.815,"Outflow"
"9652",2026-08-05,"G381E",9.593,9.474,"Outflow"
"9653",2026-08-06,"G381E",18.029,9.914,"Outflow"
"9654",2026-08-06,"G381E",18.029,9.568,"Outflow"
"9655",2026-08-07,"G381E",24.682,9.834,"Outflow"
"9656",2026-08-07,"G381E",24.682,9.617,"Outflow"
"9657",2026-08-08,"G381E",24.609,9.613,"Outflow"
"9658",2026-08-08,"G381E",24.609,9.391,"Outflow"
"9659",2026-08-09,"G381E",47.094,9.353,"Outflow"
"9660",2026-08-09,"G381E",47.094,8.692,"Outflow"
"9661",2026-08-10,"G381E",42.84,9.411,"Outflow"
"9662",2026-08-10,"G381E",42.84,8.761,"Outflow"
"9663",2026-08-11,"G381E",28.736,9.244,"Outflow"
"9664",2026-08-11,"G381E",28.736,8.83,"Outflow"
"9665",2026-08-12,"G381E",37.674,9.271,"Outflow"
"9666",2026-08-12,"G381E",37.674,8.484,"Outflow"
"9667",2026-08-13,"G381E",27.508,9.556,"Outflow"
"9668",2026-08-13,"G381E",27.508,9.263,"Outflow"
"9669",2026-08-14,"G381E",25.874,9.845,"Outflow"
"9670",2026-08-14,"G381E",25.874,9.587,"Outflow"
"9671",2026-08-15,"G381E",25.432,10.078,"Outflow"
"9672",2026-08-15,"G381E",25.432,9.831,"Outflow"
"9673",2026-08-16,"G381E",NA,NA,"Outflow"
"9674",2026-08-16,"G381E",NA,NA,"Outflow"
"9675",2026-08-17,"G381E",22.877,10.024,"Outflow"
"9676",2026-08-17,"G381E",22.877,9.823,"Outflow"
"9677",2026-08-18,"G381E",23.072,9.982,"Outflow"
"9678",2026-08-18,"G381E",23.072,9.776,"Outflow"
"9679",2026-08-19,"G381E",20.213,9.731,"Outflow"
"9680",2026-08-19,"G381E",20.213,9.572,"Outflow"
"9681",2026-08-20,"G381E",44.555,9.622,"Outflow"
"9682",2026-08-20,"G381E",44.555,9.472,"Outflow"
"9683",2026-08-21,"G381E",81.947,9.608,"Outflow"
"9684",2026-08-21,"G381E",81.947,9.361,"Outflow"
"9685",2026-08-22,"G381E",84.817,9.695,"Outflow"
"9686",2026-08-22,"G381E",84.817,9.433,"Outflow"
"9687",2026-08-23,"G381E",73.812,9.687,"Outflow"
"9688",2026-08-23,"G381E",73.812,9.49,"Outflow"
"9689",2026-08-24,"G381E",36.127,9.733,"Outflow"
"9690",2026-08-24,"G381E",36.127,9.492,"Outflow"
"9691",2026-08-25,"G381E",16.27,9.655,"Outflow"
"9692",2026-08-25,"G381E",16.27,9.333,"Outflow"
"9693",2026-08-26,"G381E",8.814,9.523,"Outflow"
"9694",2026-08-26,"G381E",8.814,9.116,"Outflow"
"9695",2026-08-27,"G381E",0,9.701,"Outflow"
"9696",2026-08-27,"G381E",0,8.764,"Outflow"
"9697",2026-08-28,"G381E",0,9.797,"Outflow"
"9698",2026-08-28,"G381E",0,8.496,"Outflow"
"9699",2025-11-01,"G381D",0,NA,"Outflow"
"9700",2025-11-07,"G381D",0,NA,"Outflow"
"9701",2025-11-09,"G381D",0,NA,"Outflow"
"9702",2025-11-14,"G381D",0,NA,"Outflow"
"9703",2025-11-19,"G381D",0,NA,"Outflow"
"9704",2025-11-21,"G381D",0,NA,"Outflow"
"9705",2025-11-25,"G381D",0,NA,"Outflow"
"9706",2025-12-01,"G381D",0,NA,"Outflow"
"9707",2025-12-05,"G381D",0,NA,"Outflow"
"9708",2025-12-17,"G381D",0,NA,"Outflow"
"9709",2025-01-01,"G381E",31.87,10.046,"Outflow"
"9710",2025-01-01,"G381E",31.87,9.899,"Outflow"
"9711",2025-01-02,"G381E",29.098,10.043,"Outflow"
"9712",2025-01-02,"G381E",29.098,9.92,"Outflow"
"9713",2025-01-03,"G381E",16.471,10.016,"Outflow"
"9714",2025-01-03,"G381E",16.471,9.879,"Outflow"
"9715",2025-01-04,"G381E",0,10.066,"Outflow"
"9716",2025-01-04,"G381E",0,9.799,"Outflow"
"9717",2025-01-06,"G381E",0,10.068,"Outflow"
"9718",2025-01-06,"G381E",0,9.667,"Outflow"
"9719",2025-01-08,"G381E",0,10.06,"Outflow"
"9720",2025-01-08,"G381E",0,9.599,"Outflow"
"9721",2025-01-10,"G381E",0,10.041,"Outflow"
"9722",2025-01-10,"G381E",0,9.512,"Outflow"
"9723",2025-01-11,"G381E",0,10.06,"Outflow"
"9724",2025-01-11,"G381E",0,9.493,"Outflow"
"9725",2025-01-12,"G381E",25.985,10.047,"Outflow"
"9726",2025-01-12,"G381E",25.985,9.62,"Outflow"
"9727",2025-01-13,"G381E",33.169,9.923,"Outflow"
"9728",2025-01-13,"G381E",33.169,9.78,"Outflow"
"9729",2025-01-14,"G381E",33.536,9.915,"Outflow"
"9730",2025-01-14,"G381E",33.536,9.722,"Outflow"
"9731",2025-01-16,"G381E",28.422,9.922,"Outflow"
"9732",2025-01-16,"G381E",28.422,9.783,"Outflow"
"9733",2025-01-18,"G381E",25.989,9.96,"Outflow"
"9734",2025-01-18,"G381E",25.989,9.84,"Outflow"
"9735",2025-01-19,"G381E",9.435,10.079,"Outflow"
"9736",2025-01-19,"G381E",9.435,9.827,"Outflow"
"9737",2025-01-20,"G381E",27.432,10.064,"Outflow"
"9738",2025-01-20,"G381E",27.432,9.897,"Outflow"
"9739",2025-01-21,"G381E",23.29,10.123,"Outflow"
"9740",2025-01-21,"G381E",23.29,9.908,"Outflow"
"9741",2025-01-22,"G381E",27.936,10.153,"Outflow"
"9742",2025-01-22,"G381E",27.936,9.911,"Outflow"
"9743",2025-01-23,"G381E",39.95,10.097,"Outflow"
"9744",2025-01-23,"G381E",39.95,9.959,"Outflow"
"9745",2025-01-24,"G381E",36.684,10.059,"Outflow"
"9746",2025-01-24,"G381E",36.684,9.943,"Outflow"
"9747",2025-01-25,"G381E",20.34,10.068,"Outflow"
"9748",2025-01-25,"G381E",20.34,9.943,"Outflow"
"9749",2025-01-28,"G381E",24.246,10.133,"Outflow"
"9750",2025-01-28,"G381E",24.246,9.959,"Outflow"
"9751",2025-01-29,"G381E",29.965,10.097,"Outflow"
"9752",2025-01-29,"G381E",29.965,9.948,"Outflow"
"9753",2025-01-30,"G381E",27.704,10.096,"Outflow"
"9754",2025-01-30,"G381E",27.704,9.967,"Outflow"
"9755",2025-01-31,"G381E",28.539,10.097,"Outflow"
"9756",2025-01-31,"G381E",28.539,9.962,"Outflow"
"9757",2025-02-02,"G381E",28.183,10.096,"Outflow"
"9758",2025-02-02,"G381E",28.183,9.963,"Outflow"
"9759",2025-02-03,"G381E",23.31,10.087,"Outflow"
"9760",2025-02-03,"G381E",23.31,9.968,"Outflow"
"9761",2025-02-04,"G381E",12.569,10.192,"Outflow"
"9762",2025-02-04,"G381E",12.569,10.037,"Outflow"
"9763",2025-02-05,"G381E",26.599,10.148,"Outflow"
"9764",2025-02-05,"G381E",26.599,10.038,"Outflow"
"9765",2025-02-06,"G381E",21.716,10.243,"Outflow"
"9766",2025-02-06,"G381E",21.716,10.042,"Outflow"
"9767",2025-02-07,"G381E",31.869,10.239,"Outflow"
"9768",2025-02-07,"G381E",31.869,10.072,"Outflow"
"9769",2025-02-08,"G381E",27.644,10.247,"Outflow"
"9770",2025-02-08,"G381E",27.644,10.121,"Outflow"
"9771",2025-02-09,"G381E",7.179,10.294,"Outflow"
"9772",2025-02-09,"G381E",7.179,10.164,"Outflow"
"9773",2025-02-10,"G381E",31.119,10.303,"Outflow"
"9774",2025-02-10,"G381E",31.119,10.17,"Outflow"
"9775",2025-02-11,"G381E",29.06,10.261,"Outflow"
"9776",2025-02-11,"G381E",29.06,10.162,"Outflow"
"9777",2025-02-12,"G381E",13.27,10.296,"Outflow"
"9778",2025-02-12,"G381E",13.27,10.168,"Outflow"
"9779",2025-02-14,"G381E",27.895,10.312,"Outflow"
"9780",2025-02-14,"G381E",27.895,10.17,"Outflow"
"9781",2025-02-15,"G381E",21.942,10.301,"Outflow"
"9782",2025-02-15,"G381E",21.942,10.184,"Outflow"
"9783",2025-02-16,"G381E",23.41,10.331,"Outflow"
"9784",2025-02-16,"G381E",23.41,10.164,"Outflow"
"9785",2025-02-17,"G381E",1.04,10.342,"Outflow"
"9786",2025-02-17,"G381E",1.04,10.18,"Outflow"
"9787",2025-02-18,"G381E",10.786,10.369,"Outflow"
"9788",2025-02-18,"G381E",10.786,10.204,"Outflow"
"9789",2025-02-20,"G381E",43.906,10.29,"Outflow"
"9790",2025-02-20,"G381E",43.906,10.136,"Outflow"
"9791",2025-02-21,"G381E",24.889,10.196,"Outflow"
"9792",2025-02-21,"G381E",24.889,10.063,"Outflow"
"9793",2025-02-22,"G381E",32.291,10.208,"Outflow"
"9794",2025-02-22,"G381E",32.291,10.044,"Outflow"
"9795",2025-02-23,"G381E",30.27,10.182,"Outflow"
"9796",2025-02-23,"G381E",30.27,10.036,"Outflow"
"9797",2025-02-24,"G381E",29.588,10.178,"Outflow"
"9798",2025-02-24,"G381E",29.588,10.04,"Outflow"
"9799",2025-02-25,"G381E",30.304,10.174,"Outflow"
"9800",2025-02-25,"G381E",30.304,10.028,"Outflow"
"9801",2025-02-26,"G381E",23.474,10.129,"Outflow"
"9802",2025-02-26,"G381E",23.474,9.972,"Outflow"
"9803",2025-02-27,"G381E",16.613,10.154,"Outflow"
"9804",2025-02-27,"G381E",16.613,9.981,"Outflow"
"9805",2025-02-28,"G381E",24.153,10.137,"Outflow"
"9806",2025-02-28,"G381E",24.153,9.99,"Outflow"
"9807",2025-03-01,"G381E",18.246,10.142,"Outflow"
"9808",2025-03-01,"G381E",18.246,10.001,"Outflow"
"9809",2025-03-02,"G381E",25.297,10.123,"Outflow"
"9810",2025-03-02,"G381E",25.297,10.018,"Outflow"
"9811",2025-03-03,"G381E",21.39,10.104,"Outflow"
"9812",2025-03-03,"G381E",21.39,9.968,"Outflow"
"9813",2025-03-04,"G381E",11.607,10.168,"Outflow"
"9814",2025-03-04,"G381E",11.607,9.939,"Outflow"
"9815",2025-03-05,"G381E",21.352,10.156,"Outflow"
"9816",2025-03-05,"G381E",21.352,9.962,"Outflow"
"9817",2025-03-06,"G381E",23.29,10.15,"Outflow"
"9818",2025-03-06,"G381E",23.29,9.918,"Outflow"
"9819",2025-03-07,"G381E",23.703,10.128,"Outflow"
"9820",2025-03-07,"G381E",23.703,9.891,"Outflow"
"9821",2025-03-08,"G381E",21.613,10.123,"Outflow"
"9822",2025-03-08,"G381E",21.613,9.925,"Outflow"
"9823",2025-03-09,"G381E",21.308,10.126,"Outflow"
"9824",2025-03-09,"G381E",21.308,9.933,"Outflow"
"9825",2025-03-10,"G381E",23.357,10.119,"Outflow"
"9826",2025-03-10,"G381E",23.357,9.884,"Outflow"
"9827",2026-08-29,"G381E",0,9.627,"Outflow"
"9828",2026-08-29,"G381E",0,8.761,"Outflow"
"9829",2026-08-30,"G381E",0,9.619,"Outflow"
"9830",2026-08-30,"G381E",0,9.126,"Outflow"
"9831",2026-08-31,"G381E",27.238,9.691,"Outflow"
"9832",2026-08-31,"G381E",27.238,9.303,"Outflow"
"9833",2026-09-01,"G381E",49.464,9.583,"Outflow"
"9834",2026-09-01,"G381E",49.464,9.125,"Outflow"
"9835",2026-09-02,"G381E",45.015,9.565,"Outflow"
"9836",2026-09-02,"G381E",45.015,8.965,"Outflow"
"9837",2026-09-03,"G381E",73.101,9.606,"Outflow"
"9838",2026-09-03,"G381E",73.101,9.146,"Outflow"
"9839",2026-09-04,"G381E",72.687,9.6,"Outflow"
"9840",2026-09-04,"G381E",72.687,9.324,"Outflow"
"9841",2026-09-05,"G381E",93.191,9.752,"Outflow"
"9842",2026-09-05,"G381E",93.191,9.406,"Outflow"
"9843",2026-09-06,"G381E",100.275,9.957,"Outflow"
"9844",2026-09-06,"G381E",100.275,9.874,"Outflow"
"9845",2026-09-07,"G381E",112.2,9.774,"Outflow"
"9846",2026-09-07,"G381E",112.2,9.582,"Outflow"
"9847",2026-09-08,"G381E",122.306,9.834,"Outflow"
"9848",2026-09-08,"G381E",122.306,9.655,"Outflow"
"9849",2026-09-09,"G381E",117.038,9.823,"Outflow"
"9850",2026-09-09,"G381E",117.038,9.699,"Outflow"
"9851",2026-09-10,"G381E",117.5,9.832,"Outflow"
"9852",2026-09-10,"G381E",117.5,9.707,"Outflow"
"9853",2026-09-11,"G381E",118.752,9.828,"Outflow"
"9854",2026-09-11,"G381E",118.752,9.7,"Outflow"
"9855",2026-09-12,"G381E",116.093,9.696,"Outflow"
"9856",2026-09-12,"G381E",116.093,9.573,"Outflow"
"9857",2026-09-13,"G381E",118.798,9.703,"Outflow"
"9858",2026-09-13,"G381E",118.798,9.506,"Outflow"
"9859",2026-09-14,"G381E",117.202,9.742,"Outflow"
"9860",2026-09-14,"G381E",117.202,9.545,"Outflow"
"9861",2026-09-15,"G381E",103.918,9.828,"Outflow"
"9862",2026-09-15,"G381E",103.918,9.742,"Outflow"
"9863",2026-09-16,"G381E",99.133,9.696,"Outflow"
"9864",2026-09-16,"G381E",99.133,9.618,"Outflow"
"9865",2026-09-17,"G381E",94.585,9.775,"Outflow"
"9866",2026-09-17,"G381E",94.585,9.704,"Outflow"
"9867",2026-09-18,"G381E",94.195,9.846,"Outflow"
"9868",2026-09-18,"G381E",94.195,9.775,"Outflow"
"9869",2026-09-19,"G381E",94.413,9.781,"Outflow"
"9870",2026-09-19,"G381E",94.413,9.71,"Outflow"
"9871",2026-09-20,"G381E",101.871,9.827,"Outflow"
"9872",2026-09-20,"G381E",101.871,9.744,"Outflow"
"9873",2026-09-21,"G381E",102.163,9.798,"Outflow"
"9874",2026-09-21,"G381E",102.163,9.715,"Outflow"
"9875",2026-09-22,"G381E",96.97,9.675,"Outflow"
"9876",2026-09-22,"G381E",96.97,9.536,"Outflow"
"9877",2026-09-23,"G381E",113.641,9.914,"Outflow"
"9878",2026-09-23,"G381E",113.641,9.774,"Outflow"
"9879",2026-09-24,"G381E",137.113,10.321,"Outflow"
"9880",2026-09-24,"G381E",137.113,10.172,"Outflow"
"9881",2026-09-25,"G381E",148.607,10.436,"Outflow"
"9882",2026-09-25,"G381E",148.607,10.261,"Outflow"
"9883",2026-09-26,"G381E",137.008,10.302,"Outflow"
"9884",2026-09-26,"G381E",137.008,10.152,"Outflow"
"9885",2026-09-27,"G381E",105.679,9.871,"Outflow"
"9886",2026-09-27,"G381E",105.679,9.782,"Outflow"
"9887",2026-09-28,"G381E",90.581,9.635,"Outflow"
"9888",2026-09-28,"G381E",90.581,9.494,"Outflow"
"9889",2026-09-29,"G381E",96.577,9.701,"Outflow"
"9890",2026-09-29,"G381E",96.577,9.391,"Outflow"
"9891",2026-09-30,"G381E",78.007,9.542,"Outflow"
"9892",2026-09-30,"G381E",78.007,9.307,"Outflow"
"9893",2026-10-01,"G381E",75.521,9.639,"Outflow"
"9894",2026-10-01,"G381E",75.521,9.292,"Outflow"
"9895",2026-10-02,"G381E",75.652,9.575,"Outflow"
"9896",2026-10-02,"G381E",75.652,9.343,"Outflow"
"9897",2026-10-03,"G381E",73.251,9.617,"Outflow"
"9898",2026-10-03,"G381E",73.251,9.135,"Outflow"
"9899",2026-10-04,"G381E",63.375,9.541,"Outflow"
"9900",2026-10-04,"G381E",63.375,8.89,"Outflow"
"9901",2026-10-05,"G381E",43.405,9.528,"Outflow"
"9902",2026-10-05,"G381E",43.405,8.849,"Outflow"
"9903",2026-07-29,"G381E",18.048,9.905,"Outflow"
"9904",2026-07-29,"G381E",18.048,9.421,"Outflow"
"9905",2026-01-02,"G381E",0,9.891,"Outflow"
"9906",2026-01-02,"G381E",0,9.662,"Outflow"
"9907",2026-01-11,"G381E",0,9.822,"Outflow"
"9908",2026-01-11,"G381E",0,9.479,"Outflow"
"9909",2026-01-30,"G381E",29.071,9.823,"Outflow"
"9910",2026-01-30,"G381E",29.071,9.674,"Outflow"
"9911",2026-02-04,"G381E",12.771,9.656,"Outflow"
"9912",2026-02-04,"G381E",12.771,9.305,"Outflow"
"9913",2026-02-05,"G381E",14.957,9.732,"Outflow"
"9914",2026-02-05,"G381E",14.957,9.247,"Outflow"
"9915",2026-02-18,"G381E",45.888,9.731,"Outflow"
"9916",2026-02-18,"G381E",45.888,9.527,"Outflow"
"9917",2026-02-25,"G381E",47.473,9.511,"Outflow"
"9918",2026-02-25,"G381E",47.473,9.146,"Outflow"
"9919",2026-03-02,"G381E",31.235,9.617,"Outflow"
"9920",2026-03-02,"G381E",31.235,8.976,"Outflow"
"9921",2026-03-20,"G381E",35.033,9.767,"Outflow"
"9922",2026-03-20,"G381E",35.033,9.575,"Outflow"
"9923",2026-03-30,"G381E",80.289,9.965,"Outflow"
"9924",2026-03-30,"G381E",80.289,9.629,"Outflow"
"9925",2026-03-31,"G381E",48.749,9.665,"Outflow"
"9926",2026-03-31,"G381E",48.749,9.238,"Outflow"
"9927",2026-05-02,"G381E",0,10.052,"Outflow"
"9928",2026-05-02,"G381E",0,9.643,"Outflow"
"9929",2026-06-13,"G381E",0,9.915,"Outflow"
"9930",2026-06-13,"G381E",0,8.938,"Outflow"
"9931",2026-06-16,"G381E",1.771,9.837,"Outflow"
"9932",2026-06-16,"G381E",1.771,9.07,"Outflow"
"9933",2026-07-07,"G381E",0,10.196,"Outflow"
"9934",2026-07-07,"G381E",0,9.466,"Outflow"
"9935",2026-07-13,"G381E",0,10.248,"Outflow"
"9936",2026-07-13,"G381E",0,9.465,"Outflow"
"9937",2026-07-14,"G381E",0,10.232,"Outflow"
"9938",2026-07-14,"G381E",0,9.471,"Outflow"
"9939",2026-07-18,"G381E",0,10.343,"Outflow"
"9940",2026-07-18,"G381E",0,9.356,"Outflow"
"9941",2026-07-19,"G381E",0,10.352,"Outflow"
"9942",2026-07-19,"G381E",0,9.335,"Outflow"
"9943",2026-07-20,"G381E",0,10.352,"Outflow"
"9944",2026-07-20,"G381E",0,9.335,"Outflow"
"9945",2026-07-22,"G381E",0,10.307,"Outflow"
"9946",2026-07-22,"G381E",0,9.277,"Outflow"
"9947",2026-07-28,"G381E",18.696,9.991,"Outflow"
"9948",2026-07-28,"G381E",18.696,9.473,"Outflow"
"9949",2024-11-02,"G381F",0,NA,"Outflow"
"9950",2024-11-03,"G381F",0,NA,"Outflow"
"9951",2024-11-04,"G381F",0,NA,"Outflow"
"9952",2024-11-05,"G381F",0,NA,"Outflow"
"9953",2024-11-07,"G381F",0,NA,"Outflow"
"9954",2024-11-08,"G381F",50.401,NA,"Outflow"
"9955",2024-11-09,"G381F",73.777,NA,"Outflow"
"9956",2024-11-10,"G381F",41.506,NA,"Outflow"
"9957",2025-03-11,"G381E",25.093,10.121,"Outflow"
"9958",2025-03-11,"G381E",25.093,9.855,"Outflow"
"9959",2025-03-12,"G381E",26.053,10.104,"Outflow"
"9960",2025-03-12,"G381E",26.053,9.816,"Outflow"
"9961",2025-03-13,"G381E",27.659,10.069,"Outflow"
"9962",2025-03-13,"G381E",27.659,9.743,"Outflow"
"9963",2025-03-14,"G381E",27.19,10.052,"Outflow"
"9964",2025-03-14,"G381E",27.19,9.738,"Outflow"
"9965",2025-03-15,"G381E",24.885,10.058,"Outflow"
"9966",2025-03-15,"G381E",24.885,9.794,"Outflow"
"9967",2025-03-16,"G381E",24.421,10.049,"Outflow"
"9968",2025-03-16,"G381E",24.421,9.795,"Outflow"
"9969",2025-03-17,"G381E",26.938,10.036,"Outflow"
"9970",2025-03-17,"G381E",26.938,9.727,"Outflow"
"9971",2025-03-18,"G381E",27.849,10.002,"Outflow"
"9972",2025-03-18,"G381E",27.849,9.671,"Outflow"
"9973",2025-03-19,"G381E",27.548,9.959,"Outflow"
"9974",2025-03-19,"G381E",27.548,9.636,"Outflow"
"9975",2025-03-20,"G381E",24.424,9.942,"Outflow"
"9976",2025-03-20,"G381E",24.424,9.687,"Outflow"
"9977",2025-03-21,"G381E",26.075,9.909,"Outflow"
"9978",2025-03-21,"G381E",26.075,9.619,"Outflow"
"9979",2025-03-22,"G381E",24.786,9.882,"Outflow"
"9980",2025-03-22,"G381E",24.786,9.622,"Outflow"
"9981",2025-03-23,"G381E",23.556,9.865,"Outflow"
"9982",2025-03-23,"G381E",23.556,9.63,"Outflow"
"9983",2025-03-25,"G381E",25.765,9.816,"Outflow"
"9984",2025-03-25,"G381E",25.765,9.532,"Outflow"
"9985",2025-03-26,"G381E",26.499,9.796,"Outflow"
"9986",2025-03-26,"G381E",26.499,9.494,"Outflow"
"9987",2025-03-27,"G381E",26.083,9.805,"Outflow"
"9988",2025-03-27,"G381E",26.083,9.511,"Outflow"
"9989",2025-03-28,"G381E",26.074,9.823,"Outflow"
"9990",2025-03-28,"G381E",26.074,9.529,"Outflow"
"9991",2025-03-29,"G381E",21.297,9.886,"Outflow"
"9992",2025-03-29,"G381E",21.297,9.693,"Outflow"
"9993",2025-03-30,"G381E",19.806,9.966,"Outflow"
"9994",2025-03-30,"G381E",19.806,9.797,"Outflow"
"9995",2025-03-31,"G381E",22.896,10.048,"Outflow"
"9996",2025-03-31,"G381E",22.896,9.818,"Outflow"
"9997",2025-04-01,"G381E",29.047,10.133,"Outflow"
"9998",2025-04-01,"G381E",29.047,9.769,"Outflow"
"9999",2025-04-02,"G381E",28.328,10.112,"Outflow"
"10000",2025-04-02,"G381E",28.328,9.767,"Outflow"
"10001",2025-04-03,"G381E",27.59,10.025,"Outflow"
"10002",2025-04-03,"G381E",27.59,9.697,"Outflow"
"10003",2025-04-04,"G381E",27.671,9.881,"Outflow"
"10004",2025-04-04,"G381E",27.671,9.549,"Outflow"
"10005",2025-04-05,"G381E",16.998,9.77,"Outflow"
"10006",2025-04-05,"G381E",16.998,9.503,"Outflow"
"10007",2025-04-06,"G381E",0,9.861,"Outflow"
"10008",2025-04-06,"G381E",0,9.349,"Outflow"
"10009",2025-04-07,"G381E",0,9.857,"Outflow"
"10010",2025-04-07,"G381E",0,9.076,"Outflow"
"10011",2025-04-08,"G381E",0,9.862,"Outflow"
"10012",2025-04-08,"G381E",0,9.034,"Outflow"
"10013",2025-04-09,"G381E",0,9.875,"Outflow"
"10014",2025-04-09,"G381E",0,9.24,"Outflow"
"10015",2025-04-10,"G381E",0,9.858,"Outflow"
"10016",2025-04-10,"G381E",0,9.25,"Outflow"
"10017",2025-04-11,"G381E",0,9.842,"Outflow"
"10018",2025-04-11,"G381E",0,9.3,"Outflow"
"10019",2025-04-12,"G381E",0,9.823,"Outflow"
"10020",2025-04-12,"G381E",0,9.088,"Outflow"
"10021",2025-04-13,"G381E",0,9.802,"Outflow"
"10022",2025-04-13,"G381E",0,9,"Outflow"
"10023",2025-04-14,"G381E",0,9.782,"Outflow"
"10024",2025-04-14,"G381E",0,9.142,"Outflow"
"10025",2025-04-15,"G381E",0,9.76,"Outflow"
"10026",2025-04-15,"G381E",0,9.183,"Outflow"
"10027",2025-04-16,"G381E",0,9.736,"Outflow"
"10028",2025-04-16,"G381E",0,9.184,"Outflow"
"10029",2025-04-17,"G381E",0,9.72,"Outflow"
"10030",2025-04-17,"G381E",0,9.226,"Outflow"
"10031",2025-04-18,"G381E",0,9.704,"Outflow"
"10032",2025-04-18,"G381E",0,9.171,"Outflow"
"10033",2025-04-19,"G381E",0,9.688,"Outflow"
"10034",2025-04-19,"G381E",0,8.87,"Outflow"
"10035",2025-04-20,"G381E",0,9.664,"Outflow"
"10036",2025-04-20,"G381E",0,8.729,"Outflow"
"10037",2025-04-21,"G381E",0,9.645,"Outflow"
"10038",2025-04-21,"G381E",0,8.953,"Outflow"
"10039",2025-04-22,"G381E",0,9.629,"Outflow"
"10040",2025-04-22,"G381E",0,9.057,"Outflow"
"10041",2025-04-23,"G381E",0,9.61,"Outflow"
"10042",2025-04-23,"G381E",0,8.968,"Outflow"
"10043",2025-04-24,"G381E",0,9.596,"Outflow"
"10044",2025-04-24,"G381E",0,8.889,"Outflow"
"10045",2025-04-25,"G381E",0,9.585,"Outflow"
"10046",2025-04-25,"G381E",0,8.944,"Outflow"
"10047",2025-04-26,"G381E",0,9.573,"Outflow"
"10048",2025-04-26,"G381E",0,9.08,"Outflow"
"10049",2025-04-27,"G381E",0,9.565,"Outflow"
"10050",2025-04-27,"G381E",0,9.206,"Outflow"
"10051",2025-04-28,"G381E",0,9.561,"Outflow"
"10052",2025-04-28,"G381E",0,9.329,"Outflow"
"10053",2025-04-29,"G381E",0,9.558,"Outflow"
"10054",2025-04-29,"G381E",0,9.479,"Outflow"
"10055",2025-04-30,"G381E",0,9.554,"Outflow"
"10056",2025-04-30,"G381E",0,9.541,"Outflow"
"10057",2025-05-01,"G381E",0,9.545,"Outflow"
"10058",2025-05-01,"G381E",0,9.586,"Outflow"
"10059",2025-05-02,"G381E",0,9.541,"Outflow"
"10060",2025-05-02,"G381E",0,9.602,"Outflow"
"10061",2025-05-04,"G381E",0,9.65,"Outflow"
"10062",2025-05-04,"G381E",0,9.685,"Outflow"
"10063",2025-05-05,"G381E",0,9.97,"Outflow"
"10064",2025-05-05,"G381E",0,9.71,"Outflow"
"10065",2025-05-06,"G381E",0,10.184,"Outflow"
"10066",2025-05-06,"G381E",0,9.807,"Outflow"
"10067",2025-05-07,"G381E",0,10.328,"Outflow"
"10068",2025-05-07,"G381E",0,9.817,"Outflow"
"10069",2025-05-08,"G381E",0,10.348,"Outflow"
"10070",2025-05-08,"G381E",0,9.776,"Outflow"
"10071",2025-05-09,"G381E",0,10.385,"Outflow"
"10072",2025-05-09,"G381E",0,9.557,"Outflow"
"10073",2025-05-10,"G381E",0,10.373,"Outflow"
"10074",2025-05-10,"G381E",0,9.253,"Outflow"
"10075",2025-05-11,"G381E",0,10.35,"Outflow"
"10076",2025-05-11,"G381E",0,8.888,"Outflow"
"10077",2025-05-12,"G381E",0,10.462,"Outflow"
"10078",2025-05-12,"G381E",0,9.055,"Outflow"
"10079",2025-05-13,"G381E",0,10.62,"Outflow"
"10080",2025-05-13,"G381E",0,9.454,"Outflow"
"10081",2025-05-14,"G381E",0,10.594,"Outflow"
"10082",2025-05-14,"G381E",0,9.351,"Outflow"
"10083",2025-05-15,"G381E",0,10.568,"Outflow"
"10084",2025-05-15,"G381E",0,9.245,"Outflow"
"10085",2025-05-16,"G381E",0,10.545,"Outflow"
"10086",2025-05-16,"G381E",0,9.098,"Outflow"
"10087",2025-05-18,"G381E",0,10.482,"Outflow"
"10088",2025-05-18,"G381E",0,8.66,"Outflow"
"10089",2025-05-19,"G381E",0,10.447,"Outflow"
"10090",2025-05-19,"G381E",0,8.95,"Outflow"
"10091",2025-05-20,"G381E",0,10.414,"Outflow"
"10092",2025-05-20,"G381E",0,9.125,"Outflow"
"10093",2025-05-21,"G381E",0,10.381,"Outflow"
"10094",2025-05-21,"G381E",0,9.159,"Outflow"
"10095",2025-05-22,"G381E",0,10.381,"Outflow"
"10096",2025-05-22,"G381E",0,9.211,"Outflow"
"10097",2024-11-11,"G381F",31.738,NA,"Outflow"
"10098",2024-11-12,"G381F",5.065,NA,"Outflow"
"10099",2024-11-13,"G381F",0,NA,"Outflow"
"10100",2024-11-14,"G381F",0,NA,"Outflow"
"10101",2024-11-15,"G381F",0,NA,"Outflow"
"10102",2024-11-17,"G381F",0,NA,"Outflow"
"10103",2024-11-18,"G381F",0,NA,"Outflow"
"10104",2024-11-20,"G381F",0,NA,"Outflow"
"10105",2024-11-21,"G381F",0,NA,"Outflow"
"10106",2024-11-22,"G381F",0,NA,"Outflow"
"10107",2024-11-23,"G381F",0,NA,"Outflow"
"10108",2024-11-24,"G381F",0,NA,"Outflow"
"10109",2024-11-25,"G381F",0,NA,"Outflow"
"10110",2024-11-26,"G381F",0,NA,"Outflow"
"10111",2024-11-27,"G381F",0,NA,"Outflow"
"10112",2024-11-28,"G381F",0,NA,"Outflow"
"10113",2024-11-29,"G381F",0,NA,"Outflow"
"10114",2024-12-01,"G381F",0,NA,"Outflow"
"10115",2024-12-02,"G381F",0,NA,"Outflow"
"10116",2024-12-03,"G381F",0,NA,"Outflow"
"10117",2024-12-04,"G381F",0,NA,"Outflow"
"10118",2024-12-05,"G381F",0,NA,"Outflow"
"10119",2024-12-06,"G381F",0,NA,"Outflow"
"10120",2024-12-07,"G381F",0,NA,"Outflow"
"10121",2024-12-08,"G381F",0,NA,"Outflow"
"10122",2024-12-09,"G381F",0,NA,"Outflow"
"10123",2024-12-10,"G381F",0,NA,"Outflow"
"10124",2024-12-13,"G381F",5.834,NA,"Outflow"
"10125",2024-12-14,"G381F",9.693,NA,"Outflow"
"10126",2024-12-16,"G381F",14.128,NA,"Outflow"
"10127",2024-12-17,"G381F",18.078,NA,"Outflow"
"10128",2024-12-18,"G381F",20.096,NA,"Outflow"
"10129",2024-12-19,"G381F",43.687,NA,"Outflow"
"10130",2024-12-20,"G381F",38.252,NA,"Outflow"
"10131",2024-12-21,"G381F",33.214,NA,"Outflow"
"10132",2024-12-22,"G381F",5.956,NA,"Outflow"
"10133",2024-12-23,"G381F",23.618,NA,"Outflow"
"10134",2024-12-24,"G381F",33.556,NA,"Outflow"
"10135",2024-12-25,"G381F",31.461,NA,"Outflow"
"10136",2024-12-26,"G381F",26.927,NA,"Outflow"
"10137",2024-12-27,"G381F",29.363,NA,"Outflow"
"10138",2024-12-28,"G381F",33.719,NA,"Outflow"
"10139",2024-12-29,"G381F",35.515,NA,"Outflow"
"10140",2024-12-30,"G381F",35.537,NA,"Outflow"
"10141",2024-12-31,"G381F",30.887,NA,"Outflow"
"10142",2024-12-15,"G381F",10.337,NA,"Outflow"
"10143",2024-11-01,"G381F",0,NA,"Outflow"
"10144",2024-11-06,"G381F",0,NA,"Outflow"
"10145",2024-11-16,"G381F",0,NA,"Outflow"
"10146",2024-11-19,"G381F",0,NA,"Outflow"
"10147",2024-11-30,"G381F",0,NA,"Outflow"
"10148",2024-12-11,"G381F",0,NA,"Outflow"
"10149",2024-12-12,"G381F",0,NA,"Outflow"
"10150",2026-01-01,"G381F",0,NA,"Outflow"
"10151",2026-01-02,"G381F",0,NA,"Outflow"
"10152",2026-01-03,"G381F",0,NA,"Outflow"
"10153",2026-01-04,"G381F",0,NA,"Outflow"
"10154",2026-01-05,"G381F",0,NA,"Outflow"
"10155",2026-01-06,"G381F",0,NA,"Outflow"
"10156",2026-01-07,"G381F",0,NA,"Outflow"
"10157",2026-01-08,"G381F",0,NA,"Outflow"
"10158",2026-01-09,"G381F",0,NA,"Outflow"
"10159",2026-01-10,"G381F",0,NA,"Outflow"
"10160",2026-01-11,"G381F",0,NA,"Outflow"
"10161",2026-01-12,"G381F",0,NA,"Outflow"
"10162",2026-01-13,"G381F",0,NA,"Outflow"
"10163",2026-01-15,"G381F",0.001,NA,"Outflow"
"10164",2026-01-18,"G381F",0,NA,"Outflow"
"10165",2026-01-19,"G381F",0,NA,"Outflow"
"10166",2026-01-21,"G381F",5.329,NA,"Outflow"
"10167",2025-05-23,"G381E",0,10.424,"Outflow"
"10168",2025-05-23,"G381E",0,9.396,"Outflow"
"10169",2025-05-24,"G381E",0,10.392,"Outflow"
"10170",2025-05-24,"G381E",0,9.448,"Outflow"
"10171",2025-05-25,"G381E",0,10.369,"Outflow"
"10172",2025-05-25,"G381E",0,9.458,"Outflow"
"10173",2025-05-27,"G381E",0,10.323,"Outflow"
"10174",2025-05-27,"G381E",0,9.493,"Outflow"
"10175",2025-05-28,"G381E",0,10.304,"Outflow"
"10176",2025-05-28,"G381E",0,9.545,"Outflow"
"10177",2025-05-29,"G381E",29.787,10.149,"Outflow"
"10178",2025-05-29,"G381E",29.787,9.814,"Outflow"
"10179",2025-05-30,"G381E",0.498,10.124,"Outflow"
"10180",2025-05-30,"G381E",0.498,9.868,"Outflow"
"10181",2025-05-31,"G381E",0,10.126,"Outflow"
"10182",2025-05-31,"G381E",0,9.67,"Outflow"
"10183",2025-06-01,"G381E",0,10.124,"Outflow"
"10184",2025-06-01,"G381E",0,9.584,"Outflow"
"10185",2025-06-02,"G381E",17.695,10.108,"Outflow"
"10186",2025-06-02,"G381E",17.695,9.528,"Outflow"
"10187",2025-06-03,"G381E",22.488,9.936,"Outflow"
"10188",2025-06-03,"G381E",22.488,9.686,"Outflow"
"10189",2025-06-04,"G381E",0,10.105,"Outflow"
"10190",2025-06-04,"G381E",0,9.52,"Outflow"
"10191",2025-06-05,"G381E",54.73,10.021,"Outflow"
"10192",2025-06-05,"G381E",54.73,9.77,"Outflow"
"10193",2025-06-06,"G381E",57.055,10.05,"Outflow"
"10194",2025-06-06,"G381E",57.055,9.866,"Outflow"
"10195",2025-06-07,"G381E",28.258,10.06,"Outflow"
"10196",2025-06-07,"G381E",28.258,9.865,"Outflow"
"10197",2025-06-08,"G381E",25.894,10.02,"Outflow"
"10198",2025-06-08,"G381E",25.894,9.742,"Outflow"
"10199",2025-06-10,"G381E",0,10.044,"Outflow"
"10200",2025-06-10,"G381E",0,9.478,"Outflow"
"10201",2025-06-12,"G381E",0,10.102,"Outflow"
"10202",2025-06-12,"G381E",0,8.962,"Outflow"
"10203",2025-06-13,"G381E",43.05,9.943,"Outflow"
"10204",2025-06-13,"G381E",43.05,9.529,"Outflow"
"10205",2025-06-14,"G381E",39.884,10.105,"Outflow"
"10206",2025-06-14,"G381E",39.884,9.84,"Outflow"
"10207",2025-06-15,"G381E",37.931,10.09,"Outflow"
"10208",2025-06-15,"G381E",37.931,9.936,"Outflow"
"10209",2025-06-16,"G381E",47.356,10.064,"Outflow"
"10210",2025-06-16,"G381E",47.356,9.904,"Outflow"
"10211",2025-06-17,"G381E",44.365,9.935,"Outflow"
"10212",2025-06-17,"G381E",44.365,9.784,"Outflow"
"10213",2025-06-18,"G381E",24.567,9.847,"Outflow"
"10214",2025-06-18,"G381E",24.567,9.68,"Outflow"
"10215",2025-06-19,"G381E",0,10.104,"Outflow"
"10216",2025-06-19,"G381E",0,9.693,"Outflow"
"10217",2025-06-21,"G381E",0,10.121,"Outflow"
"10218",2025-06-21,"G381E",0,9.525,"Outflow"
"10219",2025-06-22,"G381E",0,10.157,"Outflow"
"10220",2025-06-22,"G381E",0,9.488,"Outflow"
"10221",2025-06-23,"G381E",0,10.202,"Outflow"
"10222",2025-06-23,"G381E",0,9.429,"Outflow"
"10223",2025-06-24,"G381E",40.195,10.06,"Outflow"
"10224",2025-06-24,"G381E",40.195,9.379,"Outflow"
"10225",2025-06-25,"G381E",25.631,9.852,"Outflow"
"10226",2025-06-25,"G381E",25.631,9.36,"Outflow"
"10227",2025-06-26,"G381E",0,10.057,"Outflow"
"10228",2025-06-26,"G381E",0,9.141,"Outflow"
"10229",2025-06-27,"G381E",31.948,10.102,"Outflow"
"10230",2025-06-27,"G381E",31.948,9.127,"Outflow"
"10231",2025-06-28,"G381E",27.615,9.907,"Outflow"
"10232",2025-06-28,"G381E",27.615,9.282,"Outflow"
"10233",2025-06-29,"G381E",0,10.12,"Outflow"
"10234",2025-06-29,"G381E",0,8.986,"Outflow"
"10235",2025-06-30,"G381E",0,10.132,"Outflow"
"10236",2025-06-30,"G381E",0,9.003,"Outflow"
"10237",2025-07-01,"G381E",0,10.153,"Outflow"
"10238",2025-07-01,"G381E",0,8.901,"Outflow"
"10239",2025-07-03,"G381E",43.927,9.832,"Outflow"
"10240",2025-07-03,"G381E",43.927,9.49,"Outflow"
"10241",2025-07-04,"G381E",61.943,9.678,"Outflow"
"10242",2025-07-04,"G381E",61.943,9.027,"Outflow"
"10243",2025-07-08,"G381E",52.671,9.754,"Outflow"
"10244",2025-07-08,"G381E",52.671,9.002,"Outflow"
"10245",2025-07-09,"G381E",38.461,9.695,"Outflow"
"10246",2025-07-09,"G381E",38.461,8.849,"Outflow"
"10247",2025-07-13,"G381E",0,10.279,"Outflow"
"10248",2025-07-13,"G381E",0,9.624,"Outflow"
"10249",2025-07-14,"G381E",69.886,9.953,"Outflow"
"10250",2025-07-14,"G381E",69.886,9.266,"Outflow"
"10251",2025-07-16,"G381E",83.988,9.629,"Outflow"
"10252",2025-07-16,"G381E",83.988,9.373,"Outflow"
"10253",2025-07-17,"G381E",136.101,10.368,"Outflow"
"10254",2025-07-17,"G381E",136.101,9.711,"Outflow"
"10255",2025-07-18,"G381E",146.705,10.578,"Outflow"
"10256",2025-07-18,"G381E",146.705,9.817,"Outflow"
"10257",2025-07-19,"G381E",133.454,10.338,"Outflow"
"10258",2025-07-19,"G381E",133.454,9.707,"Outflow"
"10259",2025-07-20,"G381E",101.139,9.77,"Outflow"
"10260",2025-07-20,"G381E",101.139,9.394,"Outflow"
"10261",2025-07-21,"G381E",59.807,9.187,"Outflow"
"10262",2025-07-21,"G381E",59.807,9.055,"Outflow"
"10263",2025-07-22,"G381E",39.679,8.894,"Outflow"
"10264",2025-07-22,"G381E",39.679,8.838,"Outflow"
"10265",2025-07-23,"G381E",27.771,9.213,"Outflow"
"10266",2025-07-23,"G381E",27.771,8.777,"Outflow"
"10267",2025-07-24,"G381E",13.777,9.749,"Outflow"
"10268",2025-07-24,"G381E",13.777,8.842,"Outflow"
"10269",2025-07-25,"G381E",36.879,10.087,"Outflow"
"10270",2025-07-25,"G381E",36.879,8.99,"Outflow"
"10271",2025-07-26,"G381E",50.33,10.056,"Outflow"
"10272",2025-07-26,"G381E",50.33,8.937,"Outflow"
"10273",2025-07-27,"G381E",53.233,10.099,"Outflow"
"10274",2025-07-27,"G381E",53.233,8.666,"Outflow"
"10275",2025-07-28,"G381E",73.637,10.012,"Outflow"
"10276",2025-07-28,"G381E",73.637,9.191,"Outflow"
"10277",2025-07-29,"G381E",46.241,9.81,"Outflow"
"10278",2025-07-29,"G381E",46.241,9.603,"Outflow"
"10279",2025-07-30,"G381E",15.36,10.115,"Outflow"
"10280",2025-07-30,"G381E",15.36,9.238,"Outflow"
"10281",2025-07-31,"G381E",17.188,10.104,"Outflow"
"10282",2025-07-31,"G381E",17.188,9.011,"Outflow"
"10283",2025-08-01,"G381E",16.346,10.087,"Outflow"
"10284",2025-08-01,"G381E",16.346,9.099,"Outflow"
"10285",2025-08-02,"G381E",14.666,10.062,"Outflow"
"10286",2025-08-02,"G381E",14.666,9.268,"Outflow"
"10287",2025-08-03,"G381E",14.972,10.006,"Outflow"
"10288",2025-08-03,"G381E",14.972,9.175,"Outflow"
"10289",2025-08-06,"G381E",13.998,9.899,"Outflow"
"10290",2025-08-06,"G381E",13.998,9.18,"Outflow"
"10291",2025-08-07,"G381E",13.198,9.836,"Outflow"
"10292",2025-08-07,"G381E",13.198,9.198,"Outflow"
"10293",2025-08-08,"G381E",12.725,9.791,"Outflow"
"10294",2025-08-08,"G381E",12.725,9.198,"Outflow"
"10295",2025-08-09,"G381E",7.965,9.75,"Outflow"
"10296",2025-08-09,"G381E",7.965,9.051,"Outflow"
"10297",2025-08-10,"G381E",0,9.8,"Outflow"
"10298",2025-08-10,"G381E",0,8.872,"Outflow"
"10299",2025-08-11,"G381E",0,9.807,"Outflow"
"10300",2025-08-11,"G381E",0,8.861,"Outflow"
"10301",2025-08-12,"G381E",0,9.793,"Outflow"
"10302",2025-08-12,"G381E",0,9.117,"Outflow"
"10303",2025-08-14,"G381E",0,9.796,"Outflow"
"10304",2025-08-14,"G381E",0,9.401,"Outflow"
"10305",2026-01-23,"G381F",24.165,NA,"Outflow"
"10306",2026-01-24,"G381F",14.376,NA,"Outflow"
"10307",2026-01-25,"G381F",14.584,NA,"Outflow"
"10308",2026-01-27,"G381F",0,NA,"Outflow"
"10309",2026-01-28,"G381F",21.807,NA,"Outflow"
"10310",2026-01-29,"G381F",18.128,NA,"Outflow"
"10311",2026-01-30,"G381F",28.961,NA,"Outflow"
"10312",2026-01-31,"G381F",26.719,NA,"Outflow"
"10313",2026-02-01,"G381F",18.017,NA,"Outflow"
"10314",2026-02-02,"G381F",14.215,NA,"Outflow"
"10315",2026-02-03,"G381F",14.813,NA,"Outflow"
"10316",2026-02-04,"G381F",12.819,NA,"Outflow"
"10317",2026-02-05,"G381F",15.044,NA,"Outflow"
"10318",2026-02-06,"G381F",33.636,NA,"Outflow"
"10319",2026-02-08,"G381F",28.776,NA,"Outflow"
"10320",2026-02-09,"G381F",25.458,NA,"Outflow"
"10321",2026-02-10,"G381F",19.676,NA,"Outflow"
"10322",2026-02-11,"G381F",21.264,NA,"Outflow"
"10323",2026-02-12,"G381F",24.359,NA,"Outflow"
"10324",2026-02-13,"G381F",27.414,NA,"Outflow"
"10325",2026-02-14,"G381F",35.204,NA,"Outflow"
"10326",2026-02-16,"G381F",46.308,NA,"Outflow"
"10327",2026-02-17,"G381F",42.464,NA,"Outflow"
"10328",2026-02-18,"G381F",45.917,NA,"Outflow"
"10329",2026-02-19,"G381F",52.926,NA,"Outflow"
"10330",2026-02-20,"G381F",55.477,NA,"Outflow"
"10331",2026-02-22,"G381F",49.097,NA,"Outflow"
"10332",2026-02-23,"G381F",58.135,NA,"Outflow"
"10333",2026-02-24,"G381F",51.647,NA,"Outflow"
"10334",2026-02-25,"G381F",47.387,NA,"Outflow"
"10335",2026-02-26,"G381F",40.891,NA,"Outflow"
"10336",2026-02-27,"G381F",54.929,NA,"Outflow"
"10337",2026-02-28,"G381F",43.231,NA,"Outflow"
"10338",2026-03-01,"G381F",49.895,NA,"Outflow"
"10339",2026-03-02,"G381F",31.677,NA,"Outflow"
"10340",2026-03-03,"G381F",3.872,NA,"Outflow"
"10341",2026-03-05,"G381F",0,NA,"Outflow"
"10342",2026-03-06,"G381F",40.24,NA,"Outflow"
"10343",2026-03-07,"G381F",51.426,NA,"Outflow"
"10344",2026-03-08,"G381F",30.679,NA,"Outflow"
"10345",2026-03-11,"G381F",15.659,NA,"Outflow"
"10346",2026-03-12,"G381F",31.82,NA,"Outflow"
"10347",2026-03-13,"G381F",46.765,NA,"Outflow"
"10348",2026-03-14,"G381F",46.182,NA,"Outflow"
"10349",2026-03-15,"G381F",25.85,NA,"Outflow"
"10350",2026-03-16,"G381F",5.229,NA,"Outflow"
"10351",2026-03-17,"G381F",0,NA,"Outflow"
"10352",2026-03-18,"G381F",16.73,NA,"Outflow"
"10353",2026-03-19,"G381F",19.718,NA,"Outflow"
"10354",2026-03-20,"G381F",34.913,NA,"Outflow"
"10355",2026-03-21,"G381F",18.843,NA,"Outflow"
"10356",2026-03-22,"G381F",0,NA,"Outflow"
"10357",2026-03-24,"G381F",0,NA,"Outflow"
"10358",2026-03-25,"G381F",29.034,NA,"Outflow"
"10359",2026-03-26,"G381F",33.575,NA,"Outflow"
"10360",2026-03-27,"G381F",37.04,NA,"Outflow"
"10361",2026-03-28,"G381F",52.177,NA,"Outflow"
"10362",2026-03-29,"G381F",56.84,NA,"Outflow"
"10363",2026-03-30,"G381F",81.487,NA,"Outflow"
"10364",2026-03-31,"G381F",49.603,NA,"Outflow"
"10365",2026-04-01,"G381F",22.921,NA,"Outflow"
"10366",2026-04-02,"G381F",11.199,NA,"Outflow"
"10367",2026-04-03,"G381F",13.837,NA,"Outflow"
"10368",2026-04-04,"G381F",0,NA,"Outflow"
"10369",2026-04-06,"G381F",100.874,NA,"Outflow"
"10370",2026-04-07,"G381F",120.221,NA,"Outflow"
"10371",2026-04-08,"G381F",126.812,NA,"Outflow"
"10372",2026-04-09,"G381F",142.773,NA,"Outflow"
"10373",2026-04-10,"G381F",151.805,NA,"Outflow"
"10374",2026-04-11,"G381F",158.852,NA,"Outflow"
"10375",2025-08-15,"G381E",0,9.778,"Outflow"
"10376",2025-08-15,"G381E",0,9.261,"Outflow"
"10377",2025-08-16,"G381E",0,9.761,"Outflow"
"10378",2025-08-16,"G381E",0,9.358,"Outflow"
"10379",2025-08-17,"G381E",0,9.764,"Outflow"
"10380",2025-08-17,"G381E",0,9.399,"Outflow"
"10381",2025-08-18,"G381E",0,9.803,"Outflow"
"10382",2025-08-18,"G381E",0,9.357,"Outflow"
"10383",2025-08-20,"G381E",0,9.775,"Outflow"
"10384",2025-08-20,"G381E",0,9.371,"Outflow"
"10385",2025-08-21,"G381E",0,9.76,"Outflow"
"10386",2025-08-21,"G381E",0,9.143,"Outflow"
"10387",2025-08-22,"G381E",0,9.746,"Outflow"
"10388",2025-08-22,"G381E",0,9.057,"Outflow"
"10389",2025-08-23,"G381E",0,9.811,"Outflow"
"10390",2025-08-23,"G381E",0,9.212,"Outflow"
"10391",2025-08-24,"G381E",0,9.907,"Outflow"
"10392",2025-08-24,"G381E",0,9.359,"Outflow"
"10393",2025-08-25,"G381E",0,9.987,"Outflow"
"10394",2025-08-25,"G381E",0,9.317,"Outflow"
"10395",2025-08-26,"G381E",0,10.183,"Outflow"
"10396",2025-08-26,"G381E",0,9.326,"Outflow"
"10397",2025-08-27,"G381E",68.478,9.896,"Outflow"
"10398",2025-08-27,"G381E",68.478,9.552,"Outflow"
"10399",2025-08-28,"G381E",35.797,9.814,"Outflow"
"10400",2025-08-28,"G381E",35.797,9.483,"Outflow"
"10401",2025-08-29,"G381E",0,9.986,"Outflow"
"10402",2025-08-29,"G381E",0,9.45,"Outflow"
"10403",2025-08-30,"G381E",0,10.007,"Outflow"
"10404",2025-08-30,"G381E",0,9.463,"Outflow"
"10405",2025-09-01,"G381E",49.338,9.963,"Outflow"
"10406",2025-09-01,"G381E",49.338,9.706,"Outflow"
"10407",2025-09-02,"G381E",85.611,9.907,"Outflow"
"10408",2025-09-02,"G381E",85.611,9.832,"Outflow"
"10409",2025-09-04,"G381E",109.181,10.136,"Outflow"
"10410",2025-09-04,"G381E",109.181,10.015,"Outflow"
"10411",2025-09-05,"G381E",99.398,10.142,"Outflow"
"10412",2025-09-05,"G381E",99.398,10.054,"Outflow"
"10413",2025-09-06,"G381E",74.522,10.014,"Outflow"
"10414",2025-09-06,"G381E",74.522,9.972,"Outflow"
"10415",2025-09-07,"G381E",65.38,9.974,"Outflow"
"10416",2025-09-07,"G381E",65.38,9.836,"Outflow"
"10417",2025-09-08,"G381E",67.47,10.154,"Outflow"
"10418",2025-09-08,"G381E",67.47,9.847,"Outflow"
"10419",2025-09-09,"G381E",69.66,10.148,"Outflow"
"10420",2025-09-09,"G381E",69.66,10.079,"Outflow"
"10421",2025-09-10,"G381E",94.712,10.293,"Outflow"
"10422",2025-09-10,"G381E",94.712,10.217,"Outflow"
"10423",2025-09-11,"G381E",119.084,10.491,"Outflow"
"10424",2025-09-11,"G381E",119.084,10.384,"Outflow"
"10425",2025-09-12,"G381E",122.779,10.442,"Outflow"
"10426",2025-09-12,"G381E",122.779,10.33,"Outflow"
"10427",2025-09-14,"G381E",106.714,10.248,"Outflow"
"10428",2025-09-14,"G381E",106.714,10.163,"Outflow"
"10429",2025-09-15,"G381E",92.667,9.984,"Outflow"
"10430",2025-09-15,"G381E",92.667,9.92,"Outflow"
"10431",2025-09-17,"G381E",98.363,10.049,"Outflow"
"10432",2025-09-17,"G381E",98.363,9.607,"Outflow"
"10433",2025-09-20,"G381E",63.381,9.881,"Outflow"
"10434",2025-09-20,"G381E",63.381,9.215,"Outflow"
"10435",2025-09-21,"G381E",65.877,9.928,"Outflow"
"10436",2025-09-21,"G381E",65.877,8.826,"Outflow"
"10437",2025-09-22,"G381E",58.439,9.839,"Outflow"
"10438",2025-09-22,"G381E",58.439,8.961,"Outflow"
"10439",2025-09-23,"G381E",55.886,9.97,"Outflow"
"10440",2025-09-23,"G381E",55.886,9.167,"Outflow"
"10441",2025-09-24,"G381E",58.699,10.161,"Outflow"
"10442",2025-09-24,"G381E",58.699,9.257,"Outflow"
"10443",2025-09-25,"G381E",21.843,10.059,"Outflow"
"10444",2025-09-25,"G381E",21.843,9.466,"Outflow"
"10445",2025-09-26,"G381E",0,10.163,"Outflow"
"10446",2025-09-26,"G381E",0,9.821,"Outflow"
"10447",2025-09-27,"G381E",0,10.156,"Outflow"
"10448",2025-09-27,"G381E",0,9.842,"Outflow"
"10449",2025-09-28,"G381E",0,10.063,"Outflow"
"10450",2025-09-28,"G381E",0,9.802,"Outflow"
"10451",2025-09-29,"G381E",0,9.995,"Outflow"
"10452",2025-09-29,"G381E",0,9.765,"Outflow"
"10453",2025-10-01,"G381E",25.449,10.052,"Outflow"
"10454",2025-10-01,"G381E",25.449,9.069,"Outflow"
"10455",2025-10-03,"G381E",30.027,10.175,"Outflow"
"10456",2025-10-03,"G381E",30.027,8.986,"Outflow"
"10457",2025-10-05,"G381E",57.895,10.146,"Outflow"
"10458",2025-10-05,"G381E",57.895,8.983,"Outflow"
"10459",2025-10-06,"G381E",57.896,10.115,"Outflow"
"10460",2025-10-06,"G381E",57.896,8.964,"Outflow"
"10461",2025-10-07,"G381E",54.722,9.995,"Outflow"
"10462",2025-10-07,"G381E",54.722,8.952,"Outflow"
"10463",2025-10-08,"G381E",54.385,9.861,"Outflow"
"10464",2025-10-08,"G381E",54.385,8.849,"Outflow"
"10465",2025-10-09,"G381E",25.595,9.883,"Outflow"
"10466",2025-10-09,"G381E",25.595,8.813,"Outflow"
"10467",2025-10-10,"G381E",14.919,10.123,"Outflow"
"10468",2025-10-10,"G381E",14.919,8.886,"Outflow"
"10469",2025-10-11,"G381E",43.04,9.89,"Outflow"
"10470",2025-10-11,"G381E",43.04,8.938,"Outflow"
"10471",2025-10-12,"G381E",50.479,9.974,"Outflow"
"10472",2025-10-12,"G381E",50.479,9.237,"Outflow"
"10473",2025-10-14,"G381E",125.849,10.051,"Outflow"
"10474",2025-10-14,"G381E",125.849,9.783,"Outflow"
"10475",2025-10-15,"G381E",111.862,9.912,"Outflow"
"10476",2025-10-15,"G381E",111.862,9.603,"Outflow"
"10477",2025-10-17,"G381E",82.518,9.808,"Outflow"
"10478",2025-10-17,"G381E",82.518,8.952,"Outflow"
"10479",2025-10-18,"G381E",47.96,9.909,"Outflow"
"10480",2025-10-18,"G381E",47.96,8.896,"Outflow"
"10481",2025-10-19,"G381E",29.772,10.116,"Outflow"
"10482",2025-10-19,"G381E",29.772,8.849,"Outflow"
"10483",2025-10-20,"G381E",13.644,9.832,"Outflow"
"10484",2025-10-20,"G381E",13.644,9.379,"Outflow"
"10485",2025-10-21,"G381E",21.382,10.053,"Outflow"
"10486",2025-10-21,"G381E",21.382,8.894,"Outflow"
"10487",2025-10-23,"G381E",45.384,9.867,"Outflow"
"10488",2025-10-23,"G381E",45.384,8.974,"Outflow"
"10489",2025-10-24,"G381E",5.815,9.96,"Outflow"
"10490",2025-10-24,"G381E",5.815,8.572,"Outflow"
"10491",2025-10-25,"G381E",0,10.062,"Outflow"
"10492",2025-10-25,"G381E",0,8.85,"Outflow"
"10493",2025-10-26,"G381E",0,10.072,"Outflow"
"10494",2025-10-26,"G381E",0,9.03,"Outflow"
"10495",2025-10-27,"G381E",0,10.074,"Outflow"
"10496",2025-10-27,"G381E",0,9.019,"Outflow"
"10497",2025-10-28,"G381E",0,10.069,"Outflow"
"10498",2025-10-28,"G381E",0,8.837,"Outflow"
"10499",2025-10-29,"G381E",0,10.057,"Outflow"
"10500",2025-10-29,"G381E",0,8.52,"Outflow"
"10501",2025-10-30,"G381E",0,10.044,"Outflow"
"10502",2025-10-30,"G381E",0,9.009,"Outflow"
"10503",2025-10-31,"G381E",0,10.034,"Outflow"
"10504",2025-10-31,"G381E",0,9.135,"Outflow"
"10505",2025-11-01,"G381E",0,10.019,"Outflow"
"10506",2025-11-01,"G381E",0,9.059,"Outflow"
"10507",2025-11-02,"G381E",0,10.01,"Outflow"
"10508",2025-11-02,"G381E",0,9.119,"Outflow"
"10509",2025-11-03,"G381E",0,10.002,"Outflow"
"10510",2025-11-03,"G381E",0,9.105,"Outflow"
"10511",2025-11-04,"G381E",0,9.989,"Outflow"
"10512",2025-11-04,"G381E",0,9.02,"Outflow"
"10513",2026-04-12,"G381F",154.85,NA,"Outflow"
"10514",2026-04-13,"G381F",150.364,NA,"Outflow"
"10515",2026-04-15,"G381F",84.778,NA,"Outflow"
"10516",2026-04-16,"G381F",66.74,NA,"Outflow"
"10517",2026-04-17,"G381F",26.783,NA,"Outflow"
"10518",2026-04-18,"G381F",3.023,NA,"Outflow"
"10519",2026-04-19,"G381F",1.347,NA,"Outflow"
"10520",2026-04-20,"G381F",0,NA,"Outflow"
"10521",2026-04-21,"G381F",0,NA,"Outflow"
"10522",2026-04-22,"G381F",0,NA,"Outflow"
"10523",2026-04-23,"G381F",0,NA,"Outflow"
"10524",2026-04-24,"G381F",4.811,NA,"Outflow"
"10525",2026-04-25,"G381F",25.602,NA,"Outflow"
"10526",2026-04-26,"G381F",67.885,NA,"Outflow"
"10527",2026-04-27,"G381F",45.592,NA,"Outflow"
"10528",2026-04-28,"G381F",36.712,NA,"Outflow"
"10529",2026-04-29,"G381F",27.609,NA,"Outflow"
"10530",2026-04-30,"G381F",30.978,NA,"Outflow"
"10531",2026-05-01,"G381F",0,NA,"Outflow"
"10532",2026-05-02,"G381F",0,NA,"Outflow"
"10533",2026-05-03,"G381F",0,NA,"Outflow"
"10534",2026-05-04,"G381F",0,NA,"Outflow"
"10535",2026-05-05,"G381F",0,NA,"Outflow"
"10536",2026-05-06,"G381F",0,NA,"Outflow"
"10537",2026-05-07,"G381F",0,NA,"Outflow"
"10538",2026-05-08,"G381F",0,NA,"Outflow"
"10539",2026-05-09,"G381F",0,NA,"Outflow"
"10540",2026-05-10,"G381F",0,NA,"Outflow"
"10541",2026-05-11,"G381F",0,NA,"Outflow"
"10542",2026-05-12,"G381F",0,NA,"Outflow"
"10543",2026-05-13,"G381F",0,NA,"Outflow"
"10544",2026-05-14,"G381F",0,NA,"Outflow"
"10545",2026-05-15,"G381F",0,NA,"Outflow"
"10546",2026-05-16,"G381F",0,NA,"Outflow"
"10547",2026-05-17,"G381F",0,NA,"Outflow"
"10548",2026-05-18,"G381F",0,NA,"Outflow"
"10549",2026-05-19,"G381F",0,NA,"Outflow"
"10550",2026-05-20,"G381F",0,NA,"Outflow"
"10551",2026-05-21,"G381F",0,NA,"Outflow"
"10552",2026-05-23,"G381F",0,NA,"Outflow"
"10553",2026-05-24,"G381F",0,NA,"Outflow"
"10554",2026-05-25,"G381F",0,NA,"Outflow"
"10555",2026-05-26,"G381F",0,NA,"Outflow"
"10556",2026-05-27,"G381F",0,NA,"Outflow"
"10557",2026-05-28,"G381F",0,NA,"Outflow"
"10558",2026-05-29,"G381F",0,NA,"Outflow"
"10559",2026-05-30,"G381F",0,NA,"Outflow"
"10560",2026-05-31,"G381F",0,NA,"Outflow"
"10561",2026-06-01,"G381F",0,NA,"Outflow"
"10562",2026-06-02,"G381F",0,NA,"Outflow"
"10563",2026-06-03,"G381F",0,NA,"Outflow"
"10564",2026-06-04,"G381F",0,NA,"Outflow"
"10565",2026-06-05,"G381F",0,NA,"Outflow"
"10566",2026-06-07,"G381F",0,NA,"Outflow"
"10567",2026-06-08,"G381F",0,NA,"Outflow"
"10568",2026-06-09,"G381F",0,NA,"Outflow"
"10569",2026-06-10,"G381F",0,NA,"Outflow"
"10570",2026-06-11,"G381F",0,NA,"Outflow"
"10571",2026-06-12,"G381F",0,NA,"Outflow"
"10572",2026-06-13,"G381F",0,NA,"Outflow"
"10573",2026-06-14,"G381F",0,NA,"Outflow"
"10574",2026-06-16,"G381F",0,NA,"Outflow"
"10575",2026-06-17,"G381F",2.159,NA,"Outflow"
"10576",2026-06-18,"G381F",0,NA,"Outflow"
"10577",2026-06-19,"G381F",0,NA,"Outflow"
"10578",2026-06-20,"G381F",0,NA,"Outflow"
"10579",2026-06-22,"G381F",0,NA,"Outflow"
"10580",2026-06-23,"G381F",0,NA,"Outflow"
"10581",2026-06-24,"G381F",0,NA,"Outflow"
"10582",2025-11-05,"G381E",0,9.977,"Outflow"
"10583",2025-11-05,"G381E",0,8.974,"Outflow"
"10584",2025-11-06,"G381E",0,9.967,"Outflow"
"10585",2025-11-06,"G381E",0,8.846,"Outflow"
"10586",2025-11-07,"G381E",0.003,9.956,"Outflow"
"10587",2025-11-07,"G381E",0.003,8.776,"Outflow"
"10588",2025-11-08,"G381E",0,9.943,"Outflow"
"10589",2025-11-08,"G381E",0,9.042,"Outflow"
"10590",2025-11-09,"G381E",0,9.929,"Outflow"
"10591",2025-11-09,"G381E",0,8.955,"Outflow"
"10592",2025-11-10,"G381E",0,9.916,"Outflow"
"10593",2025-11-10,"G381E",0,9.059,"Outflow"
"10594",2025-11-11,"G381E",0,9.897,"Outflow"
"10595",2025-11-11,"G381E",0,9.147,"Outflow"
"10596",2025-11-12,"G381E",0,9.882,"Outflow"
"10597",2025-11-12,"G381E",0,9.262,"Outflow"
"10598",2025-11-13,"G381E",0,9.874,"Outflow"
"10599",2025-11-13,"G381E",0,9.315,"Outflow"
"10600",2025-11-14,"G381E",0,9.884,"Outflow"
"10601",2025-11-14,"G381E",0,9.333,"Outflow"
"10602",2025-11-15,"G381E",0,9.918,"Outflow"
"10603",2025-11-15,"G381E",0,9.358,"Outflow"
"10604",2025-11-16,"G381E",0,9.957,"Outflow"
"10605",2025-11-16,"G381E",0,9.38,"Outflow"
"10606",2025-11-17,"G381E",0,9.998,"Outflow"
"10607",2025-11-17,"G381E",0,9.388,"Outflow"
"10608",2025-11-18,"G381E",0,10.038,"Outflow"
"10609",2025-11-18,"G381E",0,9.403,"Outflow"
"10610",2025-11-19,"G381E",0,10.084,"Outflow"
"10611",2025-11-19,"G381E",0,9.428,"Outflow"
"10612",2025-11-20,"G381E",0,10.105,"Outflow"
"10613",2025-11-20,"G381E",0,9.534,"Outflow"
"10614",2025-11-21,"G381E",0,10.108,"Outflow"
"10615",2025-11-21,"G381E",0,9.582,"Outflow"
"10616",2025-11-22,"G381E",0,10.101,"Outflow"
"10617",2025-11-22,"G381E",0,9.602,"Outflow"
"10618",2025-11-23,"G381E",0,10.093,"Outflow"
"10619",2025-11-23,"G381E",0,9.619,"Outflow"
"10620",2025-11-24,"G381E",0,10.086,"Outflow"
"10621",2025-11-24,"G381E",0,9.625,"Outflow"
"10622",2025-11-25,"G381E",0,10.077,"Outflow"
"10623",2025-11-25,"G381E",0,9.632,"Outflow"
"10624",2025-11-26,"G381E",0,10.085,"Outflow"
"10625",2025-11-26,"G381E",0,9.664,"Outflow"
"10626",2025-11-27,"G381E",0,10.145,"Outflow"
"10627",2025-11-27,"G381E",0,9.746,"Outflow"
"10628",2025-11-28,"G381E",0,10.151,"Outflow"
"10629",2025-11-28,"G381E",0,9.758,"Outflow"
"10630",2025-11-29,"G381E",0,10.145,"Outflow"
"10631",2025-11-29,"G381E",0,9.764,"Outflow"
"10632",2025-11-30,"G381E",0,10.141,"Outflow"
"10633",2025-11-30,"G381E",0,9.777,"Outflow"
"10634",2025-12-01,"G381E",0,10.145,"Outflow"
"10635",2025-12-01,"G381E",0,9.809,"Outflow"
"10636",2025-12-03,"G381E",0,10.134,"Outflow"
"10637",2025-12-03,"G381E",0,9.728,"Outflow"
"10638",2025-12-04,"G381E",0,10.127,"Outflow"
"10639",2025-12-04,"G381E",0,9.811,"Outflow"
"10640",2025-12-05,"G381E",0,10.12,"Outflow"
"10641",2025-12-05,"G381E",0,9.805,"Outflow"
"10642",2025-12-06,"G381E",0,10.112,"Outflow"
"10643",2025-12-06,"G381E",0,9.801,"Outflow"
"10644",2025-12-07,"G381E",0,10.104,"Outflow"
"10645",2025-12-07,"G381E",0,9.906,"Outflow"
"10646",2025-12-08,"G381E",0,10.113,"Outflow"
"10647",2025-12-08,"G381E",0,10.051,"Outflow"
"10648",2025-12-09,"G381E",0,10.113,"Outflow"
"10649",2025-12-09,"G381E",0,10.01,"Outflow"
"10650",2025-12-10,"G381E",0,10.104,"Outflow"
"10651",2025-12-10,"G381E",0,9.961,"Outflow"
"10652",2025-12-12,"G381E",0,10.088,"Outflow"
"10653",2025-12-12,"G381E",0,9.989,"Outflow"
"10654",2025-12-13,"G381E",0,10.083,"Outflow"
"10655",2025-12-13,"G381E",0,10.045,"Outflow"
"10656",2025-12-14,"G381E",0,10.075,"Outflow"
"10657",2025-12-14,"G381E",0,9.992,"Outflow"
"10658",2025-12-15,"G381E",0,10.078,"Outflow"
"10659",2025-12-15,"G381E",0,9.929,"Outflow"
"10660",2025-12-16,"G381E",0,10.065,"Outflow"
"10661",2025-12-16,"G381E",0,9.882,"Outflow"
"10662",2025-12-17,"G381E",0,10.056,"Outflow"
"10663",2025-12-17,"G381E",0,9.81,"Outflow"
"10664",2025-12-18,"G381E",0,10.046,"Outflow"
"10665",2025-12-18,"G381E",0,9.75,"Outflow"
"10666",2025-12-19,"G381E",0,10.038,"Outflow"
"10667",2025-12-19,"G381E",0,9.722,"Outflow"
"10668",2025-12-20,"G381E",0,10.029,"Outflow"
"10669",2025-12-20,"G381E",0,9.692,"Outflow"
"10670",2025-12-21,"G381E",0,10.02,"Outflow"
"10671",2025-12-21,"G381E",0,9.661,"Outflow"
"10672",2025-12-22,"G381E",0,10.015,"Outflow"
"10673",2025-12-22,"G381E",0,9.644,"Outflow"
"10674",2025-12-24,"G381E",0,9.994,"Outflow"
"10675",2025-12-24,"G381E",0,9.695,"Outflow"
"10676",2025-12-25,"G381E",0,9.982,"Outflow"
"10677",2025-12-25,"G381E",0,9.707,"Outflow"
"10678",2025-12-26,"G381E",0,9.974,"Outflow"
"10679",2025-12-26,"G381E",0,9.713,"Outflow"
"10680",2025-12-27,"G381E",0,9.965,"Outflow"
"10681",2025-12-27,"G381E",0,9.713,"Outflow"
"10682",2025-12-28,"G381E",0,9.955,"Outflow"
"10683",2025-12-28,"G381E",0,9.712,"Outflow"
"10684",2025-12-29,"G381E",0,9.941,"Outflow"
"10685",2025-12-29,"G381E",0,9.71,"Outflow"
"10686",2025-12-30,"G381E",0,9.932,"Outflow"
"10687",2025-12-30,"G381E",0,9.7,"Outflow"
"10688",2025-12-31,"G381E",0,9.917,"Outflow"
"10689",2025-12-31,"G381E",0,9.682,"Outflow"
"10690",2025-01-05,"G381E",0,10.073,"Outflow"
"10691",2025-01-05,"G381E",0,9.734,"Outflow"
"10692",2025-01-07,"G381E",0,10.068,"Outflow"
"10693",2025-01-07,"G381E",0,9.653,"Outflow"
"10694",2025-01-09,"G381E",0,10.05,"Outflow"
"10695",2025-01-09,"G381E",0,9.539,"Outflow"
"10696",2025-01-15,"G381E",30.213,9.919,"Outflow"
"10697",2025-01-15,"G381E",30.213,9.763,"Outflow"
"10698",2025-01-17,"G381E",25.332,9.939,"Outflow"
"10699",2025-01-17,"G381E",25.332,9.829,"Outflow"
"10700",2025-01-26,"G381E",25.407,10.129,"Outflow"
"10701",2025-01-26,"G381E",25.407,9.977,"Outflow"
"10702",2025-01-27,"G381E",20.754,10.107,"Outflow"
"10703",2025-01-27,"G381E",20.754,9.965,"Outflow"
"10704",2025-02-01,"G381E",27.835,10.108,"Outflow"
"10705",2025-02-01,"G381E",27.835,9.978,"Outflow"
"10706",2025-02-13,"G381E",20.667,10.347,"Outflow"
"10707",2025-02-13,"G381E",20.667,10.149,"Outflow"
"10708",2025-02-19,"G381E",28.635,10.371,"Outflow"
"10709",2025-02-19,"G381E",28.635,10.17,"Outflow"
"10710",2025-03-24,"G381E",25.53,9.841,"Outflow"
"10711",2025-03-24,"G381E",25.53,9.56,"Outflow"
"10712",2025-05-03,"G381E",0,9.545,"Outflow"
"10713",2025-05-03,"G381E",0,9.616,"Outflow"
"10714",2025-05-17,"G381E",0,10.518,"Outflow"
"10715",2025-05-17,"G381E",0,8.912,"Outflow"
"10716",2025-05-26,"G381E",0,10.345,"Outflow"
"10717",2025-05-26,"G381E",0,9.472,"Outflow"
"10718",2025-06-09,"G381E",13.049,9.97,"Outflow"
"10719",2025-06-09,"G381E",13.049,9.617,"Outflow"
"10720",2025-06-11,"G381E",0,10.05,"Outflow"
"10721",2025-06-11,"G381E",0,9.281,"Outflow"
"10722",2026-06-25,"G381F",0,NA,"Outflow"
"10723",2026-06-26,"G381F",0,NA,"Outflow"
"10724",2026-06-27,"G381F",0,NA,"Outflow"
"10725",2026-06-28,"G381F",0,NA,"Outflow"
"10726",2026-06-29,"G381F",0,NA,"Outflow"
"10727",2026-06-30,"G381F",0,NA,"Outflow"
"10728",2026-07-01,"G381F",0,NA,"Outflow"
"10729",2026-07-02,"G381F",0,NA,"Outflow"
"10730",2026-07-03,"G381F",0,NA,"Outflow"
"10731",2026-07-04,"G381F",0,NA,"Outflow"
"10732",2026-07-05,"G381F",0,NA,"Outflow"
"10733",2026-07-06,"G381F",0,NA,"Outflow"
"10734",2026-07-07,"G381F",0,NA,"Outflow"
"10735",2026-07-08,"G381F",0,NA,"Outflow"
"10736",2026-07-09,"G381F",0,NA,"Outflow"
"10737",2026-07-10,"G381F",0,NA,"Outflow"
"10738",2026-07-11,"G381F",0,NA,"Outflow"
"10739",2026-07-12,"G381F",0,NA,"Outflow"
"10740",2026-07-13,"G381F",0,NA,"Outflow"
"10741",2026-07-15,"G381F",0,NA,"Outflow"
"10742",2026-07-16,"G381F",0,NA,"Outflow"
"10743",2026-07-17,"G381F",0,NA,"Outflow"
"10744",2026-07-18,"G381F",0,NA,"Outflow"
"10745",2026-07-19,"G381F",0,NA,"Outflow"
"10746",2026-07-20,"G381F",0,NA,"Outflow"
"10747",2026-07-21,"G381F",0,NA,"Outflow"
"10748",2026-07-22,"G381F",0,NA,"Outflow"
"10749",2026-07-23,"G381F",28.918,NA,"Outflow"
"10750",2026-07-25,"G381F",21.417,NA,"Outflow"
"10751",2026-07-26,"G381F",20.969,NA,"Outflow"
"10752",2026-07-27,"G381F",20.063,NA,"Outflow"
"10753",2026-07-28,"G381F",18.51,NA,"Outflow"
"10754",2026-07-29,"G381F",17.883,NA,"Outflow"
"10755",2026-07-30,"G381F",16.519,NA,"Outflow"
"10756",2026-07-31,"G381F",14.571,NA,"Outflow"
"10757",2026-08-01,"G381F",12.723,NA,"Outflow"
"10758",2026-08-02,"G381F",11.749,NA,"Outflow"
"10759",2026-08-03,"G381F",12.006,NA,"Outflow"
"10760",2026-08-04,"G381F",7.593,NA,"Outflow"
"10761",2026-08-05,"G381F",9.381,NA,"Outflow"
"10762",2026-08-06,"G381F",66.848,NA,"Outflow"
"10763",2026-08-07,"G381F",98.747,NA,"Outflow"
"10764",2026-08-08,"G381F",98.651,NA,"Outflow"
"10765",2026-08-09,"G381F",62.743,NA,"Outflow"
"10766",2026-08-10,"G381F",39.928,NA,"Outflow"
"10767",2026-08-11,"G381F",38.313,NA,"Outflow"
"10768",2026-08-13,"G381F",63.37,NA,"Outflow"
"10769",2026-08-14,"G381F",62.275,NA,"Outflow"
"10770",2026-08-15,"G381F",62.752,NA,"Outflow"
"10771",2026-08-16,"G381F",NA,NA,"Outflow"
"10772",2026-08-17,"G381F",18.619,NA,"Outflow"
"10773",2026-08-18,"G381F",24.068,NA,"Outflow"
"10774",2026-08-19,"G381F",40.925,NA,"Outflow"
"10775",2026-08-20,"G381F",19.07,NA,"Outflow"
"10776",2026-08-21,"G381F",5.35,NA,"Outflow"
"10777",2026-08-22,"G381F",0,NA,"Outflow"
"10778",2026-08-23,"G381F",0,NA,"Outflow"
"10779",2026-08-24,"G381F",0,NA,"Outflow"
"10780",2026-08-25,"G381F",5.793,NA,"Outflow"
"10781",2026-08-26,"G381F",0,NA,"Outflow"
"10782",2026-08-27,"G381F",0,NA,"Outflow"
"10783",2026-08-28,"G381F",5.616,NA,"Outflow"
"10784",2026-08-29,"G381F",80.091,NA,"Outflow"
"10785",2026-08-30,"G381F",58.965,NA,"Outflow"
"10786",2026-08-31,"G381F",50.698,NA,"Outflow"
"10787",2026-09-01,"G381F",51.569,NA,"Outflow"
"10788",2026-09-02,"G381F",64.407,NA,"Outflow"
"10789",2026-09-03,"G381F",22.451,NA,"Outflow"
"10790",2026-09-04,"G381F",62.891,NA,"Outflow"
"10791",2026-09-05,"G381F",106.689,NA,"Outflow"
"10792",2025-06-20,"G381E",0,10.118,"Outflow"
"10793",2025-06-20,"G381E",0,9.62,"Outflow"
"10794",2025-07-02,"G381E",24.086,9.982,"Outflow"
"10795",2025-07-02,"G381E",24.086,9.309,"Outflow"
"10796",2025-07-05,"G381E",75.804,9.708,"Outflow"
"10797",2025-07-05,"G381E",75.804,9.023,"Outflow"
"10798",2025-07-06,"G381E",86.693,9.672,"Outflow"
"10799",2025-07-06,"G381E",86.693,9.307,"Outflow"
"10800",2025-07-07,"G381E",73.611,9.715,"Outflow"
"10801",2025-07-07,"G381E",73.611,9.198,"Outflow"
"10802",2025-07-10,"G381E",1.95,9.982,"Outflow"
"10803",2025-07-10,"G381E",1.95,9.914,"Outflow"
"10804",2025-07-11,"G381E",0,10.135,"Outflow"
"10805",2025-07-11,"G381E",0,10.153,"Outflow"
"10806",2025-07-12,"G381E",0,10.219,"Outflow"
"10807",2025-07-12,"G381E",0,10.036,"Outflow"
"10808",2025-07-15,"G381E",59.519,9.4,"Outflow"
"10809",2025-07-15,"G381E",59.519,9.271,"Outflow"
"10810",2025-08-04,"G381E",14.29,9.959,"Outflow"
"10811",2025-08-04,"G381E",14.29,9.211,"Outflow"
"10812",2025-08-05,"G381E",13.785,9.948,"Outflow"
"10813",2025-08-05,"G381E",13.785,9.254,"Outflow"
"10814",2025-08-13,"G381E",0,9.79,"Outflow"
"10815",2025-08-13,"G381E",0,9.134,"Outflow"
"10816",2025-08-19,"G381E",0,9.792,"Outflow"
"10817",2025-08-19,"G381E",0,9.353,"Outflow"
"10818",2025-08-31,"G381E",0,10.052,"Outflow"
"10819",2025-08-31,"G381E",0,9.492,"Outflow"
"10820",2025-09-03,"G381E",104.485,10.062,"Outflow"
"10821",2025-09-03,"G381E",104.485,9.951,"Outflow"
"10822",2025-09-13,"G381E",116.694,10.406,"Outflow"
"10823",2025-09-13,"G381E",116.694,10.305,"Outflow"
"10824",2025-09-16,"G381E",99.725,10.019,"Outflow"
"10825",2025-09-16,"G381E",99.725,9.597,"Outflow"
"10826",2025-09-18,"G381E",94.882,10,"Outflow"
"10827",2025-09-18,"G381E",94.882,9.589,"Outflow"
"10828",2025-09-19,"G381E",86.071,9.862,"Outflow"
"10829",2025-09-19,"G381E",86.071,9.523,"Outflow"
"10830",2025-09-30,"G381E",13.999,9.863,"Outflow"
"10831",2025-09-30,"G381E",13.999,9.324,"Outflow"
"10832",2025-10-02,"G381E",28.659,9.923,"Outflow"
"10833",2025-10-02,"G381E",28.659,8.882,"Outflow"
"10834",2025-10-04,"G381E",65.871,9.954,"Outflow"
"10835",2025-10-04,"G381E",65.871,9.013,"Outflow"
"10836",2025-10-13,"G381E",133.196,10.107,"Outflow"
"10837",2025-10-13,"G381E",133.196,9.894,"Outflow"
"10838",2025-10-16,"G381E",103.838,9.91,"Outflow"
"10839",2025-10-16,"G381E",103.838,9.15,"Outflow"
"10840",2025-10-22,"G381E",48.077,9.942,"Outflow"
"10841",2025-10-22,"G381E",48.077,8.936,"Outflow"
"10842",2025-12-02,"G381E",0,10.137,"Outflow"
"10843",2025-12-02,"G381E",0,9.735,"Outflow"
"10844",2025-12-11,"G381E",0,10.096,"Outflow"
"10845",2025-12-11,"G381E",0,9.925,"Outflow"
"10846",2025-12-23,"G381E",0,10.006,"Outflow"
"10847",2025-12-23,"G381E",0,9.672,"Outflow"
"10848",2025-01-01,"G381F",31.722,NA,"Outflow"
"10849",2025-01-02,"G381F",28.938,NA,"Outflow"
"10850",2025-01-03,"G381F",16.324,NA,"Outflow"
"10851",2025-01-04,"G381F",0,NA,"Outflow"
"10852",2025-01-05,"G381F",0,NA,"Outflow"
"10853",2025-01-06,"G381F",0,NA,"Outflow"
"10854",2025-01-07,"G381F",0,NA,"Outflow"
"10855",2025-01-08,"G381F",0,NA,"Outflow"
"10856",2025-01-09,"G381F",0,NA,"Outflow"
"10857",2025-01-10,"G381F",0,NA,"Outflow"
"10858",2025-01-11,"G381F",0,NA,"Outflow"
"10859",2025-01-12,"G381F",25.694,NA,"Outflow"
"10860",2025-01-13,"G381F",33.162,NA,"Outflow"
"10861",2025-01-14,"G381F",33.478,NA,"Outflow"
"10862",2025-01-15,"G381F",30.184,NA,"Outflow"
"10863",2025-01-16,"G381F",28.404,NA,"Outflow"
"10864",2025-01-17,"G381F",25.298,NA,"Outflow"
"10865",2025-01-18,"G381F",25.99,NA,"Outflow"
"10866",2025-01-19,"G381F",9.302,NA,"Outflow"
"10867",2025-01-20,"G381F",27.522,NA,"Outflow"
"10868",2025-01-21,"G381F",23.436,NA,"Outflow"
"10869",2025-01-22,"G381F",28.064,NA,"Outflow"
"10870",2025-01-23,"G381F",39.832,NA,"Outflow"
"10871",2025-01-24,"G381F",36.587,NA,"Outflow"
"10872",2025-01-25,"G381F",20.273,NA,"Outflow"
"10873",2025-01-26,"G381F",25.349,NA,"Outflow"
"10874",2025-01-27,"G381F",20.765,NA,"Outflow"
"10875",2025-01-29,"G381F",30.323,NA,"Outflow"
"10876",2025-01-30,"G381F",28.036,NA,"Outflow"
"10877",2025-01-31,"G381F",28.892,NA,"Outflow"
"10878",2025-02-01,"G381F",28.216,NA,"Outflow"
"10879",2025-02-02,"G381F",28.589,NA,"Outflow"
"10880",2025-02-03,"G381F",23.633,NA,"Outflow"
"10881",2025-02-04,"G381F",12.656,NA,"Outflow"
"10882",2025-02-05,"G381F",26.755,NA,"Outflow"
"10883",2025-02-06,"G381F",21.824,NA,"Outflow"
"10884",2025-02-07,"G381F",31.928,NA,"Outflow"
"10885",2025-02-08,"G381F",27.783,NA,"Outflow"
"10886",2025-02-09,"G381F",7.811,NA,"Outflow"
"10887",2025-02-10,"G381F",33.101,NA,"Outflow"
"10888",2025-02-11,"G381F",32.339,NA,"Outflow"
"10889",2026-09-06,"G381F",100.243,NA,"Outflow"
"10890",2026-09-07,"G381F",111.914,NA,"Outflow"
"10891",2026-09-08,"G381F",122.132,NA,"Outflow"
"10892",2026-09-09,"G381F",116.886,NA,"Outflow"
"10893",2026-09-10,"G381F",117.38,NA,"Outflow"
"10894",2026-09-11,"G381F",118.648,NA,"Outflow"
"10895",2026-09-12,"G381F",115.974,NA,"Outflow"
"10896",2026-09-13,"G381F",118.763,NA,"Outflow"
"10897",2026-09-14,"G381F",117.399,NA,"Outflow"
"10898",2026-09-15,"G381F",103.93,NA,"Outflow"
"10899",2026-09-16,"G381F",99.167,NA,"Outflow"
"10900",2026-09-17,"G381F",94.609,NA,"Outflow"
"10901",2026-09-18,"G381F",94.215,NA,"Outflow"
"10902",2026-09-19,"G381F",94.45,NA,"Outflow"
"10903",2026-09-20,"G381F",101.902,NA,"Outflow"
"10904",2026-09-21,"G381F",102.208,NA,"Outflow"
"10905",2026-09-22,"G381F",97.181,NA,"Outflow"
"10906",2026-09-23,"G381F",113.628,NA,"Outflow"
"10907",2026-09-24,"G381F",136.997,NA,"Outflow"
"10908",2026-09-25,"G381F",148.487,NA,"Outflow"
"10909",2026-09-26,"G381F",136.901,NA,"Outflow"
"10910",2026-09-27,"G381F",105.587,NA,"Outflow"
"10911",2026-09-28,"G381F",90.775,NA,"Outflow"
"10912",2026-09-29,"G381F",97.412,NA,"Outflow"
"10913",2026-09-30,"G381F",78.51,NA,"Outflow"
"10914",2026-10-01,"G381F",75.182,NA,"Outflow"
"10915",2026-10-02,"G381F",75.969,NA,"Outflow"
"10916",2026-10-03,"G381F",73.406,NA,"Outflow"
"10917",2026-10-04,"G381F",63.803,NA,"Outflow"
"10918",2026-10-05,"G381F",43.332,NA,"Outflow"
"10919",2026-08-12,"G381F",45.57,NA,"Outflow"
"10920",2026-01-14,"G381F",0.474,NA,"Outflow"
"10921",2026-01-16,"G381F",0,NA,"Outflow"
"10922",2026-01-17,"G381F",0,NA,"Outflow"
"10923",2026-01-20,"G381F",0.009,NA,"Outflow"
"10924",2026-01-22,"G381F",7.089,NA,"Outflow"
"10925",2026-01-26,"G381F",7.948,NA,"Outflow"
"10926",2026-02-07,"G381F",29.324,NA,"Outflow"
"10927",2026-02-15,"G381F",41.588,NA,"Outflow"
"10928",2026-02-21,"G381F",46.413,NA,"Outflow"
"10929",2026-03-04,"G381F",0,NA,"Outflow"
"10930",2026-03-09,"G381F",42.381,NA,"Outflow"
"10931",2026-03-10,"G381F",16.196,NA,"Outflow"
"10932",2026-03-23,"G381F",0,NA,"Outflow"
"10933",2026-04-05,"G381F",23.854,NA,"Outflow"
"10934",2026-04-14,"G381F",107.782,NA,"Outflow"
"10935",2026-05-22,"G381F",0,NA,"Outflow"
"10936",2026-06-06,"G381F",0,NA,"Outflow"
"10937",2026-06-15,"G381F",0,NA,"Outflow"
"10938",2026-06-21,"G381F",0,NA,"Outflow"
"10939",2026-07-14,"G381F",0,NA,"Outflow"
"10940",2026-07-24,"G381F",20.785,NA,"Outflow"
"10941",2024-11-01,"G384A",9.801,NA,"Midflow"
"10942",2024-11-02,"G384A",3.738,NA,"Midflow"
"10943",2024-11-03,"G384A",-6.217,NA,"Midflow"
"10944",2024-11-04,"G384A",14.162,NA,"Midflow"
"10945",2024-11-05,"G384A",12.439,NA,"Midflow"
"10946",2024-11-07,"G384A",61.324,NA,"Midflow"
"10947",2024-11-08,"G384A",204.121,NA,"Midflow"
"10948",2024-11-13,"G384A",5.171,NA,"Midflow"
"10949",2024-11-06,"G384A",-5.597,NA,"Midflow"
"10950",2024-11-09,"G384A",28.857,NA,"Midflow"
"10951",2024-11-10,"G384A",-12.612,NA,"Midflow"
"10952",2024-11-11,"G384A",-21.451,NA,"Midflow"
"10953",2024-11-12,"G384A",3.785,NA,"Midflow"
"10954",2024-11-14,"G384A",6.97,NA,"Midflow"
"10955",2024-11-15,"G384A",-7.51,NA,"Midflow"
"10956",2025-02-12,"G381F",13.289,NA,"Outflow"
"10957",2025-02-13,"G381F",20.783,NA,"Outflow"
"10958",2025-02-14,"G381F",27.948,NA,"Outflow"
"10959",2025-02-15,"G381F",21.919,NA,"Outflow"
"10960",2025-02-16,"G381F",23.554,NA,"Outflow"
"10961",2025-02-17,"G381F",28.668,NA,"Outflow"
"10962",2025-02-18,"G381F",15.044,NA,"Outflow"
"10963",2025-02-19,"G381F",29.425,NA,"Outflow"
"10964",2025-02-20,"G381F",42.814,NA,"Outflow"
"10965",2025-02-21,"G381F",29.282,NA,"Outflow"
"10966",2025-02-23,"G381F",29.841,NA,"Outflow"
"10967",2025-02-24,"G381F",29.235,NA,"Outflow"
"10968",2025-02-25,"G381F",29.912,NA,"Outflow"
"10969",2025-02-26,"G381F",23.134,NA,"Outflow"
"10970",2025-02-27,"G381F",16.825,NA,"Outflow"
"10971",2025-02-28,"G381F",24.287,NA,"Outflow"
"10972",2025-03-01,"G381F",18.299,NA,"Outflow"
"10973",2025-03-02,"G381F",25.285,NA,"Outflow"
"10974",2025-03-03,"G381F",23.442,NA,"Outflow"
"10975",2025-03-04,"G381F",17.489,NA,"Outflow"
"10976",2025-03-05,"G381F",21.307,NA,"Outflow"
"10977",2025-03-06,"G381F",23.185,NA,"Outflow"
"10978",2025-03-07,"G381F",23.584,NA,"Outflow"
"10979",2025-03-08,"G381F",21.592,NA,"Outflow"
"10980",2025-03-09,"G381F",21.299,NA,"Outflow"
"10981",2025-03-10,"G381F",23.338,NA,"Outflow"
"10982",2025-03-11,"G381F",25.01,NA,"Outflow"
"10983",2025-03-12,"G381F",26.06,NA,"Outflow"
"10984",2025-03-13,"G381F",27.71,NA,"Outflow"
"10985",2025-03-14,"G381F",27.202,NA,"Outflow"
"10986",2025-03-15,"G381F",24.904,NA,"Outflow"
"10987",2025-03-16,"G381F",24.483,NA,"Outflow"
"10988",2025-03-17,"G381F",26.983,NA,"Outflow"
"10989",2025-03-18,"G381F",27.848,NA,"Outflow"
"10990",2025-03-19,"G381F",27.575,NA,"Outflow"
"10991",2025-03-22,"G381F",24.786,NA,"Outflow"
"10992",2025-03-24,"G381F",25.571,NA,"Outflow"
"10993",2025-03-25,"G381F",25.854,NA,"Outflow"
"10994",2025-03-26,"G381F",26.608,NA,"Outflow"
"10995",2025-03-27,"G381F",26.203,NA,"Outflow"
"10996",2025-03-28,"G381F",26.13,NA,"Outflow"
"10997",2025-03-29,"G381F",21.32,NA,"Outflow"
"10998",2025-03-30,"G381F",19.864,NA,"Outflow"
"10999",2025-04-01,"G381F",29.176,NA,"Outflow"
"11000",2025-04-02,"G381F",28.479,NA,"Outflow"
"11001",2025-04-03,"G381F",27.767,NA,"Outflow"
"11002",2025-04-04,"G381F",27.829,NA,"Outflow"
"11003",2025-04-05,"G381F",17.061,NA,"Outflow"
"11004",2025-04-06,"G381F",0,NA,"Outflow"
"11005",2025-04-07,"G381F",0,NA,"Outflow"
"11006",2025-04-08,"G381F",0,NA,"Outflow"
"11007",2025-04-09,"G381F",0,NA,"Outflow"
"11008",2025-04-10,"G381F",0,NA,"Outflow"
"11009",2025-04-11,"G381F",0,NA,"Outflow"
"11010",2025-04-12,"G381F",0,NA,"Outflow"
"11011",2025-04-13,"G381F",0,NA,"Outflow"
"11012",2025-04-14,"G381F",0,NA,"Outflow"
"11013",2025-04-16,"G381F",0,NA,"Outflow"
"11014",2025-04-17,"G381F",0,NA,"Outflow"
"11015",2025-04-18,"G381F",0,NA,"Outflow"
"11016",2025-04-19,"G381F",0,NA,"Outflow"
"11017",2025-04-20,"G381F",0,NA,"Outflow"
"11018",2025-04-21,"G381F",0,NA,"Outflow"
"11019",2025-04-22,"G381F",0,NA,"Outflow"
"11020",2025-04-23,"G381F",0,NA,"Outflow"
"11021",2025-04-25,"G381F",0,NA,"Outflow"
"11022",2025-04-26,"G381F",0,NA,"Outflow"
"11023",2025-04-27,"G381F",0,NA,"Outflow"
"11024",2025-04-28,"G381F",0,NA,"Outflow"
"11025",2024-11-17,"G384A",6.276,NA,"Midflow"
"11026",2024-11-18,"G384A",-5.506,NA,"Midflow"
"11027",2024-11-19,"G384A",-1.064,NA,"Midflow"
"11028",2024-11-20,"G384A",6.92,NA,"Midflow"
"11029",2024-11-21,"G384A",4.005,NA,"Midflow"
"11030",2024-11-22,"G384A",11.458,NA,"Midflow"
"11031",2024-11-23,"G384A",29.075,NA,"Midflow"
"11032",2024-11-25,"G384A",8.302,NA,"Midflow"
"11033",2024-11-26,"G384A",3.398,NA,"Midflow"
"11034",2024-11-27,"G384A",7.441,NA,"Midflow"
"11035",2024-11-28,"G384A",2.618,NA,"Midflow"
"11036",2024-11-29,"G384A",3.353,NA,"Midflow"
"11037",2024-11-30,"G384A",17.75,NA,"Midflow"
"11038",2024-12-01,"G384A",4.15,NA,"Midflow"
"11039",2024-12-02,"G384A",2.752,NA,"Midflow"
"11040",2024-12-03,"G384A",-1.027,NA,"Midflow"
"11041",2024-12-04,"G384A",6.099,NA,"Midflow"
"11042",2024-12-05,"G384A",-8.701,NA,"Midflow"
"11043",2024-12-06,"G384A",9.02,NA,"Midflow"
"11044",2024-12-07,"G384A",-1.681,NA,"Midflow"
"11045",2024-12-08,"G384A",-7.3,NA,"Midflow"
"11046",2024-12-09,"G384A",-11.441,NA,"Midflow"
"11047",2024-12-11,"G384A",-9.96,NA,"Midflow"
"11048",2024-12-12,"G384A",-3.485,NA,"Midflow"
"11049",2024-12-14,"G384A",15.935,NA,"Midflow"
"11050",2024-12-15,"G384A",39.274,NA,"Midflow"
"11051",2024-12-16,"G384A",22.591,NA,"Midflow"
"11052",2024-12-17,"G384A",19.954,NA,"Midflow"
"11053",2024-12-18,"G384A",20.107,NA,"Midflow"
"11054",2024-12-20,"G384A",26.607,NA,"Midflow"
"11055",2024-12-21,"G384A",20.618,NA,"Midflow"
"11056",2024-12-22,"G384A",31.908,NA,"Midflow"
"11057",2024-12-23,"G384A",23.512,NA,"Midflow"
"11058",2024-12-24,"G384A",29.307,NA,"Midflow"
"11059",2024-12-25,"G384A",11.178,NA,"Midflow"
"11060",2024-12-26,"G384A",-8.465,NA,"Midflow"
"11061",2024-12-28,"G384A",43.52,NA,"Midflow"
"11062",2024-12-29,"G384A",38.462,NA,"Midflow"
"11063",2024-12-30,"G384A",12.87,NA,"Midflow"
"11064",2024-12-31,"G384A",10.904,NA,"Midflow"
"11065",2024-12-27,"G384A",24.532,NA,"Midflow"
"11066",2024-11-16,"G384A",0.458,NA,"Midflow"
"11067",2024-11-24,"G384A",22.607,NA,"Midflow"
"11068",2024-12-10,"G384A",-18.367,NA,"Midflow"
"11069",2024-12-13,"G384A",7.782,NA,"Midflow"
"11070",2024-12-19,"G384A",13.947,NA,"Midflow"
"11071",2026-01-01,"G384A",9.681,NA,"Midflow"
"11072",2026-01-02,"G384A",9.531,NA,"Midflow"
"11073",2026-01-03,"G384A",-1.448,NA,"Midflow"
"11074",2026-01-04,"G384A",-8.758,NA,"Midflow"
"11075",2026-01-05,"G384A",-13.662,NA,"Midflow"
"11076",2026-01-06,"G384A",-7.121,NA,"Midflow"
"11077",2026-01-07,"G384A",-4.2,NA,"Midflow"
"11078",2026-01-08,"G384A",-9.893,NA,"Midflow"
"11079",2026-01-09,"G384A",5.101,NA,"Midflow"
"11080",2026-01-10,"G384A",1.274,NA,"Midflow"
"11081",2026-01-11,"G384A",14.424,NA,"Midflow"
"11082",2026-01-12,"G384A",21.569,NA,"Midflow"
"11083",2026-01-13,"G384A",20.035,NA,"Midflow"
"11084",2026-01-14,"G384A",7.179,NA,"Midflow"
"11085",2026-01-15,"G384A",33.953,NA,"Midflow"
"11086",2026-01-16,"G384A",39.364,NA,"Midflow"
"11087",2026-01-17,"G384A",23.242,NA,"Midflow"
"11088",2025-04-29,"G381F",0,NA,"Outflow"
"11089",2025-04-30,"G381F",0,NA,"Outflow"
"11090",2025-05-02,"G381F",0,NA,"Outflow"
"11091",2025-05-03,"G381F",0,NA,"Outflow"
"11092",2025-05-04,"G381F",0,NA,"Outflow"
"11093",2025-05-05,"G381F",0,NA,"Outflow"
"11094",2025-05-06,"G381F",0,NA,"Outflow"
"11095",2025-05-07,"G381F",0,NA,"Outflow"
"11096",2025-05-08,"G381F",0,NA,"Outflow"
"11097",2025-05-09,"G381F",0,NA,"Outflow"
"11098",2025-05-10,"G381F",0,NA,"Outflow"
"11099",2025-05-11,"G381F",0,NA,"Outflow"
"11100",2025-05-12,"G381F",0,NA,"Outflow"
"11101",2025-05-13,"G381F",0,NA,"Outflow"
"11102",2025-05-14,"G381F",0,NA,"Outflow"
"11103",2025-05-15,"G381F",0,NA,"Outflow"
"11104",2025-05-16,"G381F",0,NA,"Outflow"
"11105",2025-05-17,"G381F",0,NA,"Outflow"
"11106",2025-05-18,"G381F",0,NA,"Outflow"
"11107",2025-05-19,"G381F",0,NA,"Outflow"
"11108",2025-05-20,"G381F",0,NA,"Outflow"
"11109",2025-05-21,"G381F",0,NA,"Outflow"
"11110",2025-05-22,"G381F",0,NA,"Outflow"
"11111",2025-05-23,"G381F",0,NA,"Outflow"
"11112",2025-05-24,"G381F",0,NA,"Outflow"
"11113",2025-05-25,"G381F",0,NA,"Outflow"
"11114",2025-05-26,"G381F",0,NA,"Outflow"
"11115",2025-05-27,"G381F",0,NA,"Outflow"
"11116",2025-05-28,"G381F",0,NA,"Outflow"
"11117",2025-05-29,"G381F",29.635,NA,"Outflow"
"11118",2025-05-30,"G381F",0.471,NA,"Outflow"
"11119",2025-05-31,"G381F",0,NA,"Outflow"
"11120",2025-06-02,"G381F",17.811,NA,"Outflow"
"11121",2025-06-03,"G381F",22.45,NA,"Outflow"
"11122",2025-06-04,"G381F",0,NA,"Outflow"
"11123",2025-06-05,"G381F",54.8,NA,"Outflow"
"11124",2025-06-06,"G381F",57.133,NA,"Outflow"
"11125",2025-06-07,"G381F",28.27,NA,"Outflow"
"11126",2025-06-08,"G381F",25.975,NA,"Outflow"
"11127",2025-06-09,"G381F",13.017,NA,"Outflow"
"11128",2025-06-10,"G381F",0,NA,"Outflow"
"11129",2025-06-11,"G381F",0,NA,"Outflow"
"11130",2025-06-12,"G381F",0,NA,"Outflow"
"11131",2025-06-13,"G381F",43.085,NA,"Outflow"
"11132",2025-06-14,"G381F",40.036,NA,"Outflow"
"11133",2025-06-15,"G381F",38.419,NA,"Outflow"
"11134",2025-06-17,"G381F",44.539,NA,"Outflow"
"11135",2025-06-18,"G381F",24.639,NA,"Outflow"
"11136",2025-06-19,"G381F",0,NA,"Outflow"
"11137",2025-06-20,"G381F",0,NA,"Outflow"
"11138",2025-06-21,"G381F",0,NA,"Outflow"
"11139",2025-06-22,"G381F",0,NA,"Outflow"
"11140",2025-06-24,"G381F",0,NA,"Outflow"
"11141",2025-06-25,"G381F",0,NA,"Outflow"
"11142",2025-06-26,"G381F",0,NA,"Outflow"
"11143",2025-06-27,"G381F",32.235,NA,"Outflow"
"11144",2025-06-28,"G381F",27.832,NA,"Outflow"
"11145",2025-06-29,"G381F",0,NA,"Outflow"
"11146",2025-06-30,"G381F",0,NA,"Outflow"
"11147",2025-07-01,"G381F",0,NA,"Outflow"
"11148",2025-07-02,"G381F",24.132,NA,"Outflow"
"11149",2025-07-03,"G381F",44.056,NA,"Outflow"
"11150",2025-07-04,"G381F",61.737,NA,"Outflow"
"11151",2025-07-05,"G381F",72.627,NA,"Outflow"
"11152",2025-07-06,"G381F",87.509,NA,"Outflow"
"11153",2025-07-07,"G381F",73.886,NA,"Outflow"
"11154",2025-07-08,"G381F",54.784,NA,"Outflow"
"11155",2025-07-10,"G381F",0.317,NA,"Outflow"
"11156",2025-07-12,"G381F",0,NA,"Outflow"
"11157",2025-07-13,"G381F",0,NA,"Outflow"
"11158",2026-01-18,"G384A",16.698,NA,"Midflow"
"11159",2026-01-19,"G384A",27.703,NA,"Midflow"
"11160",2026-01-20,"G384A",15.776,NA,"Midflow"
"11161",2026-01-21,"G384A",12.122,NA,"Midflow"
"11162",2026-01-22,"G384A",21.761,NA,"Midflow"
"11163",2026-01-23,"G384A",29.304,NA,"Midflow"
"11164",2026-01-24,"G384A",20.337,NA,"Midflow"
"11165",2026-01-25,"G384A",-0.616,NA,"Midflow"
"11166",2026-01-26,"G384A",14.879,NA,"Midflow"
"11167",2026-01-27,"G384A",29.381,NA,"Midflow"
"11168",2026-01-28,"G384A",39.646,NA,"Midflow"
"11169",2026-01-29,"G384A",28.456,NA,"Midflow"
"11170",2026-01-30,"G384A",26.822,NA,"Midflow"
"11171",2026-01-31,"G384A",31.64,NA,"Midflow"
"11172",2026-02-01,"G384A",37.554,NA,"Midflow"
"11173",2026-02-02,"G384A",16.1,NA,"Midflow"
"11174",2026-02-03,"G384A",27.724,NA,"Midflow"
"11175",2026-02-04,"G384A",23.375,NA,"Midflow"
"11176",2026-02-05,"G384A",36.659,NA,"Midflow"
"11177",2026-02-06,"G384A",40.758,NA,"Midflow"
"11178",2026-02-07,"G384A",31.201,NA,"Midflow"
"11179",2026-02-08,"G384A",20.015,NA,"Midflow"
"11180",2026-02-09,"G384A",-4.296,NA,"Midflow"
"11181",2026-02-10,"G384A",20.736,NA,"Midflow"
"11182",2026-02-11,"G384A",23.996,NA,"Midflow"
"11183",2026-02-12,"G384A",27.638,NA,"Midflow"
"11184",2026-02-14,"G384A",44.475,NA,"Midflow"
"11185",2026-02-15,"G384A",40.058,NA,"Midflow"
"11186",2026-02-16,"G384A",27.094,NA,"Midflow"
"11187",2026-02-17,"G384A",29.857,NA,"Midflow"
"11188",2026-02-18,"G384A",36.675,NA,"Midflow"
"11189",2026-02-19,"G384A",31.862,NA,"Midflow"
"11190",2026-02-20,"G384A",32.998,NA,"Midflow"
"11191",2026-02-21,"G384A",24.848,NA,"Midflow"
"11192",2026-02-22,"G384A",29.67,NA,"Midflow"
"11193",2026-02-23,"G384A",41.034,NA,"Midflow"
"11194",2026-02-24,"G384A",46.72,NA,"Midflow"
"11195",2026-02-25,"G384A",43.081,NA,"Midflow"
"11196",2026-02-26,"G384A",41.892,NA,"Midflow"
"11197",2026-02-27,"G384A",41.339,NA,"Midflow"
"11198",2026-02-28,"G384A",43.143,NA,"Midflow"
"11199",2026-03-01,"G384A",26.632,NA,"Midflow"
"11200",2026-03-03,"G384A",19.323,NA,"Midflow"
"11201",2026-03-04,"G384A",26.225,NA,"Midflow"
"11202",2026-03-05,"G384A",2.959,NA,"Midflow"
"11203",2026-03-06,"G384A",1.723,NA,"Midflow"
"11204",2026-03-07,"G384A",-8.608,NA,"Midflow"
"11205",2026-03-09,"G384A",-10.722,NA,"Midflow"
"11206",2026-03-10,"G384A",-25.608,NA,"Midflow"
"11207",2026-03-11,"G384A",-17.938,NA,"Midflow"
"11208",2026-03-12,"G384A",10.502,NA,"Midflow"
"11209",2026-03-13,"G384A",24.222,NA,"Midflow"
"11210",2026-03-14,"G384A",1.708,NA,"Midflow"
"11211",2026-03-15,"G384A",-28.281,NA,"Midflow"
"11212",2026-03-16,"G384A",-36.34,NA,"Midflow"
"11213",2026-03-17,"G384A",-25.384,NA,"Midflow"
"11214",2026-03-18,"G384A",-21.195,NA,"Midflow"
"11215",2026-03-19,"G384A",-28.539,NA,"Midflow"
"11216",2026-03-20,"G384A",-39.687,NA,"Midflow"
"11217",2026-03-21,"G384A",-38.988,NA,"Midflow"
"11218",2026-03-22,"G384A",-28.971,NA,"Midflow"
"11219",2026-03-23,"G384A",-32.169,NA,"Midflow"
"11220",2025-07-14,"G381F",69.702,NA,"Outflow"
"11221",2025-07-15,"G381F",59.532,NA,"Outflow"
"11222",2025-07-16,"G381F",84.026,NA,"Outflow"
"11223",2025-07-17,"G381F",136.114,NA,"Outflow"
"11224",2025-07-18,"G381F",146.839,NA,"Outflow"
"11225",2025-07-20,"G381F",101.23,NA,"Outflow"
"11226",2025-07-21,"G381F",59.834,NA,"Outflow"
"11227",2025-07-22,"G381F",39.675,NA,"Outflow"
"11228",2025-07-23,"G381F",32.939,NA,"Outflow"
"11229",2025-07-24,"G381F",8.577,NA,"Outflow"
"11230",2025-07-27,"G381F",23.303,NA,"Outflow"
"11231",2025-07-28,"G381F",67.829,NA,"Outflow"
"11232",2025-07-30,"G381F",15.873,NA,"Outflow"
"11233",2025-07-31,"G381F",17.709,NA,"Outflow"
"11234",2025-08-01,"G381F",16.869,NA,"Outflow"
"11235",2025-08-02,"G381F",15.126,NA,"Outflow"
"11236",2025-08-03,"G381F",15.411,NA,"Outflow"
"11237",2025-08-05,"G381F",14.079,NA,"Outflow"
"11238",2025-08-06,"G381F",14.316,NA,"Outflow"
"11239",2025-08-07,"G381F",13.554,NA,"Outflow"
"11240",2025-08-08,"G381F",13.041,NA,"Outflow"
"11241",2025-08-09,"G381F",8.15,NA,"Outflow"
"11242",2025-08-10,"G381F",0,NA,"Outflow"
"11243",2025-08-11,"G381F",0,NA,"Outflow"
"11244",2025-08-12,"G381F",0,NA,"Outflow"
"11245",2025-08-13,"G381F",0,NA,"Outflow"
"11246",2025-08-14,"G381F",0,NA,"Outflow"
"11247",2025-08-15,"G381F",0,NA,"Outflow"
"11248",2025-08-16,"G381F",0,NA,"Outflow"
"11249",2025-08-17,"G381F",0,NA,"Outflow"
"11250",2025-08-18,"G381F",0,NA,"Outflow"
"11251",2025-08-19,"G381F",0,NA,"Outflow"
"11252",2025-08-22,"G381F",0,NA,"Outflow"
"11253",2025-08-23,"G381F",0,NA,"Outflow"
"11254",2025-08-24,"G381F",0,NA,"Outflow"
"11255",2025-08-25,"G381F",0,NA,"Outflow"
"11256",2025-08-26,"G381F",0,NA,"Outflow"
"11257",2025-08-27,"G381F",68.801,NA,"Outflow"
"11258",2025-08-28,"G381F",35.878,NA,"Outflow"
"11259",2025-08-30,"G381F",0,NA,"Outflow"
"11260",2025-08-31,"G381F",0,NA,"Outflow"
"11261",2025-09-01,"G381F",49.452,NA,"Outflow"
"11262",2025-09-02,"G381F",85.617,NA,"Outflow"
"11263",2025-09-03,"G381F",104.337,NA,"Outflow"
"11264",2025-09-05,"G381F",99.294,NA,"Outflow"
"11265",2025-09-06,"G381F",74.531,NA,"Outflow"
"11266",2025-09-07,"G381F",65.466,NA,"Outflow"
"11267",2025-09-08,"G381F",67.785,NA,"Outflow"
"11268",2025-09-09,"G381F",69.587,NA,"Outflow"
"11269",2025-09-10,"G381F",94.841,NA,"Outflow"
"11270",2025-09-11,"G381F",119.352,NA,"Outflow"
"11271",2025-09-13,"G381F",116.783,NA,"Outflow"
"11272",2025-09-14,"G381F",106.49,NA,"Outflow"
"11273",2025-09-17,"G381F",98.247,NA,"Outflow"
"11274",2025-09-18,"G381F",94.835,NA,"Outflow"
"11275",2025-09-19,"G381F",86.083,NA,"Outflow"
"11276",2025-09-20,"G381F",63.688,NA,"Outflow"
"11277",2025-09-21,"G381F",65.686,NA,"Outflow"
"11278",2025-09-22,"G381F",58.15,NA,"Outflow"
"11279",2025-09-23,"G381F",55.877,NA,"Outflow"
"11280",2025-09-25,"G381F",132.465,NA,"Outflow"
"11281",2025-09-26,"G381F",165.134,NA,"Outflow"
"11282",2025-09-27,"G381F",158.736,NA,"Outflow"
"11283",2025-09-28,"G381F",144.807,NA,"Outflow"
"11284",2025-09-30,"G381F",104.002,NA,"Outflow"
"11285",2025-10-01,"G381F",84.051,NA,"Outflow"
"11286",2025-10-02,"G381F",62.331,NA,"Outflow"
"11287",2025-10-03,"G381F",34.99,NA,"Outflow"
"11288",2025-10-04,"G381F",64.082,NA,"Outflow"
"11289",2025-10-05,"G381F",60.997,NA,"Outflow"
"11290",2026-03-24,"G384A",-15.566,NA,"Midflow"
"11291",2026-03-25,"G384A",11.915,NA,"Midflow"
"11292",2026-03-27,"G384A",-26.052,NA,"Midflow"
"11293",2026-03-28,"G384A",-19.357,NA,"Midflow"
"11294",2026-03-29,"G384A",-10.996,NA,"Midflow"
"11295",2026-03-30,"G384A",-54.378,NA,"Midflow"
"11296",2026-03-31,"G384A",-54.73,NA,"Midflow"
"11297",2026-04-01,"G384A",-50.972,NA,"Midflow"
"11298",2026-04-03,"G384A",-52.914,NA,"Midflow"
"11299",2026-04-04,"G384A",-50.911,NA,"Midflow"
"11300",2026-04-06,"G384A",62.959,NA,"Midflow"
"11301",2026-04-07,"G384A",83.549,NA,"Midflow"
"11302",2026-04-08,"G384A",108.448,NA,"Midflow"
"11303",2026-04-09,"G384A",133.65,NA,"Midflow"
"11304",2026-04-10,"G384A",149.887,NA,"Midflow"
"11305",2026-04-11,"G384A",131.816,NA,"Midflow"
"11306",2026-04-12,"G384A",98.277,NA,"Midflow"
"11307",2026-04-13,"G384A",75.537,NA,"Midflow"
"11308",2026-04-14,"G384A",60.812,NA,"Midflow"
"11309",2026-04-15,"G384A",48.201,NA,"Midflow"
"11310",2026-04-16,"G384A",-65.607,NA,"Midflow"
"11311",2026-04-17,"G384A",-67.335,NA,"Midflow"
"11312",2026-04-18,"G384A",-67.13,NA,"Midflow"
"11313",2026-04-19,"G384A",-63.649,NA,"Midflow"
"11314",2026-04-21,"G384A",-60.97,NA,"Midflow"
"11315",2026-04-22,"G384A",-54.337,NA,"Midflow"
"11316",2026-04-23,"G384A",-50.607,NA,"Midflow"
"11317",2026-04-24,"G384A",-50.285,NA,"Midflow"
"11318",2026-04-25,"G384A",-65.58,NA,"Midflow"
"11319",2026-04-26,"G384A",-68.083,NA,"Midflow"
"11320",2026-04-27,"G384A",-63.391,NA,"Midflow"
"11321",2026-04-28,"G384A",-65.097,NA,"Midflow"
"11322",2026-04-29,"G384A",-73.952,NA,"Midflow"
"11323",2026-04-30,"G384A",-44.008,NA,"Midflow"
"11324",2026-05-01,"G384A",0,NA,"Midflow"
"11325",2026-05-02,"G384A",0,NA,"Midflow"
"11326",2026-05-03,"G384A",0,NA,"Midflow"
"11327",2026-05-04,"G384A",0,NA,"Midflow"
"11328",2026-05-07,"G384A",0,NA,"Midflow"
"11329",2026-05-08,"G384A",0,NA,"Midflow"
"11330",2026-05-09,"G384A",0,NA,"Midflow"
"11331",2026-05-10,"G384A",0,NA,"Midflow"
"11332",2026-05-12,"G384A",0,NA,"Midflow"
"11333",2026-05-13,"G384A",0,NA,"Midflow"
"11334",2026-05-14,"G384A",0,NA,"Midflow"
"11335",2026-05-15,"G384A",0,NA,"Midflow"
"11336",2026-05-16,"G384A",0,NA,"Midflow"
"11337",2026-05-17,"G384A",0,NA,"Midflow"
"11338",2026-05-18,"G384A",0,NA,"Midflow"
"11339",2026-05-19,"G384A",0,NA,"Midflow"
"11340",2026-05-20,"G384A",0,NA,"Midflow"
"11341",2026-05-21,"G384A",0,NA,"Midflow"
"11342",2026-05-22,"G384A",0,NA,"Midflow"
"11343",2026-05-23,"G384A",0,NA,"Midflow"
"11344",2026-05-24,"G384A",0,NA,"Midflow"
"11345",2026-05-25,"G384A",0,NA,"Midflow"
"11346",2026-05-26,"G384A",0,NA,"Midflow"
"11347",2026-05-27,"G384A",0,NA,"Midflow"
"11348",2026-05-28,"G384A",0,NA,"Midflow"
"11349",2026-05-29,"G384A",0,NA,"Midflow"
"11350",2026-05-30,"G384A",0,NA,"Midflow"
"11351",2026-05-31,"G384A",0,NA,"Midflow"
"11352",2025-10-06,"G381F",61.126,NA,"Outflow"
"11353",2025-10-07,"G381F",57.715,NA,"Outflow"
"11354",2025-10-08,"G381F",57.286,NA,"Outflow"
"11355",2025-10-09,"G381F",27.004,NA,"Outflow"
"11356",2025-10-10,"G381F",14.541,NA,"Outflow"
"11357",2025-10-12,"G381F",125.991,NA,"Outflow"
"11358",2025-10-13,"G381F",133.078,NA,"Outflow"
"11359",2025-10-14,"G381F",126.004,NA,"Outflow"
"11360",2025-10-15,"G381F",112.219,NA,"Outflow"
"11361",2025-10-16,"G381F",103.991,NA,"Outflow"
"11362",2025-10-17,"G381F",81.853,NA,"Outflow"
"11363",2025-10-18,"G381F",47.668,NA,"Outflow"
"11364",2025-10-19,"G381F",29.648,NA,"Outflow"
"11365",2025-10-20,"G381F",75.24,NA,"Outflow"
"11366",2025-10-21,"G381F",21.534,NA,"Outflow"
"11367",2025-10-22,"G381F",49.269,NA,"Outflow"
"11368",2025-10-24,"G381F",5.559,NA,"Outflow"
"11369",2025-10-25,"G381F",0,NA,"Outflow"
"11370",2025-10-26,"G381F",0,NA,"Outflow"
"11371",2025-10-27,"G381F",0,NA,"Outflow"
"11372",2025-10-28,"G381F",0,NA,"Outflow"
"11373",2025-10-29,"G381F",0,NA,"Outflow"
"11374",2025-10-30,"G381F",0,NA,"Outflow"
"11375",2025-11-01,"G381F",0,NA,"Outflow"
"11376",2025-11-02,"G381F",0,NA,"Outflow"
"11377",2025-11-03,"G381F",0,NA,"Outflow"
"11378",2025-11-04,"G381F",0,NA,"Outflow"
"11379",2025-11-05,"G381F",0,NA,"Outflow"
"11380",2025-11-06,"G381F",0,NA,"Outflow"
"11381",2025-11-08,"G381F",0,NA,"Outflow"
"11382",2025-11-09,"G381F",0,NA,"Outflow"
"11383",2025-11-10,"G381F",0,NA,"Outflow"
"11384",2025-11-11,"G381F",0,NA,"Outflow"
"11385",2025-11-12,"G381F",0,NA,"Outflow"
"11386",2025-11-13,"G381F",0,NA,"Outflow"
"11387",2025-11-14,"G381F",0,NA,"Outflow"
"11388",2025-11-15,"G381F",0,NA,"Outflow"
"11389",2025-11-17,"G381F",0,NA,"Outflow"
"11390",2025-11-18,"G381F",0,NA,"Outflow"
"11391",2025-11-19,"G381F",0,NA,"Outflow"
"11392",2025-11-20,"G381F",0,NA,"Outflow"
"11393",2025-11-21,"G381F",0,NA,"Outflow"
"11394",2025-11-22,"G381F",0,NA,"Outflow"
"11395",2025-11-23,"G381F",0,NA,"Outflow"
"11396",2025-11-24,"G381F",0,NA,"Outflow"
"11397",2025-11-25,"G381F",0,NA,"Outflow"
"11398",2025-11-26,"G381F",0,NA,"Outflow"
"11399",2025-11-28,"G381F",0,NA,"Outflow"
"11400",2025-11-29,"G381F",0,NA,"Outflow"
"11401",2025-11-30,"G381F",0,NA,"Outflow"
"11402",2025-12-02,"G381F",0,NA,"Outflow"
"11403",2025-12-03,"G381F",0,NA,"Outflow"
"11404",2025-12-04,"G381F",0,NA,"Outflow"
"11405",2025-12-05,"G381F",0,NA,"Outflow"
"11406",2025-12-06,"G381F",0,NA,"Outflow"
"11407",2025-12-07,"G381F",0,NA,"Outflow"
"11408",2025-12-08,"G381F",0,NA,"Outflow"
"11409",2025-12-09,"G381F",0,NA,"Outflow"
"11410",2025-12-10,"G381F",0,NA,"Outflow"
"11411",2025-12-11,"G381F",0,NA,"Outflow"
"11412",2025-12-12,"G381F",0,NA,"Outflow"
"11413",2025-12-13,"G381F",0,NA,"Outflow"
"11414",2025-12-15,"G381F",0,NA,"Outflow"
"11415",2025-12-16,"G381F",0,NA,"Outflow"
"11416",2025-12-17,"G381F",0,NA,"Outflow"
"11417",2025-12-18,"G381F",0,NA,"Outflow"
"11418",2025-12-19,"G381F",0,NA,"Outflow"
"11419",2025-12-20,"G381F",0,NA,"Outflow"
"11420",2025-12-21,"G381F",0,NA,"Outflow"
"11421",2026-06-01,"G384A",0,NA,"Midflow"
"11422",2026-06-02,"G384A",0,NA,"Midflow"
"11423",2026-06-03,"G384A",0,NA,"Midflow"
"11424",2026-06-04,"G384A",0,NA,"Midflow"
"11425",2026-06-06,"G384A",0,NA,"Midflow"
"11426",2026-06-07,"G384A",0,NA,"Midflow"
"11427",2026-06-08,"G384A",0,NA,"Midflow"
"11428",2026-06-09,"G384A",0,NA,"Midflow"
"11429",2026-06-10,"G384A",0,NA,"Midflow"
"11430",2026-06-11,"G384A",0,NA,"Midflow"
"11431",2026-06-12,"G384A",0,NA,"Midflow"
"11432",2026-06-13,"G384A",0,NA,"Midflow"
"11433",2026-06-14,"G384A",0,NA,"Midflow"
"11434",2026-06-16,"G384A",0,NA,"Midflow"
"11435",2026-06-17,"G384A",0,NA,"Midflow"
"11436",2026-06-18,"G384A",0,NA,"Midflow"
"11437",2026-06-19,"G384A",0,NA,"Midflow"
"11438",2026-06-20,"G384A",0,NA,"Midflow"
"11439",2026-06-21,"G384A",0,NA,"Midflow"
"11440",2026-06-22,"G384A",0,NA,"Midflow"
"11441",2026-06-23,"G384A",-1.005,NA,"Midflow"
"11442",2026-06-24,"G384A",0,NA,"Midflow"
"11443",2026-06-25,"G384A",0,NA,"Midflow"
"11444",2026-06-26,"G384A",0,NA,"Midflow"
"11445",2026-06-27,"G384A",0,NA,"Midflow"
"11446",2026-06-28,"G384A",0,NA,"Midflow"
"11447",2026-06-29,"G384A",0,NA,"Midflow"
"11448",2026-06-30,"G384A",0,NA,"Midflow"
"11449",2026-07-02,"G384A",0,NA,"Midflow"
"11450",2026-07-03,"G384A",0,NA,"Midflow"
"11451",2026-07-04,"G384A",0,NA,"Midflow"
"11452",2026-07-05,"G384A",0,NA,"Midflow"
"11453",2026-07-06,"G384A",0,NA,"Midflow"
"11454",2026-07-07,"G384A",0,NA,"Midflow"
"11455",2026-07-08,"G384A",0,NA,"Midflow"
"11456",2026-07-09,"G384A",0,NA,"Midflow"
"11457",2026-07-10,"G384A",0,NA,"Midflow"
"11458",2026-07-11,"G384A",0,NA,"Midflow"
"11459",2026-07-12,"G384A",0,NA,"Midflow"
"11460",2026-07-13,"G384A",0,NA,"Midflow"
"11461",2026-07-14,"G384A",0,NA,"Midflow"
"11462",2026-07-15,"G384A",0,NA,"Midflow"
"11463",2026-07-16,"G384A",0,NA,"Midflow"
"11464",2026-07-17,"G384A",0,NA,"Midflow"
"11465",2026-07-18,"G384A",0,NA,"Midflow"
"11466",2026-07-19,"G384A",0,NA,"Midflow"
"11467",2026-07-20,"G384A",0,NA,"Midflow"
"11468",2026-07-21,"G384A",0,NA,"Midflow"
"11469",2026-07-22,"G384A",0,NA,"Midflow"
"11470",2026-07-23,"G384A",0,NA,"Midflow"
"11471",2026-07-24,"G384A",0,NA,"Midflow"
"11472",2026-07-26,"G384A",0,NA,"Midflow"
"11473",2026-07-27,"G384A",0,NA,"Midflow"
"11474",2026-07-28,"G384A",0,NA,"Midflow"
"11475",2026-07-29,"G384A",0,NA,"Midflow"
"11476",2026-07-30,"G384A",0,NA,"Midflow"
"11477",2026-07-31,"G384A",0,NA,"Midflow"
"11478",2026-08-01,"G384A",0,NA,"Midflow"
"11479",2026-08-02,"G384A",0,NA,"Midflow"
"11480",2026-08-04,"G384A",0,NA,"Midflow"
"11481",2026-08-05,"G384A",0,NA,"Midflow"
"11482",2026-08-06,"G384A",0,NA,"Midflow"
"11483",2026-08-07,"G384A",0,NA,"Midflow"
"11484",2025-12-22,"G381F",0,NA,"Outflow"
"11485",2025-12-24,"G381F",0,NA,"Outflow"
"11486",2025-12-25,"G381F",0,NA,"Outflow"
"11487",2025-12-26,"G381F",0,NA,"Outflow"
"11488",2025-12-27,"G381F",0,NA,"Outflow"
"11489",2025-12-28,"G381F",0,NA,"Outflow"
"11490",2025-12-29,"G381F",0,NA,"Outflow"
"11491",2025-12-30,"G381F",0,NA,"Outflow"
"11492",2025-12-31,"G381F",0,NA,"Outflow"
"11493",2025-01-28,"G381F",24.572,NA,"Outflow"
"11494",2025-02-22,"G381F",31.862,NA,"Outflow"
"11495",2025-03-20,"G381F",24.47,NA,"Outflow"
"11496",2025-03-21,"G381F",26.064,NA,"Outflow"
"11497",2025-03-23,"G381F",23.601,NA,"Outflow"
"11498",2025-03-31,"G381F",23.009,NA,"Outflow"
"11499",2025-04-15,"G381F",0,NA,"Outflow"
"11500",2025-04-24,"G381F",0,NA,"Outflow"
"11501",2025-05-01,"G381F",0,NA,"Outflow"
"11502",2025-06-01,"G381F",0,NA,"Outflow"
"11503",2025-06-16,"G381F",47.531,NA,"Outflow"
"11504",2025-06-23,"G381F",0,NA,"Outflow"
"11505",2025-07-09,"G381F",32.603,NA,"Outflow"
"11506",2025-07-11,"G381F",0,NA,"Outflow"
"11507",2025-07-19,"G381F",133.605,NA,"Outflow"
"11508",2025-07-25,"G381F",32.608,NA,"Outflow"
"11509",2025-07-26,"G381F",35.449,NA,"Outflow"
"11510",2025-07-29,"G381F",46.563,NA,"Outflow"
"11511",2025-08-04,"G381F",14.643,NA,"Outflow"
"11512",2025-08-20,"G381F",0,NA,"Outflow"
"11513",2025-08-21,"G381F",0,NA,"Outflow"
"11514",2025-08-29,"G381F",0,NA,"Outflow"
"11515",2025-09-04,"G381F",108.904,NA,"Outflow"
"11516",2025-09-12,"G381F",123.044,NA,"Outflow"
"11517",2025-09-15,"G381F",92.471,NA,"Outflow"
"11518",2025-09-16,"G381F",99.594,NA,"Outflow"
"11519",2025-09-24,"G381F",59.367,NA,"Outflow"
"11520",2025-09-29,"G381F",135.537,NA,"Outflow"
"11521",2025-10-11,"G381F",62.619,NA,"Outflow"
"11522",2025-10-23,"G381F",46.194,NA,"Outflow"
"11523",2025-10-31,"G381F",0,NA,"Outflow"
"11524",2025-11-07,"G381F",0.005,NA,"Outflow"
"11525",2025-11-16,"G381F",0,NA,"Outflow"
"11526",2025-11-27,"G381F",0,NA,"Outflow"
"11527",2025-12-01,"G381F",0,NA,"Outflow"
"11528",2025-12-14,"G381F",0,NA,"Outflow"
"11529",2025-12-23,"G381F",0,NA,"Outflow"
"11530",2025-01-02,"G384A",14.049,NA,"Midflow"
"11531",2025-01-03,"G384A",5.022,NA,"Midflow"
"11532",2025-01-04,"G384A",25.49,NA,"Midflow"
"11533",2025-01-05,"G384A",12.663,NA,"Midflow"
"11534",2025-01-06,"G384A",8.398,NA,"Midflow"
"11535",2025-01-07,"G384A",6.011,NA,"Midflow"
"11536",2025-01-08,"G384A",16.071,NA,"Midflow"
"11537",2025-01-09,"G384A",32.255,NA,"Midflow"
"11538",2025-01-10,"G384A",18.482,NA,"Midflow"
"11539",2025-01-12,"G384A",20.59,NA,"Midflow"
"11540",2025-01-13,"G384A",27.63,NA,"Midflow"
"11541",2025-01-14,"G384A",10.642,NA,"Midflow"
"11542",2025-01-15,"G384A",16.856,NA,"Midflow"
"11543",2025-01-16,"G384A",23.933,NA,"Midflow"
"11544",2025-01-17,"G384A",18.815,NA,"Midflow"
"11545",2025-01-18,"G384A",28.953,NA,"Midflow"
"11546",2025-01-19,"G384A",10.795,NA,"Midflow"
"11547",2025-01-20,"G384A",3.907,NA,"Midflow"
"11548",2025-01-21,"G384A",13.235,NA,"Midflow"
"11549",2025-01-22,"G384A",29.06,NA,"Midflow"
"11550",2025-01-23,"G384A",26.564,NA,"Midflow"
"11551",2025-01-24,"G384A",33.666,NA,"Midflow"
"11552",2026-08-08,"G384A",0,NA,"Midflow"
"11553",2026-08-09,"G384A",0,NA,"Midflow"
"11554",2026-08-10,"G384A",0,NA,"Midflow"
"11555",2026-08-11,"G384A",0,NA,"Midflow"
"11556",2026-08-12,"G384A",0,NA,"Midflow"
"11557",2026-08-13,"G384A",0,NA,"Midflow"
"11558",2026-08-14,"G384A",0,NA,"Midflow"
"11559",2026-08-15,"G384A",0,NA,"Midflow"
"11560",2026-08-16,"G384A",0,NA,"Midflow"
"11561",2026-08-17,"G384A",0,NA,"Midflow"
"11562",2026-08-18,"G384A",0,NA,"Midflow"
"11563",2026-08-19,"G384A",0,NA,"Midflow"
"11564",2026-08-20,"G384A",0,NA,"Midflow"
"11565",2026-08-21,"G384A",0,NA,"Midflow"
"11566",2026-08-22,"G384A",0,NA,"Midflow"
"11567",2026-08-23,"G384A",0,NA,"Midflow"
"11568",2026-08-24,"G384A",0,NA,"Midflow"
"11569",2026-08-25,"G384A",0,NA,"Midflow"
"11570",2026-08-26,"G384A",0,NA,"Midflow"
"11571",2026-08-27,"G384A",0,NA,"Midflow"
"11572",2026-08-28,"G384A",0,NA,"Midflow"
"11573",2026-08-29,"G384A",0,NA,"Midflow"
"11574",2026-08-30,"G384A",0,NA,"Midflow"
"11575",2026-08-31,"G384A",0,NA,"Midflow"
"11576",2026-09-01,"G384A",0,NA,"Midflow"
"11577",2026-09-02,"G384A",0,NA,"Midflow"
"11578",2026-09-03,"G384A",0,NA,"Midflow"
"11579",2026-09-04,"G384A",0,NA,"Midflow"
"11580",2026-09-05,"G384A",0,NA,"Midflow"
"11581",2026-09-06,"G384A",0,NA,"Midflow"
"11582",2026-09-07,"G384A",0,NA,"Midflow"
"11583",2026-09-08,"G384A",0,NA,"Midflow"
"11584",2026-09-09,"G384A",0,NA,"Midflow"
"11585",2026-09-10,"G384A",0,NA,"Midflow"
"11586",2026-09-11,"G384A",0.05,NA,"Midflow"
"11587",2026-09-12,"G384A",0,NA,"Midflow"
"11588",2026-09-13,"G384A",0,NA,"Midflow"
"11589",2026-09-14,"G384A",0,NA,"Midflow"
"11590",2026-09-15,"G384A",0,NA,"Midflow"
"11591",2026-09-16,"G384A",0,NA,"Midflow"
"11592",2026-09-17,"G384A",0,NA,"Midflow"
"11593",2026-09-18,"G384A",0,NA,"Midflow"
"11594",2026-09-19,"G384A",0,NA,"Midflow"
"11595",2026-09-20,"G384A",0,NA,"Midflow"
"11596",2026-09-21,"G384A",0.007,NA,"Midflow"
"11597",2026-09-22,"G384A",0,NA,"Midflow"
"11598",2026-09-23,"G384A",0,NA,"Midflow"
"11599",2026-09-24,"G384A",0,NA,"Midflow"
"11600",2026-09-25,"G384A",0,NA,"Midflow"
"11601",2026-09-26,"G384A",0,NA,"Midflow"
"11602",2026-09-27,"G384A",0,NA,"Midflow"
"11603",2026-09-28,"G384A",0,NA,"Midflow"
"11604",2026-09-29,"G384A",0,NA,"Midflow"
"11605",2026-09-30,"G384A",0,NA,"Midflow"
"11606",2026-10-01,"G384A",0,NA,"Midflow"
"11607",2026-10-02,"G384A",0,NA,"Midflow"
"11608",2026-10-03,"G384A",0,NA,"Midflow"
"11609",2026-10-04,"G384A",0,NA,"Midflow"
"11610",2026-10-05,"G384A",0,NA,"Midflow"
"11611",2026-08-03,"G384A",0,NA,"Midflow"
"11612",2026-02-13,"G384A",33.014,NA,"Midflow"
"11613",2026-03-02,"G384A",0.08,NA,"Midflow"
"11614",2025-01-25,"G384A",40.769,NA,"Midflow"
"11615",2025-01-26,"G384A",16.588,NA,"Midflow"
"11616",2025-01-27,"G384A",14.697,NA,"Midflow"
"11617",2025-01-28,"G384A",7.17,NA,"Midflow"
"11618",2025-01-29,"G384A",9.368,NA,"Midflow"
"11619",2025-01-31,"G384A",23.575,NA,"Midflow"
"11620",2025-02-01,"G384A",-2.058,NA,"Midflow"
"11621",2025-02-02,"G384A",7.291,NA,"Midflow"
"11622",2025-02-05,"G384A",-11.442,NA,"Midflow"
"11623",2025-02-06,"G384A",11.934,NA,"Midflow"
"11624",2025-02-07,"G384A",3.812,NA,"Midflow"
"11625",2025-02-08,"G384A",4.081,NA,"Midflow"
"11626",2025-02-09,"G384A",-14.428,NA,"Midflow"
"11627",2025-02-11,"G384A",-8.819,NA,"Midflow"
"11628",2025-02-12,"G384A",5.991,NA,"Midflow"
"11629",2025-02-13,"G384A",-37.82,NA,"Midflow"
"11630",2025-02-15,"G384A",-33.012,NA,"Midflow"
"11631",2025-02-16,"G384A",-39.073,NA,"Midflow"
"11632",2025-02-17,"G384A",-40.069,NA,"Midflow"
"11633",2025-02-18,"G384A",-35.76,NA,"Midflow"
"11634",2025-02-19,"G384A",-19.42,NA,"Midflow"
"11635",2025-02-20,"G384A",-2.291,NA,"Midflow"
"11636",2025-02-22,"G384A",8.745,NA,"Midflow"
"11637",2025-02-23,"G384A",3.638,NA,"Midflow"
"11638",2025-02-24,"G384A",3.74,NA,"Midflow"
"11639",2025-02-25,"G384A",-7.837,NA,"Midflow"
"11640",2025-02-26,"G384A",1.519,NA,"Midflow"
"11641",2025-02-27,"G384A",-7.664,NA,"Midflow"
"11642",2025-02-28,"G384A",0.458,NA,"Midflow"
"11643",2025-03-01,"G384A",3.378,NA,"Midflow"
"11644",2025-03-03,"G384A",11.143,NA,"Midflow"
"11645",2025-03-04,"G384A",-3.173,NA,"Midflow"
"11646",2025-03-05,"G384A",-17.791,NA,"Midflow"
"11647",2025-03-06,"G384A",-12.51,NA,"Midflow"
"11648",2025-03-07,"G384A",6.989,NA,"Midflow"
"11649",2025-03-08,"G384A",4.987,NA,"Midflow"
"11650",2025-03-09,"G384A",2.946,NA,"Midflow"
"11651",2025-03-10,"G384A",-4.756,NA,"Midflow"
"11652",2025-03-11,"G384A",7.662,NA,"Midflow"
"11653",2025-03-12,"G384A",-3.702,NA,"Midflow"
"11654",2025-03-13,"G384A",5.992,NA,"Midflow"
"11655",2025-03-14,"G384A",0.553,NA,"Midflow"
"11656",2025-03-15,"G384A",20.516,NA,"Midflow"
"11657",2025-03-16,"G384A",26.709,NA,"Midflow"
"11658",2025-03-17,"G384A",30.922,NA,"Midflow"
"11659",2025-03-18,"G384A",10.752,NA,"Midflow"
"11660",2025-03-19,"G384A",1.017,NA,"Midflow"
"11661",2025-03-20,"G384A",0.59,NA,"Midflow"
"11662",2025-03-21,"G384A",-5.738,NA,"Midflow"
"11663",2025-03-22,"G384A",8.167,NA,"Midflow"
"11664",2025-03-23,"G384A",3.202,NA,"Midflow"
"11665",2025-03-25,"G384A",7.338,NA,"Midflow"
"11666",2025-03-28,"G384A",16.96,NA,"Midflow"
"11667",2025-03-29,"G384A",15.616,NA,"Midflow"
"11668",2025-03-30,"G384A",15.802,NA,"Midflow"
"11669",2025-03-31,"G384A",27.902,NA,"Midflow"
"11670",2025-04-02,"G384A",-20.903,NA,"Midflow"
"11671",2025-04-03,"G384A",-23.807,NA,"Midflow"
"11672",2025-04-04,"G384A",-22.906,NA,"Midflow"
"11673",2025-04-06,"G384A",-21.075,NA,"Midflow"
"11674",2025-04-07,"G384A",-27.274,NA,"Midflow"
"11675",2025-04-08,"G384A",-20.486,NA,"Midflow"
"11676",2026-03-08,"G384A",2.919,NA,"Midflow"
"11677",2026-03-26,"G384A",-10.936,NA,"Midflow"
"11678",2026-04-02,"G384A",-55.886,NA,"Midflow"
"11679",2026-04-05,"G384A",49.648,NA,"Midflow"
"11680",2026-04-20,"G384A",-65.586,NA,"Midflow"
"11681",2026-05-05,"G384A",0,NA,"Midflow"
"11682",2026-05-06,"G384A",0,NA,"Midflow"
"11683",2026-05-11,"G384A",0,NA,"Midflow"
"11684",2026-06-05,"G384A",0,NA,"Midflow"
"11685",2026-06-15,"G384A",0,NA,"Midflow"
"11686",2026-07-01,"G384A",0,NA,"Midflow"
"11687",2026-07-25,"G384A",0,NA,"Midflow"
"11688",2024-11-01,"G384B",9.79,NA,"Midflow"
"11689",2024-11-02,"G384B",3.765,NA,"Midflow"
"11690",2024-11-03,"G384B",-6.209,NA,"Midflow"
"11691",2024-11-04,"G384B",14.145,NA,"Midflow"
"11692",2024-11-05,"G384B",12.424,NA,"Midflow"
"11693",2024-11-06,"G384B",-5.59,NA,"Midflow"
"11694",2024-11-07,"G384B",61.37,NA,"Midflow"
"11695",2024-11-08,"G384B",204.28,NA,"Midflow"
"11696",2024-11-09,"G384B",28.908,NA,"Midflow"
"11697",2024-11-10,"G384B",-12.614,NA,"Midflow"
"11698",2024-11-11,"G384B",-21.452,NA,"Midflow"
"11699",2024-11-12,"G384B",3.781,NA,"Midflow"
"11700",2024-11-13,"G384B",5.142,NA,"Midflow"
"11701",2024-11-14,"G384B",6.959,NA,"Midflow"
"11702",2024-11-16,"G384B",0.428,NA,"Midflow"
"11703",2024-11-17,"G384B",6.255,NA,"Midflow"
"11704",2024-11-18,"G384B",-5.579,NA,"Midflow"
"11705",2024-11-19,"G384B",-1.063,NA,"Midflow"
"11706",2024-11-20,"G384B",6.75,NA,"Midflow"
"11707",2024-11-21,"G384B",3.988,NA,"Midflow"
"11708",2024-11-22,"G384B",11.479,NA,"Midflow"
"11709",2024-11-23,"G384B",29.16,NA,"Midflow"
"11710",2024-11-24,"G384B",22.655,NA,"Midflow"
"11711",2024-11-25,"G384B",8.33,NA,"Midflow"
"11712",2024-11-26,"G384B",3.388,NA,"Midflow"
"11713",2024-11-27,"G384B",7.488,NA,"Midflow"
"11714",2024-11-28,"G384B",2.791,NA,"Midflow"
"11715",2024-11-29,"G384B",3.409,NA,"Midflow"
"11716",2024-11-30,"G384B",17.787,NA,"Midflow"
"11717",2024-12-01,"G384B",4.164,NA,"Midflow"
"11718",2024-12-02,"G384B",2.791,NA,"Midflow"
"11719",2024-12-03,"G384B",-1.066,NA,"Midflow"
"11720",2024-12-04,"G384B",6.17,NA,"Midflow"
"11721",2024-12-06,"G384B",9.048,NA,"Midflow"
"11722",2024-12-08,"G384B",-7.345,NA,"Midflow"
"11723",2024-12-09,"G384B",-11.418,NA,"Midflow"
"11724",2024-12-11,"G384B",-9.936,NA,"Midflow"
"11725",2024-12-12,"G384B",-3.523,NA,"Midflow"
"11726",2024-12-13,"G384B",7.713,NA,"Midflow"
"11727",2024-12-14,"G384B",15.801,NA,"Midflow"
"11728",2024-12-15,"G384B",39.419,NA,"Midflow"
"11729",2024-12-16,"G384B",22.363,NA,"Midflow"
"11730",2024-12-18,"G384B",20.237,NA,"Midflow"
"11731",2024-12-19,"G384B",13.731,NA,"Midflow"
"11732",2024-12-20,"G384B",26.546,NA,"Midflow"
"11733",2024-12-21,"G384B",20.599,NA,"Midflow"
"11734",2024-12-22,"G384B",31.817,NA,"Midflow"
"11735",2024-12-23,"G384B",23.478,NA,"Midflow"
"11736",2024-12-24,"G384B",29.232,NA,"Midflow"
"11737",2024-12-25,"G384B",11.181,NA,"Midflow"
"11738",2024-12-26,"G384B",-8.418,NA,"Midflow"
"11739",2025-04-09,"G384A",-24.493,NA,"Midflow"
"11740",2025-04-10,"G384A",-27.059,NA,"Midflow"
"11741",2025-04-11,"G384A",-22.216,NA,"Midflow"
"11742",2025-04-12,"G384A",-4.044,NA,"Midflow"
"11743",2025-04-14,"G384A",-6.484,NA,"Midflow"
"11744",2025-04-15,"G384A",-16.543,NA,"Midflow"
"11745",2025-04-16,"G384A",-5.128,NA,"Midflow"
"11746",2025-04-18,"G384A",-16.028,NA,"Midflow"
"11747",2025-04-19,"G384A",-32.862,NA,"Midflow"
"11748",2025-04-20,"G384A",-5.71,NA,"Midflow"
"11749",2025-04-21,"G384A",-5.254,NA,"Midflow"
"11750",2025-04-22,"G384A",-16.364,NA,"Midflow"
"11751",2025-04-23,"G384A",-12.357,NA,"Midflow"
"11752",2025-04-24,"G384A",-13.012,NA,"Midflow"
"11753",2025-04-25,"G384A",-13.105,NA,"Midflow"
"11754",2025-04-26,"G384A",-10.76,NA,"Midflow"
"11755",2025-04-27,"G384A",-11.239,NA,"Midflow"
"11756",2025-04-28,"G384A",2.5,NA,"Midflow"
"11757",2025-04-29,"G384A",-6.537,NA,"Midflow"
"11758",2025-04-30,"G384A",-2.656,NA,"Midflow"
"11759",2025-05-01,"G384A",4.16,NA,"Midflow"
"11760",2025-05-02,"G384A",-2.97,NA,"Midflow"
"11761",2025-05-03,"G384A",0.241,NA,"Midflow"
"11762",2025-05-04,"G384A",35.834,NA,"Midflow"
"11763",2025-05-06,"G384A",-8.299,NA,"Midflow"
"11764",2025-05-08,"G384A",8.611,NA,"Midflow"
"11765",2025-05-09,"G384A",1.789,NA,"Midflow"
"11766",2025-05-11,"G384A",-26.143,NA,"Midflow"
"11767",2025-05-12,"G384A",-38.246,NA,"Midflow"
"11768",2025-05-13,"G384A",-47.433,NA,"Midflow"
"11769",2025-05-14,"G384A",-38.301,NA,"Midflow"
"11770",2025-05-15,"G384A",-47.585,NA,"Midflow"
"11771",2025-05-16,"G384A",-48.012,NA,"Midflow"
"11772",2025-05-17,"G384A",-52.352,NA,"Midflow"
"11773",2025-05-18,"G384A",-40.744,NA,"Midflow"
"11774",2025-05-19,"G384A",-38.908,NA,"Midflow"
"11775",2025-05-21,"G384A",-40.271,NA,"Midflow"
"11776",2025-05-22,"G384A",-31.954,NA,"Midflow"
"11777",2025-05-23,"G384A",-39.204,NA,"Midflow"
"11778",2025-05-24,"G384A",-43.203,NA,"Midflow"
"11779",2025-05-25,"G384A",-36.112,NA,"Midflow"
"11780",2025-05-26,"G384A",-41.124,NA,"Midflow"
"11781",2025-05-27,"G384A",-46.644,NA,"Midflow"
"11782",2025-05-28,"G384A",-27.876,NA,"Midflow"
"11783",2025-05-29,"G384A",-27.023,NA,"Midflow"
"11784",2025-05-30,"G384A",-29.966,NA,"Midflow"
"11785",2025-05-31,"G384A",-33.08,NA,"Midflow"
"11786",2025-06-01,"G384A",-16.451,NA,"Midflow"
"11787",2025-06-03,"G384A",-33.318,NA,"Midflow"
"11788",2025-06-04,"G384A",12.668,NA,"Midflow"
"11789",2025-06-05,"G384A",54.72,NA,"Midflow"
"11790",2025-06-06,"G384A",5.469,NA,"Midflow"
"11791",2025-06-07,"G384A",-21.375,NA,"Midflow"
"11792",2025-06-08,"G384A",-13.826,NA,"Midflow"
"11793",2025-06-09,"G384A",-14.971,NA,"Midflow"
"11794",2025-06-10,"G384A",-1.648,NA,"Midflow"
"11795",2025-06-11,"G384A",-15.226,NA,"Midflow"
"11796",2025-06-12,"G384A",-7.349,NA,"Midflow"
"11797",2025-06-13,"G384A",30.121,NA,"Midflow"
"11798",2025-06-14,"G384A",-8.273,NA,"Midflow"
"11799",2025-06-15,"G384A",-19.992,NA,"Midflow"
"11800",2025-06-16,"G384A",-8.1,NA,"Midflow"
"11801",2024-12-28,"G384B",43.303,NA,"Midflow"
"11802",2024-12-30,"G384B",12.833,NA,"Midflow"
"11803",2024-12-31,"G384B",10.723,NA,"Midflow"
"11804",2024-12-29,"G384B",38.34,NA,"Midflow"
"11805",2024-11-15,"G384B",-7.543,NA,"Midflow"
"11806",2024-12-05,"G384B",-8.697,NA,"Midflow"
"11807",2024-12-07,"G384B",-1.726,NA,"Midflow"
"11808",2024-12-10,"G384B",-18.319,NA,"Midflow"
"11809",2024-12-17,"G384B",19.728,NA,"Midflow"
"11810",2024-12-27,"G384B",24.381,NA,"Midflow"
"11811",2026-01-01,"G384B",9.694,NA,"Midflow"
"11812",2026-01-02,"G384B",9.504,NA,"Midflow"
"11813",2026-01-03,"G384B",-1.397,NA,"Midflow"
"11814",2026-01-04,"G384B",-8.786,NA,"Midflow"
"11815",2026-01-05,"G384B",-13.924,NA,"Midflow"
"11816",2026-01-06,"G384B",-7.181,NA,"Midflow"
"11817",2026-01-07,"G384B",-3.753,NA,"Midflow"
"11818",2026-01-08,"G384B",-9.853,NA,"Midflow"
"11819",2026-01-09,"G384B",5.081,NA,"Midflow"
"11820",2026-01-10,"G384B",1.186,NA,"Midflow"
"11821",2026-01-11,"G384B",14.41,NA,"Midflow"
"11822",2026-01-12,"G384B",21.615,NA,"Midflow"
"11823",2026-01-13,"G384B",19.986,NA,"Midflow"
"11824",2026-01-14,"G384B",7.128,NA,"Midflow"
"11825",2026-01-15,"G384B",33.973,NA,"Midflow"
"11826",2026-01-16,"G384B",39.439,NA,"Midflow"
"11827",2026-01-17,"G384B",23.207,NA,"Midflow"
"11828",2026-01-18,"G384B",16.645,NA,"Midflow"
"11829",2026-01-19,"G384B",27.786,NA,"Midflow"
"11830",2026-01-20,"G384B",16.416,NA,"Midflow"
"11831",2026-01-21,"G384B",12.137,NA,"Midflow"
"11832",2026-01-22,"G384B",21.785,NA,"Midflow"
"11833",2026-01-23,"G384B",28.864,NA,"Midflow"
"11834",2026-01-24,"G384B",20.252,NA,"Midflow"
"11835",2026-01-25,"G384B",-0.55,NA,"Midflow"
"11836",2026-01-27,"G384B",29.44,NA,"Midflow"
"11837",2026-01-28,"G384B",39.691,NA,"Midflow"
"11838",2026-01-29,"G384B",28.649,NA,"Midflow"
"11839",2026-01-30,"G384B",26.831,NA,"Midflow"
"11840",2026-01-31,"G384B",31.701,NA,"Midflow"
"11841",2026-02-01,"G384B",37.625,NA,"Midflow"
"11842",2026-02-02,"G384B",16.268,NA,"Midflow"
"11843",2026-02-03,"G384B",27.731,NA,"Midflow"
"11844",2026-02-04,"G384B",23.413,NA,"Midflow"
"11845",2026-02-05,"G384B",36.673,NA,"Midflow"
"11846",2026-02-06,"G384B",40.841,NA,"Midflow"
"11847",2026-02-07,"G384B",31.002,NA,"Midflow"
"11848",2026-02-08,"G384B",19.985,NA,"Midflow"
"11849",2026-02-09,"G384B",-4.236,NA,"Midflow"
"11850",2026-02-10,"G384B",20.471,NA,"Midflow"
"11851",2026-02-11,"G384B",24.102,NA,"Midflow"
"11852",2026-02-12,"G384B",27.624,NA,"Midflow"
"11853",2026-02-13,"G384B",33.045,NA,"Midflow"
"11854",2026-02-14,"G384B",44.574,NA,"Midflow"
"11855",2026-02-15,"G384B",40.381,NA,"Midflow"
"11856",2026-02-16,"G384B",27.116,NA,"Midflow"
"11857",2026-02-18,"G384B",36.76,NA,"Midflow"
"11858",2026-02-19,"G384B",31.883,NA,"Midflow"
"11859",2026-02-20,"G384B",33.054,NA,"Midflow"
"11860",2026-02-21,"G384B",24.912,NA,"Midflow"
"11861",2026-02-22,"G384B",29.956,NA,"Midflow"
"11862",2026-02-23,"G384B",41.133,NA,"Midflow"
"11863",2025-06-17,"G384A",-21.791,NA,"Midflow"
"11864",2025-06-19,"G384A",-34.441,NA,"Midflow"
"11865",2025-06-20,"G384A",-26.13,NA,"Midflow"
"11866",2025-06-21,"G384A",-33.362,NA,"Midflow"
"11867",2025-06-22,"G384A",-30.863,NA,"Midflow"
"11868",2025-06-23,"G384A",22.552,NA,"Midflow"
"11869",2025-06-24,"G384A",7.423,NA,"Midflow"
"11870",2025-06-25,"G384A",18.798,NA,"Midflow"
"11871",2025-06-26,"G384A",10.658,NA,"Midflow"
"11872",2025-06-27,"G384A",-22.739,NA,"Midflow"
"11873",2025-06-28,"G384A",-25.985,NA,"Midflow"
"11874",2025-06-30,"G384A",-8.498,NA,"Midflow"
"11875",2025-07-01,"G384A",-8.704,NA,"Midflow"
"11876",2025-07-03,"G384A",26.025,NA,"Midflow"
"11877",2025-07-04,"G384A",49.281,NA,"Midflow"
"11878",2025-07-05,"G384A",65.038,NA,"Midflow"
"11879",2025-07-06,"G384A",70.418,NA,"Midflow"
"11880",2025-07-07,"G384A",50.331,NA,"Midflow"
"11881",2025-07-08,"G384A",-9.019,NA,"Midflow"
"11882",2025-07-09,"G384A",-25.682,NA,"Midflow"
"11883",2025-07-10,"G384A",-6.454,NA,"Midflow"
"11884",2025-07-12,"G384A",-25.734,NA,"Midflow"
"11885",2025-07-13,"G384A",-9.053,NA,"Midflow"
"11886",2025-07-14,"G384A",-22.233,NA,"Midflow"
"11887",2025-07-16,"G384A",119.405,NA,"Midflow"
"11888",2025-07-17,"G384A",146.574,NA,"Midflow"
"11889",2025-07-18,"G384A",108.672,NA,"Midflow"
"11890",2025-07-19,"G384A",91.528,NA,"Midflow"
"11891",2025-07-20,"G384A",18.132,NA,"Midflow"
"11892",2025-07-21,"G384A",-5.375,NA,"Midflow"
"11893",2025-07-22,"G384A",-12.911,NA,"Midflow"
"11894",2025-07-23,"G384A",-19.2,NA,"Midflow"
"11895",2025-07-24,"G384A",44.311,NA,"Midflow"
"11896",2025-07-25,"G384A",4.949,NA,"Midflow"
"11897",2025-07-26,"G384A",-24.368,NA,"Midflow"
"11898",2025-07-29,"G384A",1.163,NA,"Midflow"
"11899",2025-07-30,"G384A",0,NA,"Midflow"
"11900",2025-07-31,"G384A",0,NA,"Midflow"
"11901",2025-08-01,"G384A",0,NA,"Midflow"
"11902",2025-08-02,"G384A",0,NA,"Midflow"
"11903",2025-08-03,"G384A",0,NA,"Midflow"
"11904",2025-08-04,"G384A",0,NA,"Midflow"
"11905",2025-08-05,"G384A",0,NA,"Midflow"
"11906",2025-08-06,"G384A",0,NA,"Midflow"
"11907",2025-08-07,"G384A",0,NA,"Midflow"
"11908",2025-08-08,"G384A",0,NA,"Midflow"
"11909",2025-08-09,"G384A",0,NA,"Midflow"
"11910",2025-08-10,"G384A",0,NA,"Midflow"
"11911",2025-08-12,"G384A",0,NA,"Midflow"
"11912",2025-08-13,"G384A",0,NA,"Midflow"
"11913",2025-08-14,"G384A",0,NA,"Midflow"
"11914",2025-08-15,"G384A",0,NA,"Midflow"
"11915",2025-08-16,"G384A",0,NA,"Midflow"
"11916",2025-08-17,"G384A",0,NA,"Midflow"
"11917",2025-08-18,"G384A",0,NA,"Midflow"
"11918",2025-08-19,"G384A",0,NA,"Midflow"
"11919",2025-08-20,"G384A",0,NA,"Midflow"
"11920",2025-08-21,"G384A",0,NA,"Midflow"
"11921",2025-08-22,"G384A",0,NA,"Midflow"
"11922",2025-08-23,"G384A",0,NA,"Midflow"
"11923",2025-08-24,"G384A",0,NA,"Midflow"
"11924",2025-08-25,"G384A",0,NA,"Midflow"
"11925",2026-02-24,"G384B",46.83,NA,"Midflow"
"11926",2026-02-25,"G384B",43.175,NA,"Midflow"
"11927",2026-02-26,"G384B",41.949,NA,"Midflow"
"11928",2026-02-27,"G384B",41.387,NA,"Midflow"
"11929",2026-03-01,"G384B",26.589,NA,"Midflow"
"11930",2026-03-02,"G384B",-0.25,NA,"Midflow"
"11931",2026-03-03,"G384B",19.147,NA,"Midflow"
"11932",2026-03-04,"G384B",26.26,NA,"Midflow"
"11933",2026-03-05,"G384B",3.263,NA,"Midflow"
"11934",2026-03-06,"G384B",1.498,NA,"Midflow"
"11935",2026-03-07,"G384B",-8.586,NA,"Midflow"
"11936",2026-03-08,"G384B",3.164,NA,"Midflow"
"11937",2026-03-09,"G384B",-10.327,NA,"Midflow"
"11938",2026-03-10,"G384B",-25.473,NA,"Midflow"
"11939",2026-03-11,"G384B",-17.781,NA,"Midflow"
"11940",2026-03-12,"G384B",10.356,NA,"Midflow"
"11941",2026-03-14,"G384B",1.701,NA,"Midflow"
"11942",2026-03-15,"G384B",-28.266,NA,"Midflow"
"11943",2026-03-16,"G384B",-36.417,NA,"Midflow"
"11944",2026-03-17,"G384B",-25.402,NA,"Midflow"
"11945",2026-03-18,"G384B",-21.236,NA,"Midflow"
"11946",2026-03-19,"G384B",-28.309,NA,"Midflow"
"11947",2026-03-20,"G384B",-39.717,NA,"Midflow"
"11948",2026-03-22,"G384B",-28.919,NA,"Midflow"
"11949",2026-03-23,"G384B",-32.191,NA,"Midflow"
"11950",2026-03-24,"G384B",-15.447,NA,"Midflow"
"11951",2026-03-25,"G384B",11.568,NA,"Midflow"
"11952",2026-03-26,"G384B",-10.746,NA,"Midflow"
"11953",2026-03-27,"G384B",-25.901,NA,"Midflow"
"11954",2026-03-28,"G384B",-19.561,NA,"Midflow"
"11955",2026-03-29,"G384B",-11.056,NA,"Midflow"
"11956",2026-03-30,"G384B",-54.437,NA,"Midflow"
"11957",2026-03-31,"G384B",-54.752,NA,"Midflow"
"11958",2026-04-01,"G384B",-51.006,NA,"Midflow"
"11959",2026-04-02,"G384B",-55.891,NA,"Midflow"
"11960",2026-04-03,"G384B",-52.932,NA,"Midflow"
"11961",2026-04-05,"G384B",49.704,NA,"Midflow"
"11962",2026-04-06,"G384B",62.99,NA,"Midflow"
"11963",2026-04-08,"G384B",108.558,NA,"Midflow"
"11964",2026-04-09,"G384B",133.808,NA,"Midflow"
"11965",2026-04-10,"G384B",150.032,NA,"Midflow"
"11966",2026-04-11,"G384B",131.962,NA,"Midflow"
"11967",2026-04-12,"G384B",98.356,NA,"Midflow"
"11968",2026-04-13,"G384B",75.606,NA,"Midflow"
"11969",2026-04-14,"G384B",60.844,NA,"Midflow"
"11970",2026-04-15,"G384B",48.37,NA,"Midflow"
"11971",2026-04-16,"G384B",-65.663,NA,"Midflow"
"11972",2026-04-17,"G384B",-67.36,NA,"Midflow"
"11973",2026-04-18,"G384B",-67.156,NA,"Midflow"
"11974",2026-04-19,"G384B",-63.656,NA,"Midflow"
"11975",2026-04-20,"G384B",-65.621,NA,"Midflow"
"11976",2026-04-21,"G384B",-61.052,NA,"Midflow"
"11977",2026-04-22,"G384B",-54.361,NA,"Midflow"
"11978",2026-04-23,"G384B",-50.617,NA,"Midflow"
"11979",2026-04-24,"G384B",-50.286,NA,"Midflow"
"11980",2026-04-25,"G384B",-65.629,NA,"Midflow"
"11981",2026-04-26,"G384B",-68.073,NA,"Midflow"
"11982",2026-04-27,"G384B",-63.427,NA,"Midflow"
"11983",2026-04-28,"G384B",-65.099,NA,"Midflow"
"11984",2026-04-29,"G384B",-74.018,NA,"Midflow"
"11985",2026-04-30,"G384B",-74.146,NA,"Midflow"
"11986",2026-05-01,"G384B",-35.687,NA,"Midflow"
"11987",2025-08-26,"G384A",0,NA,"Midflow"
"11988",2025-08-28,"G384A",0,NA,"Midflow"
"11989",2025-08-29,"G384A",0,NA,"Midflow"
"11990",2025-08-30,"G384A",0,NA,"Midflow"
"11991",2025-08-31,"G384A",0,NA,"Midflow"
"11992",2025-09-01,"G384A",0,NA,"Midflow"
"11993",2025-09-03,"G384A",0,NA,"Midflow"
"11994",2025-09-04,"G384A",0,NA,"Midflow"
"11995",2025-09-05,"G384A",0,NA,"Midflow"
"11996",2025-09-06,"G384A",0,NA,"Midflow"
"11997",2025-09-07,"G384A",0,NA,"Midflow"
"11998",2025-09-08,"G384A",0,NA,"Midflow"
"11999",2025-09-09,"G384A",0,NA,"Midflow"
"12000",2025-09-10,"G384A",0,NA,"Midflow"
"12001",2025-09-13,"G384A",0,NA,"Midflow"
"12002",2025-09-14,"G384A",0,NA,"Midflow"
"12003",2025-09-15,"G384A",0,NA,"Midflow"
"12004",2025-09-17,"G384A",0,NA,"Midflow"
"12005",2025-09-18,"G384A",0,NA,"Midflow"
"12006",2025-09-19,"G384A",0,NA,"Midflow"
"12007",2025-09-20,"G384A",0,NA,"Midflow"
"12008",2025-09-21,"G384A",0,NA,"Midflow"
"12009",2025-09-22,"G384A",0,NA,"Midflow"
"12010",2025-09-23,"G384A",0,NA,"Midflow"
"12011",2025-09-24,"G384A",0,NA,"Midflow"
"12012",2025-09-25,"G384A",0,NA,"Midflow"
"12013",2025-09-26,"G384A",0,NA,"Midflow"
"12014",2025-09-27,"G384A",0,NA,"Midflow"
"12015",2025-09-28,"G384A",0,NA,"Midflow"
"12016",2025-09-29,"G384A",0,NA,"Midflow"
"12017",2025-09-30,"G384A",0,NA,"Midflow"
"12018",2025-10-01,"G384A",0,NA,"Midflow"
"12019",2025-10-02,"G384A",0,NA,"Midflow"
"12020",2025-10-04,"G384A",0,NA,"Midflow"
"12021",2025-10-05,"G384A",0,NA,"Midflow"
"12022",2025-10-06,"G384A",0,NA,"Midflow"
"12023",2025-10-07,"G384A",0,NA,"Midflow"
"12024",2025-10-08,"G384A",0,NA,"Midflow"
"12025",2025-10-09,"G384A",0,NA,"Midflow"
"12026",2025-10-10,"G384A",0,NA,"Midflow"
"12027",2025-10-11,"G384A",0,NA,"Midflow"
"12028",2025-10-12,"G384A",0,NA,"Midflow"
"12029",2025-10-14,"G384A",0,NA,"Midflow"
"12030",2025-10-15,"G384A",0,NA,"Midflow"
"12031",2025-10-16,"G384A",0,NA,"Midflow"
"12032",2025-10-17,"G384A",0,NA,"Midflow"
"12033",2025-10-18,"G384A",0,NA,"Midflow"
"12034",2025-10-20,"G384A",0,NA,"Midflow"
"12035",2025-10-21,"G384A",0,NA,"Midflow"
"12036",2025-10-22,"G384A",0,NA,"Midflow"
"12037",2025-10-23,"G384A",0,NA,"Midflow"
"12038",2025-10-24,"G384A",0,NA,"Midflow"
"12039",2025-10-25,"G384A",0,NA,"Midflow"
"12040",2025-10-26,"G384A",0,NA,"Midflow"
"12041",2025-10-27,"G384A",0,NA,"Midflow"
"12042",2025-10-28,"G384A",0,NA,"Midflow"
"12043",2025-10-29,"G384A",0,NA,"Midflow"
"12044",2025-10-30,"G384A",0,NA,"Midflow"
"12045",2025-10-31,"G384A",0,NA,"Midflow"
"12046",2025-11-01,"G384A",0,NA,"Midflow"
"12047",2025-11-02,"G384A",0,NA,"Midflow"
"12048",2025-11-04,"G384A",0,NA,"Midflow"
"12049",2025-11-05,"G384A",0,NA,"Midflow"
"12050",2026-05-02,"G384B",0,NA,"Midflow"
"12051",2026-05-03,"G384B",0,NA,"Midflow"
"12052",2026-05-04,"G384B",0,NA,"Midflow"
"12053",2026-05-05,"G384B",0,NA,"Midflow"
"12054",2026-05-06,"G384B",0,NA,"Midflow"
"12055",2026-05-07,"G384B",0,NA,"Midflow"
"12056",2026-05-08,"G384B",0,NA,"Midflow"
"12057",2026-05-09,"G384B",0,NA,"Midflow"
"12058",2026-05-10,"G384B",0,NA,"Midflow"
"12059",2026-05-11,"G384B",0,NA,"Midflow"
"12060",2026-05-13,"G384B",0,NA,"Midflow"
"12061",2026-05-14,"G384B",0,NA,"Midflow"
"12062",2026-05-15,"G384B",0,NA,"Midflow"
"12063",2026-05-16,"G384B",0,NA,"Midflow"
"12064",2026-05-17,"G384B",0,NA,"Midflow"
"12065",2026-05-18,"G384B",0,NA,"Midflow"
"12066",2026-05-19,"G384B",0,NA,"Midflow"
"12067",2026-05-20,"G384B",0,NA,"Midflow"
"12068",2026-05-21,"G384B",0,NA,"Midflow"
"12069",2026-05-22,"G384B",0,NA,"Midflow"
"12070",2026-05-23,"G384B",0,NA,"Midflow"
"12071",2026-05-24,"G384B",0,NA,"Midflow"
"12072",2026-05-25,"G384B",0,NA,"Midflow"
"12073",2026-05-26,"G384B",0,NA,"Midflow"
"12074",2026-05-27,"G384B",0,NA,"Midflow"
"12075",2026-05-28,"G384B",0,NA,"Midflow"
"12076",2026-05-29,"G384B",0,NA,"Midflow"
"12077",2026-05-30,"G384B",0,NA,"Midflow"
"12078",2026-05-31,"G384B",0,NA,"Midflow"
"12079",2026-06-01,"G384B",0,NA,"Midflow"
"12080",2026-06-02,"G384B",0,NA,"Midflow"
"12081",2026-06-03,"G384B",0,NA,"Midflow"
"12082",2026-06-04,"G384B",0,NA,"Midflow"
"12083",2026-06-05,"G384B",0,NA,"Midflow"
"12084",2026-06-06,"G384B",0,NA,"Midflow"
"12085",2026-06-07,"G384B",0,NA,"Midflow"
"12086",2026-06-08,"G384B",0,NA,"Midflow"
"12087",2026-06-09,"G384B",0,NA,"Midflow"
"12088",2026-06-10,"G384B",0,NA,"Midflow"
"12089",2026-06-11,"G384B",0,NA,"Midflow"
"12090",2026-06-12,"G384B",0,NA,"Midflow"
"12091",2026-06-13,"G384B",0,NA,"Midflow"
"12092",2026-06-14,"G384B",0,NA,"Midflow"
"12093",2026-06-15,"G384B",0,NA,"Midflow"
"12094",2026-06-16,"G384B",0,NA,"Midflow"
"12095",2026-06-17,"G384B",0,NA,"Midflow"
"12096",2026-06-18,"G384B",0,NA,"Midflow"
"12097",2026-06-19,"G384B",0,NA,"Midflow"
"12098",2026-06-20,"G384B",0,NA,"Midflow"
"12099",2026-06-21,"G384B",0,NA,"Midflow"
"12100",2026-06-22,"G384B",0,NA,"Midflow"
"12101",2026-06-23,"G384B",0,NA,"Midflow"
"12102",2026-06-24,"G384B",-21.686,NA,"Midflow"
"12103",2026-06-25,"G384B",-0.676,NA,"Midflow"
"12104",2026-06-26,"G384B",-1.466,NA,"Midflow"
"12105",2026-06-27,"G384B",-1.424,NA,"Midflow"
"12106",2026-06-28,"G384B",-1.421,NA,"Midflow"
"12107",2026-06-29,"G384B",-1.245,NA,"Midflow"
"12108",2026-06-30,"G384B",-1.368,NA,"Midflow"
"12109",2026-07-01,"G384B",0,NA,"Midflow"
"12110",2026-07-02,"G384B",0,NA,"Midflow"
"12111",2026-07-03,"G384B",0,NA,"Midflow"
"12112",2025-11-06,"G384A",0,NA,"Midflow"
"12113",2025-11-07,"G384A",0,NA,"Midflow"
"12114",2025-11-08,"G384A",0,NA,"Midflow"
"12115",2025-11-09,"G384A",0,NA,"Midflow"
"12116",2025-11-10,"G384A",0,NA,"Midflow"
"12117",2025-11-12,"G384A",0,NA,"Midflow"
"12118",2025-11-14,"G384A",0,NA,"Midflow"
"12119",2025-11-15,"G384A",0,NA,"Midflow"
"12120",2025-11-16,"G384A",0,NA,"Midflow"
"12121",2025-11-17,"G384A",0,NA,"Midflow"
"12122",2025-11-18,"G384A",0,NA,"Midflow"
"12123",2025-11-19,"G384A",0,NA,"Midflow"
"12124",2025-11-20,"G384A",0,NA,"Midflow"
"12125",2025-11-22,"G384A",0,NA,"Midflow"
"12126",2025-11-23,"G384A",0,NA,"Midflow"
"12127",2025-11-24,"G384A",0,NA,"Midflow"
"12128",2025-11-25,"G384A",0,NA,"Midflow"
"12129",2025-11-27,"G384A",0,NA,"Midflow"
"12130",2025-11-28,"G384A",0,NA,"Midflow"
"12131",2025-11-30,"G384A",0,NA,"Midflow"
"12132",2025-12-01,"G384A",0,NA,"Midflow"
"12133",2025-12-02,"G384A",0,NA,"Midflow"
"12134",2025-12-03,"G384A",0,NA,"Midflow"
"12135",2025-12-04,"G384A",0,NA,"Midflow"
"12136",2025-12-05,"G384A",0,NA,"Midflow"
"12137",2025-12-06,"G384A",0,NA,"Midflow"
"12138",2025-12-07,"G384A",0,NA,"Midflow"
"12139",2025-12-08,"G384A",0,NA,"Midflow"
"12140",2025-12-09,"G384A",-15.026,NA,"Midflow"
"12141",2025-12-10,"G384A",-27.514,NA,"Midflow"
"12142",2025-12-11,"G384A",-5.281,NA,"Midflow"
"12143",2025-12-12,"G384A",6.66,NA,"Midflow"
"12144",2025-12-13,"G384A",1.008,NA,"Midflow"
"12145",2025-12-14,"G384A",-17.172,NA,"Midflow"
"12146",2025-12-15,"G384A",-0.838,NA,"Midflow"
"12147",2025-12-16,"G384A",-7.301,NA,"Midflow"
"12148",2025-12-17,"G384A",-3.411,NA,"Midflow"
"12149",2025-12-18,"G384A",-3.861,NA,"Midflow"
"12150",2025-12-20,"G384A",9.228,NA,"Midflow"
"12151",2025-12-21,"G384A",2.582,NA,"Midflow"
"12152",2025-12-22,"G384A",5.004,NA,"Midflow"
"12153",2025-12-23,"G384A",19.791,NA,"Midflow"
"12154",2025-12-24,"G384A",4.344,NA,"Midflow"
"12155",2025-12-25,"G384A",3.548,NA,"Midflow"
"12156",2025-12-26,"G384A",13.268,NA,"Midflow"
"12157",2025-12-27,"G384A",12.196,NA,"Midflow"
"12158",2025-12-28,"G384A",-4.696,NA,"Midflow"
"12159",2025-12-30,"G384A",-6.674,NA,"Midflow"
"12160",2025-12-31,"G384A",9.918,NA,"Midflow"
"12161",2025-12-29,"G384A",-17.136,NA,"Midflow"
"12162",2025-01-01,"G384A",17.947,NA,"Midflow"
"12163",2025-01-11,"G384A",20.738,NA,"Midflow"
"12164",2025-01-30,"G384A",22.193,NA,"Midflow"
"12165",2025-02-03,"G384A",9.63,NA,"Midflow"
"12166",2025-02-04,"G384A",-2.048,NA,"Midflow"
"12167",2025-02-10,"G384A",-35.207,NA,"Midflow"
"12168",2025-02-14,"G384A",-39.719,NA,"Midflow"
"12169",2025-02-21,"G384A",12.818,NA,"Midflow"
"12170",2025-03-02,"G384A",5.729,NA,"Midflow"
"12171",2025-03-24,"G384A",-6.766,NA,"Midflow"
"12172",2025-03-26,"G384A",2.713,NA,"Midflow"
"12173",2025-03-27,"G384A",20.541,NA,"Midflow"
"12174",2025-04-01,"G384A",-22.291,NA,"Midflow"
"12175",2026-07-04,"G384B",0,NA,"Midflow"
"12176",2026-07-05,"G384B",0,NA,"Midflow"
"12177",2026-07-06,"G384B",0,NA,"Midflow"
"12178",2026-07-07,"G384B",0,NA,"Midflow"
"12179",2026-07-08,"G384B",0,NA,"Midflow"
"12180",2026-07-09,"G384B",0,NA,"Midflow"
"12181",2026-07-10,"G384B",0,NA,"Midflow"
"12182",2026-07-12,"G384B",0,NA,"Midflow"
"12183",2026-07-13,"G384B",0,NA,"Midflow"
"12184",2026-07-14,"G384B",0,NA,"Midflow"
"12185",2026-07-15,"G384B",0,NA,"Midflow"
"12186",2026-07-16,"G384B",0,NA,"Midflow"
"12187",2026-07-18,"G384B",0,NA,"Midflow"
"12188",2026-07-19,"G384B",0,NA,"Midflow"
"12189",2026-07-20,"G384B",0,NA,"Midflow"
"12190",2026-07-21,"G384B",0,NA,"Midflow"
"12191",2026-07-22,"G384B",0,NA,"Midflow"
"12192",2026-07-23,"G384B",0,NA,"Midflow"
"12193",2026-07-24,"G384B",0,NA,"Midflow"
"12194",2026-07-25,"G384B",0,NA,"Midflow"
"12195",2026-07-26,"G384B",0,NA,"Midflow"
"12196",2026-07-27,"G384B",0,NA,"Midflow"
"12197",2026-07-28,"G384B",0,NA,"Midflow"
"12198",2026-07-29,"G384B",0,NA,"Midflow"
"12199",2026-07-30,"G384B",0,NA,"Midflow"
"12200",2026-07-31,"G384B",0,NA,"Midflow"
"12201",2026-08-01,"G384B",0,NA,"Midflow"
"12202",2026-08-02,"G384B",0,NA,"Midflow"
"12203",2026-08-03,"G384B",0,NA,"Midflow"
"12204",2026-08-04,"G384B",0,NA,"Midflow"
"12205",2026-08-05,"G384B",0,NA,"Midflow"
"12206",2026-08-06,"G384B",0,NA,"Midflow"
"12207",2026-08-07,"G384B",0,NA,"Midflow"
"12208",2026-08-08,"G384B",0,NA,"Midflow"
"12209",2026-08-09,"G384B",0,NA,"Midflow"
"12210",2026-08-11,"G384B",0,NA,"Midflow"
"12211",2026-08-12,"G384B",0,NA,"Midflow"
"12212",2026-08-13,"G384B",0,NA,"Midflow"
"12213",2026-08-14,"G384B",0,NA,"Midflow"
"12214",2026-08-15,"G384B",0,NA,"Midflow"
"12215",2026-08-16,"G384B",0,NA,"Midflow"
"12216",2026-08-17,"G384B",0,NA,"Midflow"
"12217",2026-08-18,"G384B",0,NA,"Midflow"
"12218",2026-08-19,"G384B",0,NA,"Midflow"
"12219",2026-08-20,"G384B",0,NA,"Midflow"
"12220",2026-08-21,"G384B",0,NA,"Midflow"
"12221",2026-08-22,"G384B",0,NA,"Midflow"
"12222",2026-08-23,"G384B",0,NA,"Midflow"
"12223",2026-08-24,"G384B",0,NA,"Midflow"
"12224",2026-08-25,"G384B",0,NA,"Midflow"
"12225",2026-08-26,"G384B",0,NA,"Midflow"
"12226",2026-08-27,"G384B",0,NA,"Midflow"
"12227",2026-08-28,"G384B",0,NA,"Midflow"
"12228",2026-08-29,"G384B",0,NA,"Midflow"
"12229",2026-08-30,"G384B",0,NA,"Midflow"
"12230",2026-08-31,"G384B",0,NA,"Midflow"
"12231",2026-09-01,"G384B",0,NA,"Midflow"
"12232",2026-09-02,"G384B",0,NA,"Midflow"
"12233",2026-09-03,"G384B",0,NA,"Midflow"
"12234",2026-09-04,"G384B",0,NA,"Midflow"
"12235",2026-09-05,"G384B",0,NA,"Midflow"
"12236",2026-09-06,"G384B",0,NA,"Midflow"
"12237",2026-09-07,"G384B",0,NA,"Midflow"
"12238",2025-04-05,"G384A",-12.61,NA,"Midflow"
"12239",2025-04-13,"G384A",-4.03,NA,"Midflow"
"12240",2025-04-17,"G384A",-17.474,NA,"Midflow"
"12241",2025-05-05,"G384A",34.837,NA,"Midflow"
"12242",2025-05-07,"G384A",1.205,NA,"Midflow"
"12243",2025-05-10,"G384A",-3.413,NA,"Midflow"
"12244",2025-05-20,"G384A",-33.252,NA,"Midflow"
"12245",2025-06-02,"G384A",-19.083,NA,"Midflow"
"12246",2025-06-18,"G384A",-16.005,NA,"Midflow"
"12247",2025-06-29,"G384A",-8.205,NA,"Midflow"
"12248",2025-07-02,"G384A",-9.035,NA,"Midflow"
"12249",2025-07-11,"G384A",-23.036,NA,"Midflow"
"12250",2025-07-15,"G384A",37.589,NA,"Midflow"
"12251",2025-07-27,"G384A",7.615,NA,"Midflow"
"12252",2025-07-28,"G384A",-28.603,NA,"Midflow"
"12253",2025-08-11,"G384A",0,NA,"Midflow"
"12254",2025-08-27,"G384A",0,NA,"Midflow"
"12255",2025-09-02,"G384A",0,NA,"Midflow"
"12256",2025-09-11,"G384A",0,NA,"Midflow"
"12257",2025-09-12,"G384A",0,NA,"Midflow"
"12258",2025-09-16,"G384A",0,NA,"Midflow"
"12259",2025-10-03,"G384A",0,NA,"Midflow"
"12260",2025-10-13,"G384A",0,NA,"Midflow"
"12261",2025-10-19,"G384A",0,NA,"Midflow"
"12262",2025-11-03,"G384A",0,NA,"Midflow"
"12263",2025-11-11,"G384A",0,NA,"Midflow"
"12264",2025-11-13,"G384A",0,NA,"Midflow"
"12265",2025-11-21,"G384A",0,NA,"Midflow"
"12266",2025-11-26,"G384A",0,NA,"Midflow"
"12267",2025-11-29,"G384A",0,NA,"Midflow"
"12268",2025-12-19,"G384A",-1.085,NA,"Midflow"
"12269",2025-01-01,"G384B",17.821,NA,"Midflow"
"12270",2025-01-03,"G384B",4.898,NA,"Midflow"
"12271",2025-01-04,"G384B",25.401,NA,"Midflow"
"12272",2025-01-05,"G384B",12.491,NA,"Midflow"
"12273",2025-01-06,"G384B",8.372,NA,"Midflow"
"12274",2025-01-07,"G384B",5.899,NA,"Midflow"
"12275",2025-01-08,"G384B",15.957,NA,"Midflow"
"12276",2025-01-09,"G384B",32.152,NA,"Midflow"
"12277",2025-01-10,"G384B",18.378,NA,"Midflow"
"12278",2025-01-11,"G384B",20.657,NA,"Midflow"
"12279",2025-01-12,"G384B",20.584,NA,"Midflow"
"12280",2025-01-13,"G384B",27.612,NA,"Midflow"
"12281",2025-01-14,"G384B",10.643,NA,"Midflow"
"12282",2025-01-15,"G384B",16.813,NA,"Midflow"
"12283",2025-01-16,"G384B",23.923,NA,"Midflow"
"12284",2025-01-17,"G384B",18.779,NA,"Midflow"
"12285",2025-01-18,"G384B",28.897,NA,"Midflow"
"12286",2025-01-19,"G384B",10.75,NA,"Midflow"
"12287",2025-01-20,"G384B",3.902,NA,"Midflow"
"12288",2025-01-21,"G384B",13.528,NA,"Midflow"
"12289",2025-01-22,"G384B",29.013,NA,"Midflow"
"12290",2025-01-24,"G384B",33.662,NA,"Midflow"
"12291",2025-01-25,"G384B",40.753,NA,"Midflow"
"12292",2025-01-26,"G384B",16.567,NA,"Midflow"
"12293",2025-01-27,"G384B",14.657,NA,"Midflow"
"12294",2025-01-28,"G384B",7.151,NA,"Midflow"
"12295",2025-01-29,"G384B",9.366,NA,"Midflow"
"12296",2025-01-30,"G384B",22.152,NA,"Midflow"
"12297",2025-02-01,"G384B",-2.085,NA,"Midflow"
"12298",2025-02-02,"G384B",7.283,NA,"Midflow"
"12299",2025-02-03,"G384B",9.559,NA,"Midflow"
"12300",2026-09-08,"G384B",0,NA,"Midflow"
"12301",2026-09-09,"G384B",0,NA,"Midflow"
"12302",2026-09-10,"G384B",0,NA,"Midflow"
"12303",2026-09-11,"G384B",0,NA,"Midflow"
"12304",2026-09-12,"G384B",0,NA,"Midflow"
"12305",2026-09-13,"G384B",0,NA,"Midflow"
"12306",2026-09-14,"G384B",0,NA,"Midflow"
"12307",2026-09-15,"G384B",0,NA,"Midflow"
"12308",2026-09-16,"G384B",0,NA,"Midflow"
"12309",2026-09-17,"G384B",0,NA,"Midflow"
"12310",2026-09-18,"G384B",0,NA,"Midflow"
"12311",2026-09-19,"G384B",0,NA,"Midflow"
"12312",2026-09-20,"G384B",0,NA,"Midflow"
"12313",2026-09-21,"G384B",0,NA,"Midflow"
"12314",2026-09-22,"G384B",0,NA,"Midflow"
"12315",2026-09-23,"G384B",0,NA,"Midflow"
"12316",2026-09-24,"G384B",0,NA,"Midflow"
"12317",2026-09-25,"G384B",0,NA,"Midflow"
"12318",2026-09-26,"G384B",0,NA,"Midflow"
"12319",2026-09-27,"G384B",0,NA,"Midflow"
"12320",2026-09-28,"G384B",0,NA,"Midflow"
"12321",2026-09-29,"G384B",0,NA,"Midflow"
"12322",2026-09-30,"G384B",0,NA,"Midflow"
"12323",2026-10-01,"G384B",0,NA,"Midflow"
"12324",2026-10-02,"G384B",0,NA,"Midflow"
"12325",2026-10-03,"G384B",0,NA,"Midflow"
"12326",2026-10-04,"G384B",0,NA,"Midflow"
"12327",2026-10-05,"G384B",0,NA,"Midflow"
"12328",2026-08-10,"G384B",0,NA,"Midflow"
"12329",2026-01-26,"G384B",14.852,NA,"Midflow"
"12330",2026-02-17,"G384B",29.791,NA,"Midflow"
"12331",2026-02-28,"G384B",43.149,NA,"Midflow"
"12332",2026-03-13,"G384B",23.955,NA,"Midflow"
"12333",2026-03-21,"G384B",-39.053,NA,"Midflow"
"12334",2026-04-04,"G384B",-50.912,NA,"Midflow"
"12335",2026-04-07,"G384B",83.604,NA,"Midflow"
"12336",2026-05-12,"G384B",0,NA,"Midflow"
"12337",2026-07-11,"G384B",0,NA,"Midflow"
"12338",2026-07-17,"G384B",0,NA,"Midflow"
"12339",2024-11-01,"G384C",9.831,9.576,"Midflow"
"12340",2024-11-01,"G384C",9.831,9.574,"Midflow"
"12341",2024-11-02,"G384C",3.795,9.57,"Midflow"
"12342",2024-11-02,"G384C",3.795,9.57,"Midflow"
"12343",2024-11-03,"G384C",-6.234,9.566,"Midflow"
"12344",2024-11-03,"G384C",-6.234,9.567,"Midflow"
"12345",2024-11-04,"G384C",14.177,9.565,"Midflow"
"12346",2024-11-04,"G384C",14.177,9.563,"Midflow"
"12347",2024-11-05,"G384C",12.458,9.574,"Midflow"
"12348",2024-11-05,"G384C",12.458,9.572,"Midflow"
"12349",2024-11-06,"G384C",-5.617,9.599,"Midflow"
"12350",2024-11-06,"G384C",-5.617,9.6,"Midflow"
"12351",2024-11-07,"G384C",61.64,9.833,"Midflow"
"12352",2024-11-07,"G384C",61.64,9.793,"Midflow"
"12353",2024-11-08,"G384C",205.164,10.474,"Midflow"
"12354",2024-11-08,"G384C",205.164,10.255,"Midflow"
"12355",2024-11-09,"G384C",29.038,10.357,"Midflow"
"12356",2024-11-09,"G384C",29.038,10.338,"Midflow"
"12357",2024-11-10,"G384C",-12.67,10.206,"Midflow"
"12358",2024-11-10,"G384C",-12.67,10.208,"Midflow"
"12359",2024-11-11,"G384C",-21.542,10.101,"Midflow"
"12360",2024-11-11,"G384C",-21.542,10.105,"Midflow"
"12361",2024-11-12,"G384C",4.049,10.057,"Midflow"
"12362",2024-11-12,"G384C",4.049,10.056,"Midflow"
"12363",2024-11-13,"G384C",5.148,10.06,"Midflow"
"12364",2024-11-13,"G384C",5.148,10.059,"Midflow"
"12365",2024-11-14,"G384C",6.972,10.063,"Midflow"
"12366",2024-11-14,"G384C",6.972,10.061,"Midflow"
"12367",2024-11-15,"G384C",-7.589,10.066,"Midflow"
"12368",2024-11-15,"G384C",-7.589,10.067,"Midflow"
"12369",2024-11-16,"G384C",0.415,10.067,"Midflow"
"12370",2024-11-16,"G384C",0.415,10.066,"Midflow"
"12371",2024-11-17,"G384C",6.265,10.066,"Midflow"
"12372",2024-11-17,"G384C",6.265,10.065,"Midflow"
"12373",2024-11-18,"G384C",-5.587,10.063,"Midflow"
"12374",2024-11-18,"G384C",-5.587,10.064,"Midflow"
"12375",2024-11-19,"G384C",-1.068,10.062,"Midflow"
"12376",2024-11-19,"G384C",-1.068,10.062,"Midflow"
"12377",2024-11-20,"G384C",6.743,10.061,"Midflow"
"12378",2024-11-20,"G384C",6.743,10.06,"Midflow"
"12379",2024-11-21,"G384C",4.047,10.063,"Midflow"
"12380",2024-11-21,"G384C",4.047,10.063,"Midflow"
"12381",2024-11-22,"G384C",11.478,10.06,"Midflow"
"12382",2024-11-22,"G384C",11.478,10.058,"Midflow"
"12383",2024-11-23,"G384C",29.08,10.056,"Midflow"
"12384",2024-11-23,"G384C",29.08,10.05,"Midflow"
"12385",2024-11-24,"G384C",22.618,10.049,"Midflow"
"12386",2024-11-24,"G384C",22.618,10.044,"Midflow"
"12387",2025-02-04,"G384B",-2.015,NA,"Midflow"
"12388",2025-02-05,"G384B",-11.395,NA,"Midflow"
"12389",2025-02-06,"G384B",11.522,NA,"Midflow"
"12390",2025-02-07,"G384B",3.643,NA,"Midflow"
"12391",2025-02-08,"G384B",3.722,NA,"Midflow"
"12392",2025-02-09,"G384B",-14.282,NA,"Midflow"
"12393",2025-02-11,"G384B",-8.837,NA,"Midflow"
"12394",2025-02-13,"G384B",-37.768,NA,"Midflow"
"12395",2025-02-14,"G384B",-39.564,NA,"Midflow"
"12396",2025-02-15,"G384B",-32.936,NA,"Midflow"
"12397",2025-02-16,"G384B",-38.985,NA,"Midflow"
"12398",2025-02-17,"G384B",-40.008,NA,"Midflow"
"12399",2025-02-19,"G384B",-19.026,NA,"Midflow"
"12400",2025-02-20,"G384B",-2.291,NA,"Midflow"
"12401",2025-02-21,"G384B",12.831,NA,"Midflow"
"12402",2025-02-22,"G384B",8.755,NA,"Midflow"
"12403",2025-02-23,"G384B",3.607,NA,"Midflow"
"12404",2025-02-24,"G384B",3.727,NA,"Midflow"
"12405",2025-02-25,"G384B",-7.779,NA,"Midflow"
"12406",2025-02-27,"G384B",-7.681,NA,"Midflow"
"12407",2025-02-28,"G384B",0.46,NA,"Midflow"
"12408",2025-03-01,"G384B",3.368,NA,"Midflow"
"12409",2025-03-02,"G384B",5.704,NA,"Midflow"
"12410",2025-03-03,"G384B",11.099,NA,"Midflow"
"12411",2025-03-04,"G384B",-3.163,NA,"Midflow"
"12412",2025-03-05,"G384B",-17.731,NA,"Midflow"
"12413",2025-03-06,"G384B",-12.511,NA,"Midflow"
"12414",2025-03-07,"G384B",6.982,NA,"Midflow"
"12415",2025-03-08,"G384B",5.318,NA,"Midflow"
"12416",2025-03-09,"G384B",2.91,NA,"Midflow"
"12417",2025-03-10,"G384B",-4.689,NA,"Midflow"
"12418",2025-03-11,"G384B",7.679,NA,"Midflow"
"12419",2025-03-12,"G384B",-3.693,NA,"Midflow"
"12420",2025-03-13,"G384B",5.968,NA,"Midflow"
"12421",2025-03-14,"G384B",0.553,NA,"Midflow"
"12422",2025-03-15,"G384B",20.507,NA,"Midflow"
"12423",2025-03-17,"G384B",30.925,NA,"Midflow"
"12424",2025-03-18,"G384B",10.768,NA,"Midflow"
"12425",2025-03-19,"G384B",0.982,NA,"Midflow"
"12426",2025-03-21,"G384B",-5.762,NA,"Midflow"
"12427",2025-03-22,"G384B",8.123,NA,"Midflow"
"12428",2025-03-23,"G384B",3.168,NA,"Midflow"
"12429",2025-03-24,"G384B",-6.759,NA,"Midflow"
"12430",2025-03-25,"G384B",7.235,NA,"Midflow"
"12431",2025-03-26,"G384B",2.706,NA,"Midflow"
"12432",2025-03-27,"G384B",20.512,NA,"Midflow"
"12433",2025-03-28,"G384B",16.962,NA,"Midflow"
"12434",2025-03-29,"G384B",15.615,NA,"Midflow"
"12435",2025-03-30,"G384B",15.781,NA,"Midflow"
"12436",2025-03-31,"G384B",27.893,NA,"Midflow"
"12437",2025-04-01,"G384B",-22.266,NA,"Midflow"
"12438",2025-04-02,"G384B",-20.882,NA,"Midflow"
"12439",2025-04-03,"G384B",-23.783,NA,"Midflow"
"12440",2025-04-04,"G384B",-22.875,NA,"Midflow"
"12441",2025-04-05,"G384B",-12.599,NA,"Midflow"
"12442",2025-04-06,"G384B",-21.023,NA,"Midflow"
"12443",2025-04-07,"G384B",-27.247,NA,"Midflow"
"12444",2025-04-08,"G384B",-20.434,NA,"Midflow"
"12445",2025-04-09,"G384B",-24.477,NA,"Midflow"
"12446",2025-04-10,"G384B",-27.029,NA,"Midflow"
"12447",2025-04-12,"G384B",-4.054,NA,"Midflow"
"12448",2025-04-13,"G384B",-4.009,NA,"Midflow"
"12449",2024-11-25,"G384C",8.317,10.039,"Midflow"
"12450",2024-11-25,"G384C",8.317,10.037,"Midflow"
"12451",2024-11-26,"G384C",3.375,10.033,"Midflow"
"12452",2024-11-26,"G384C",3.375,10.032,"Midflow"
"12453",2024-11-27,"G384C",7.482,10.027,"Midflow"
"12454",2024-11-27,"G384C",7.482,10.026,"Midflow"
"12455",2024-11-28,"G384C",2.648,10.022,"Midflow"
"12456",2024-11-28,"G384C",2.648,10.021,"Midflow"
"12457",2024-11-29,"G384C",3.417,10.016,"Midflow"
"12458",2024-11-29,"G384C",3.417,10.015,"Midflow"
"12459",2024-11-30,"G384C",17.773,10.009,"Midflow"
"12460",2024-11-30,"G384C",17.773,10.007,"Midflow"
"12461",2024-12-01,"G384C",4.157,9.999,"Midflow"
"12462",2024-12-01,"G384C",4.157,9.998,"Midflow"
"12463",2024-12-02,"G384C",2.773,9.989,"Midflow"
"12464",2024-12-02,"G384C",2.773,9.988,"Midflow"
"12465",2024-12-03,"G384C",-1.068,9.972,"Midflow"
"12466",2024-12-03,"G384C",-1.068,9.973,"Midflow"
"12467",2024-12-04,"G384C",6.176,9.96,"Midflow"
"12468",2024-12-04,"G384C",6.176,9.959,"Midflow"
"12469",2024-12-05,"G384C",-8.69,9.951,"Midflow"
"12470",2024-12-05,"G384C",-8.69,9.952,"Midflow"
"12471",2024-12-06,"G384C",9.036,9.943,"Midflow"
"12472",2024-12-06,"G384C",9.036,9.941,"Midflow"
"12473",2024-12-07,"G384C",-1.762,9.932,"Midflow"
"12474",2024-12-07,"G384C",-1.762,9.932,"Midflow"
"12475",2024-12-08,"G384C",-7.348,9.925,"Midflow"
"12476",2024-12-08,"G384C",-7.348,9.926,"Midflow"
"12477",2024-12-09,"G384C",-11.406,9.917,"Midflow"
"12478",2024-12-09,"G384C",-11.406,9.919,"Midflow"
"12479",2024-12-10,"G384C",-18.423,9.909,"Midflow"
"12480",2024-12-10,"G384C",-18.423,9.913,"Midflow"
"12481",2024-12-11,"G384C",-9.923,9.903,"Midflow"
"12482",2024-12-11,"G384C",-9.923,9.905,"Midflow"
"12483",2024-12-12,"G384C",-3.528,9.892,"Midflow"
"12484",2024-12-12,"G384C",-3.528,9.892,"Midflow"
"12485",2024-12-14,"G384C",15.916,9.876,"Midflow"
"12486",2024-12-14,"G384C",15.916,9.873,"Midflow"
"12487",2024-12-15,"G384C",39.402,10.071,"Midflow"
"12488",2024-12-15,"G384C",39.402,10.062,"Midflow"
"12489",2024-12-16,"G384C",22.354,10.123,"Midflow"
"12490",2024-12-16,"G384C",22.354,10.119,"Midflow"
"12491",2024-12-17,"G384C",19.697,10.17,"Midflow"
"12492",2024-12-17,"G384C",19.697,10.166,"Midflow"
"12493",2024-12-18,"G384C",20.077,10.217,"Midflow"
"12494",2024-12-18,"G384C",20.077,10.213,"Midflow"
"12495",2024-12-19,"G384C",13.697,10.276,"Midflow"
"12496",2024-12-19,"G384C",13.697,10.274,"Midflow"
"12497",2024-12-20,"G384C",26.524,10.227,"Midflow"
"12498",2024-12-20,"G384C",26.524,10.222,"Midflow"
"12499",2024-12-21,"G384C",20.554,10.186,"Midflow"
"12500",2024-12-21,"G384C",20.554,10.182,"Midflow"
"12501",2024-12-22,"G384C",31.795,10.178,"Midflow"
"12502",2024-12-22,"G384C",31.795,10.17,"Midflow"
"12503",2024-12-23,"G384C",23.466,10.228,"Midflow"
"12504",2024-12-23,"G384C",23.466,10.222,"Midflow"
"12505",2024-12-24,"G384C",29.219,10.207,"Midflow"
"12506",2024-12-24,"G384C",29.219,10.201,"Midflow"
"12507",2024-12-25,"G384C",11.186,10.187,"Midflow"
"12508",2024-12-25,"G384C",11.186,10.184,"Midflow"
"12509",2024-12-27,"G384C",24.361,10.166,"Midflow"
"12510",2024-12-27,"G384C",24.361,10.161,"Midflow"
"12511",2024-12-28,"G384C",43.29,10.189,"Midflow"
"12512",2024-12-28,"G384C",43.29,10.178,"Midflow"
"12513",2024-12-31,"G384C",10.708,10.229,"Midflow"
"12514",2024-12-31,"G384C",10.708,10.226,"Midflow"
"12515",2024-12-13,"G384C",7.689,9.883,"Midflow"
"12516",2024-12-13,"G384C",7.689,9.882,"Midflow"
"12517",2024-12-26,"G384C",-8.415,10.158,"Midflow"
"12518",2024-12-26,"G384C",-8.415,10.16,"Midflow"
"12519",2024-12-29,"G384C",38.339,10.231,"Midflow"
"12520",2024-12-29,"G384C",38.339,10.222,"Midflow"
"12521",2024-12-30,"G384C",12.827,10.233,"Midflow"
"12522",2024-12-30,"G384C",12.827,10.231,"Midflow"
"12523",2026-01-01,"G384C",9.697,9.949,"Midflow"
"12524",2026-01-01,"G384C",9.697,9.947,"Midflow"
"12525",2026-01-02,"G384C",9.491,9.94,"Midflow"
"12526",2026-01-02,"G384C",9.491,9.938,"Midflow"
"12527",2026-01-03,"G384C",-1.38,9.93,"Midflow"
"12528",2026-01-03,"G384C",-1.38,9.931,"Midflow"
"12529",2026-01-04,"G384C",-8.782,9.921,"Midflow"
"12530",2026-01-04,"G384C",-8.782,9.923,"Midflow"
"12531",2026-01-05,"G384C",-13.582,9.914,"Midflow"
"12532",2026-01-05,"G384C",-13.582,9.917,"Midflow"
"12533",2026-01-06,"G384C",-7.215,9.905,"Midflow"
"12534",2026-01-06,"G384C",-7.215,9.906,"Midflow"
"12535",2026-01-07,"G384C",-3.912,9.896,"Midflow"
"12536",2026-01-07,"G384C",-3.912,9.897,"Midflow"
"12537",2026-01-08,"G384C",-9.823,9.888,"Midflow"
"12538",2026-01-08,"G384C",-9.823,9.889,"Midflow"
"12539",2026-01-09,"G384C",5.07,9.881,"Midflow"
"12540",2026-01-09,"G384C",5.07,9.88,"Midflow"
"12541",2026-01-10,"G384C",1.205,9.872,"Midflow"
"12542",2026-01-10,"G384C",1.205,9.872,"Midflow"
"12543",2026-01-11,"G384C",14.388,9.878,"Midflow"
"12544",2026-01-11,"G384C",14.388,9.875,"Midflow"
"12545",2026-01-12,"G384C",21.592,9.945,"Midflow"
"12546",2026-01-12,"G384C",21.592,9.941,"Midflow"
"12547",2026-01-14,"G384C",7.107,9.971,"Midflow"
"12548",2026-01-14,"G384C",7.107,9.969,"Midflow"
"12549",2026-01-15,"G384C",33.942,9.994,"Midflow"
"12550",2026-01-15,"G384C",33.942,9.987,"Midflow"
"12551",2026-01-16,"G384C",39.392,10.007,"Midflow"
"12552",2026-01-16,"G384C",39.392,9.998,"Midflow"
"12553",2026-01-17,"G384C",23.169,9.995,"Midflow"
"12554",2026-01-17,"G384C",23.169,9.992,"Midflow"
"12555",2026-01-18,"G384C",16.634,9.987,"Midflow"
"12556",2026-01-18,"G384C",16.634,9.984,"Midflow"
"12557",2026-01-19,"G384C",27.672,9.985,"Midflow"
"12558",2026-01-19,"G384C",27.672,9.979,"Midflow"
"12559",2026-01-20,"G384C",16.113,9.984,"Midflow"
"12560",2026-01-20,"G384C",16.113,9.981,"Midflow"
"12561",2026-01-21,"G384C",12.135,9.976,"Midflow"
"12562",2026-01-21,"G384C",12.135,9.974,"Midflow"
"12563",2026-01-22,"G384C",21.758,10.026,"Midflow"
"12564",2026-01-22,"G384C",21.758,10.021,"Midflow"
"12565",2026-01-23,"G384C",28.842,10.092,"Midflow"
"12566",2026-01-23,"G384C",28.842,10.085,"Midflow"
"12567",2026-01-24,"G384C",20.201,10.081,"Midflow"
"12568",2026-01-24,"G384C",20.201,10.077,"Midflow"
"12569",2026-01-25,"G384C",-0.535,10.052,"Midflow"
"12570",2026-01-25,"G384C",-0.535,10.052,"Midflow"
"12571",2026-01-26,"G384C",14.855,10.043,"Midflow"
"12572",2026-01-26,"G384C",14.855,10.04,"Midflow"
"12573",2025-04-14,"G384B",-6.475,NA,"Midflow"
"12574",2025-04-15,"G384B",-16.532,NA,"Midflow"
"12575",2025-04-16,"G384B",-5.074,NA,"Midflow"
"12576",2025-04-20,"G384B",-5.7,NA,"Midflow"
"12577",2025-04-21,"G384B",-5.245,NA,"Midflow"
"12578",2025-04-22,"G384B",-16.322,NA,"Midflow"
"12579",2025-04-23,"G384B",-12.277,NA,"Midflow"
"12580",2025-04-24,"G384B",-12.9,NA,"Midflow"
"12581",2025-04-26,"G384B",-10.764,NA,"Midflow"
"12582",2025-04-27,"G384B",-11.216,NA,"Midflow"
"12583",2025-04-28,"G384B",2.657,NA,"Midflow"
"12584",2025-04-29,"G384B",-6.333,NA,"Midflow"
"12585",2025-05-01,"G384B",4.157,NA,"Midflow"
"12586",2025-05-02,"G384B",-2.781,NA,"Midflow"
"12587",2025-05-03,"G384B",0.152,NA,"Midflow"
"12588",2025-05-04,"G384B",35.778,NA,"Midflow"
"12589",2025-05-05,"G384B",34.795,NA,"Midflow"
"12590",2025-05-06,"G384B",-8.26,NA,"Midflow"
"12591",2025-05-07,"G384B",1.209,NA,"Midflow"
"12592",2025-05-08,"G384B",12.458,NA,"Midflow"
"12593",2025-05-09,"G384B",1.658,NA,"Midflow"
"12594",2025-05-10,"G384B",-3.102,NA,"Midflow"
"12595",2025-05-11,"G384B",-26,NA,"Midflow"
"12596",2025-05-12,"G384B",-38.204,NA,"Midflow"
"12597",2025-05-13,"G384B",-47.409,NA,"Midflow"
"12598",2025-05-14,"G384B",-38.112,NA,"Midflow"
"12599",2025-05-15,"G384B",-47.494,NA,"Midflow"
"12600",2025-05-16,"G384B",-47.918,NA,"Midflow"
"12601",2025-05-17,"G384B",-52.314,NA,"Midflow"
"12602",2025-05-18,"G384B",-40.611,NA,"Midflow"
"12603",2025-05-19,"G384B",-38.649,NA,"Midflow"
"12604",2025-05-20,"G384B",-33,NA,"Midflow"
"12605",2025-05-21,"G384B",-40.166,NA,"Midflow"
"12606",2025-05-22,"G384B",-31.903,NA,"Midflow"
"12607",2025-05-23,"G384B",-39.086,NA,"Midflow"
"12608",2025-05-24,"G384B",-43.167,NA,"Midflow"
"12609",2025-05-25,"G384B",-36.042,NA,"Midflow"
"12610",2025-05-26,"G384B",-41.09,NA,"Midflow"
"12611",2025-05-27,"G384B",-46.592,NA,"Midflow"
"12612",2025-05-28,"G384B",-27.846,NA,"Midflow"
"12613",2025-05-29,"G384B",-27.016,NA,"Midflow"
"12614",2025-05-30,"G384B",-29.92,NA,"Midflow"
"12615",2025-06-01,"G384B",-16.442,NA,"Midflow"
"12616",2025-06-03,"G384B",-33.317,NA,"Midflow"
"12617",2025-06-04,"G384B",12.664,NA,"Midflow"
"12618",2025-06-05,"G384B",54.703,NA,"Midflow"
"12619",2025-06-06,"G384B",5.463,NA,"Midflow"
"12620",2025-06-07,"G384B",-21.343,NA,"Midflow"
"12621",2025-06-08,"G384B",-13.802,NA,"Midflow"
"12622",2025-06-09,"G384B",-14.942,NA,"Midflow"
"12623",2025-06-10,"G384B",-1.637,NA,"Midflow"
"12624",2025-06-11,"G384B",-15.182,NA,"Midflow"
"12625",2025-06-12,"G384B",-7.325,NA,"Midflow"
"12626",2025-06-13,"G384B",30.045,NA,"Midflow"
"12627",2025-06-14,"G384B",-8.314,NA,"Midflow"
"12628",2025-06-15,"G384B",-19.962,NA,"Midflow"
"12629",2025-06-16,"G384B",-8.129,NA,"Midflow"
"12630",2025-06-17,"G384B",-21.731,NA,"Midflow"
"12631",2025-06-18,"G384B",-15.963,NA,"Midflow"
"12632",2025-06-20,"G384B",-26.087,NA,"Midflow"
"12633",2025-06-21,"G384B",-33.326,NA,"Midflow"
"12634",2025-06-22,"G384B",-30.801,NA,"Midflow"
"12635",2026-01-27,"G384C",29.411,10.049,"Midflow"
"12636",2026-01-27,"G384C",29.411,10.043,"Midflow"
"12637",2026-01-29,"G384C",28.238,10.095,"Midflow"
"12638",2026-01-29,"G384C",28.238,10.088,"Midflow"
"12639",2026-01-30,"G384C",26.805,10.091,"Midflow"
"12640",2026-01-30,"G384C",26.805,10.086,"Midflow"
"12641",2026-01-31,"G384C",31.64,10.072,"Midflow"
"12642",2026-01-31,"G384C",31.64,10.066,"Midflow"
"12643",2026-02-01,"G384C",37.598,10.03,"Midflow"
"12644",2026-02-01,"G384C",37.598,10.022,"Midflow"
"12645",2026-02-02,"G384C",16.153,9.979,"Midflow"
"12646",2026-02-02,"G384C",16.153,9.977,"Midflow"
"12647",2026-02-03,"G384C",27.693,9.96,"Midflow"
"12648",2026-02-03,"G384C",27.693,9.955,"Midflow"
"12649",2026-02-04,"G384C",23.349,10.007,"Midflow"
"12650",2026-02-04,"G384C",23.349,10.002,"Midflow"
"12651",2026-02-07,"G384C",31.267,10.14,"Midflow"
"12652",2026-02-07,"G384C",31.267,10.133,"Midflow"
"12653",2026-02-08,"G384C",19.952,10.07,"Midflow"
"12654",2026-02-08,"G384C",19.952,10.066,"Midflow"
"12655",2026-02-09,"G384C",-4.231,9.99,"Midflow"
"12656",2026-02-09,"G384C",-4.231,9.991,"Midflow"
"12657",2026-02-11,"G384C",23.987,10.063,"Midflow"
"12658",2026-02-11,"G384C",23.987,10.057,"Midflow"
"12659",2026-02-13,"G384C",32.959,10.141,"Midflow"
"12660",2026-02-13,"G384C",32.959,10.134,"Midflow"
"12661",2026-02-14,"G384C",44.396,10.175,"Midflow"
"12662",2026-02-14,"G384C",44.396,10.164,"Midflow"
"12663",2026-02-15,"G384C",39.982,10.204,"Midflow"
"12664",2026-02-15,"G384C",39.982,10.194,"Midflow"
"12665",2026-02-16,"G384C",27.073,10.217,"Midflow"
"12666",2026-02-16,"G384C",27.073,10.21,"Midflow"
"12667",2026-02-17,"G384C",29.689,10.21,"Midflow"
"12668",2026-02-17,"G384C",29.689,10.204,"Midflow"
"12669",2026-02-18,"G384C",36.656,10.223,"Midflow"
"12670",2026-02-18,"G384C",36.656,10.214,"Midflow"
"12671",2026-02-19,"G384C",31.81,10.26,"Midflow"
"12672",2026-02-19,"G384C",31.81,10.252,"Midflow"
"12673",2026-02-20,"G384C",32.927,10.274,"Midflow"
"12674",2026-02-20,"G384C",32.927,10.266,"Midflow"
"12675",2026-02-21,"G384C",24.75,10.276,"Midflow"
"12676",2026-02-21,"G384C",24.75,10.269,"Midflow"
"12677",2026-02-23,"G384C",41.014,10.278,"Midflow"
"12678",2026-02-23,"G384C",41.014,10.267,"Midflow"
"12679",2026-02-24,"G384C",46.759,10.257,"Midflow"
"12680",2026-02-24,"G384C",46.759,10.245,"Midflow"
"12681",2026-02-25,"G384C",43.084,10.237,"Midflow"
"12682",2026-02-25,"G384C",43.084,10.227,"Midflow"
"12683",2026-02-26,"G384C",41.822,10.231,"Midflow"
"12684",2026-02-26,"G384C",41.822,10.22,"Midflow"
"12685",2026-02-27,"G384C",41.251,10.228,"Midflow"
"12686",2026-02-27,"G384C",41.251,10.218,"Midflow"
"12687",2026-02-28,"G384C",43.011,10.234,"Midflow"
"12688",2026-02-28,"G384C",43.011,10.223,"Midflow"
"12689",2026-03-01,"G384C",26.475,10.231,"Midflow"
"12690",2026-03-01,"G384C",26.475,10.225,"Midflow"
"12691",2026-03-03,"G384C",19.162,10.063,"Midflow"
"12692",2026-03-03,"G384C",19.162,10.06,"Midflow"
"12693",2026-03-04,"G384C",26.097,10.133,"Midflow"
"12694",2026-03-04,"G384C",26.097,10.127,"Midflow"
"12695",2026-03-05,"G384C",2.963,10.133,"Midflow"
"12696",2026-03-05,"G384C",2.963,10.132,"Midflow"
"12697",2026-03-06,"G384C",1.757,10.16,"Midflow"
"12698",2026-03-06,"G384C",1.757,10.16,"Midflow"
"12699",2026-03-07,"G384C",-8.537,10.104,"Midflow"
"12700",2026-03-07,"G384C",-8.537,10.106,"Midflow"
"12701",2026-03-08,"G384C",3.192,10.086,"Midflow"
"12702",2026-03-08,"G384C",3.192,10.086,"Midflow"
"12703",2026-03-09,"G384C",-10.266,10.055,"Midflow"
"12704",2026-03-09,"G384C",-10.266,10.057,"Midflow"
"12705",2026-03-10,"G384C",-25.36,9.989,"Midflow"
"12706",2026-03-10,"G384C",-25.36,9.994,"Midflow"
"12707",2026-03-11,"G384C",-17.586,9.968,"Midflow"
"12708",2026-03-11,"G384C",-17.586,9.971,"Midflow"
"12709",2026-03-12,"G384C",9.973,10.069,"Midflow"
"12710",2026-03-12,"G384C",9.973,10.067,"Midflow"
"12711",2026-03-13,"G384C",23.578,10.155,"Midflow"
"12712",2026-03-13,"G384C",23.578,10.15,"Midflow"
"12713",2026-03-14,"G384C",1.63,10.196,"Midflow"
"12714",2026-03-14,"G384C",1.63,10.195,"Midflow"
"12715",2026-03-16,"G384C",-36.224,10.119,"Midflow"
"12716",2026-03-16,"G384C",-36.224,10.126,"Midflow"
"12717",2026-03-17,"G384C",-25.317,10.119,"Midflow"
"12718",2026-03-17,"G384C",-25.317,10.124,"Midflow"
"12719",2026-03-18,"G384C",-21.171,10.113,"Midflow"
"12720",2026-03-18,"G384C",-21.171,10.116,"Midflow"
"12721",2026-03-19,"G384C",-28.156,10.049,"Midflow"
"12722",2026-03-19,"G384C",-28.156,10.055,"Midflow"
"12723",2026-03-20,"G384C",-39.581,9.98,"Midflow"
"12724",2026-03-20,"G384C",-39.581,9.989,"Midflow"
"12725",2026-03-21,"G384C",-38.865,9.895,"Midflow"
"12726",2026-03-21,"G384C",-38.865,9.904,"Midflow"
"12727",2026-03-22,"G384C",-28.73,9.838,"Midflow"
"12728",2026-03-22,"G384C",-28.73,9.844,"Midflow"
"12729",2026-03-24,"G384C",-15.406,9.883,"Midflow"
"12730",2026-03-24,"G384C",-15.406,9.886,"Midflow"
"12731",2026-03-25,"G384C",12.1,10.073,"Midflow"
"12732",2026-03-25,"G384C",12.1,10.071,"Midflow"
"12733",2026-03-26,"G384C",-10.903,10.124,"Midflow"
"12734",2026-03-26,"G384C",-10.903,10.126,"Midflow"
"12735",2026-03-27,"G384C",-25.895,10.144,"Midflow"
"12736",2026-03-27,"G384C",-25.895,10.149,"Midflow"
"12737",2026-03-28,"G384C",-19.47,10.173,"Midflow"
"12738",2026-03-28,"G384C",-19.47,10.177,"Midflow"
"12739",2026-03-29,"G384C",-11.115,10.288,"Midflow"
"12740",2026-03-29,"G384C",-11.115,10.292,"Midflow"
"12741",2026-03-30,"G384C",-54.272,10.259,"Midflow"
"12742",2026-03-30,"G384C",-54.272,10.274,"Midflow"
"12743",2026-03-31,"G384C",-54.627,10.102,"Midflow"
"12744",2026-03-31,"G384C",-54.627,10.118,"Midflow"
"12745",2026-04-01,"G384C",-50.863,9.987,"Midflow"
"12746",2026-04-01,"G384C",-50.863,10,"Midflow"
"12747",2026-04-02,"G384C",-55.765,9.907,"Midflow"
"12748",2026-04-02,"G384C",-55.765,9.923,"Midflow"
"12749",2026-04-03,"G384C",-52.788,9.857,"Midflow"
"12750",2026-04-03,"G384C",-52.788,9.872,"Midflow"
"12751",2026-04-04,"G384C",-50.763,9.816,"Midflow"
"12752",2026-04-04,"G384C",-50.763,9.83,"Midflow"
"12753",2026-04-05,"G384C",49.621,10.109,"Midflow"
"12754",2026-04-05,"G384C",49.621,10.09,"Midflow"
"12755",2026-04-06,"G384C",62.814,10.38,"Midflow"
"12756",2026-04-06,"G384C",62.814,10.36,"Midflow"
"12757",2026-04-07,"G384C",83.431,10.541,"Midflow"
"12758",2026-04-07,"G384C",83.431,10.505,"Midflow"
"12759",2025-06-24,"G384B",7.416,NA,"Midflow"
"12760",2025-06-25,"G384B",18.786,NA,"Midflow"
"12761",2025-06-26,"G384B",10.536,NA,"Midflow"
"12762",2025-06-27,"G384B",-22.667,NA,"Midflow"
"12763",2025-06-28,"G384B",-25.951,NA,"Midflow"
"12764",2025-06-30,"G384B",-8.481,NA,"Midflow"
"12765",2025-07-01,"G384B",-8.677,NA,"Midflow"
"12766",2025-07-02,"G384B",-9.001,NA,"Midflow"
"12767",2025-07-03,"G384B",25.916,NA,"Midflow"
"12768",2025-07-04,"G384B",49.237,NA,"Midflow"
"12769",2025-07-05,"G384B",64.98,NA,"Midflow"
"12770",2025-07-06,"G384B",70.393,NA,"Midflow"
"12771",2025-07-07,"G384B",50.305,NA,"Midflow"
"12772",2025-07-08,"G384B",-8.945,NA,"Midflow"
"12773",2025-07-09,"G384B",-25.631,NA,"Midflow"
"12774",2025-07-12,"G384B",-25.75,NA,"Midflow"
"12775",2025-07-13,"G384B",-9.02,NA,"Midflow"
"12776",2025-07-14,"G384B",-22.223,NA,"Midflow"
"12777",2025-07-15,"G384B",37.554,NA,"Midflow"
"12778",2025-07-16,"G384B",119.357,NA,"Midflow"
"12779",2025-07-17,"G384B",146.519,NA,"Midflow"
"12780",2025-07-18,"G384B",108.619,NA,"Midflow"
"12781",2025-07-19,"G384B",91.474,NA,"Midflow"
"12782",2025-07-20,"G384B",18.101,NA,"Midflow"
"12783",2025-07-21,"G384B",-5.39,NA,"Midflow"
"12784",2025-07-22,"G384B",-12.876,NA,"Midflow"
"12785",2025-07-23,"G384B",-19.152,NA,"Midflow"
"12786",2025-07-24,"G384B",44.265,NA,"Midflow"
"12787",2025-07-25,"G384B",4.895,NA,"Midflow"
"12788",2025-07-26,"G384B",-24.283,NA,"Midflow"
"12789",2025-07-27,"G384B",7.611,NA,"Midflow"
"12790",2025-07-28,"G384B",-27.425,NA,"Midflow"
"12791",2025-07-29,"G384B",-8.717,NA,"Midflow"
"12792",2025-07-30,"G384B",-15.52,NA,"Midflow"
"12793",2025-07-31,"G384B",-6.466,NA,"Midflow"
"12794",2025-08-04,"G384B",-5.189,NA,"Midflow"
"12795",2025-08-06,"G384B",-8.709,NA,"Midflow"
"12796",2025-08-07,"G384B",-26.989,NA,"Midflow"
"12797",2025-08-08,"G384B",-31.034,NA,"Midflow"
"12798",2025-08-10,"G384B",-12.583,NA,"Midflow"
"12799",2025-08-11,"G384B",-12.462,NA,"Midflow"
"12800",2025-08-12,"G384B",-11.674,NA,"Midflow"
"12801",2025-08-13,"G384B",-21.907,NA,"Midflow"
"12802",2025-08-14,"G384B",-15.823,NA,"Midflow"
"12803",2025-08-15,"G384B",-16.387,NA,"Midflow"
"12804",2025-08-16,"G384B",-28.946,NA,"Midflow"
"12805",2025-08-17,"G384B",-26.308,NA,"Midflow"
"12806",2025-08-18,"G384B",-31.575,NA,"Midflow"
"12807",2025-08-19,"G384B",-7.733,NA,"Midflow"
"12808",2025-08-20,"G384B",-5.913,NA,"Midflow"
"12809",2025-08-21,"G384B",-16.021,NA,"Midflow"
"12810",2025-08-22,"G384B",-15.843,NA,"Midflow"
"12811",2025-08-23,"G384B",4.778,NA,"Midflow"
"12812",2025-08-24,"G384B",-5.524,NA,"Midflow"
"12813",2025-08-25,"G384B",32.044,NA,"Midflow"
"12814",2025-08-26,"G384B",-18.77,NA,"Midflow"
"12815",2025-08-27,"G384B",-8.827,NA,"Midflow"
"12816",2025-08-28,"G384B",3.332,NA,"Midflow"
"12817",2025-08-29,"G384B",-3.174,NA,"Midflow"
"12818",2025-08-30,"G384B",-4.879,NA,"Midflow"
"12819",2025-09-01,"G384B",76.363,NA,"Midflow"
"12820",2025-09-02,"G384B",110.029,NA,"Midflow"
"12821",2026-04-08,"G384C",108.327,10.659,"Midflow"
"12822",2026-04-08,"G384C",108.327,10.598,"Midflow"
"12823",2026-04-09,"G384C",133.512,10.807,"Midflow"
"12824",2026-04-09,"G384C",133.512,10.715,"Midflow"
"12825",2026-04-10,"G384C",149.68,10.924,"Midflow"
"12826",2026-04-10,"G384C",149.68,10.809,"Midflow"
"12827",2026-04-11,"G384C",131.588,11.02,"Midflow"
"12828",2026-04-11,"G384C",131.588,10.93,"Midflow"
"12829",2026-04-12,"G384C",98.139,10.93,"Midflow"
"12830",2026-04-12,"G384C",98.139,10.88,"Midflow"
"12831",2026-04-13,"G384C",75.419,10.779,"Midflow"
"12832",2026-04-13,"G384C",75.419,10.749,"Midflow"
"12833",2026-04-14,"G384C",60.708,10.624,"Midflow"
"12834",2026-04-14,"G384C",60.708,10.604,"Midflow"
"12835",2026-04-15,"G384C",48.148,10.59,"Midflow"
"12836",2026-04-15,"G384C",48.148,10.571,"Midflow"
"12837",2026-04-17,"G384C",-67.205,10.225,"Midflow"
"12838",2026-04-17,"G384C",-67.205,10.249,"Midflow"
"12839",2026-04-18,"G384C",-66.971,10.104,"Midflow"
"12840",2026-04-18,"G384C",-66.971,10.128,"Midflow"
"12841",2026-04-19,"G384C",-63.502,10.021,"Midflow"
"12842",2026-04-19,"G384C",-63.502,10.042,"Midflow"
"12843",2026-04-20,"G384C",-65.465,9.956,"Midflow"
"12844",2026-04-20,"G384C",-65.465,9.978,"Midflow"
"12845",2026-04-21,"G384C",-60.898,9.952,"Midflow"
"12846",2026-04-21,"G384C",-60.898,9.972,"Midflow"
"12847",2026-04-22,"G384C",-54.207,10.04,"Midflow"
"12848",2026-04-22,"G384C",-54.207,10.055,"Midflow"
"12849",2026-04-23,"G384C",-50.439,10.145,"Midflow"
"12850",2026-04-23,"G384C",-50.439,10.159,"Midflow"
"12851",2026-04-24,"G384C",-50.126,10.32,"Midflow"
"12852",2026-04-24,"G384C",-50.126,10.334,"Midflow"
"12853",2026-04-25,"G384C",-65.388,10.381,"Midflow"
"12854",2026-04-25,"G384C",-65.388,10.403,"Midflow"
"12855",2026-04-26,"G384C",-67.894,10.381,"Midflow"
"12856",2026-04-26,"G384C",-67.894,10.405,"Midflow"
"12857",2026-04-27,"G384C",-63.267,10.334,"Midflow"
"12858",2026-04-27,"G384C",-63.267,10.355,"Midflow"
"12859",2026-04-28,"G384C",-64.975,10.331,"Midflow"
"12860",2026-04-28,"G384C",-64.975,10.353,"Midflow"
"12861",2026-04-29,"G384C",-73.783,10.273,"Midflow"
"12862",2026-04-29,"G384C",-73.783,10.302,"Midflow"
"12863",2026-04-30,"G384C",-43.939,10.184,"Midflow"
"12864",2026-04-30,"G384C",-43.939,10.212,"Midflow"
"12865",2026-05-01,"G384C",0,10.114,"Midflow"
"12866",2026-05-01,"G384C",0,10.141,"Midflow"
"12867",2026-05-02,"G384C",0,10.096,"Midflow"
"12868",2026-05-02,"G384C",0,10.122,"Midflow"
"12869",2026-05-03,"G384C",0,10.085,"Midflow"
"12870",2026-05-03,"G384C",0,10.108,"Midflow"
"12871",2026-05-04,"G384C",0,10.096,"Midflow"
"12872",2026-05-04,"G384C",0,10.122,"Midflow"
"12873",2026-05-05,"G384C",0,10.082,"Midflow"
"12874",2026-05-05,"G384C",0,10.109,"Midflow"
"12875",2026-05-07,"G384C",0,10.041,"Midflow"
"12876",2026-05-07,"G384C",0,10.069,"Midflow"
"12877",2026-05-08,"G384C",0,10.017,"Midflow"
"12878",2026-05-08,"G384C",0,10.046,"Midflow"
"12879",2026-05-09,"G384C",0,9.994,"Midflow"
"12880",2026-05-09,"G384C",0,10.025,"Midflow"
"12881",2026-05-10,"G384C",0,9.98,"Midflow"
"12882",2026-05-10,"G384C",0,10.013,"Midflow"
"12883",2026-05-13,"G384C",0,10.107,"Midflow"
"12884",2026-05-13,"G384C",0,10.143,"Midflow"
"12885",2026-05-14,"G384C",0,10.121,"Midflow"
"12886",2026-05-14,"G384C",0,10.154,"Midflow"
"12887",2026-05-15,"G384C",0,10.104,"Midflow"
"12888",2026-05-15,"G384C",0,10.137,"Midflow"
"12889",2026-05-16,"G384C",0,10.086,"Midflow"
"12890",2026-05-16,"G384C",0,10.116,"Midflow"
"12891",2026-05-17,"G384C",0,10.082,"Midflow"
"12892",2026-05-17,"G384C",0,10.108,"Midflow"
"12893",2026-05-18,"G384C",0,10.102,"Midflow"
"12894",2026-05-18,"G384C",0,10.131,"Midflow"
"12895",2026-05-19,"G384C",0,10.132,"Midflow"
"12896",2026-05-19,"G384C",0,10.16,"Midflow"
"12897",2026-05-20,"G384C",0,10.143,"Midflow"
"12898",2026-05-20,"G384C",0,10.176,"Midflow"
"12899",2026-05-21,"G384C",0,10.134,"Midflow"
"12900",2026-05-21,"G384C",0,10.168,"Midflow"
"12901",2026-05-22,"G384C",0,10.118,"Midflow"
"12902",2026-05-22,"G384C",0,10.152,"Midflow"
"12903",2026-05-23,"G384C",0,10.099,"Midflow"
"12904",2026-05-23,"G384C",0,10.132,"Midflow"
"12905",2026-05-24,"G384C",0,10.118,"Midflow"
"12906",2026-05-24,"G384C",0,10.15,"Midflow"
"12907",2026-05-26,"G384C",0,10.12,"Midflow"
"12908",2026-05-26,"G384C",0,10.158,"Midflow"
"12909",2026-05-27,"G384C",0,10.092,"Midflow"
"12910",2026-05-27,"G384C",0,10.129,"Midflow"
"12911",2026-05-28,"G384C",0,10.076,"Midflow"
"12912",2026-05-28,"G384C",0,10.111,"Midflow"
"12913",2026-05-29,"G384C",0,10.085,"Midflow"
"12914",2026-05-29,"G384C",0,10.118,"Midflow"
"12915",2026-05-30,"G384C",0,10.16,"Midflow"
"12916",2026-05-30,"G384C",0,10.199,"Midflow"
"12917",2026-05-31,"G384C",0,10.141,"Midflow"
"12918",2026-05-31,"G384C",0,10.183,"Midflow"
"12919",2026-06-01,"G384C",0,10.129,"Midflow"
"12920",2026-06-01,"G384C",0,10.17,"Midflow"
"12921",2026-06-02,"G384C",0,10.119,"Midflow"
"12922",2026-06-02,"G384C",0,10.159,"Midflow"
"12923",2026-06-04,"G384C",0,10.201,"Midflow"
"12924",2026-06-04,"G384C",0,10.251,"Midflow"
"12925",2026-06-05,"G384C",0,10.179,"Midflow"
"12926",2026-06-05,"G384C",0,10.225,"Midflow"
"12927",2026-06-06,"G384C",0,10.146,"Midflow"
"12928",2026-06-06,"G384C",0,10.193,"Midflow"
"12929",2026-06-07,"G384C",0,10.118,"Midflow"
"12930",2026-06-07,"G384C",0,10.16,"Midflow"
"12931",2026-06-08,"G384C",0,10.089,"Midflow"
"12932",2026-06-08,"G384C",0,10.13,"Midflow"
"12933",2026-06-09,"G384C",0,10.06,"Midflow"
"12934",2026-06-09,"G384C",0,10.101,"Midflow"
"12935",2026-06-10,"G384C",0,10.035,"Midflow"
"12936",2026-06-10,"G384C",0,10.074,"Midflow"
"12937",2026-06-11,"G384C",0,10.003,"Midflow"
"12938",2026-06-11,"G384C",0,10.046,"Midflow"
"12939",2026-06-12,"G384C",0,9.969,"Midflow"
"12940",2026-06-12,"G384C",0,10.012,"Midflow"
"12941",2026-06-13,"G384C",0,9.945,"Midflow"
"12942",2026-06-13,"G384C",0,9.988,"Midflow"
"12943",2026-06-14,"G384C",0,9.932,"Midflow"
"12944",2026-06-14,"G384C",0,9.975,"Midflow"
"12945",2025-09-03,"G384B",108.213,NA,"Midflow"
"12946",2025-09-04,"G384B",136.011,NA,"Midflow"
"12947",2025-09-05,"G384B",111.929,NA,"Midflow"
"12948",2025-09-06,"G384B",107.059,NA,"Midflow"
"12949",2025-09-07,"G384B",65.842,NA,"Midflow"
"12950",2025-09-09,"G384B",126.271,NA,"Midflow"
"12951",2025-09-10,"G384B",166.953,NA,"Midflow"
"12952",2025-09-11,"G384B",176.793,NA,"Midflow"
"12953",2025-09-12,"G384B",176.047,NA,"Midflow"
"12954",2025-09-13,"G384B",169.85,NA,"Midflow"
"12955",2025-09-14,"G384B",150.196,NA,"Midflow"
"12956",2025-09-15,"G384B",131.556,NA,"Midflow"
"12957",2025-09-16,"G384B",91.329,NA,"Midflow"
"12958",2025-09-17,"G384B",83.741,NA,"Midflow"
"12959",2025-09-18,"G384B",82.156,NA,"Midflow"
"12960",2025-09-19,"G384B",62.544,NA,"Midflow"
"12961",2025-09-20,"G384B",37.441,NA,"Midflow"
"12962",2025-09-21,"G384B",42.43,NA,"Midflow"
"12963",2025-09-22,"G384B",0.392,NA,"Midflow"
"12964",2025-09-23,"G384B",-54.909,NA,"Midflow"
"12965",2025-09-24,"G384B",-18.384,NA,"Midflow"
"12966",2025-09-25,"G384B",76.871,NA,"Midflow"
"12967",2025-09-26,"G384B",113.502,NA,"Midflow"
"12968",2025-09-27,"G384B",116.552,NA,"Midflow"
"12969",2025-09-28,"G384B",106.306,NA,"Midflow"
"12970",2025-09-29,"G384B",72.923,NA,"Midflow"
"12971",2025-09-30,"G384B",7.281,NA,"Midflow"
"12972",2025-10-01,"G384B",-47.502,NA,"Midflow"
"12973",2025-10-03,"G384B",9.255,NA,"Midflow"
"12974",2025-10-04,"G384B",55.62,NA,"Midflow"
"12975",2025-10-05,"G384B",33.957,NA,"Midflow"
"12976",2025-10-06,"G384B",4.269,NA,"Midflow"
"12977",2025-10-07,"G384B",17.634,NA,"Midflow"
"12978",2025-10-08,"G384B",-6.735,NA,"Midflow"
"12979",2025-10-09,"G384B",17.662,NA,"Midflow"
"12980",2025-10-10,"G384B",-6.756,NA,"Midflow"
"12981",2025-10-11,"G384B",69.575,NA,"Midflow"
"12982",2025-10-12,"G384B",198.559,NA,"Midflow"
"12983",2025-10-13,"G384B",202.314,NA,"Midflow"
"12984",2025-10-14,"G384B",147.617,NA,"Midflow"
"12985",2025-10-16,"G384B",53.464,NA,"Midflow"
"12986",2025-10-17,"G384B",40.664,NA,"Midflow"
"12987",2025-10-18,"G384B",21.729,NA,"Midflow"
"12988",2025-10-19,"G384B",-10.081,NA,"Midflow"
"12989",2025-10-20,"G384B",-20.634,NA,"Midflow"
"12990",2025-10-21,"G384B",27.393,NA,"Midflow"
"12991",2025-10-22,"G384B",5.787,NA,"Midflow"
"12992",2025-10-23,"G384B",-16.746,NA,"Midflow"
"12993",2025-10-24,"G384B",-26.195,NA,"Midflow"
"12994",2025-10-27,"G384B",-19.671,NA,"Midflow"
"12995",2025-10-28,"G384B",-18.235,NA,"Midflow"
"12996",2025-10-29,"G384B",-20.537,NA,"Midflow"
"12997",2025-10-30,"G384B",0.916,NA,"Midflow"
"12998",2025-10-31,"G384B",13.627,NA,"Midflow"
"12999",2025-11-01,"G384B",5.222,NA,"Midflow"
"13000",2025-11-02,"G384B",9.261,NA,"Midflow"
"13001",2025-11-03,"G384B",-0.736,NA,"Midflow"
"13002",2025-11-04,"G384B",6.025,NA,"Midflow"
"13003",2025-11-06,"G384B",5.147,NA,"Midflow"
"13004",2025-11-07,"G384B",-2.186,NA,"Midflow"
"13005",2025-11-08,"G384B",-18.194,NA,"Midflow"
"13006",2025-11-09,"G384B",-26.21,NA,"Midflow"
"13007",2026-06-15,"G384C",0,9.906,"Midflow"
"13008",2026-06-15,"G384C",0,9.951,"Midflow"
"13009",2026-06-17,"G384C",0,9.851,"Midflow"
"13010",2026-06-17,"G384C",0,9.895,"Midflow"
"13011",2026-06-18,"G384C",0,9.824,"Midflow"
"13012",2026-06-18,"G384C",0,9.867,"Midflow"
"13013",2026-06-19,"G384C",0,9.849,"Midflow"
"13014",2026-06-19,"G384C",0,9.887,"Midflow"
"13015",2026-06-20,"G384C",0,10.041,"Midflow"
"13016",2026-06-20,"G384C",0,10.054,"Midflow"
"13017",2026-06-21,"G384C",0,10.051,"Midflow"
"13018",2026-06-21,"G384C",0,10.088,"Midflow"
"13019",2026-06-23,"G384C",0,10.027,"Midflow"
"13020",2026-06-23,"G384C",0,10.07,"Midflow"
"13021",2026-06-24,"G384C",0,10.012,"Midflow"
"13022",2026-06-24,"G384C",0,10.056,"Midflow"
"13023",2026-06-25,"G384C",-0.911,10.005,"Midflow"
"13024",2026-06-25,"G384C",-0.911,10.051,"Midflow"
"13025",2026-06-26,"G384C",0,10.029,"Midflow"
"13026",2026-06-26,"G384C",0,10.075,"Midflow"
"13027",2026-06-27,"G384C",0,10.072,"Midflow"
"13028",2026-06-27,"G384C",0,10.115,"Midflow"
"13029",2026-06-28,"G384C",0,10.071,"Midflow"
"13030",2026-06-28,"G384C",0,10.115,"Midflow"
"13031",2026-06-29,"G384C",0,10.052,"Midflow"
"13032",2026-06-29,"G384C",0,10.097,"Midflow"
"13033",2026-06-30,"G384C",0,10.027,"Midflow"
"13034",2026-06-30,"G384C",0,10.074,"Midflow"
"13035",2026-07-01,"G384C",0,10.003,"Midflow"
"13036",2026-07-01,"G384C",0,10.053,"Midflow"
"13037",2026-07-02,"G384C",0,9.98,"Midflow"
"13038",2026-07-02,"G384C",0,10.03,"Midflow"
"13039",2026-07-03,"G384C",0,10.03,"Midflow"
"13040",2026-07-03,"G384C",0,10.081,"Midflow"
"13041",2026-07-04,"G384C",0,10.158,"Midflow"
"13042",2026-07-04,"G384C",0,10.21,"Midflow"
"13043",2026-07-05,"G384C",0,10.159,"Midflow"
"13044",2026-07-05,"G384C",0,10.21,"Midflow"
"13045",2026-07-07,"G384C",0,10.217,"Midflow"
"13046",2026-07-07,"G384C",0,10.284,"Midflow"
"13047",2026-07-08,"G384C",0,10.195,"Midflow"
"13048",2026-07-08,"G384C",0,10.251,"Midflow"
"13049",2026-07-09,"G384C",0,10.168,"Midflow"
"13050",2026-07-09,"G384C",0,10.229,"Midflow"
"13051",2026-07-10,"G384C",0,10.144,"Midflow"
"13052",2026-07-10,"G384C",0,10.2,"Midflow"
"13053",2026-07-11,"G384C",0,10.184,"Midflow"
"13054",2026-07-11,"G384C",0,10.236,"Midflow"
"13055",2026-07-13,"G384C",0,10.277,"Midflow"
"13056",2026-07-13,"G384C",0,10.368,"Midflow"
"13057",2026-07-14,"G384C",0,10.255,"Midflow"
"13058",2026-07-14,"G384C",0,10.315,"Midflow"
"13059",2026-07-15,"G384C",0,10.231,"Midflow"
"13060",2026-07-15,"G384C",0,10.288,"Midflow"
"13061",2026-07-16,"G384C",0,10.207,"Midflow"
"13062",2026-07-16,"G384C",0,10.264,"Midflow"
"13063",2026-07-17,"G384C",0,10.26,"Midflow"
"13064",2026-07-17,"G384C",0,10.357,"Midflow"
"13065",2026-07-18,"G384C",0,10.381,"Midflow"
"13066",2026-07-18,"G384C",0,10.457,"Midflow"
"13067",2026-07-19,"G384C",0,10.374,"Midflow"
"13068",2026-07-19,"G384C",0,10.44,"Midflow"
"13069",2026-07-20,"G384C",0,10.374,"Midflow"
"13070",2026-07-20,"G384C",0,10.437,"Midflow"
"13071",2026-07-21,"G384C",0,10.35,"Midflow"
"13072",2026-07-21,"G384C",0,10.415,"Midflow"
"13073",2026-07-22,"G384C",0,10.328,"Midflow"
"13074",2026-07-22,"G384C",0,10.388,"Midflow"
"13075",2026-07-23,"G384C",0,10.294,"Midflow"
"13076",2026-07-23,"G384C",0,10.352,"Midflow"
"13077",2026-07-24,"G384C",0,10.199,"Midflow"
"13078",2026-07-24,"G384C",0,10.255,"Midflow"
"13079",2026-07-25,"G384C",0,10.198,"Midflow"
"13080",2026-07-25,"G384C",0,10.298,"Midflow"
"13081",2026-07-26,"G384C",0,10.215,"Midflow"
"13082",2026-07-26,"G384C",0,10.306,"Midflow"
"13083",2026-07-27,"G384C",0,10.166,"Midflow"
"13084",2026-07-27,"G384C",0,10.236,"Midflow"
"13085",2026-07-28,"G384C",0,10.114,"Midflow"
"13086",2026-07-28,"G384C",0,10.181,"Midflow"
"13087",2026-07-29,"G384C",-0.004,10.057,"Midflow"
"13088",2026-07-29,"G384C",-0.004,10.117,"Midflow"
"13089",2026-07-30,"G384C",0,9.992,"Midflow"
"13090",2026-07-30,"G384C",0,10.053,"Midflow"
"13091",2026-07-31,"G384C",0,9.928,"Midflow"
"13092",2026-07-31,"G384C",0,9.993,"Midflow"
"13093",2026-08-01,"G384C",0,9.883,"Midflow"
"13094",2026-08-01,"G384C",0,9.942,"Midflow"
"13095",2026-08-02,"G384C",0,9.89,"Midflow"
"13096",2026-08-02,"G384C",0,9.946,"Midflow"
"13097",2026-08-03,"G384C",0,9.914,"Midflow"
"13098",2026-08-03,"G384C",0,9.983,"Midflow"
"13099",2026-08-04,"G384C",0,9.894,"Midflow"
"13100",2026-08-04,"G384C",0,9.957,"Midflow"
"13101",2026-08-05,"G384C",0,9.996,"Midflow"
"13102",2026-08-05,"G384C",0,10.163,"Midflow"
"13103",2026-08-06,"G384C",0,10.301,"Midflow"
"13104",2026-08-06,"G384C",0,10.454,"Midflow"
"13105",2026-08-07,"G384C",0,10.338,"Midflow"
"13106",2026-08-07,"G384C",0,10.387,"Midflow"
"13107",2026-08-08,"G384C",0,10.308,"Midflow"
"13108",2026-08-08,"G384C",0,10.346,"Midflow"
"13109",2026-08-09,"G384C",0,10.261,"Midflow"
"13110",2026-08-09,"G384C",0,10.303,"Midflow"
"13111",2026-08-10,"G384C",0,10.225,"Midflow"
"13112",2026-08-10,"G384C",0,10.263,"Midflow"
"13113",2026-08-11,"G384C",0,10.178,"Midflow"
"13114",2026-08-11,"G384C",0,10.223,"Midflow"
"13115",2026-08-12,"G384C",0,10.17,"Midflow"
"13116",2026-08-12,"G384C",0,10.212,"Midflow"
"13117",2026-08-13,"G384C",0,10.302,"Midflow"
"13118",2026-08-13,"G384C",0,10.322,"Midflow"
"13119",2026-08-14,"G384C",0,10.415,"Midflow"
"13120",2026-08-14,"G384C",0,10.437,"Midflow"
"13121",2026-08-15,"G384C",0,10.435,"Midflow"
"13122",2026-08-15,"G384C",0,10.467,"Midflow"
"13123",2026-08-16,"G384C",0,10.343,"Midflow"
"13124",2026-08-16,"G384C",0,10.389,"Midflow"
"13125",2026-08-17,"G384C",0,10.233,"Midflow"
"13126",2026-08-17,"G384C",0,10.297,"Midflow"
"13127",2026-08-18,"G384C",0,10.155,"Midflow"
"13128",2026-08-18,"G384C",0,10.218,"Midflow"
"13129",2026-08-19,"G384C",0,10.103,"Midflow"
"13130",2026-08-19,"G384C",0,10.164,"Midflow"
"13131",2026-08-20,"G384C",0,10.068,"Midflow"
"13132",2026-08-20,"G384C",0,10.128,"Midflow"
"13133",2025-11-10,"G384B",-10.226,NA,"Midflow"
"13134",2025-11-11,"G384B",6.627,NA,"Midflow"
"13135",2025-11-12,"G384B",-0.423,NA,"Midflow"
"13136",2025-11-13,"G384B",-4.61,NA,"Midflow"
"13137",2025-11-14,"G384B",18.499,NA,"Midflow"
"13138",2025-11-15,"G384B",32.789,NA,"Midflow"
"13139",2025-11-16,"G384B",14.466,NA,"Midflow"
"13140",2025-11-17,"G384B",19.269,NA,"Midflow"
"13141",2025-11-18,"G384B",36.085,NA,"Midflow"
"13142",2025-11-20,"G384B",-3.658,NA,"Midflow"
"13143",2025-11-21,"G384B",-7.31,NA,"Midflow"
"13144",2025-11-22,"G384B",-7.127,NA,"Midflow"
"13145",2025-11-23,"G384B",-4.508,NA,"Midflow"
"13146",2025-11-25,"G384B",-9.255,NA,"Midflow"
"13147",2025-11-26,"G384B",-2.021,NA,"Midflow"
"13148",2025-11-27,"G384B",21.916,NA,"Midflow"
"13149",2025-11-28,"G384B",22.342,NA,"Midflow"
"13150",2025-11-29,"G384B",21.565,NA,"Midflow"
"13151",2025-11-30,"G384B",5.526,NA,"Midflow"
"13152",2025-12-01,"G384B",11.439,NA,"Midflow"
"13153",2025-12-02,"G384B",7.665,NA,"Midflow"
"13154",2025-12-03,"G384B",-10.138,NA,"Midflow"
"13155",2025-12-04,"G384B",-11.176,NA,"Midflow"
"13156",2025-12-05,"G384B",-7.852,NA,"Midflow"
"13157",2025-12-06,"G384B",-26.421,NA,"Midflow"
"13158",2025-12-07,"G384B",-22.475,NA,"Midflow"
"13159",2025-12-08,"G384B",-22.774,NA,"Midflow"
"13160",2025-12-09,"G384B",-22.365,NA,"Midflow"
"13161",2025-12-10,"G384B",-27.454,NA,"Midflow"
"13162",2025-12-11,"G384B",-5.094,NA,"Midflow"
"13163",2025-12-12,"G384B",6.628,NA,"Midflow"
"13164",2025-12-13,"G384B",1.042,NA,"Midflow"
"13165",2025-12-14,"G384B",-17.146,NA,"Midflow"
"13166",2025-12-15,"G384B",-0.838,NA,"Midflow"
"13167",2025-12-16,"G384B",-7.375,NA,"Midflow"
"13168",2025-12-17,"G384B",-3.261,NA,"Midflow"
"13169",2025-12-18,"G384B",-3.887,NA,"Midflow"
"13170",2025-12-19,"G384B",-0.84,NA,"Midflow"
"13171",2025-12-20,"G384B",9.325,NA,"Midflow"
"13172",2025-12-21,"G384B",2.577,NA,"Midflow"
"13173",2025-12-22,"G384B",4.93,NA,"Midflow"
"13174",2025-12-23,"G384B",19.784,NA,"Midflow"
"13175",2025-12-24,"G384B",4.353,NA,"Midflow"
"13176",2025-12-25,"G384B",3.394,NA,"Midflow"
"13177",2025-12-26,"G384B",13.257,NA,"Midflow"
"13178",2025-12-27,"G384B",11.892,NA,"Midflow"
"13179",2025-12-28,"G384B",-4.606,NA,"Midflow"
"13180",2025-12-29,"G384B",-17.012,NA,"Midflow"
"13181",2025-12-30,"G384B",-6.669,NA,"Midflow"
"13182",2025-12-31,"G384B",9.914,NA,"Midflow"
"13183",2025-11-24,"G384B",-15.934,NA,"Midflow"
"13184",2025-01-02,"G384B",13.734,NA,"Midflow"
"13185",2025-01-23,"G384B",26.533,NA,"Midflow"
"13186",2025-01-31,"G384B",23.541,NA,"Midflow"
"13187",2025-02-10,"G384B",-35.147,NA,"Midflow"
"13188",2025-02-12,"G384B",3.647,NA,"Midflow"
"13189",2025-02-18,"G384B",-35.492,NA,"Midflow"
"13190",2025-02-26,"G384B",1.522,NA,"Midflow"
"13191",2025-03-16,"G384B",26.669,NA,"Midflow"
"13192",2025-03-20,"G384B",0.594,NA,"Midflow"
"13193",2025-04-11,"G384B",-22.219,NA,"Midflow"
"13194",2025-04-17,"G384B",-17.439,NA,"Midflow"
"13195",2026-08-21,"G384C",0,10.025,"Midflow"
"13196",2026-08-21,"G384C",0,10.084,"Midflow"
"13197",2026-08-22,"G384C",0,10.02,"Midflow"
"13198",2026-08-22,"G384C",0,10.095,"Midflow"
"13199",2026-08-23,"G384C",0,9.968,"Midflow"
"13200",2026-08-23,"G384C",0,10.038,"Midflow"
"13201",2026-08-24,"G384C",0,9.945,"Midflow"
"13202",2026-08-24,"G384C",0,10.014,"Midflow"
"13203",2026-08-25,"G384C",0,9.9,"Midflow"
"13204",2026-08-25,"G384C",0,9.965,"Midflow"
"13205",2026-08-26,"G384C",0,9.865,"Midflow"
"13206",2026-08-26,"G384C",0,9.924,"Midflow"
"13207",2026-08-27,"G384C",0,9.869,"Midflow"
"13208",2026-08-27,"G384C",0,9.927,"Midflow"
"13209",2026-08-28,"G384C",0,9.962,"Midflow"
"13210",2026-08-28,"G384C",0,10.007,"Midflow"
"13211",2026-08-29,"G384C",0,10.155,"Midflow"
"13212",2026-08-29,"G384C",0,10.175,"Midflow"
"13213",2026-08-30,"G384C",0,10.209,"Midflow"
"13214",2026-08-30,"G384C",0,10.236,"Midflow"
"13215",2026-08-31,"G384C",0,10.254,"Midflow"
"13216",2026-08-31,"G384C",0,10.277,"Midflow"
"13217",2026-09-01,"G384C",0,10.306,"Midflow"
"13218",2026-09-01,"G384C",0,10.325,"Midflow"
"13219",2026-09-02,"G384C",0,10.368,"Midflow"
"13220",2026-09-02,"G384C",0,10.436,"Midflow"
"13221",2026-09-03,"G384C",0,10.53,"Midflow"
"13222",2026-09-03,"G384C",0,10.53,"Midflow"
"13223",2026-09-04,"G384C",0,10.812,"Midflow"
"13224",2026-09-04,"G384C",0,10.622,"Midflow"
"13225",2026-09-05,"G384C",0,11.251,"Midflow"
"13226",2026-09-05,"G384C",0,10.817,"Midflow"
"13227",2026-09-06,"G384C",0,11.665,"Midflow"
"13228",2026-09-06,"G384C",0,10.986,"Midflow"
"13229",2026-09-07,"G384C",0,11.783,"Midflow"
"13230",2026-09-07,"G384C",0,11.004,"Midflow"
"13231",2026-09-08,"G384C",0,11.81,"Midflow"
"13232",2026-09-08,"G384C",0,11.022,"Midflow"
"13233",2026-09-09,"G384C",0,11.873,"Midflow"
"13234",2026-09-09,"G384C",0,11.042,"Midflow"
"13235",2026-09-10,"G384C",0,11.855,"Midflow"
"13236",2026-09-10,"G384C",0,11.05,"Midflow"
"13237",2026-09-11,"G384C",0,11.776,"Midflow"
"13238",2026-09-11,"G384C",0,11.056,"Midflow"
"13239",2026-09-12,"G384C",0,11.636,"Midflow"
"13240",2026-09-12,"G384C",0,11.047,"Midflow"
"13241",2026-09-13,"G384C",0,11.538,"Midflow"
"13242",2026-09-13,"G384C",0,11.035,"Midflow"
"13243",2026-09-14,"G384C",0,11.468,"Midflow"
"13244",2026-09-14,"G384C",0,11.033,"Midflow"
"13245",2026-09-15,"G384C",0,11.458,"Midflow"
"13246",2026-09-15,"G384C",0,11.033,"Midflow"
"13247",2026-09-16,"G384C",0,11.372,"Midflow"
"13248",2026-09-16,"G384C",0,11.008,"Midflow"
"13249",2026-09-17,"G384C",0,11.345,"Midflow"
"13250",2026-09-17,"G384C",0,10.999,"Midflow"
"13251",2026-09-18,"G384C",0,11.347,"Midflow"
"13252",2026-09-18,"G384C",0,11.069,"Midflow"
"13253",2026-09-19,"G384C",0,11.391,"Midflow"
"13254",2026-09-19,"G384C",0,11.053,"Midflow"
"13255",2026-09-20,"G384C",0,11.548,"Midflow"
"13256",2026-09-20,"G384C",0,11.144,"Midflow"
"13257",2026-09-21,"G384C",0,11.375,"Midflow"
"13258",2026-09-21,"G384C",0,11.069,"Midflow"
"13259",2026-09-22,"G384C",0,11.294,"Midflow"
"13260",2026-09-22,"G384C",0,10.969,"Midflow"
"13261",2026-09-23,"G384C",0,11.939,"Midflow"
"13262",2026-09-23,"G384C",0,11.152,"Midflow"
"13263",2026-09-24,"G384C",0,12.217,"Midflow"
"13264",2026-09-24,"G384C",0,11.297,"Midflow"
"13265",2026-09-25,"G384C",0,12.236,"Midflow"
"13266",2026-09-25,"G384C",0,11.322,"Midflow"
"13267",2026-09-26,"G384C",0,11.896,"Midflow"
"13268",2026-09-26,"G384C",0,11.258,"Midflow"
"13269",2026-09-27,"G384C",0,11.429,"Midflow"
"13270",2026-09-27,"G384C",0,11.09,"Midflow"
"13271",2026-09-28,"G384C",0,11.129,"Midflow"
"13272",2026-09-28,"G384C",0,10.924,"Midflow"
"13273",2026-09-29,"G384C",0,10.985,"Midflow"
"13274",2026-09-29,"G384C",0,10.846,"Midflow"
"13275",2026-09-30,"G384C",0,10.711,"Midflow"
"13276",2026-09-30,"G384C",0,10.69,"Midflow"
"13277",2026-10-01,"G384C",0,10.76,"Midflow"
"13278",2026-10-01,"G384C",0,10.727,"Midflow"
"13279",2026-10-02,"G384C",0,10.774,"Midflow"
"13280",2026-10-02,"G384C",0,10.713,"Midflow"
"13281",2026-10-03,"G384C",0,10.716,"Midflow"
"13282",2026-10-03,"G384C",0,10.687,"Midflow"
"13283",2026-10-04,"G384C",0,10.497,"Midflow"
"13284",2026-10-04,"G384C",0,10.54,"Midflow"
"13285",2026-10-05,"G384C",0,10.374,"Midflow"
"13286",2026-10-05,"G384C",0,10.41,"Midflow"
"13287",2026-07-12,"G384C",0,10.192,"Midflow"
"13288",2026-07-12,"G384C",0,10.273,"Midflow"
"13289",2026-01-13,"G384C",19.939,9.969,"Midflow"
"13290",2026-01-13,"G384C",19.939,9.966,"Midflow"
"13291",2026-01-28,"G384C",39.609,10.079,"Midflow"
"13292",2026-01-28,"G384C",39.609,10.071,"Midflow"
"13293",2026-02-05,"G384C",36.645,10.093,"Midflow"
"13294",2026-02-05,"G384C",36.645,10.084,"Midflow"
"13295",2026-02-06,"G384C",40.813,10.143,"Midflow"
"13296",2026-02-06,"G384C",40.813,10.132,"Midflow"
"13297",2026-02-10,"G384C",20.675,10.003,"Midflow"
"13298",2026-02-10,"G384C",20.675,9.998,"Midflow"
"13299",2026-02-12,"G384C",27.556,10.101,"Midflow"
"13300",2026-02-12,"G384C",27.556,10.094,"Midflow"
"13301",2026-02-22,"G384C",29.899,10.28,"Midflow"
"13302",2026-02-22,"G384C",29.899,10.273,"Midflow"
"13303",2026-03-02,"G384C",-0.233,10.123,"Midflow"
"13304",2026-03-02,"G384C",-0.233,10.123,"Midflow"
"13305",2026-03-15,"G384C",-28.086,10.132,"Midflow"
"13306",2026-03-15,"G384C",-28.086,10.137,"Midflow"
"13307",2026-03-23,"G384C",-32.08,9.815,"Midflow"
"13308",2026-03-23,"G384C",-32.08,9.821,"Midflow"
"13309",2026-04-16,"G384C",-65.4,10.4,"Midflow"
"13310",2026-04-16,"G384C",-65.4,10.423,"Midflow"
"13311",2026-05-06,"G384C",0,10.064,"Midflow"
"13312",2026-05-06,"G384C",0,10.091,"Midflow"
"13313",2026-05-11,"G384C",0,10.035,"Midflow"
"13314",2026-05-11,"G384C",0,10.073,"Midflow"
"13315",2026-05-12,"G384C",0,10.051,"Midflow"
"13316",2026-05-12,"G384C",0,10.087,"Midflow"
"13317",2026-05-25,"G384C",0,10.146,"Midflow"
"13318",2026-05-25,"G384C",0,10.184,"Midflow"
"13319",2026-06-03,"G384C",0,10.193,"Midflow"
"13320",2026-06-03,"G384C",0,10.257,"Midflow"
"13321",2025-04-18,"G384B",-15.942,NA,"Midflow"
"13322",2025-04-19,"G384B",-32.814,NA,"Midflow"
"13323",2025-04-25,"G384B",-13.047,NA,"Midflow"
"13324",2025-04-30,"G384B",-2.661,NA,"Midflow"
"13325",2025-05-31,"G384B",-33.053,NA,"Midflow"
"13326",2025-06-02,"G384B",-19.064,NA,"Midflow"
"13327",2025-06-19,"G384B",-34.359,NA,"Midflow"
"13328",2025-06-23,"G384B",22.549,NA,"Midflow"
"13329",2025-06-29,"G384B",-8.173,NA,"Midflow"
"13330",2025-07-10,"G384B",-6.407,NA,"Midflow"
"13331",2025-07-11,"G384B",-23.055,NA,"Midflow"
"13332",2025-08-01,"G384B",-19.397,NA,"Midflow"
"13333",2025-08-02,"G384B",-31.544,NA,"Midflow"
"13334",2025-08-03,"G384B",-17.055,NA,"Midflow"
"13335",2025-08-05,"G384B",2.844,NA,"Midflow"
"13336",2025-08-09,"G384B",-22.346,NA,"Midflow"
"13337",2025-08-31,"G384B",13.909,NA,"Midflow"
"13338",2025-09-08,"G384B",62.446,NA,"Midflow"
"13339",2025-10-02,"G384B",-24.661,NA,"Midflow"
"13340",2025-10-15,"G384B",107.203,NA,"Midflow"
"13341",2025-10-25,"G384B",-11.857,NA,"Midflow"
"13342",2025-10-26,"G384B",-7.147,NA,"Midflow"
"13343",2025-11-05,"G384B",-4.774,NA,"Midflow"
"13344",2025-11-19,"G384B",19.282,NA,"Midflow"
"13345",2025-01-01,"G384C",17.808,10.23,"Midflow"
"13346",2025-01-01,"G384C",17.808,10.226,"Midflow"
"13347",2025-01-02,"G384C",13.714,10.2,"Midflow"
"13348",2025-01-02,"G384C",13.714,10.197,"Midflow"
"13349",2025-01-03,"G384C",4.881,10.134,"Midflow"
"13350",2025-01-03,"G384C",4.881,10.132,"Midflow"
"13351",2025-01-05,"G384C",12.463,10.123,"Midflow"
"13352",2025-01-05,"G384C",12.463,10.12,"Midflow"
"13353",2025-01-06,"G384C",8.371,10.124,"Midflow"
"13354",2025-01-06,"G384C",8.371,10.123,"Midflow"
"13355",2025-01-07,"G384C",5.882,10.117,"Midflow"
"13356",2025-01-07,"G384C",5.882,10.116,"Midflow"
"13357",2025-01-08,"G384C",15.937,10.11,"Midflow"
"13358",2025-01-08,"G384C",15.937,10.107,"Midflow"
"13359",2025-01-09,"G384C",32.128,10.1,"Midflow"
"13360",2025-01-09,"G384C",32.128,10.093,"Midflow"
"13361",2025-01-10,"G384C",18.407,10.089,"Midflow"
"13362",2025-01-10,"G384C",18.407,10.085,"Midflow"
"13363",2025-01-11,"G384C",20.472,10.13,"Midflow"
"13364",2025-01-11,"G384C",20.472,10.125,"Midflow"
"13365",2025-01-12,"G384C",20.668,10.221,"Midflow"
"13366",2025-01-12,"G384C",20.668,10.216,"Midflow"
"13367",2025-01-13,"G384C",27.548,10.2,"Midflow"
"13368",2025-01-13,"G384C",27.548,10.194,"Midflow"
"13369",2025-01-14,"G384C",10.332,10.175,"Midflow"
"13370",2025-01-14,"G384C",10.332,10.173,"Midflow"
"13371",2025-01-15,"G384C",16.696,10.158,"Midflow"
"13372",2025-01-15,"G384C",16.696,10.154,"Midflow"
"13373",2025-01-16,"G384C",23.847,10.155,"Midflow"
"13374",2025-01-16,"G384C",23.847,10.149,"Midflow"
"13375",2025-01-17,"G384C",18.624,10.154,"Midflow"
"13376",2025-01-17,"G384C",18.624,10.15,"Midflow"
"13377",2025-01-18,"G384C",28.688,10.162,"Midflow"
"13378",2025-01-18,"G384C",28.688,10.156,"Midflow"
"13379",2025-01-20,"G384C",3.865,10.238,"Midflow"
"13380",2025-01-20,"G384C",3.865,10.237,"Midflow"
"13381",2025-01-21,"G384C",13.204,10.254,"Midflow"
"13382",2025-01-21,"G384C",13.204,10.252,"Midflow"
"13383",2025-01-22,"G384C",28.871,10.29,"Midflow"
"13384",2025-01-22,"G384C",28.871,10.285,"Midflow"
"13385",2025-01-23,"G384C",26.388,10.297,"Midflow"
"13386",2025-01-23,"G384C",26.388,10.292,"Midflow"
"13387",2025-01-24,"G384C",33.573,10.267,"Midflow"
"13388",2025-01-24,"G384C",33.573,10.26,"Midflow"
"13389",2025-01-25,"G384C",40.628,10.239,"Midflow"
"13390",2025-01-25,"G384C",40.628,10.23,"Midflow"
"13391",2025-01-26,"G384C",16.483,10.268,"Midflow"
"13392",2025-01-26,"G384C",16.483,10.265,"Midflow"
"13393",2025-01-27,"G384C",14.564,10.262,"Midflow"
"13394",2025-01-27,"G384C",14.564,10.26,"Midflow"
"13395",2025-01-28,"G384C",7.149,10.263,"Midflow"
"13396",2025-01-28,"G384C",7.149,10.261,"Midflow"
"13397",2025-01-29,"G384C",9.345,10.257,"Midflow"
"13398",2025-01-29,"G384C",9.345,10.256,"Midflow"
"13399",2025-01-30,"G384C",22.106,10.256,"Midflow"
"13400",2025-01-30,"G384C",22.106,10.252,"Midflow"
"13401",2025-01-31,"G384C",23.491,10.263,"Midflow"
"13402",2025-01-31,"G384C",23.491,10.258,"Midflow"
"13403",2025-02-01,"G384C",-2.156,10.258,"Midflow"
"13404",2025-02-01,"G384C",-2.156,10.258,"Midflow"
"13405",2025-02-02,"G384C",7.269,10.244,"Midflow"
"13406",2025-02-02,"G384C",7.269,10.243,"Midflow"
"13407",2025-02-03,"G384C",9.459,10.235,"Midflow"
"13408",2025-02-03,"G384C",9.459,10.233,"Midflow"
"13409",2025-02-04,"G384C",-1.971,10.283,"Midflow"
"13410",2025-02-04,"G384C",-1.971,10.284,"Midflow"
"13411",2025-02-05,"G384C",-11.331,10.291,"Midflow"
"13412",2025-02-05,"G384C",-11.331,10.294,"Midflow"
"13413",2025-02-06,"G384C",11.341,10.348,"Midflow"
"13414",2025-02-06,"G384C",11.341,10.345,"Midflow"
"13415",2025-02-08,"G384C",4.138,10.359,"Midflow"
"13416",2025-02-08,"G384C",4.138,10.358,"Midflow"
"13417",2025-02-09,"G384C",-14.181,10.367,"Midflow"
"13418",2025-02-09,"G384C",-14.181,10.37,"Midflow"
"13419",2025-02-10,"G384C",-35.144,10.414,"Midflow"
"13420",2025-02-10,"G384C",-35.144,10.421,"Midflow"
"13421",2025-02-11,"G384C",-8.704,10.374,"Midflow"
"13422",2025-02-11,"G384C",-8.704,10.374,"Midflow"
"13423",2026-06-16,"G384C",0,9.882,"Midflow"
"13424",2026-06-16,"G384C",0,9.925,"Midflow"
"13425",2026-06-22,"G384C",0,10.04,"Midflow"
"13426",2026-06-22,"G384C",0,10.082,"Midflow"
"13427",2026-07-06,"G384C",0,10.186,"Midflow"
"13428",2026-07-06,"G384C",0,10.248,"Midflow"
"13429",2024-11-02,"G384D",3.808,NA,"Midflow"
"13430",2024-11-03,"G384D",-6.227,NA,"Midflow"
"13431",2024-11-04,"G384D",14.347,NA,"Midflow"
"13432",2024-11-06,"G384D",-5.64,NA,"Midflow"
"13433",2024-11-07,"G384D",61.698,NA,"Midflow"
"13434",2024-11-08,"G384D",205.414,NA,"Midflow"
"13435",2024-11-09,"G384D",29.087,NA,"Midflow"
"13436",2024-11-10,"G384D",-12.685,NA,"Midflow"
"13437",2024-11-11,"G384D",-21.567,NA,"Midflow"
"13438",2024-11-12,"G384D",4.063,NA,"Midflow"
"13439",2024-11-13,"G384D",5.171,NA,"Midflow"
"13440",2024-11-14,"G384D",7.007,NA,"Midflow"
"13441",2024-11-15,"G384D",-7.598,NA,"Midflow"
"13442",2024-11-17,"G384D",6.295,NA,"Midflow"
"13443",2024-11-18,"G384D",-5.588,NA,"Midflow"
"13444",2024-11-19,"G384D",-1.054,NA,"Midflow"
"13445",2024-11-20,"G384D",6.957,NA,"Midflow"
"13446",2024-11-21,"G384D",4.066,NA,"Midflow"
"13447",2024-11-22,"G384D",11.529,NA,"Midflow"
"13448",2024-11-23,"G384D",29.208,NA,"Midflow"
"13449",2024-11-24,"G384D",22.725,NA,"Midflow"
"13450",2024-11-27,"G384D",7.507,NA,"Midflow"
"13451",2024-11-28,"G384D",2.653,NA,"Midflow"
"13452",2024-11-29,"G384D",3.432,NA,"Midflow"
"13453",2024-12-02,"G384D",2.789,NA,"Midflow"
"13454",2024-12-03,"G384D",-1.046,NA,"Midflow"
"13455",2024-12-04,"G384D",6.158,NA,"Midflow"
"13456",2024-12-05,"G384D",-8.7,NA,"Midflow"
"13457",2024-12-06,"G384D",9.071,NA,"Midflow"
"13458",2024-12-08,"G384D",-7.353,NA,"Midflow"
"13459",2024-12-10,"G384D",-18.751,NA,"Midflow"
"13460",2024-12-11,"G384D",-9.956,NA,"Midflow"
"13461",2024-12-12,"G384D",-3.556,NA,"Midflow"
"13462",2024-12-13,"G384D",7.747,NA,"Midflow"
"13463",2024-12-14,"G384D",15.986,NA,"Midflow"
"13464",2024-12-15,"G384D",39.492,NA,"Midflow"
"13465",2024-12-16,"G384D",22.461,NA,"Midflow"
"13466",2024-12-17,"G384D",19.736,NA,"Midflow"
"13467",2024-12-18,"G384D",20.23,NA,"Midflow"
"13468",2024-12-19,"G384D",13.725,NA,"Midflow"
"13469",2024-12-20,"G384D",26.564,NA,"Midflow"
"13470",2024-12-21,"G384D",20.615,NA,"Midflow"
"13471",2024-12-22,"G384D",31.822,NA,"Midflow"
"13472",2024-12-23,"G384D",23.471,NA,"Midflow"
"13473",2024-12-24,"G384D",29.254,NA,"Midflow"
"13474",2024-12-25,"G384D",11.179,NA,"Midflow"
"13475",2024-12-27,"G384D",24.407,NA,"Midflow"
"13476",2024-12-28,"G384D",43.334,NA,"Midflow"
"13477",2024-12-29,"G384D",38.351,NA,"Midflow"
"13478",2024-12-30,"G384D",12.835,NA,"Midflow"
"13479",2024-12-31,"G384D",10.742,NA,"Midflow"
"13480",2024-12-26,"G384D",-8.429,NA,"Midflow"
"13481",2024-11-01,"G384D",9.862,NA,"Midflow"
"13482",2024-11-05,"G384D",12.494,NA,"Midflow"
"13483",2024-11-16,"G384D",0.435,NA,"Midflow"
"13484",2024-11-25,"G384D",8.374,NA,"Midflow"
"13485",2024-11-26,"G384D",3.371,NA,"Midflow"
"13486",2024-11-30,"G384D",17.822,NA,"Midflow"
"13487",2024-12-01,"G384D",4.171,NA,"Midflow"
"13488",2025-02-14,"G384C",-39.396,10.408,"Midflow"
"13489",2025-02-14,"G384C",-39.396,10.417,"Midflow"
"13490",2025-02-15,"G384C",-32.827,10.396,"Midflow"
"13491",2025-02-15,"G384C",-32.827,10.402,"Midflow"
"13492",2025-02-16,"G384C",-38.796,10.424,"Midflow"
"13493",2025-02-16,"G384C",-38.796,10.433,"Midflow"
"13494",2025-02-17,"G384C",-39.898,10.43,"Midflow"
"13495",2025-02-17,"G384C",-39.898,10.438,"Midflow"
"13496",2025-02-18,"G384C",-35.106,10.439,"Midflow"
"13497",2025-02-18,"G384C",-35.106,10.447,"Midflow"
"13498",2025-02-20,"G384C",-2.248,10.448,"Midflow"
"13499",2025-02-20,"G384C",-2.248,10.448,"Midflow"
"13500",2025-02-21,"G384C",12.806,10.359,"Midflow"
"13501",2025-02-21,"G384C",12.806,10.356,"Midflow"
"13502",2025-02-22,"G384C",8.745,10.344,"Midflow"
"13503",2025-02-22,"G384C",8.745,10.343,"Midflow"
"13504",2025-02-23,"G384C",3.587,10.327,"Midflow"
"13505",2025-02-23,"G384C",3.587,10.326,"Midflow"
"13506",2025-02-24,"G384C",3.718,10.321,"Midflow"
"13507",2025-02-24,"G384C",3.718,10.32,"Midflow"
"13508",2025-02-25,"G384C",-7.755,10.307,"Midflow"
"13509",2025-02-25,"G384C",-7.755,10.309,"Midflow"
"13510",2025-02-26,"G384C",1.516,10.269,"Midflow"
"13511",2025-02-26,"G384C",1.516,10.269,"Midflow"
"13512",2025-02-27,"G384C",-7.677,10.26,"Midflow"
"13513",2025-02-27,"G384C",-7.677,10.261,"Midflow"
"13514",2025-02-28,"G384C",0.46,10.28,"Midflow"
"13515",2025-02-28,"G384C",0.46,10.28,"Midflow"
"13516",2025-03-01,"G384C",3.354,10.268,"Midflow"
"13517",2025-03-01,"G384C",3.354,10.267,"Midflow"
"13518",2025-03-02,"G384C",5.688,10.265,"Midflow"
"13519",2025-03-02,"G384C",5.688,10.264,"Midflow"
"13520",2025-03-04,"G384C",-3.16,10.269,"Midflow"
"13521",2025-03-04,"G384C",-3.16,10.27,"Midflow"
"13522",2025-03-05,"G384C",-17.694,10.283,"Midflow"
"13523",2025-03-05,"G384C",-17.694,10.288,"Midflow"
"13524",2025-03-06,"G384C",-12.489,10.277,"Midflow"
"13525",2025-03-06,"G384C",-12.489,10.279,"Midflow"
"13526",2025-03-07,"G384C",6.962,10.264,"Midflow"
"13527",2025-03-07,"G384C",6.962,10.263,"Midflow"
"13528",2025-03-08,"G384C",4.942,10.259,"Midflow"
"13529",2025-03-08,"G384C",4.942,10.257,"Midflow"
"13530",2025-03-09,"G384C",2.891,10.26,"Midflow"
"13531",2025-03-09,"G384C",2.891,10.259,"Midflow"
"13532",2025-03-10,"G384C",-4.756,10.27,"Midflow"
"13533",2025-03-10,"G384C",-4.756,10.27,"Midflow"
"13534",2025-03-11,"G384C",7.663,10.27,"Midflow"
"13535",2025-03-11,"G384C",7.663,10.268,"Midflow"
"13536",2025-03-12,"G384C",-3.686,10.254,"Midflow"
"13537",2025-03-12,"G384C",-3.686,10.254,"Midflow"
"13538",2025-03-13,"G384C",5.944,10.241,"Midflow"
"13539",2025-03-13,"G384C",5.944,10.24,"Midflow"
"13540",2025-03-14,"G384C",0.541,10.238,"Midflow"
"13541",2025-03-14,"G384C",0.541,10.238,"Midflow"
"13542",2025-03-15,"G384C",20.47,10.227,"Midflow"
"13543",2025-03-15,"G384C",20.47,10.224,"Midflow"
"13544",2025-03-16,"G384C",26.608,10.218,"Midflow"
"13545",2025-03-16,"G384C",26.608,10.212,"Midflow"
"13546",2025-03-17,"G384C",30.869,10.218,"Midflow"
"13547",2025-03-17,"G384C",30.869,10.211,"Midflow"
"13548",2025-03-18,"G384C",10.752,10.196,"Midflow"
"13549",2025-03-18,"G384C",10.752,10.194,"Midflow"
"13550",2025-03-19,"G384C",0.962,10.17,"Midflow"
"13551",2025-03-19,"G384C",0.962,10.169,"Midflow"
"13552",2025-03-20,"G384C",0.586,10.152,"Midflow"
"13553",2025-03-20,"G384C",0.586,10.152,"Midflow"
"13554",2025-03-21,"G384C",-5.76,10.136,"Midflow"
"13555",2025-03-21,"G384C",-5.76,10.137,"Midflow"
"13556",2025-03-22,"G384C",8.089,10.122,"Midflow"
"13557",2025-03-22,"G384C",8.089,10.12,"Midflow"
"13558",2025-03-23,"G384C",3.151,10.112,"Midflow"
"13559",2025-03-23,"G384C",3.151,10.112,"Midflow"
"13560",2025-03-24,"G384C",-6.744,10.111,"Midflow"
"13561",2025-03-24,"G384C",-6.744,10.112,"Midflow"
"13562",2025-03-26,"G384C",2.673,10.113,"Midflow"
"13563",2025-03-26,"G384C",2.673,10.111,"Midflow"
"13564",2025-03-27,"G384C",15.865,10.118,"Midflow"
"13565",2025-03-27,"G384C",15.865,10.113,"Midflow"
"13566",2025-03-28,"G384C",16.993,10.119,"Midflow"
"13567",2025-03-28,"G384C",16.993,10.116,"Midflow"
"13568",2025-03-29,"G384C",15.669,10.12,"Midflow"
"13569",2025-03-29,"G384C",15.669,10.118,"Midflow"
"13570",2025-03-30,"G384C",15.829,10.158,"Midflow"
"13571",2025-03-30,"G384C",15.829,10.155,"Midflow"
"13572",2025-03-31,"G384C",27.987,10.219,"Midflow"
"13573",2025-03-31,"G384C",27.987,10.213,"Midflow"
"13574",2025-04-01,"G384C",-22.342,10.282,"Midflow"
"13575",2025-04-01,"G384C",-22.342,10.287,"Midflow"
"13576",2025-04-02,"G384C",-20.948,10.24,"Midflow"
"13577",2025-04-02,"G384C",-20.948,10.244,"Midflow"
"13578",2025-04-03,"G384C",-23.862,10.161,"Midflow"
"13579",2025-04-03,"G384C",-23.862,10.166,"Midflow"
"13580",2025-04-04,"G384C",-22.953,10.069,"Midflow"
"13581",2025-04-04,"G384C",-22.953,10.072,"Midflow"
"13582",2025-04-05,"G384C",-12.644,9.975,"Midflow"
"13583",2025-04-05,"G384C",-12.644,9.978,"Midflow"
"13584",2025-04-06,"G384C",-21.082,9.916,"Midflow"
"13585",2025-04-06,"G384C",-21.082,9.92,"Midflow"
"13586",2025-04-07,"G384C",-26.827,9.903,"Midflow"
"13587",2025-04-07,"G384C",-26.827,9.908,"Midflow"
"13588",2025-04-08,"G384C",-20.495,9.911,"Midflow"
"13589",2025-04-08,"G384C",-20.495,9.914,"Midflow"
"13590",2025-04-09,"G384C",-24.569,9.914,"Midflow"
"13591",2025-04-09,"G384C",-24.569,9.92,"Midflow"
"13592",2025-04-11,"G384C",-22.321,9.882,"Midflow"
"13593",2025-04-11,"G384C",-22.321,9.886,"Midflow"
"13594",2025-04-13,"G384C",-4.02,9.845,"Midflow"
"13595",2025-04-13,"G384C",-4.02,9.845,"Midflow"
"13596",2025-04-14,"G384C",-6.507,9.823,"Midflow"
"13597",2025-04-14,"G384C",-6.507,9.824,"Midflow"
"13598",2025-04-15,"G384C",-16.522,9.803,"Midflow"
"13599",2025-04-15,"G384C",-16.522,9.806,"Midflow"
"13600",2025-04-16,"G384C",-5.092,9.782,"Midflow"
"13601",2025-04-16,"G384C",-5.092,9.783,"Midflow"
"13602",2025-04-17,"G384C",-17.506,9.757,"Midflow"
"13603",2025-04-17,"G384C",-17.506,9.761,"Midflow"
"13604",2025-04-19,"G384C",-32.935,9.72,"Midflow"
"13605",2025-04-19,"G384C",-32.935,9.727,"Midflow"
"13606",2025-04-20,"G384C",-5.722,9.703,"Midflow"
"13607",2025-04-20,"G384C",-5.722,9.704,"Midflow"
"13608",2025-04-21,"G384C",-5.271,9.684,"Midflow"
"13609",2025-04-21,"G384C",-5.271,9.685,"Midflow"
"13610",2025-04-22,"G384C",-16.385,9.664,"Midflow"
"13611",2025-04-22,"G384C",-16.385,9.667,"Midflow"
"13612",2024-12-07,"G384D",-1.764,NA,"Midflow"
"13613",2024-12-09,"G384D",-11.443,NA,"Midflow"
"13614",2026-01-01,"G384D",9.691,NA,"Midflow"
"13615",2026-01-02,"G384D",9.507,NA,"Midflow"
"13616",2026-01-03,"G384D",-1.375,NA,"Midflow"
"13617",2026-01-04,"G384D",-8.806,NA,"Midflow"
"13618",2026-01-05,"G384D",-13.612,NA,"Midflow"
"13619",2026-01-06,"G384D",-7.198,NA,"Midflow"
"13620",2026-01-09,"G384D",5.073,NA,"Midflow"
"13621",2026-01-10,"G384D",1.198,NA,"Midflow"
"13622",2026-01-11,"G384D",14.388,NA,"Midflow"
"13623",2026-01-12,"G384D",21.597,NA,"Midflow"
"13624",2026-01-13,"G384D",19.906,NA,"Midflow"
"13625",2026-01-14,"G384D",7.104,NA,"Midflow"
"13626",2026-01-15,"G384D",33.984,NA,"Midflow"
"13627",2026-01-16,"G384D",39.487,NA,"Midflow"
"13628",2026-01-17,"G384D",23.296,NA,"Midflow"
"13629",2026-01-18,"G384D",16.627,NA,"Midflow"
"13630",2026-01-19,"G384D",28.127,NA,"Midflow"
"13631",2026-01-20,"G384D",16.19,NA,"Midflow"
"13632",2026-01-21,"G384D",12.443,NA,"Midflow"
"13633",2026-01-22,"G384D",21.803,NA,"Midflow"
"13634",2026-01-23,"G384D",28.567,NA,"Midflow"
"13635",2026-01-24,"G384D",20.286,NA,"Midflow"
"13636",2026-01-25,"G384D",-0.388,NA,"Midflow"
"13637",2026-01-26,"G384D",14.802,NA,"Midflow"
"13638",2026-01-27,"G384D",29.443,NA,"Midflow"
"13639",2026-01-28,"G384D",39.717,NA,"Midflow"
"13640",2026-01-29,"G384D",28.582,NA,"Midflow"
"13641",2026-01-30,"G384D",26.826,NA,"Midflow"
"13642",2026-01-31,"G384D",31.747,NA,"Midflow"
"13643",2026-02-01,"G384D",37.626,NA,"Midflow"
"13644",2026-02-02,"G384D",16.218,NA,"Midflow"
"13645",2026-02-03,"G384D",27.773,NA,"Midflow"
"13646",2026-02-04,"G384D",23.695,NA,"Midflow"
"13647",2026-02-05,"G384D",36.611,NA,"Midflow"
"13648",2026-02-06,"G384D",40.889,NA,"Midflow"
"13649",2026-02-07,"G384D",31.208,NA,"Midflow"
"13650",2026-02-08,"G384D",19.905,NA,"Midflow"
"13651",2026-02-10,"G384D",20.762,NA,"Midflow"
"13652",2026-02-11,"G384D",24.071,NA,"Midflow"
"13653",2026-02-12,"G384D",27.618,NA,"Midflow"
"13654",2026-02-13,"G384D",33.033,NA,"Midflow"
"13655",2026-02-14,"G384D",44.518,NA,"Midflow"
"13656",2026-02-15,"G384D",40.58,NA,"Midflow"
"13657",2026-02-16,"G384D",27.078,NA,"Midflow"
"13658",2026-02-17,"G384D",29.813,NA,"Midflow"
"13659",2026-02-18,"G384D",37.042,NA,"Midflow"
"13660",2026-02-20,"G384D",33.078,NA,"Midflow"
"13661",2026-02-21,"G384D",24.923,NA,"Midflow"
"13662",2026-02-22,"G384D",29.905,NA,"Midflow"
"13663",2026-02-23,"G384D",41.162,NA,"Midflow"
"13664",2026-02-24,"G384D",46.81,NA,"Midflow"
"13665",2026-02-25,"G384D",43.149,NA,"Midflow"
"13666",2026-02-26,"G384D",41.956,NA,"Midflow"
"13667",2026-02-27,"G384D",41.386,NA,"Midflow"
"13668",2026-02-28,"G384D",43.15,NA,"Midflow"
"13669",2026-03-01,"G384D",26.642,NA,"Midflow"
"13670",2026-03-02,"G384D",-0.227,NA,"Midflow"
"13671",2026-03-03,"G384D",19.081,NA,"Midflow"
"13672",2026-03-04,"G384D",26.286,NA,"Midflow"
"13673",2026-03-05,"G384D",2.99,NA,"Midflow"
"13674",2025-04-23,"G384C",-12.305,9.645,"Midflow"
"13675",2025-04-23,"G384C",-12.305,9.648,"Midflow"
"13676",2025-04-24,"G384C",-12.922,9.628,"Midflow"
"13677",2025-04-24,"G384C",-12.922,9.631,"Midflow"
"13678",2025-04-25,"G384C",-13.091,9.614,"Midflow"
"13679",2025-04-25,"G384C",-13.091,9.616,"Midflow"
"13680",2025-04-26,"G384C",-10.82,9.599,"Midflow"
"13681",2025-04-26,"G384C",-10.82,9.601,"Midflow"
"13682",2025-04-27,"G384C",-11.264,9.585,"Midflow"
"13683",2025-04-27,"G384C",-11.264,9.587,"Midflow"
"13684",2025-04-28,"G384C",2.421,9.573,"Midflow"
"13685",2025-04-28,"G384C",2.421,9.573,"Midflow"
"13686",2025-04-29,"G384C",-6.341,9.562,"Midflow"
"13687",2025-04-29,"G384C",-6.341,9.564,"Midflow"
"13688",2025-05-01,"G384C",4.165,9.546,"Midflow"
"13689",2025-05-01,"G384C",4.165,9.545,"Midflow"
"13690",2025-05-02,"G384C",-2.761,9.55,"Midflow"
"13691",2025-05-02,"G384C",-2.761,9.55,"Midflow"
"13692",2025-05-03,"G384C",0.133,9.747,"Midflow"
"13693",2025-05-03,"G384C",0.133,9.747,"Midflow"
"13694",2025-05-04,"G384C",35.918,9.975,"Midflow"
"13695",2025-05-04,"G384C",35.918,9.967,"Midflow"
"13696",2025-05-05,"G384C",34.925,10.125,"Midflow"
"13697",2025-05-05,"G384C",34.925,10.117,"Midflow"
"13698",2025-05-06,"G384C",-8.306,10.251,"Midflow"
"13699",2025-05-06,"G384C",-8.306,10.252,"Midflow"
"13700",2025-05-07,"G384C",1.219,10.446,"Midflow"
"13701",2025-05-07,"G384C",1.219,10.38,"Midflow"
"13702",2025-05-09,"G384C",1.687,10.441,"Midflow"
"13703",2025-05-09,"G384C",1.687,10.436,"Midflow"
"13704",2025-05-11,"G384C",-26.013,10.389,"Midflow"
"13705",2025-05-11,"G384C",-26.013,10.396,"Midflow"
"13706",2025-05-12,"G384C",-38.177,10.511,"Midflow"
"13707",2025-05-12,"G384C",-38.177,10.52,"Midflow"
"13708",2025-05-13,"G384C",-47.401,10.657,"Midflow"
"13709",2025-05-13,"G384C",-47.401,10.669,"Midflow"
"13710",2025-05-14,"G384C",-37.862,10.631,"Midflow"
"13711",2025-05-14,"G384C",-37.862,10.639,"Midflow"
"13712",2025-05-15,"G384C",-47.426,10.598,"Midflow"
"13713",2025-05-15,"G384C",-47.426,10.611,"Midflow"
"13714",2025-05-16,"G384C",-47.86,10.565,"Midflow"
"13715",2025-05-16,"G384C",-47.86,10.578,"Midflow"
"13716",2025-05-17,"G384C",-52.338,10.533,"Midflow"
"13717",2025-05-17,"G384C",-52.338,10.548,"Midflow"
"13718",2025-05-18,"G384C",-40.52,10.504,"Midflow"
"13719",2025-05-18,"G384C",-40.52,10.514,"Midflow"
"13720",2025-05-19,"G384C",-38.37,10.473,"Midflow"
"13721",2025-05-19,"G384C",-38.37,10.482,"Midflow"
"13722",2025-05-20,"G384C",-32.731,10.443,"Midflow"
"13723",2025-05-20,"G384C",-32.731,10.45,"Midflow"
"13724",2025-05-21,"G384C",-40.073,10.411,"Midflow"
"13725",2025-05-21,"G384C",-40.073,10.42,"Midflow"
"13726",2025-05-23,"G384C",-38.897,10.451,"Midflow"
"13727",2025-05-23,"G384C",-38.897,10.46,"Midflow"
"13728",2025-05-24,"G384C",-43.173,10.422,"Midflow"
"13729",2025-05-24,"G384C",-43.173,10.432,"Midflow"
"13730",2025-05-25,"G384C",-36.014,10.4,"Midflow"
"13731",2025-05-25,"G384C",-36.014,10.408,"Midflow"
"13732",2025-05-26,"G384C",-41.096,10.378,"Midflow"
"13733",2025-05-26,"G384C",-41.096,10.387,"Midflow"
"13734",2025-05-28,"G384C",-27.847,10.336,"Midflow"
"13735",2025-05-28,"G384C",-27.847,10.342,"Midflow"
"13736",2025-05-30,"G384C",-29.916,10.186,"Midflow"
"13737",2025-05-30,"G384C",-29.916,10.191,"Midflow"
"13738",2025-05-31,"G384C",-33.023,10.168,"Midflow"
"13739",2025-05-31,"G384C",-33.023,10.174,"Midflow"
"13740",2025-06-01,"G384C",-16.386,10.165,"Midflow"
"13741",2025-06-01,"G384C",-16.386,10.168,"Midflow"
"13742",2025-06-02,"G384C",-18.991,10.197,"Midflow"
"13743",2025-06-02,"G384C",-18.991,10.201,"Midflow"
"13744",2025-06-03,"G384C",-33.272,10.176,"Midflow"
"13745",2025-06-03,"G384C",-33.272,10.182,"Midflow"
"13746",2025-06-04,"G384C",12.674,10.197,"Midflow"
"13747",2025-06-04,"G384C",12.674,10.195,"Midflow"
"13748",2025-06-05,"G384C",54.694,10.47,"Midflow"
"13749",2025-06-05,"G384C",54.694,10.454,"Midflow"
"13750",2025-06-06,"G384C",5.246,10.437,"Midflow"
"13751",2025-06-06,"G384C",5.246,10.434,"Midflow"
"13752",2025-06-07,"G384C",-21.275,10.292,"Midflow"
"13753",2025-06-07,"G384C",-21.275,10.296,"Midflow"
"13754",2025-06-08,"G384C",-13.773,10.189,"Midflow"
"13755",2025-06-08,"G384C",-13.773,10.192,"Midflow"
"13756",2025-06-09,"G384C",-14.856,10.103,"Midflow"
"13757",2025-06-09,"G384C",-14.856,10.106,"Midflow"
"13758",2025-06-11,"G384C",-15.188,10.09,"Midflow"
"13759",2025-06-11,"G384C",-15.188,10.093,"Midflow"
"13760",2025-06-12,"G384C",-7.367,10.185,"Midflow"
"13761",2025-06-12,"G384C",-7.367,10.186,"Midflow"
"13762",2025-06-13,"G384C",29.996,10.373,"Midflow"
"13763",2025-06-13,"G384C",29.996,10.367,"Midflow"
"13764",2025-06-14,"G384C",-8.409,10.407,"Midflow"
"13765",2025-06-14,"G384C",-8.409,10.409,"Midflow"
"13766",2025-06-15,"G384C",-19.956,10.374,"Midflow"
"13767",2025-06-15,"G384C",-19.956,10.378,"Midflow"
"13768",2025-06-16,"G384C",-8.123,10.337,"Midflow"
"13769",2025-06-16,"G384C",-8.123,10.338,"Midflow"
"13770",2025-06-17,"G384C",-21.706,10.228,"Midflow"
"13771",2025-06-17,"G384C",-21.706,10.232,"Midflow"
"13772",2025-06-18,"G384C",-15.899,10.142,"Midflow"
"13773",2025-06-18,"G384C",-15.899,10.145,"Midflow"
"13774",2025-06-19,"G384C",-34.328,10.152,"Midflow"
"13775",2025-06-19,"G384C",-34.328,10.159,"Midflow"
"13776",2025-06-20,"G384C",-26.078,10.156,"Midflow"
"13777",2025-06-20,"G384C",-26.078,10.16,"Midflow"
"13778",2025-06-21,"G384C",-33.319,10.157,"Midflow"
"13779",2025-06-21,"G384C",-33.319,10.164,"Midflow"
"13780",2025-06-22,"G384C",-31.059,10.198,"Midflow"
"13781",2025-06-22,"G384C",-31.059,10.205,"Midflow"
"13782",2025-06-24,"G384C",7.414,10.136,"Midflow"
"13783",2025-06-24,"G384C",7.414,10.133,"Midflow"
"13784",2025-06-25,"G384C",18.701,10.111,"Midflow"
"13785",2025-06-25,"G384C",18.701,10.105,"Midflow"
"13786",2025-06-26,"G384C",10.623,10.158,"Midflow"
"13787",2025-06-26,"G384C",10.623,10.156,"Midflow"
"13788",2025-06-27,"G384C",-22.628,10.276,"Midflow"
"13789",2025-06-27,"G384C",-22.628,10.28,"Midflow"
"13790",2025-06-28,"G384C",-25.938,10.22,"Midflow"
"13791",2025-06-28,"G384C",-25.938,10.225,"Midflow"
"13792",2025-06-29,"G384C",-8.153,10.166,"Midflow"
"13793",2025-06-29,"G384C",-8.153,10.168,"Midflow"
"13794",2025-06-30,"G384C",-8.472,10.177,"Midflow"
"13795",2025-06-30,"G384C",-8.472,10.178,"Midflow"
"13796",2025-07-01,"G384C",-8.667,10.2,"Midflow"
"13797",2025-07-01,"G384C",-8.667,10.201,"Midflow"
"13798",2026-03-06,"G384D",1.509,NA,"Midflow"
"13799",2026-03-07,"G384D",-8.62,NA,"Midflow"
"13800",2026-03-08,"G384D",3.027,NA,"Midflow"
"13801",2026-03-09,"G384D",-10.495,NA,"Midflow"
"13802",2026-03-10,"G384D",-25.511,NA,"Midflow"
"13803",2026-03-11,"G384D",-17.852,NA,"Midflow"
"13804",2026-03-12,"G384D",10.505,NA,"Midflow"
"13805",2026-03-13,"G384D",24.205,NA,"Midflow"
"13806",2026-03-14,"G384D",2.077,NA,"Midflow"
"13807",2026-03-15,"G384D",-28.297,NA,"Midflow"
"13808",2026-03-16,"G384D",-36.481,NA,"Midflow"
"13809",2026-03-17,"G384D",-25.443,NA,"Midflow"
"13810",2026-03-18,"G384D",-21.276,NA,"Midflow"
"13811",2026-03-19,"G384D",-28.406,NA,"Midflow"
"13812",2026-03-21,"G384D",-38.986,NA,"Midflow"
"13813",2026-03-22,"G384D",-28.747,NA,"Midflow"
"13814",2026-03-23,"G384D",-32.101,NA,"Midflow"
"13815",2026-03-24,"G384D",-15.464,NA,"Midflow"
"13816",2026-03-25,"G384D",11.615,NA,"Midflow"
"13817",2026-03-26,"G384D",-10.694,NA,"Midflow"
"13818",2026-03-27,"G384D",-25.954,NA,"Midflow"
"13819",2026-03-28,"G384D",-19.483,NA,"Midflow"
"13820",2026-03-30,"G384D",-54.324,NA,"Midflow"
"13821",2026-03-31,"G384D",-54.662,NA,"Midflow"
"13822",2026-04-01,"G384D",-50.888,NA,"Midflow"
"13823",2026-04-02,"G384D",-55.79,NA,"Midflow"
"13824",2026-04-04,"G384D",-50.789,NA,"Midflow"
"13825",2026-04-05,"G384D",49.642,NA,"Midflow"
"13826",2026-04-06,"G384D",62.84,NA,"Midflow"
"13827",2026-04-07,"G384D",83.478,NA,"Midflow"
"13828",2026-04-08,"G384D",108.396,NA,"Midflow"
"13829",2026-04-09,"G384D",133.617,NA,"Midflow"
"13830",2026-04-10,"G384D",149.825,NA,"Midflow"
"13831",2026-04-11,"G384D",131.746,NA,"Midflow"
"13832",2026-04-12,"G384D",98.203,NA,"Midflow"
"13833",2026-04-13,"G384D",75.449,NA,"Midflow"
"13834",2026-04-14,"G384D",60.751,NA,"Midflow"
"13835",2026-04-15,"G384D",48.205,NA,"Midflow"
"13836",2026-04-16,"G384D",-65.507,NA,"Midflow"
"13837",2026-04-17,"G384D",-67.267,NA,"Midflow"
"13838",2026-04-18,"G384D",-67.01,NA,"Midflow"
"13839",2026-04-19,"G384D",-63.53,NA,"Midflow"
"13840",2026-04-20,"G384D",-65.491,NA,"Midflow"
"13841",2026-04-21,"G384D",-60.931,NA,"Midflow"
"13842",2026-04-22,"G384D",-54.252,NA,"Midflow"
"13843",2026-04-23,"G384D",-50.51,NA,"Midflow"
"13844",2026-04-24,"G384D",-50.21,NA,"Midflow"
"13845",2026-04-25,"G384D",-65.487,NA,"Midflow"
"13846",2026-04-26,"G384D",-67.93,NA,"Midflow"
"13847",2026-04-27,"G384D",-63.306,NA,"Midflow"
"13848",2026-04-28,"G384D",-65.014,NA,"Midflow"
"13849",2026-04-29,"G384D",-73.827,NA,"Midflow"
"13850",2026-04-30,"G384D",-74.004,NA,"Midflow"
"13851",2026-05-02,"G384D",-71.312,NA,"Midflow"
"13852",2026-05-04,"G384D",-70.638,NA,"Midflow"
"13853",2026-05-05,"G384D",-72.198,NA,"Midflow"
"13854",2026-05-06,"G384D",-72.32,NA,"Midflow"
"13855",2026-05-07,"G384D",-73.122,NA,"Midflow"
"13856",2026-05-08,"G384D",-74.14,NA,"Midflow"
"13857",2026-05-09,"G384D",-76.401,NA,"Midflow"
"13858",2026-05-10,"G384D",-79.188,NA,"Midflow"
"13859",2026-05-11,"G384D",-85.817,NA,"Midflow"
"13860",2025-07-02,"G384C",-9.002,10.28,"Midflow"
"13861",2025-07-02,"G384C",-9.002,10.282,"Midflow"
"13862",2025-07-03,"G384C",25.691,10.41,"Midflow"
"13863",2025-07-03,"G384C",25.691,10.404,"Midflow"
"13864",2025-07-04,"G384C",49.173,10.494,"Midflow"
"13865",2025-07-04,"G384C",49.173,10.481,"Midflow"
"13866",2025-07-05,"G384C",65.005,10.598,"Midflow"
"13867",2025-07-05,"G384C",65.005,10.575,"Midflow"
"13868",2025-07-06,"G384C",70.397,10.654,"Midflow"
"13869",2025-07-06,"G384C",70.397,10.628,"Midflow"
"13870",2025-07-07,"G384C",50.352,10.533,"Midflow"
"13871",2025-07-07,"G384C",50.352,10.52,"Midflow"
"13872",2025-07-09,"G384C",-25.645,10.234,"Midflow"
"13873",2025-07-09,"G384C",-25.645,10.239,"Midflow"
"13874",2025-07-10,"G384C",-6.384,10.153,"Midflow"
"13875",2025-07-10,"G384C",-6.384,10.154,"Midflow"
"13876",2025-07-11,"G384C",-23.013,10.183,"Midflow"
"13877",2025-07-11,"G384C",-23.013,10.188,"Midflow"
"13878",2025-07-12,"G384C",-25.685,10.265,"Midflow"
"13879",2025-07-12,"G384C",-25.685,10.27,"Midflow"
"13880",2025-07-13,"G384C",-8.993,10.359,"Midflow"
"13881",2025-07-13,"G384C",-8.993,10.361,"Midflow"
"13882",2025-07-15,"G384C",37.576,10.417,"Midflow"
"13883",2025-07-15,"G384C",37.576,10.407,"Midflow"
"13884",2025-07-17,"G384C",146.594,11.018,"Midflow"
"13885",2025-07-17,"G384C",146.594,10.907,"Midflow"
"13886",2025-07-18,"G384C",108.667,10.988,"Midflow"
"13887",2025-07-18,"G384C",108.667,10.924,"Midflow"
"13888",2025-07-19,"G384C",91.503,10.845,"Midflow"
"13889",2025-07-19,"G384C",91.503,10.8,"Midflow"
"13890",2025-07-20,"G384C",17.963,10.56,"Midflow"
"13891",2025-07-20,"G384C",17.963,10.555,"Midflow"
"13892",2025-07-21,"G384C",-5.379,10.331,"Midflow"
"13893",2025-07-21,"G384C",-5.379,10.331,"Midflow"
"13894",2025-07-22,"G384C",-12.837,10.197,"Midflow"
"13895",2025-07-22,"G384C",-12.837,10.199,"Midflow"
"13896",2025-07-23,"G384C",-19.119,10.148,"Midflow"
"13897",2025-07-23,"G384C",-19.119,10.151,"Midflow"
"13898",2025-07-24,"G384C",44.246,10.287,"Midflow"
"13899",2025-07-24,"G384C",44.246,10.275,"Midflow"
"13900",2025-07-27,"G384C",7.562,10.367,"Midflow"
"13901",2025-07-27,"G384C",7.562,10.365,"Midflow"
"13902",2025-07-28,"G384C",-27.627,10.397,"Midflow"
"13903",2025-07-28,"G384C",-27.627,10.402,"Midflow"
"13904",2025-07-29,"G384C",-8.61,10.312,"Midflow"
"13905",2025-07-29,"G384C",-8.61,10.313,"Midflow"
"13906",2025-07-30,"G384C",-15.441,10.238,"Midflow"
"13907",2025-07-30,"G384C",-15.441,10.242,"Midflow"
"13908",2025-07-31,"G384C",-6.438,10.21,"Midflow"
"13909",2025-07-31,"G384C",-6.438,10.211,"Midflow"
"13910",2025-08-03,"G384C",-16.976,10.104,"Midflow"
"13911",2025-08-03,"G384C",-16.976,10.107,"Midflow"
"13912",2025-08-04,"G384C",-5.178,10.066,"Midflow"
"13913",2025-08-04,"G384C",-5.178,10.067,"Midflow"
"13914",2025-08-05,"G384C",2.841,10.051,"Midflow"
"13915",2025-08-05,"G384C",2.841,10.051,"Midflow"
"13916",2025-08-06,"G384C",-8.684,10.014,"Midflow"
"13917",2025-08-06,"G384C",-8.684,10.015,"Midflow"
"13918",2025-08-07,"G384C",-26.908,9.963,"Midflow"
"13919",2025-08-07,"G384C",-26.908,9.968,"Midflow"
"13920",2025-08-08,"G384C",-30.938,9.925,"Midflow"
"13921",2025-08-08,"G384C",-30.938,9.931,"Midflow"
"13922",2025-08-09,"G384C",-22.28,9.887,"Midflow"
"13923",2025-08-09,"G384C",-22.28,9.891,"Midflow"
"13924",2025-08-10,"G384C",-12.547,9.864,"Midflow"
"13925",2025-08-10,"G384C",-12.547,9.865,"Midflow"
"13926",2025-08-11,"G384C",-12.423,9.855,"Midflow"
"13927",2025-08-11,"G384C",-12.423,9.857,"Midflow"
"13928",2025-08-12,"G384C",-11.575,9.837,"Midflow"
"13929",2025-08-12,"G384C",-11.575,9.838,"Midflow"
"13930",2025-08-13,"G384C",-21.479,9.824,"Midflow"
"13931",2025-08-13,"G384C",-21.479,9.827,"Midflow"
"13932",2025-08-15,"G384C",-16.324,9.812,"Midflow"
"13933",2025-08-15,"G384C",-16.324,9.815,"Midflow"
"13934",2025-08-16,"G384C",-28.847,9.795,"Midflow"
"13935",2025-08-16,"G384C",-28.847,9.8,"Midflow"
"13936",2025-08-17,"G384C",-26.226,9.799,"Midflow"
"13937",2025-08-17,"G384C",-26.226,9.804,"Midflow"
"13938",2025-08-18,"G384C",-31.459,9.839,"Midflow"
"13939",2025-08-18,"G384C",-31.459,9.845,"Midflow"
"13940",2025-08-19,"G384C",-7.701,9.825,"Midflow"
"13941",2025-08-19,"G384C",-7.701,9.827,"Midflow"
"13942",2025-08-20,"G384C",-5.877,9.813,"Midflow"
"13943",2025-08-20,"G384C",-5.877,9.814,"Midflow"
"13944",2025-08-21,"G384C",-15.981,9.799,"Midflow"
"13945",2025-08-21,"G384C",-15.981,9.802,"Midflow"
"13946",2025-08-22,"G384C",-15.813,9.787,"Midflow"
"13947",2025-08-22,"G384C",-15.813,9.79,"Midflow"
"13948",2025-08-23,"G384C",4.777,9.868,"Midflow"
"13949",2025-08-23,"G384C",4.777,9.866,"Midflow"
"13950",2025-08-24,"G384C",-5.523,9.963,"Midflow"
"13951",2025-08-24,"G384C",-5.523,9.964,"Midflow"
"13952",2025-08-25,"G384C",31.952,10.151,"Midflow"
"13953",2025-08-25,"G384C",31.952,10.143,"Midflow"
"13954",2025-08-26,"G384C",-18.679,10.251,"Midflow"
"13955",2025-08-26,"G384C",-18.679,10.255,"Midflow"
"13956",2025-08-27,"G384C",-8.8,10.22,"Midflow"
"13957",2025-08-27,"G384C",-8.8,10.221,"Midflow"
"13958",2025-08-28,"G384C",3.307,10.093,"Midflow"
"13959",2025-08-28,"G384C",3.307,10.092,"Midflow"
"13960",2025-08-29,"G384C",-3.167,10.042,"Midflow"
"13961",2025-08-29,"G384C",-3.167,10.042,"Midflow"
"13962",2025-08-30,"G384C",-4.847,10.052,"Midflow"
"13963",2025-08-30,"G384C",-4.847,10.053,"Midflow"
"13964",2025-08-31,"G384C",13.867,10.109,"Midflow"
"13965",2025-08-31,"G384C",13.867,10.105,"Midflow"
"13966",2025-09-01,"G384C",76.169,10.443,"Midflow"
"13967",2025-09-01,"G384C",76.169,10.412,"Midflow"
"13968",2025-09-02,"G384C",109.759,10.661,"Midflow"
"13969",2025-09-02,"G384C",109.759,10.598,"Midflow"
"13970",2025-09-03,"G384C",107.96,10.702,"Midflow"
"13971",2025-09-03,"G384C",107.96,10.642,"Midflow"
"13972",2025-09-04,"G384C",136.108,10.815,"Midflow"
"13973",2025-09-04,"G384C",136.108,10.72,"Midflow"
"13974",2025-09-05,"G384C",112.078,10.802,"Midflow"
"13975",2025-09-05,"G384C",112.078,10.736,"Midflow"
"13976",2025-09-06,"G384C",107.2,10.762,"Midflow"
"13977",2025-09-06,"G384C",107.2,10.702,"Midflow"
"13978",2025-09-07,"G384C",65.927,10.619,"Midflow"
"13979",2025-09-07,"G384C",65.927,10.594,"Midflow"
"13980",2025-09-08,"G384C",62.505,10.563,"Midflow"
"13981",2025-09-08,"G384C",62.505,10.54,"Midflow"
"13982",2025-09-09,"G384C",126.459,10.775,"Midflow"
"13983",2025-09-09,"G384C",126.459,10.691,"Midflow"
"13984",2026-05-12,"G384D",-83.339,NA,"Midflow"
"13985",2026-05-13,"G384D",-83.672,NA,"Midflow"
"13986",2026-05-14,"G384D",-79.665,NA,"Midflow"
"13987",2026-05-15,"G384D",-79.997,NA,"Midflow"
"13988",2026-05-16,"G384D",-76.126,NA,"Midflow"
"13989",2026-05-17,"G384D",-70.266,NA,"Midflow"
"13990",2026-05-18,"G384D",-74.519,NA,"Midflow"
"13991",2026-05-19,"G384D",-74.027,NA,"Midflow"
"13992",2026-05-20,"G384D",-80.253,NA,"Midflow"
"13993",2026-05-21,"G384D",-80.7,NA,"Midflow"
"13994",2026-05-22,"G384D",-81.207,NA,"Midflow"
"13995",2026-05-23,"G384D",-81.029,NA,"Midflow"
"13996",2026-05-24,"G384D",-78.54,NA,"Midflow"
"13997",2026-05-25,"G384D",-84.972,NA,"Midflow"
"13998",2026-05-26,"G384D",-84.983,NA,"Midflow"
"13999",2026-05-27,"G384D",-83.923,NA,"Midflow"
"14000",2026-05-28,"G384D",-82.087,NA,"Midflow"
"14001",2026-05-29,"G384D",-80.471,NA,"Midflow"
"14002",2026-05-30,"G384D",-86.559,NA,"Midflow"
"14003",2026-05-31,"G384D",-90.191,NA,"Midflow"
"14004",2026-06-01,"G384D",-88.91,NA,"Midflow"
"14005",2026-06-02,"G384D",-87.954,NA,"Midflow"
"14006",2026-06-03,"G384D",-110.43,NA,"Midflow"
"14007",2026-06-04,"G384D",-98.752,NA,"Midflow"
"14008",2026-06-05,"G384D",-95.105,NA,"Midflow"
"14009",2026-06-06,"G384D",-95.246,NA,"Midflow"
"14010",2026-06-07,"G384D",-90.107,NA,"Midflow"
"14011",2026-06-08,"G384D",-89.041,NA,"Midflow"
"14012",2026-06-09,"G384D",-89.474,NA,"Midflow"
"14013",2026-06-10,"G384D",-87.622,NA,"Midflow"
"14014",2026-06-11,"G384D",-91.255,NA,"Midflow"
"14015",2026-06-12,"G384D",-91.495,NA,"Midflow"
"14016",2026-06-13,"G384D",-91.157,NA,"Midflow"
"14017",2026-06-14,"G384D",-91.064,NA,"Midflow"
"14018",2026-06-15,"G384D",-93.123,NA,"Midflow"
"14019",2026-06-16,"G384D",-92.197,NA,"Midflow"
"14020",2026-06-17,"G384D",-92.088,NA,"Midflow"
"14021",2026-06-18,"G384D",-90.886,NA,"Midflow"
"14022",2026-06-19,"G384D",-85.359,NA,"Midflow"
"14023",2026-06-20,"G384D",-44.997,NA,"Midflow"
"14024",2026-06-21,"G384D",-83.632,NA,"Midflow"
"14025",2026-06-22,"G384D",-90.757,NA,"Midflow"
"14026",2026-06-23,"G384D",-91.413,NA,"Midflow"
"14027",2026-06-24,"G384D",-92.111,NA,"Midflow"
"14028",2026-06-25,"G384D",-94.941,NA,"Midflow"
"14029",2026-06-26,"G384D",-92.996,NA,"Midflow"
"14030",2026-06-27,"G384D",-91.439,NA,"Midflow"
"14031",2026-06-28,"G384D",-91.904,NA,"Midflow"
"14032",2026-06-30,"G384D",-95.414,NA,"Midflow"
"14033",2026-07-01,"G384D",-97.868,NA,"Midflow"
"14034",2026-07-02,"G384D",-97.596,NA,"Midflow"
"14035",2026-07-03,"G384D",-98.347,NA,"Midflow"
"14036",2026-07-04,"G384D",-100.226,NA,"Midflow"
"14037",2026-07-05,"G384D",-98.328,NA,"Midflow"
"14038",2026-07-06,"G384D",-107.527,NA,"Midflow"
"14039",2026-07-08,"G384D",-103.63,NA,"Midflow"
"14040",2026-07-09,"G384D",-107.919,NA,"Midflow"
"14041",2026-07-10,"G384D",-104.129,NA,"Midflow"
"14042",2026-07-11,"G384D",-100.222,NA,"Midflow"
"14043",2026-07-12,"G384D",-118.767,NA,"Midflow"
"14044",2026-07-13,"G384D",-130.929,NA,"Midflow"
"14045",2026-07-14,"G384D",-107.345,NA,"Midflow"
"14046",2025-09-10,"G384C",167.194,11.018,"Midflow"
"14047",2025-09-10,"G384C",167.194,10.874,"Midflow"
"14048",2025-09-11,"G384C",177.021,11.128,"Midflow"
"14049",2025-09-11,"G384C",177.021,10.966,"Midflow"
"14050",2025-09-12,"G384C",176.286,11.146,"Midflow"
"14051",2025-09-12,"G384C",176.286,10.985,"Midflow"
"14052",2025-09-13,"G384C",170.064,11.122,"Midflow"
"14053",2025-09-13,"G384C",170.064,10.973,"Midflow"
"14054",2025-09-14,"G384C",150.381,11.042,"Midflow"
"14055",2025-09-14,"G384C",150.381,10.924,"Midflow"
"14056",2025-09-15,"G384C",131.715,10.935,"Midflow"
"14057",2025-09-15,"G384C",131.715,10.844,"Midflow"
"14058",2025-09-16,"G384C",91.451,10.752,"Midflow"
"14059",2025-09-16,"G384C",91.451,10.706,"Midflow"
"14060",2025-09-17,"G384C",83.876,10.673,"Midflow"
"14061",2025-09-17,"G384C",83.876,10.635,"Midflow"
"14062",2025-09-18,"G384C",82.29,10.661,"Midflow"
"14063",2025-09-18,"G384C",82.29,10.625,"Midflow"
"14064",2025-09-19,"G384C",62.617,10.589,"Midflow"
"14065",2025-09-19,"G384C",62.617,10.568,"Midflow"
"14066",2025-09-20,"G384C",37.313,10.49,"Midflow"
"14067",2025-09-20,"G384C",37.313,10.482,"Midflow"
"14068",2025-09-21,"G384C",42.481,10.439,"Midflow"
"14069",2025-09-21,"G384C",42.481,10.43,"Midflow"
"14070",2025-09-22,"G384C",0.403,10.358,"Midflow"
"14071",2025-09-22,"G384C",0.403,10.358,"Midflow"
"14072",2025-09-23,"G384C",-55.011,10.377,"Midflow"
"14073",2025-09-23,"G384C",-55.011,10.425,"Midflow"
"14074",2025-09-24,"G384C",-18.168,10.513,"Midflow"
"14075",2025-09-24,"G384C",-18.168,10.521,"Midflow"
"14076",2025-09-25,"G384C",76.96,10.795,"Midflow"
"14077",2025-09-25,"G384C",76.96,10.748,"Midflow"
"14078",2025-09-26,"G384C",113.653,10.949,"Midflow"
"14079",2025-09-26,"G384C",113.653,10.881,"Midflow"
"14080",2025-09-27,"G384C",120.499,10.903,"Midflow"
"14081",2025-09-27,"G384C",120.499,10.827,"Midflow"
"14082",2025-09-28,"G384C",116.871,10.873,"Midflow"
"14083",2025-09-28,"G384C",116.871,10.802,"Midflow"
"14084",2025-09-29,"G384C",80.169,10.808,"Midflow"
"14085",2025-09-29,"G384C",80.169,10.773,"Midflow"
"14086",2025-09-30,"G384C",8.361,10.698,"Midflow"
"14087",2025-09-30,"G384C",8.361,10.69,"Midflow"
"14088",2025-10-01,"G384C",-52.096,10.553,"Midflow"
"14089",2025-10-01,"G384C",-52.096,10.568,"Midflow"
"14090",2025-10-02,"G384C",-27.01,10.424,"Midflow"
"14091",2025-10-02,"G384C",-27.01,10.43,"Midflow"
"14092",2025-10-03,"G384C",10.176,10.383,"Midflow"
"14093",2025-10-03,"G384C",10.176,10.381,"Midflow"
"14094",2025-10-05,"G384C",37.077,10.5,"Midflow"
"14095",2025-10-05,"G384C",37.077,10.49,"Midflow"
"14096",2025-10-06,"G384C",4.589,10.419,"Midflow"
"14097",2025-10-06,"G384C",4.589,10.418,"Midflow"
"14098",2025-10-07,"G384C",19.351,10.366,"Midflow"
"14099",2025-10-07,"G384C",19.351,10.361,"Midflow"
"14100",2025-10-08,"G384C",-7.404,10.305,"Midflow"
"14101",2025-10-08,"G384C",-7.404,10.306,"Midflow"
"14102",2025-10-09,"G384C",19.405,10.263,"Midflow"
"14103",2025-10-09,"G384C",19.405,10.259,"Midflow"
"14104",2025-10-10,"G384C",-7.426,10.289,"Midflow"
"14105",2025-10-10,"G384C",-7.426,10.291,"Midflow"
"14106",2025-10-11,"G384C",76.499,10.455,"Midflow"
"14107",2025-10-11,"G384C",76.499,10.418,"Midflow"
"14108",2025-10-12,"G384C",218.337,10.914,"Midflow"
"14109",2025-10-12,"G384C",218.337,10.661,"Midflow"
"14110",2025-10-13,"G384C",222.441,11.139,"Midflow"
"14111",2025-10-13,"G384C",222.441,10.882,"Midflow"
"14112",2025-10-14,"G384C",162.303,11.022,"Midflow"
"14113",2025-10-14,"G384C",162.303,10.886,"Midflow"
"14114",2025-10-15,"G384C",117.894,10.852,"Midflow"
"14115",2025-10-15,"G384C",117.894,10.777,"Midflow"
"14116",2025-10-16,"G384C",58.718,10.627,"Midflow"
"14117",2025-10-16,"G384C",58.718,10.607,"Midflow"
"14118",2025-10-17,"G384C",44.671,10.495,"Midflow"
"14119",2025-10-17,"G384C",44.671,10.484,"Midflow"
"14120",2025-10-18,"G384C",23.873,10.395,"Midflow"
"14121",2025-10-18,"G384C",23.873,10.389,"Midflow"
"14122",2025-10-19,"G384C",-11.094,10.324,"Midflow"
"14123",2025-10-19,"G384C",-11.094,10.326,"Midflow"
"14124",2025-10-20,"G384C",-22.652,10.302,"Midflow"
"14125",2025-10-20,"G384C",-22.652,10.306,"Midflow"
"14126",2025-10-21,"G384C",30.115,10.314,"Midflow"
"14127",2025-10-21,"G384C",30.115,10.307,"Midflow"
"14128",2025-10-22,"G384C",6.488,10.332,"Midflow"
"14129",2025-10-22,"G384C",6.488,10.33,"Midflow"
"14130",2025-10-23,"G384C",-18.419,10.223,"Midflow"
"14131",2025-10-23,"G384C",-18.419,10.226,"Midflow"
"14132",2025-10-24,"G384C",-28.688,10.121,"Midflow"
"14133",2025-10-24,"G384C",-28.688,10.126,"Midflow"
"14134",2025-10-26,"G384C",-8.029,10.116,"Midflow"
"14135",2025-10-26,"G384C",-8.029,10.117,"Midflow"
"14136",2025-10-27,"G384C",-21.62,10.12,"Midflow"
"14137",2025-10-27,"G384C",-21.62,10.123,"Midflow"
"14138",2025-10-28,"G384C",-20.042,10.111,"Midflow"
"14139",2025-10-28,"G384C",-20.042,10.115,"Midflow"
"14140",2025-10-30,"G384C",0.997,10.09,"Midflow"
"14141",2025-10-30,"G384C",0.997,10.089,"Midflow"
"14142",2025-10-31,"G384C",14.968,10.079,"Midflow"
"14143",2025-10-31,"G384C",14.968,10.076,"Midflow"
"14144",2025-11-01,"G384C",5.714,10.067,"Midflow"
"14145",2025-11-01,"G384C",5.714,10.066,"Midflow"
"14146",2025-11-02,"G384C",10.173,10.057,"Midflow"
"14147",2025-11-02,"G384C",10.173,10.055,"Midflow"
"14148",2025-11-03,"G384C",-0.818,10.046,"Midflow"
"14149",2025-11-03,"G384C",-0.818,10.046,"Midflow"
"14150",2025-11-04,"G384C",5.889,10.033,"Midflow"
"14151",2025-11-04,"G384C",5.889,10.031,"Midflow"
"14152",2025-11-05,"G384C",-5.25,10.021,"Midflow"
"14153",2025-11-05,"G384C",-5.25,10.022,"Midflow"
"14154",2025-11-06,"G384C",5.667,10.013,"Midflow"
"14155",2025-11-06,"G384C",5.667,10.011,"Midflow"
"14156",2025-11-07,"G384C",-2.563,10,"Midflow"
"14157",2025-11-07,"G384C",-2.563,10,"Midflow"
"14158",2025-11-08,"G384C",-19.972,9.985,"Midflow"
"14159",2025-11-08,"G384C",-19.972,9.99,"Midflow"
"14160",2025-11-09,"G384C",-28.682,9.969,"Midflow"
"14161",2025-11-09,"G384C",-28.682,9.975,"Midflow"
"14162",2025-11-10,"G384C",-11.24,9.957,"Midflow"
"14163",2025-11-10,"G384C",-11.24,9.959,"Midflow"
"14164",2025-11-11,"G384C",7.092,9.94,"Midflow"
"14165",2025-11-11,"G384C",7.092,9.939,"Midflow"
"14166",2025-11-12,"G384C",0,9.927,"Midflow"
"14167",2025-11-12,"G384C",0,9.927,"Midflow"
"14168",2025-11-13,"G384C",0,9.922,"Midflow"
"14169",2025-11-13,"G384C",0,9.923,"Midflow"
"14170",2026-07-15,"G384D",-103.81,NA,"Midflow"
"14171",2026-07-16,"G384D",-104.488,NA,"Midflow"
"14172",2026-07-17,"G384D",-128.604,NA,"Midflow"
"14173",2026-07-18,"G384D",-120.574,NA,"Midflow"
"14174",2026-07-19,"G384D",-111.865,NA,"Midflow"
"14175",2026-07-20,"G384D",-109.697,NA,"Midflow"
"14176",2026-07-21,"G384D",-110.897,NA,"Midflow"
"14177",2026-07-22,"G384D",-107.65,NA,"Midflow"
"14178",2026-07-23,"G384D",-105.381,NA,"Midflow"
"14179",2026-07-24,"G384D",-103.819,NA,"Midflow"
"14180",2026-07-25,"G384D",-133.125,NA,"Midflow"
"14181",2026-07-26,"G384D",-131.351,NA,"Midflow"
"14182",2026-07-27,"G384D",-114.087,NA,"Midflow"
"14183",2026-07-28,"G384D",-112.603,NA,"Midflow"
"14184",2026-07-29,"G384D",-107.051,NA,"Midflow"
"14185",2026-07-30,"G384D",-108.08,NA,"Midflow"
"14186",2026-07-31,"G384D",-112.157,NA,"Midflow"
"14187",2026-08-01,"G384D",-106.235,NA,"Midflow"
"14188",2026-08-02,"G384D",-103.588,NA,"Midflow"
"14189",2026-08-03,"G384D",-114.799,NA,"Midflow"
"14190",2026-08-04,"G384D",-109.897,NA,"Midflow"
"14191",2026-08-05,"G384D",-160.826,NA,"Midflow"
"14192",2026-08-06,"G384D",-159.804,NA,"Midflow"
"14193",2026-08-07,"G384D",-95.889,NA,"Midflow"
"14194",2026-08-08,"G384D",-85.623,NA,"Midflow"
"14195",2026-08-09,"G384D",-90.369,NA,"Midflow"
"14196",2026-08-10,"G384D",-85.1,NA,"Midflow"
"14197",2026-08-11,"G384D",-92.469,NA,"Midflow"
"14198",2026-08-12,"G384D",-88.356,NA,"Midflow"
"14199",2026-08-13,"G384D",-62.136,NA,"Midflow"
"14200",2026-08-14,"G384D",-64.265,NA,"Midflow"
"14201",2026-08-15,"G384D",-76.253,NA,"Midflow"
"14202",2026-08-16,"G384D",-93.675,NA,"Midflow"
"14203",2026-08-17,"G384D",-110.432,NA,"Midflow"
"14204",2026-08-18,"G384D",-109.749,NA,"Midflow"
"14205",2026-08-19,"G384D",-108.019,NA,"Midflow"
"14206",2026-08-20,"G384D",-107.278,NA,"Midflow"
"14207",2026-08-21,"G384D",-105.723,NA,"Midflow"
"14208",2026-08-22,"G384D",-119.616,NA,"Midflow"
"14209",2026-08-23,"G384D",-115.318,NA,"Midflow"
"14210",2026-08-24,"G384D",-114.359,NA,"Midflow"
"14211",2026-08-25,"G384D",-111.314,NA,"Midflow"
"14212",2026-08-26,"G384D",-105.566,NA,"Midflow"
"14213",2026-08-27,"G384D",-105.177,NA,"Midflow"
"14214",2026-08-28,"G384D",-92.477,NA,"Midflow"
"14215",2026-08-29,"G384D",-61.362,NA,"Midflow"
"14216",2026-08-30,"G384D",-70.919,NA,"Midflow"
"14217",2026-08-31,"G384D",-66.276,NA,"Midflow"
"14218",2026-09-01,"G384D",-59.294,NA,"Midflow"
"14219",2026-09-02,"G384D",-90.132,NA,"Midflow"
"14220",2026-09-03,"G384D",5.718,NA,"Midflow"
"14221",2026-09-04,"G384D",186.932,NA,"Midflow"
"14222",2026-09-05,"G384D",286.043,NA,"Midflow"
"14223",2026-09-06,"G384D",360.653,NA,"Midflow"
"14224",2026-09-07,"G384D",386.535,NA,"Midflow"
"14225",2026-09-08,"G384D",388.578,NA,"Midflow"
"14226",2026-09-09,"G384D",399.065,NA,"Midflow"
"14227",2026-09-11,"G384D",371.278,NA,"Midflow"
"14228",2026-09-12,"G384D",335.727,NA,"Midflow"
"14229",2026-09-13,"G384D",310.317,NA,"Midflow"
"14230",2026-09-14,"G384D",288.559,NA,"Midflow"
"14231",2026-09-15,"G384D",285.256,NA,"Midflow"
"14232",2025-11-14,"G384C",0,9.948,"Midflow"
"14233",2025-11-14,"G384C",0,9.944,"Midflow"
"14234",2025-11-15,"G384C",0,9.992,"Midflow"
"14235",2025-11-15,"G384C",0,9.984,"Midflow"
"14236",2025-11-16,"G384C",0,10.025,"Midflow"
"14237",2025-11-16,"G384C",0,10.021,"Midflow"
"14238",2025-11-17,"G384C",0,10.062,"Midflow"
"14239",2025-11-17,"G384C",0,10.057,"Midflow"
"14240",2025-11-18,"G384C",0,10.105,"Midflow"
"14241",2025-11-18,"G384C",0,10.096,"Midflow"
"14242",2025-11-20,"G384C",0,10.153,"Midflow"
"14243",2025-11-20,"G384C",0,10.155,"Midflow"
"14244",2025-11-21,"G384C",0,10.153,"Midflow"
"14245",2025-11-21,"G384C",0,10.155,"Midflow"
"14246",2025-11-22,"G384C",0,10.148,"Midflow"
"14247",2025-11-22,"G384C",0,10.149,"Midflow"
"14248",2025-11-23,"G384C",0,10.139,"Midflow"
"14249",2025-11-23,"G384C",0,10.14,"Midflow"
"14250",2025-11-24,"G384C",0,10.129,"Midflow"
"14251",2025-11-24,"G384C",0,10.132,"Midflow"
"14252",2025-11-26,"G384C",0,10.132,"Midflow"
"14253",2025-11-26,"G384C",0,10.132,"Midflow"
"14254",2025-11-27,"G384C",0,10.197,"Midflow"
"14255",2025-11-27,"G384C",0,10.192,"Midflow"
"14256",2025-11-28,"G384C",0,10.199,"Midflow"
"14257",2025-11-28,"G384C",0,10.194,"Midflow"
"14258",2025-11-29,"G384C",0,10.195,"Midflow"
"14259",2025-11-29,"G384C",0,10.191,"Midflow"
"14260",2025-11-30,"G384C",0,10.192,"Midflow"
"14261",2025-11-30,"G384C",0,10.191,"Midflow"
"14262",2025-12-01,"G384C",0,10.195,"Midflow"
"14263",2025-12-01,"G384C",0,10.193,"Midflow"
"14264",2025-12-02,"G384C",0,10.194,"Midflow"
"14265",2025-12-02,"G384C",0,10.193,"Midflow"
"14266",2025-12-03,"G384C",0,10.184,"Midflow"
"14267",2025-12-03,"G384C",0,10.186,"Midflow"
"14268",2025-12-04,"G384C",0,10.175,"Midflow"
"14269",2025-12-04,"G384C",0,10.177,"Midflow"
"14270",2025-12-05,"G384C",0,10.166,"Midflow"
"14271",2025-12-05,"G384C",0,10.168,"Midflow"
"14272",2025-12-06,"G384C",0,10.155,"Midflow"
"14273",2025-12-06,"G384C",0,10.161,"Midflow"
"14274",2025-12-07,"G384C",0,10.145,"Midflow"
"14275",2025-12-07,"G384C",0,10.15,"Midflow"
"14276",2025-12-08,"G384C",-9.76,10.155,"Midflow"
"14277",2025-12-08,"G384C",-9.76,10.16,"Midflow"
"14278",2025-12-09,"G384C",-23.191,10.152,"Midflow"
"14279",2025-12-09,"G384C",-23.191,10.156,"Midflow"
"14280",2025-12-10,"G384C",-27.487,10.147,"Midflow"
"14281",2025-12-10,"G384C",-27.487,10.152,"Midflow"
"14282",2025-12-11,"G384C",-5.264,10.143,"Midflow"
"14283",2025-12-11,"G384C",-5.264,10.143,"Midflow"
"14284",2025-12-12,"G384C",6.622,10.135,"Midflow"
"14285",2025-12-12,"G384C",6.622,10.134,"Midflow"
"14286",2025-12-13,"G384C",1.067,10.126,"Midflow"
"14287",2025-12-13,"G384C",1.067,10.127,"Midflow"
"14288",2025-12-14,"G384C",-17.181,10.122,"Midflow"
"14289",2025-12-14,"G384C",-17.181,10.124,"Midflow"
"14290",2025-12-15,"G384C",-0.838,10.119,"Midflow"
"14291",2025-12-15,"G384C",-0.838,10.119,"Midflow"
"14292",2025-12-16,"G384C",-7.307,10.11,"Midflow"
"14293",2025-12-16,"G384C",-7.307,10.111,"Midflow"
"14294",2025-12-17,"G384C",-3.368,10.099,"Midflow"
"14295",2025-12-17,"G384C",-3.368,10.1,"Midflow"
"14296",2025-12-18,"G384C",-3.883,10.09,"Midflow"
"14297",2025-12-18,"G384C",-3.883,10.091,"Midflow"
"14298",2025-12-19,"G384C",-1.145,10.082,"Midflow"
"14299",2025-12-19,"G384C",-1.145,10.082,"Midflow"
"14300",2025-12-20,"G384C",9.201,10.073,"Midflow"
"14301",2025-12-20,"G384C",9.201,10.071,"Midflow"
"14302",2025-12-21,"G384C",2.579,10.064,"Midflow"
"14303",2025-12-21,"G384C",2.579,10.064,"Midflow"
"14304",2025-12-22,"G384C",4.882,10.057,"Midflow"
"14305",2025-12-22,"G384C",4.882,10.056,"Midflow"
"14306",2025-12-23,"G384C",19.744,10.048,"Midflow"
"14307",2025-12-23,"G384C",19.744,10.044,"Midflow"
"14308",2025-12-24,"G384C",4.384,10.035,"Midflow"
"14309",2025-12-24,"G384C",4.384,10.034,"Midflow"
"14310",2025-12-25,"G384C",3.39,10.025,"Midflow"
"14311",2025-12-25,"G384C",3.39,10.025,"Midflow"
"14312",2025-12-26,"G384C",13.228,10.016,"Midflow"
"14313",2025-12-26,"G384C",13.228,10.014,"Midflow"
"14314",2025-12-27,"G384C",11.894,10.007,"Midflow"
"14315",2025-12-27,"G384C",11.894,10.005,"Midflow"
"14316",2025-12-29,"G384C",-17.087,9.985,"Midflow"
"14317",2025-12-29,"G384C",-17.087,9.988,"Midflow"
"14318",2025-12-30,"G384C",-6.655,9.972,"Midflow"
"14319",2025-12-30,"G384C",-6.655,9.973,"Midflow"
"14320",2025-12-31,"G384C",9.903,9.96,"Midflow"
"14321",2025-12-31,"G384C",9.903,9.958,"Midflow"
"14322",2025-12-28,"G384C",-4.835,9.995,"Midflow"
"14323",2025-12-28,"G384C",-4.835,9.995,"Midflow"
"14324",2025-01-04,"G384C",25.386,10.12,"Midflow"
"14325",2025-01-04,"G384C",25.386,10.115,"Midflow"
"14326",2025-01-19,"G384C",10.654,10.19,"Midflow"
"14327",2025-01-19,"G384C",10.654,10.188,"Midflow"
"14328",2025-02-07,"G384C",3.591,10.364,"Midflow"
"14329",2025-02-07,"G384C",3.591,10.363,"Midflow"
"14330",2025-02-12,"G384C",5.915,10.376,"Midflow"
"14331",2025-02-12,"G384C",5.915,10.374,"Midflow"
"14332",2025-02-13,"G384C",-37.588,10.427,"Midflow"
"14333",2025-02-13,"G384C",-37.588,10.436,"Midflow"
"14334",2025-02-19,"G384C",-18.093,10.479,"Midflow"
"14335",2025-02-19,"G384C",-18.093,10.483,"Midflow"
"14336",2025-03-03,"G384C",11.069,10.247,"Midflow"
"14337",2025-03-03,"G384C",11.069,10.245,"Midflow"
"14338",2025-03-25,"G384C",7.194,10.106,"Midflow"
"14339",2025-03-25,"G384C",7.194,10.105,"Midflow"
"14340",2025-04-10,"G384C",-27.117,9.897,"Midflow"
"14341",2025-04-10,"G384C",-27.117,9.902,"Midflow"
"14342",2025-04-12,"G384C",-4.075,9.867,"Midflow"
"14343",2025-04-12,"G384C",-4.075,9.868,"Midflow"
"14344",2025-04-18,"G384C",-15.987,9.74,"Midflow"
"14345",2025-04-18,"G384C",-15.987,9.743,"Midflow"
"14346",2025-04-30,"G384C",-2.675,9.554,"Midflow"
"14347",2025-04-30,"G384C",-2.675,9.555,"Midflow"
"14348",2025-05-08,"G384C",12.673,10.515,"Midflow"
"14349",2025-05-08,"G384C",12.673,10.4,"Midflow"
"14350",2025-05-10,"G384C",-3.134,10.415,"Midflow"
"14351",2025-05-10,"G384C",-3.134,10.42,"Midflow"
"14352",2025-05-22,"G384C",-31.894,10.41,"Midflow"
"14353",2025-05-22,"G384C",-31.894,10.416,"Midflow"
"14354",2025-05-27,"G384C",-46.593,10.354,"Midflow"
"14355",2025-05-27,"G384C",-46.593,10.366,"Midflow"
"14356",2026-09-16,"G384D",264.071,NA,"Midflow"
"14357",2026-09-17,"G384D",257.636,NA,"Midflow"
"14358",2026-09-18,"G384D",229.164,NA,"Midflow"
"14359",2026-09-19,"G384D",254.18,NA,"Midflow"
"14360",2026-09-20,"G384D",276.984,NA,"Midflow"
"14361",2026-09-21,"G384D",240.48,NA,"Midflow"
"14362",2026-09-22,"G384D",248.411,NA,"Midflow"
"14363",2026-09-23,"G384D",387.086,NA,"Midflow"
"14364",2026-09-24,"G384D",419.932,NA,"Midflow"
"14365",2026-09-25,"G384D",418.543,NA,"Midflow"
"14366",2026-09-26,"G384D",348.54,NA,"Midflow"
"14367",2026-09-27,"G384D",251.364,NA,"Midflow"
"14368",2026-09-28,"G384D",198.289,NA,"Midflow"
"14369",2026-09-29,"G384D",161.522,NA,"Midflow"
"14370",2026-09-30,"G384D",50.112,NA,"Midflow"
"14371",2026-10-01,"G384D",65.003,NA,"Midflow"
"14372",2026-10-02,"G384D",91.887,NA,"Midflow"
"14373",2026-10-03,"G384D",47.405,NA,"Midflow"
"14374",2026-10-04,"G384D",-89.658,NA,"Midflow"
"14375",2026-10-05,"G384D",-81.256,NA,"Midflow"
"14376",2026-09-10,"G384D",392.868,NA,"Midflow"
"14377",2026-01-07,"G384D",-3.921,NA,"Midflow"
"14378",2026-01-08,"G384D",-10.113,NA,"Midflow"
"14379",2026-02-09,"G384D",-4.005,NA,"Midflow"
"14380",2026-02-19,"G384D",31.858,NA,"Midflow"
"14381",2026-03-20,"G384D",-39.714,NA,"Midflow"
"14382",2026-03-29,"G384D",-11.129,NA,"Midflow"
"14383",2026-04-03,"G384D",-52.811,NA,"Midflow"
"14384",2026-05-01,"G384D",-72.493,NA,"Midflow"
"14385",2026-05-03,"G384D",-67.228,NA,"Midflow"
"14386",2026-06-29,"G384D",-93.478,NA,"Midflow"
"14387",2026-07-07,"G384D",-113.36,NA,"Midflow"
"14388",2024-11-01,"G384E",9.997,NA,"Midflow"
"14389",2024-11-02,"G384E",3.859,NA,"Midflow"
"14390",2024-11-03,"G384E",-6.297,NA,"Midflow"
"14391",2024-11-04,"G384E",14.526,NA,"Midflow"
"14392",2024-11-05,"G384E",12.678,NA,"Midflow"
"14393",2024-11-06,"G384E",-5.74,NA,"Midflow"
"14394",2024-11-12,"G384E",4.13,NA,"Midflow"
"14395",2024-11-07,"G384E",62.456,NA,"Midflow"
"14396",2024-11-08,"G384E",207.95,NA,"Midflow"
"14397",2024-11-09,"G384E",29.465,NA,"Midflow"
"14398",2024-11-10,"G384E",-12.868,NA,"Midflow"
"14399",2024-11-11,"G384E",-21.804,NA,"Midflow"
"14400",2024-11-13,"G384E",5.263,NA,"Midflow"
"14401",2024-11-15,"G384E",-7.689,NA,"Midflow"
"14402",2024-11-16,"G384E",0.467,NA,"Midflow"
"14403",2024-11-17,"G384E",6.444,NA,"Midflow"
"14404",2024-11-18,"G384E",-5.634,NA,"Midflow"
"14405",2024-11-19,"G384E",-1.058,NA,"Midflow"
"14406",2024-11-20,"G384E",7.041,NA,"Midflow"
"14407",2024-11-21,"G384E",4.033,NA,"Midflow"
"14408",2024-11-22,"G384E",11.676,NA,"Midflow"
"14409",2024-11-23,"G384E",29.581,NA,"Midflow"
"14410",2024-11-24,"G384E",23.012,NA,"Midflow"
"14411",2024-11-25,"G384E",8.485,NA,"Midflow"
"14412",2024-11-26,"G384E",3.413,NA,"Midflow"
"14413",2024-11-27,"G384E",7.602,NA,"Midflow"
"14414",2024-11-28,"G384E",2.667,NA,"Midflow"
"14415",2024-11-29,"G384E",3.474,NA,"Midflow"
"14416",2024-11-30,"G384E",18.042,NA,"Midflow"
"14417",2024-12-01,"G384E",4.227,NA,"Midflow"
"14418",2025-05-29,"G384C",-27.027,10.297,"Midflow"
"14419",2025-05-29,"G384C",-27.027,10.303,"Midflow"
"14420",2025-06-10,"G384C",-1.617,10.088,"Midflow"
"14421",2025-06-10,"G384C",-1.617,10.088,"Midflow"
"14422",2025-06-23,"G384C",22.362,10.224,"Midflow"
"14423",2025-06-23,"G384C",22.362,10.213,"Midflow"
"14424",2025-07-08,"G384C",-8.783,10.369,"Midflow"
"14425",2025-07-08,"G384C",-8.783,10.371,"Midflow"
"14426",2025-07-14,"G384C",-22.209,10.456,"Midflow"
"14427",2025-07-14,"G384C",-22.209,10.46,"Midflow"
"14428",2025-07-16,"G384C",119.425,10.751,"Midflow"
"14429",2025-07-16,"G384C",119.425,10.675,"Midflow"
"14430",2025-07-25,"G384C",4.869,10.363,"Midflow"
"14431",2025-07-25,"G384C",4.869,10.361,"Midflow"
"14432",2025-07-26,"G384C",-24.213,10.333,"Midflow"
"14433",2025-07-26,"G384C",-24.213,10.337,"Midflow"
"14434",2025-08-01,"G384C",-19.31,10.196,"Midflow"
"14435",2025-08-01,"G384C",-19.31,10.199,"Midflow"
"14436",2025-08-02,"G384C",-31.426,10.154,"Midflow"
"14437",2025-08-02,"G384C",-31.426,10.161,"Midflow"
"14438",2025-08-14,"G384C",-15.767,9.828,"Midflow"
"14439",2025-08-14,"G384C",-15.767,9.832,"Midflow"
"14440",2025-10-04,"G384C",61.158,10.482,"Midflow"
"14441",2025-10-04,"G384C",61.158,10.462,"Midflow"
"14442",2025-10-25,"G384C",-13.029,10.106,"Midflow"
"14443",2025-10-25,"G384C",-13.029,10.109,"Midflow"
"14444",2025-10-29,"G384C",-22.551,10.099,"Midflow"
"14445",2025-10-29,"G384C",-22.551,10.103,"Midflow"
"14446",2025-11-19,"G384C",0,10.141,"Midflow"
"14447",2025-11-19,"G384C",0,10.136,"Midflow"
"14448",2025-11-25,"G384C",0,10.122,"Midflow"
"14449",2025-11-25,"G384C",0,10.123,"Midflow"
"14450",2025-01-01,"G384D",17.841,NA,"Midflow"
"14451",2025-01-02,"G384D",13.747,NA,"Midflow"
"14452",2025-01-03,"G384D",4.912,NA,"Midflow"
"14453",2025-01-05,"G384D",12.507,NA,"Midflow"
"14454",2025-01-06,"G384D",8.366,NA,"Midflow"
"14455",2025-01-07,"G384D",5.909,NA,"Midflow"
"14456",2025-01-08,"G384D",15.96,NA,"Midflow"
"14457",2025-01-09,"G384D",32.193,NA,"Midflow"
"14458",2025-01-10,"G384D",18.405,NA,"Midflow"
"14459",2025-01-11,"G384D",20.529,NA,"Midflow"
"14460",2025-01-12,"G384D",20.557,NA,"Midflow"
"14461",2025-01-13,"G384D",27.584,NA,"Midflow"
"14462",2025-01-14,"G384D",10.654,NA,"Midflow"
"14463",2025-01-15,"G384D",16.735,NA,"Midflow"
"14464",2025-01-16,"G384D",23.882,NA,"Midflow"
"14465",2025-01-17,"G384D",18.683,NA,"Midflow"
"14466",2025-01-19,"G384D",10.682,NA,"Midflow"
"14467",2025-01-21,"G384D",13.214,NA,"Midflow"
"14468",2025-01-22,"G384D",28.939,NA,"Midflow"
"14469",2025-01-23,"G384D",26.446,NA,"Midflow"
"14470",2025-01-24,"G384D",33.614,NA,"Midflow"
"14471",2025-01-25,"G384D",40.679,NA,"Midflow"
"14472",2025-01-26,"G384D",16.56,NA,"Midflow"
"14473",2025-01-27,"G384D",14.593,NA,"Midflow"
"14474",2025-01-28,"G384D",7.121,NA,"Midflow"
"14475",2025-01-29,"G384D",9.353,NA,"Midflow"
"14476",2025-01-30,"G384D",22.133,NA,"Midflow"
"14477",2025-01-31,"G384D",23.507,NA,"Midflow"
"14478",2025-02-01,"G384D",-2.135,NA,"Midflow"
"14479",2025-02-02,"G384D",7.268,NA,"Midflow"
"14480",2025-02-03,"G384D",9.489,NA,"Midflow"
"14481",2025-02-04,"G384D",-1.984,NA,"Midflow"
"14482",2025-02-07,"G384D",3.401,NA,"Midflow"
"14483",2025-02-08,"G384D",4.144,NA,"Midflow"
"14484",2025-02-09,"G384D",-14.225,NA,"Midflow"
"14485",2025-02-10,"G384D",-35.154,NA,"Midflow"
"14486",2025-02-11,"G384D",-9.025,NA,"Midflow"
"14487",2025-02-15,"G384D",-32.913,NA,"Midflow"
"14488",2025-02-16,"G384D",-38.965,NA,"Midflow"
"14489",2025-02-17,"G384D",-39.985,NA,"Midflow"
"14490",2025-02-18,"G384D",-35.472,NA,"Midflow"
"14491",2025-02-19,"G384D",-18.618,NA,"Midflow"
"14492",2025-02-20,"G384D",-2.168,NA,"Midflow"
"14493",2025-02-21,"G384D",12.84,NA,"Midflow"
"14494",2025-02-22,"G384D",8.76,NA,"Midflow"
"14495",2025-02-23,"G384D",3.596,NA,"Midflow"
"14496",2025-02-24,"G384D",3.73,NA,"Midflow"
"14497",2024-12-02,"G384E",2.824,NA,"Midflow"
"14498",2024-12-03,"G384E",-1.064,NA,"Midflow"
"14499",2024-12-04,"G384E",6.232,NA,"Midflow"
"14500",2024-12-05,"G384E",-8.808,NA,"Midflow"
"14501",2024-12-06,"G384E",9.179,NA,"Midflow"
"14502",2024-12-07,"G384E",-1.79,NA,"Midflow"
"14503",2024-12-08,"G384E",-7.444,NA,"Midflow"
"14504",2024-12-09,"G384E",-11.589,NA,"Midflow"
"14505",2024-12-10,"G384E",-18.697,NA,"Midflow"
"14506",2024-12-11,"G384E",-10.08,NA,"Midflow"
"14507",2024-12-12,"G384E",-3.599,NA,"Midflow"
"14508",2024-12-13,"G384E",7.841,NA,"Midflow"
"14509",2024-12-14,"G384E",16.183,NA,"Midflow"
"14510",2024-12-15,"G384E",39.982,NA,"Midflow"
"14511",2024-12-16,"G384E",22.731,NA,"Midflow"
"14512",2024-12-18,"G384E",20.395,NA,"Midflow"
"14513",2024-12-19,"G384E",13.738,NA,"Midflow"
"14514",2024-12-20,"G384E",26.595,NA,"Midflow"
"14515",2024-12-21,"G384E",20.686,NA,"Midflow"
"14516",2024-12-22,"G384E",31.865,NA,"Midflow"
"14517",2024-12-23,"G384E",23.509,NA,"Midflow"
"14518",2024-12-24,"G384E",29.27,NA,"Midflow"
"14519",2024-12-25,"G384E",11.237,NA,"Midflow"
"14520",2024-12-26,"G384E",-8.431,NA,"Midflow"
"14521",2024-12-27,"G384E",24.425,NA,"Midflow"
"14522",2024-12-28,"G384E",43.375,NA,"Midflow"
"14523",2024-12-29,"G384E",38.409,NA,"Midflow"
"14524",2024-12-30,"G384E",12.838,NA,"Midflow"
"14525",2024-12-31,"G384E",10.75,NA,"Midflow"
"14526",2024-12-17,"G384E",19.987,NA,"Midflow"
"14527",2024-11-14,"G384E",7.137,NA,"Midflow"
"14528",2026-01-01,"G384E",9.702,NA,"Midflow"
"14529",2026-01-02,"G384E",9.506,NA,"Midflow"
"14530",2026-01-03,"G384E",-1.366,NA,"Midflow"
"14531",2026-01-04,"G384E",-8.818,NA,"Midflow"
"14532",2026-01-05,"G384E",-13.675,NA,"Midflow"
"14533",2026-01-06,"G384E",-7.19,NA,"Midflow"
"14534",2026-01-07,"G384E",-3.923,NA,"Midflow"
"14535",2026-01-08,"G384E",-9.827,NA,"Midflow"
"14536",2026-01-09,"G384E",5.07,NA,"Midflow"
"14537",2026-01-10,"G384E",0.904,NA,"Midflow"
"14538",2026-01-11,"G384E",14.414,NA,"Midflow"
"14539",2026-01-12,"G384E",21.606,NA,"Midflow"
"14540",2026-01-13,"G384E",19.96,NA,"Midflow"
"14541",2026-01-14,"G384E",7.111,NA,"Midflow"
"14542",2026-01-15,"G384E",33.953,NA,"Midflow"
"14543",2026-01-16,"G384E",39.481,NA,"Midflow"
"14544",2026-01-17,"G384E",23.244,NA,"Midflow"
"14545",2026-01-18,"G384E",16.665,NA,"Midflow"
"14546",2026-01-19,"G384E",27.864,NA,"Midflow"
"14547",2026-01-21,"G384E",12.141,NA,"Midflow"
"14548",2026-01-23,"G384E",28.862,NA,"Midflow"
"14549",2026-01-24,"G384E",20.259,NA,"Midflow"
"14550",2026-01-26,"G384E",14.566,NA,"Midflow"
"14551",2026-01-27,"G384E",29.451,NA,"Midflow"
"14552",2026-01-28,"G384E",39.706,NA,"Midflow"
"14553",2026-01-29,"G384E",28.386,NA,"Midflow"
"14554",2026-01-30,"G384E",26.852,NA,"Midflow"
"14555",2026-01-31,"G384E",31.723,NA,"Midflow"
"14556",2026-02-01,"G384E",37.653,NA,"Midflow"
"14557",2026-02-02,"G384E",16.288,NA,"Midflow"
"14558",2026-02-03,"G384E",28.049,NA,"Midflow"
"14559",2025-02-25,"G384D",-7.758,NA,"Midflow"
"14560",2025-02-26,"G384D",1.522,NA,"Midflow"
"14561",2025-02-27,"G384D",-7.705,NA,"Midflow"
"14562",2025-02-28,"G384D",0.502,NA,"Midflow"
"14563",2025-03-01,"G384D",3.374,NA,"Midflow"
"14564",2025-03-02,"G384D",5.719,NA,"Midflow"
"14565",2025-03-03,"G384D",11.116,NA,"Midflow"
"14566",2025-03-04,"G384D",-3.193,NA,"Midflow"
"14567",2025-03-05,"G384D",-17.776,NA,"Midflow"
"14568",2025-03-06,"G384D",-12.512,NA,"Midflow"
"14569",2025-03-07,"G384D",6.97,NA,"Midflow"
"14570",2025-03-08,"G384D",4.994,NA,"Midflow"
"14571",2025-03-09,"G384D",2.927,NA,"Midflow"
"14572",2025-03-10,"G384D",-4.676,NA,"Midflow"
"14573",2025-03-11,"G384D",7.686,NA,"Midflow"
"14574",2025-03-12,"G384D",-3.684,NA,"Midflow"
"14575",2025-03-13,"G384D",5.97,NA,"Midflow"
"14576",2025-03-14,"G384D",0.545,NA,"Midflow"
"14577",2025-03-15,"G384D",20.495,NA,"Midflow"
"14578",2025-03-16,"G384D",26.668,NA,"Midflow"
"14579",2025-03-17,"G384D",30.908,NA,"Midflow"
"14580",2025-03-18,"G384D",10.786,NA,"Midflow"
"14581",2025-03-19,"G384D",0.974,NA,"Midflow"
"14582",2025-03-20,"G384D",0.591,NA,"Midflow"
"14583",2025-03-21,"G384D",-5.757,NA,"Midflow"
"14584",2025-03-22,"G384D",8.138,NA,"Midflow"
"14585",2025-03-23,"G384D",3.149,NA,"Midflow"
"14586",2025-03-24,"G384D",-6.745,NA,"Midflow"
"14587",2025-03-25,"G384D",7.409,NA,"Midflow"
"14588",2025-03-26,"G384D",2.792,NA,"Midflow"
"14589",2025-03-27,"G384D",20.579,NA,"Midflow"
"14590",2025-03-28,"G384D",16.959,NA,"Midflow"
"14591",2025-03-29,"G384D",15.615,NA,"Midflow"
"14592",2025-03-30,"G384D",15.776,NA,"Midflow"
"14593",2025-03-31,"G384D",27.903,NA,"Midflow"
"14594",2025-04-01,"G384D",-22.261,NA,"Midflow"
"14595",2025-04-02,"G384D",-20.884,NA,"Midflow"
"14596",2025-04-03,"G384D",-23.756,NA,"Midflow"
"14597",2025-04-04,"G384D",-22.876,NA,"Midflow"
"14598",2025-04-05,"G384D",-12.601,NA,"Midflow"
"14599",2025-04-07,"G384D",-26.916,NA,"Midflow"
"14600",2025-04-08,"G384D",-17.6,NA,"Midflow"
"14601",2025-04-09,"G384D",-25.494,NA,"Midflow"
"14602",2025-04-10,"G384D",-27.562,NA,"Midflow"
"14603",2025-04-11,"G384D",-22.774,NA,"Midflow"
"14604",2025-04-12,"G384D",-4.251,NA,"Midflow"
"14605",2025-04-13,"G384D",-4.079,NA,"Midflow"
"14606",2025-04-14,"G384D",-6.664,NA,"Midflow"
"14607",2025-04-15,"G384D",-16.994,NA,"Midflow"
"14608",2025-04-16,"G384D",-5.24,NA,"Midflow"
"14609",2025-04-17,"G384D",-17.946,NA,"Midflow"
"14610",2025-04-18,"G384D",-16.494,NA,"Midflow"
"14611",2025-04-19,"G384D",-33.76,NA,"Midflow"
"14612",2025-04-20,"G384D",-5.857,NA,"Midflow"
"14613",2025-04-22,"G384D",-17.024,NA,"Midflow"
"14614",2025-04-23,"G384D",-12.732,NA,"Midflow"
"14615",2025-04-24,"G384D",-11.235,NA,"Midflow"
"14616",2025-04-25,"G384D",-13.212,NA,"Midflow"
"14617",2025-04-26,"G384D",-10.985,NA,"Midflow"
"14618",2025-04-27,"G384D",-11.291,NA,"Midflow"
"14619",2025-04-28,"G384D",2.085,NA,"Midflow"
"14620",2025-04-29,"G384D",-6.627,NA,"Midflow"
"14621",2026-02-04,"G384E",23.693,NA,"Midflow"
"14622",2026-02-05,"G384E",36.617,NA,"Midflow"
"14623",2026-02-06,"G384E",40.88,NA,"Midflow"
"14624",2026-02-07,"G384E",31.261,NA,"Midflow"
"14625",2026-02-08,"G384E",19.993,NA,"Midflow"
"14626",2026-02-09,"G384E",-3.99,NA,"Midflow"
"14627",2026-02-10,"G384E",20.74,NA,"Midflow"
"14628",2026-02-11,"G384E",24.053,NA,"Midflow"
"14629",2026-02-12,"G384E",27.576,NA,"Midflow"
"14630",2026-02-13,"G384E",32.976,NA,"Midflow"
"14631",2026-02-14,"G384E",44.447,NA,"Midflow"
"14632",2026-02-15,"G384E",40.05,NA,"Midflow"
"14633",2026-02-16,"G384E",27.06,NA,"Midflow"
"14634",2026-02-17,"G384E",29.849,NA,"Midflow"
"14635",2026-02-18,"G384E",36.682,NA,"Midflow"
"14636",2026-02-19,"G384E",31.818,NA,"Midflow"
"14637",2026-02-20,"G384E",32.992,NA,"Midflow"
"14638",2026-02-21,"G384E",24.832,NA,"Midflow"
"14639",2026-02-22,"G384E",29.782,NA,"Midflow"
"14640",2026-02-23,"G384E",41.068,NA,"Midflow"
"14641",2026-02-24,"G384E",46.764,NA,"Midflow"
"14642",2026-02-25,"G384E",43.103,NA,"Midflow"
"14643",2026-02-26,"G384E",41.88,NA,"Midflow"
"14644",2026-02-27,"G384E",41.309,NA,"Midflow"
"14645",2026-02-28,"G384E",43.063,NA,"Midflow"
"14646",2026-03-01,"G384E",26.541,NA,"Midflow"
"14647",2026-03-02,"G384E",-0.232,NA,"Midflow"
"14648",2026-03-03,"G384E",18.984,NA,"Midflow"
"14649",2026-03-05,"G384E",2.983,NA,"Midflow"
"14650",2026-03-06,"G384E",1.755,NA,"Midflow"
"14651",2026-03-07,"G384E",-8.561,NA,"Midflow"
"14652",2026-03-08,"G384E",3.104,NA,"Midflow"
"14653",2026-03-09,"G384E",-10.299,NA,"Midflow"
"14654",2026-03-10,"G384E",-25.419,NA,"Midflow"
"14655",2026-03-11,"G384E",-17.741,NA,"Midflow"
"14656",2026-03-12,"G384E",10.352,NA,"Midflow"
"14657",2026-03-13,"G384E",24.025,NA,"Midflow"
"14658",2026-03-14,"G384E",1.734,NA,"Midflow"
"14659",2026-03-15,"G384E",-28.221,NA,"Midflow"
"14660",2026-03-16,"G384E",-36.35,NA,"Midflow"
"14661",2026-03-17,"G384E",-25.381,NA,"Midflow"
"14662",2026-03-18,"G384E",-21.546,NA,"Midflow"
"14663",2026-03-19,"G384E",-28.263,NA,"Midflow"
"14664",2026-03-20,"G384E",-39.644,NA,"Midflow"
"14665",2026-03-21,"G384E",-38.958,NA,"Midflow"
"14666",2026-03-22,"G384E",-28.849,NA,"Midflow"
"14667",2026-03-23,"G384E",-32.106,NA,"Midflow"
"14668",2026-03-24,"G384E",-15.411,NA,"Midflow"
"14669",2026-03-25,"G384E",11.555,NA,"Midflow"
"14670",2026-03-26,"G384E",-10.635,NA,"Midflow"
"14671",2026-03-27,"G384E",-25.913,NA,"Midflow"
"14672",2026-03-28,"G384E",-19.508,NA,"Midflow"
"14673",2026-03-29,"G384E",-11.044,NA,"Midflow"
"14674",2026-03-30,"G384E",-54.301,NA,"Midflow"
"14675",2026-03-31,"G384E",-54.623,NA,"Midflow"
"14676",2026-04-01,"G384E",-50.891,NA,"Midflow"
"14677",2026-04-02,"G384E",-55.755,NA,"Midflow"
"14678",2026-04-03,"G384E",-52.794,NA,"Midflow"
"14679",2026-04-04,"G384E",-50.782,NA,"Midflow"
"14680",2026-04-05,"G384E",49.576,NA,"Midflow"
"14681",2026-04-06,"G384E",62.804,NA,"Midflow"
"14682",2026-04-07,"G384E",83.416,NA,"Midflow"
"14683",2025-04-30,"G384D",-2.868,NA,"Midflow"
"14684",2025-05-02,"G384D",-3.204,NA,"Midflow"
"14685",2025-05-04,"G384D",35.985,NA,"Midflow"
"14686",2025-05-05,"G384D",34.817,NA,"Midflow"
"14687",2025-05-06,"G384D",-8.237,NA,"Midflow"
"14688",2025-05-07,"G384D",2.38,NA,"Midflow"
"14689",2025-05-08,"G384D",13.377,NA,"Midflow"
"14690",2025-05-09,"G384D",1.665,NA,"Midflow"
"14691",2025-05-10,"G384D",-3.132,NA,"Midflow"
"14692",2025-05-12,"G384D",-38.279,NA,"Midflow"
"14693",2025-05-13,"G384D",-47.416,NA,"Midflow"
"14694",2025-05-14,"G384D",-38.142,NA,"Midflow"
"14695",2025-05-15,"G384D",-47.522,NA,"Midflow"
"14696",2025-05-16,"G384D",-47.942,NA,"Midflow"
"14697",2025-05-17,"G384D",-52.309,NA,"Midflow"
"14698",2025-05-18,"G384D",-40.611,NA,"Midflow"
"14699",2025-05-19,"G384D",-38.695,NA,"Midflow"
"14700",2025-05-20,"G384D",-33.063,NA,"Midflow"
"14701",2025-05-21,"G384D",-40.196,NA,"Midflow"
"14702",2025-05-22,"G384D",-31.935,NA,"Midflow"
"14703",2025-05-23,"G384D",-39.08,NA,"Midflow"
"14704",2025-05-24,"G384D",-43.166,NA,"Midflow"
"14705",2025-05-25,"G384D",-36.044,NA,"Midflow"
"14706",2025-05-26,"G384D",-41.093,NA,"Midflow"
"14707",2025-05-27,"G384D",-46.581,NA,"Midflow"
"14708",2025-05-28,"G384D",-27.846,NA,"Midflow"
"14709",2025-05-29,"G384D",-27.008,NA,"Midflow"
"14710",2025-05-30,"G384D",-29.909,NA,"Midflow"
"14711",2025-05-31,"G384D",-33.038,NA,"Midflow"
"14712",2025-06-01,"G384D",-16.404,NA,"Midflow"
"14713",2025-06-02,"G384D",-19.032,NA,"Midflow"
"14714",2025-06-03,"G384D",-33.32,NA,"Midflow"
"14715",2025-06-04,"G384D",12.66,NA,"Midflow"
"14716",2025-06-05,"G384D",54.711,NA,"Midflow"
"14717",2025-06-06,"G384D",5.397,NA,"Midflow"
"14718",2025-06-07,"G384D",-21.328,NA,"Midflow"
"14719",2025-06-09,"G384D",-14.888,NA,"Midflow"
"14720",2025-06-10,"G384D",-1.621,NA,"Midflow"
"14721",2025-06-11,"G384D",-15.156,NA,"Midflow"
"14722",2025-06-12,"G384D",-7.371,NA,"Midflow"
"14723",2025-06-13,"G384D",30.022,NA,"Midflow"
"14724",2025-06-14,"G384D",-8.456,NA,"Midflow"
"14725",2025-06-15,"G384D",-19.971,NA,"Midflow"
"14726",2025-06-16,"G384D",-8.104,NA,"Midflow"
"14727",2025-06-17,"G384D",-21.709,NA,"Midflow"
"14728",2025-06-18,"G384D",-15.905,NA,"Midflow"
"14729",2025-06-19,"G384D",-34.375,NA,"Midflow"
"14730",2025-06-20,"G384D",-26.092,NA,"Midflow"
"14731",2025-06-21,"G384D",-33.248,NA,"Midflow"
"14732",2025-06-22,"G384D",-30.777,NA,"Midflow"
"14733",2025-06-23,"G384D",22.545,NA,"Midflow"
"14734",2025-06-24,"G384D",7.405,NA,"Midflow"
"14735",2025-06-25,"G384D",18.88,NA,"Midflow"
"14736",2025-06-27,"G384D",-22.638,NA,"Midflow"
"14737",2025-06-28,"G384D",-25.952,NA,"Midflow"
"14738",2025-06-29,"G384D",-8.163,NA,"Midflow"
"14739",2025-06-30,"G384D",-8.469,NA,"Midflow"
"14740",2025-07-02,"G384D",-9.003,NA,"Midflow"
"14741",2025-07-03,"G384D",25.655,NA,"Midflow"
"14742",2025-07-04,"G384D",49.239,NA,"Midflow"
"14743",2025-07-05,"G384D",64.975,NA,"Midflow"
"14744",2025-07-06,"G384D",70.399,NA,"Midflow"
"14745",2026-04-08,"G384E",108.33,NA,"Midflow"
"14746",2026-04-09,"G384E",133.525,NA,"Midflow"
"14747",2026-04-10,"G384E",149.684,NA,"Midflow"
"14748",2026-04-11,"G384E",131.631,NA,"Midflow"
"14749",2026-04-12,"G384E",98.12,NA,"Midflow"
"14750",2026-04-13,"G384E",75.403,NA,"Midflow"
"14751",2026-04-14,"G384E",60.693,NA,"Midflow"
"14752",2026-04-15,"G384E",48.196,NA,"Midflow"
"14753",2026-04-16,"G384E",-65.459,NA,"Midflow"
"14754",2026-04-17,"G384E",-67.205,NA,"Midflow"
"14755",2026-04-18,"G384E",-66.966,NA,"Midflow"
"14756",2026-04-19,"G384E",-63.456,NA,"Midflow"
"14757",2026-04-20,"G384E",-65.475,NA,"Midflow"
"14758",2026-04-21,"G384E",-60.887,NA,"Midflow"
"14759",2026-04-22,"G384E",-54.212,NA,"Midflow"
"14760",2026-04-23,"G384E",-50.483,NA,"Midflow"
"14761",2026-04-24,"G384E",-50.176,NA,"Midflow"
"14762",2026-04-25,"G384E",-65.439,NA,"Midflow"
"14763",2026-04-26,"G384E",-67.874,NA,"Midflow"
"14764",2026-04-27,"G384E",-63.246,NA,"Midflow"
"14765",2026-04-28,"G384E",-64.969,NA,"Midflow"
"14766",2026-04-29,"G384E",-73.782,NA,"Midflow"
"14767",2026-04-30,"G384E",-73.946,NA,"Midflow"
"14768",2026-05-01,"G384E",-72.437,NA,"Midflow"
"14769",2026-05-02,"G384E",-71.262,NA,"Midflow"
"14770",2026-05-03,"G384E",-67.159,NA,"Midflow"
"14771",2026-05-04,"G384E",-70.572,NA,"Midflow"
"14772",2026-05-05,"G384E",-72.155,NA,"Midflow"
"14773",2026-05-06,"G384E",-72.269,NA,"Midflow"
"14774",2026-05-07,"G384E",-73.05,NA,"Midflow"
"14775",2026-05-08,"G384E",-74.072,NA,"Midflow"
"14776",2026-05-09,"G384E",-76.331,NA,"Midflow"
"14777",2026-05-10,"G384E",-79.131,NA,"Midflow"
"14778",2026-05-11,"G384E",-85.752,NA,"Midflow"
"14779",2026-05-12,"G384E",-83.278,NA,"Midflow"
"14780",2026-05-13,"G384E",-83.595,NA,"Midflow"
"14781",2026-05-14,"G384E",-79.612,NA,"Midflow"
"14782",2026-05-15,"G384E",-79.933,NA,"Midflow"
"14783",2026-05-16,"G384E",-76.053,NA,"Midflow"
"14784",2026-05-18,"G384E",-74.463,NA,"Midflow"
"14785",2026-05-19,"G384E",-73.967,NA,"Midflow"
"14786",2026-05-20,"G384E",-80.194,NA,"Midflow"
"14787",2026-05-22,"G384E",-81.142,NA,"Midflow"
"14788",2026-05-23,"G384E",-80.965,NA,"Midflow"
"14789",2026-05-24,"G384E",-78.464,NA,"Midflow"
"14790",2026-05-25,"G384E",-84.887,NA,"Midflow"
"14791",2026-05-26,"G384E",-84.865,NA,"Midflow"
"14792",2026-05-27,"G384E",-83.817,NA,"Midflow"
"14793",2026-05-28,"G384E",-81.969,NA,"Midflow"
"14794",2026-05-29,"G384E",-80.385,NA,"Midflow"
"14795",2026-05-30,"G384E",-86.482,NA,"Midflow"
"14796",2026-05-31,"G384E",-90.117,NA,"Midflow"
"14797",2026-06-01,"G384E",-88.834,NA,"Midflow"
"14798",2026-06-02,"G384E",-87.882,NA,"Midflow"
"14799",2026-06-03,"G384E",-110.335,NA,"Midflow"
"14800",2026-06-04,"G384E",-98.676,NA,"Midflow"
"14801",2026-06-05,"G384E",-95.025,NA,"Midflow"
"14802",2026-06-06,"G384E",-95.154,NA,"Midflow"
"14803",2026-06-07,"G384E",-90.024,NA,"Midflow"
"14804",2026-06-08,"G384E",-88.965,NA,"Midflow"
"14805",2026-06-09,"G384E",-89.389,NA,"Midflow"
"14806",2026-06-10,"G384E",-87.549,NA,"Midflow"
"14807",2025-07-08,"G384D",-8.761,NA,"Midflow"
"14808",2025-07-09,"G384D",-25.237,NA,"Midflow"
"14809",2025-07-10,"G384D",-6.342,NA,"Midflow"
"14810",2025-07-11,"G384D",-23.025,NA,"Midflow"
"14811",2025-07-12,"G384D",-25.687,NA,"Midflow"
"14812",2025-07-13,"G384D",-9.063,NA,"Midflow"
"14813",2025-07-14,"G384D",-22.209,NA,"Midflow"
"14814",2025-07-15,"G384D",37.574,NA,"Midflow"
"14815",2025-07-16,"G384D",119.367,NA,"Midflow"
"14816",2025-07-17,"G384D",146.516,NA,"Midflow"
"14817",2025-07-18,"G384D",108.614,NA,"Midflow"
"14818",2025-07-19,"G384D",91.457,NA,"Midflow"
"14819",2025-07-20,"G384D",17.946,NA,"Midflow"
"14820",2025-07-21,"G384D",-5.398,NA,"Midflow"
"14821",2025-07-22,"G384D",-12.851,NA,"Midflow"
"14822",2025-07-23,"G384D",-19.132,NA,"Midflow"
"14823",2025-07-24,"G384D",44.242,NA,"Midflow"
"14824",2025-07-25,"G384D",4.879,NA,"Midflow"
"14825",2025-07-26,"G384D",-24.284,NA,"Midflow"
"14826",2025-07-27,"G384D",7.692,NA,"Midflow"
"14827",2025-07-28,"G384D",-27.863,NA,"Midflow"
"14828",2025-07-29,"G384D",-8.444,NA,"Midflow"
"14829",2025-07-30,"G384D",-15.47,NA,"Midflow"
"14830",2025-07-31,"G384D",-6.407,NA,"Midflow"
"14831",2025-08-01,"G384D",-19.27,NA,"Midflow"
"14832",2025-08-02,"G384D",-31.346,NA,"Midflow"
"14833",2025-08-03,"G384D",-16.944,NA,"Midflow"
"14834",2025-08-04,"G384D",-5.157,NA,"Midflow"
"14835",2025-08-05,"G384D",2.821,NA,"Midflow"
"14836",2025-08-06,"G384D",-8.624,NA,"Midflow"
"14837",2025-08-07,"G384D",-26.886,NA,"Midflow"
"14838",2025-08-08,"G384D",-30.906,NA,"Midflow"
"14839",2025-08-09,"G384D",-22.259,NA,"Midflow"
"14840",2025-08-10,"G384D",-12.529,NA,"Midflow"
"14841",2025-08-11,"G384D",-12.415,NA,"Midflow"
"14842",2025-08-12,"G384D",-11.589,NA,"Midflow"
"14843",2025-08-13,"G384D",-21.784,NA,"Midflow"
"14844",2025-08-14,"G384D",-15.765,NA,"Midflow"
"14845",2025-08-15,"G384D",-16.285,NA,"Midflow"
"14846",2025-08-16,"G384D",-28.795,NA,"Midflow"
"14847",2025-08-18,"G384D",-31.376,NA,"Midflow"
"14848",2025-08-19,"G384D",-7.722,NA,"Midflow"
"14849",2025-08-20,"G384D",-5.858,NA,"Midflow"
"14850",2025-08-21,"G384D",-15.951,NA,"Midflow"
"14851",2025-08-22,"G384D",-15.791,NA,"Midflow"
"14852",2025-08-23,"G384D",4.773,NA,"Midflow"
"14853",2025-08-24,"G384D",-5.481,NA,"Midflow"
"14854",2025-08-25,"G384D",32.191,NA,"Midflow"
"14855",2025-08-26,"G384D",-18.621,NA,"Midflow"
"14856",2025-08-27,"G384D",-8.895,NA,"Midflow"
"14857",2025-08-28,"G384D",3.304,NA,"Midflow"
"14858",2025-08-29,"G384D",-3.142,NA,"Midflow"
"14859",2025-08-30,"G384D",-4.83,NA,"Midflow"
"14860",2025-08-31,"G384D",13.819,NA,"Midflow"
"14861",2025-09-01,"G384D",75.901,NA,"Midflow"
"14862",2025-09-02,"G384D",109.352,NA,"Midflow"
"14863",2025-09-03,"G384D",107.561,NA,"Midflow"
"14864",2025-09-04,"G384D",135.188,NA,"Midflow"
"14865",2025-09-05,"G384D",111.175,NA,"Midflow"
"14866",2025-09-06,"G384D",106.33,NA,"Midflow"
"14867",2025-09-07,"G384D",65.398,NA,"Midflow"
"14868",2025-09-09,"G384D",125.459,NA,"Midflow"
"14869",2026-06-11,"G384E",-91.181,NA,"Midflow"
"14870",2026-06-12,"G384E",-91.422,NA,"Midflow"
"14871",2026-06-13,"G384E",-91.068,NA,"Midflow"
"14872",2026-06-14,"G384E",-90.984,NA,"Midflow"
"14873",2026-06-15,"G384E",-93.043,NA,"Midflow"
"14874",2026-06-16,"G384E",-92.124,NA,"Midflow"
"14875",2026-06-17,"G384E",-92.01,NA,"Midflow"
"14876",2026-06-18,"G384E",-90.806,NA,"Midflow"
"14877",2026-06-19,"G384E",-85.278,NA,"Midflow"
"14878",2026-06-20,"G384E",-44.972,NA,"Midflow"
"14879",2026-06-21,"G384E",-83.555,NA,"Midflow"
"14880",2026-06-22,"G384E",-90.67,NA,"Midflow"
"14881",2026-06-23,"G384E",-91.305,NA,"Midflow"
"14882",2026-06-24,"G384E",-92.035,NA,"Midflow"
"14883",2026-06-25,"G384E",-94.864,NA,"Midflow"
"14884",2026-06-26,"G384E",-94.053,NA,"Midflow"
"14885",2026-06-27,"G384E",-91.793,NA,"Midflow"
"14886",2026-06-28,"G384E",-92.25,NA,"Midflow"
"14887",2026-06-29,"G384E",-93.3,NA,"Midflow"
"14888",2026-06-30,"G384E",-95.403,NA,"Midflow"
"14889",2026-07-01,"G384E",-97.857,NA,"Midflow"
"14890",2026-07-02,"G384E",-97.611,NA,"Midflow"
"14891",2026-07-03,"G384E",-98.354,NA,"Midflow"
"14892",2026-07-04,"G384E",-100.237,NA,"Midflow"
"14893",2026-07-05,"G384E",-98.355,NA,"Midflow"
"14894",2026-07-06,"G384E",-107.554,NA,"Midflow"
"14895",2026-07-07,"G384E",-113.383,NA,"Midflow"
"14896",2026-07-08,"G384E",-103.653,NA,"Midflow"
"14897",2026-07-09,"G384E",-107.932,NA,"Midflow"
"14898",2026-07-10,"G384E",-104.148,NA,"Midflow"
"14899",2026-07-11,"G384E",-100.223,NA,"Midflow"
"14900",2026-07-12,"G384E",-118.777,NA,"Midflow"
"14901",2026-07-13,"G384E",-130.956,NA,"Midflow"
"14902",2026-07-14,"G384E",-107.43,NA,"Midflow"
"14903",2026-07-15,"G384E",-103.891,NA,"Midflow"
"14904",2026-07-17,"G384E",-128.706,NA,"Midflow"
"14905",2026-07-18,"G384E",-120.671,NA,"Midflow"
"14906",2026-07-19,"G384E",-111.953,NA,"Midflow"
"14907",2026-07-20,"G384E",-109.832,NA,"Midflow"
"14908",2026-07-21,"G384E",-111.036,NA,"Midflow"
"14909",2026-07-22,"G384E",-107.796,NA,"Midflow"
"14910",2026-07-23,"G384E",-105.519,NA,"Midflow"
"14911",2026-07-24,"G384E",-103.946,NA,"Midflow"
"14912",2026-07-25,"G384E",-133.297,NA,"Midflow"
"14913",2026-07-26,"G384E",-131.523,NA,"Midflow"
"14914",2026-07-28,"G384E",-112.777,NA,"Midflow"
"14915",2026-07-29,"G384E",-107.219,NA,"Midflow"
"14916",2026-07-30,"G384E",-108.247,NA,"Midflow"
"14917",2026-07-31,"G384E",-112.312,NA,"Midflow"
"14918",2026-08-01,"G384E",-106.391,NA,"Midflow"
"14919",2026-08-02,"G384E",-103.724,NA,"Midflow"
"14920",2026-08-03,"G384E",-114.988,NA,"Midflow"
"14921",2026-08-04,"G384E",-110.129,NA,"Midflow"
"14922",2026-08-05,"G384E",-161.305,NA,"Midflow"
"14923",2026-08-06,"G384E",-160.269,NA,"Midflow"
"14924",2026-08-07,"G384E",-96.272,NA,"Midflow"
"14925",2026-08-08,"G384E",-86.142,NA,"Midflow"
"14926",2026-08-09,"G384E",-90.936,NA,"Midflow"
"14927",2026-08-10,"G384E",-85.77,NA,"Midflow"
"14928",2026-08-11,"G384E",-93.178,NA,"Midflow"
"14929",2026-08-12,"G384E",-89.088,NA,"Midflow"
"14930",2025-09-10,"G384D",165.863,NA,"Midflow"
"14931",2025-09-11,"G384D",175.604,NA,"Midflow"
"14932",2025-09-12,"G384D",174.859,NA,"Midflow"
"14933",2025-09-13,"G384D",168.67,NA,"Midflow"
"14934",2025-09-14,"G384D",149.148,NA,"Midflow"
"14935",2025-09-15,"G384D",130.639,NA,"Midflow"
"14936",2025-09-16,"G384D",90.713,NA,"Midflow"
"14937",2025-09-18,"G384D",81.628,NA,"Midflow"
"14938",2025-09-19,"G384D",62.121,NA,"Midflow"
"14939",2025-09-20,"G384D",37.154,NA,"Midflow"
"14940",2025-09-22,"G384D",0.433,NA,"Midflow"
"14941",2025-09-23,"G384D",-54.556,NA,"Midflow"
"14942",2025-09-24,"G384D",-18.178,NA,"Midflow"
"14943",2025-09-25,"G384D",76.35,NA,"Midflow"
"14944",2025-09-27,"G384D",119.536,NA,"Midflow"
"14945",2025-09-28,"G384D",115.946,NA,"Midflow"
"14946",2025-09-29,"G384D",79.54,NA,"Midflow"
"14947",2025-09-30,"G384D",7.876,NA,"Midflow"
"14948",2025-10-01,"G384D",-51.724,NA,"Midflow"
"14949",2025-10-02,"G384D",-26.901,NA,"Midflow"
"14950",2025-10-03,"G384D",10.103,NA,"Midflow"
"14951",2025-10-04,"G384D",60.665,NA,"Midflow"
"14952",2025-10-05,"G384D",36.893,NA,"Midflow"
"14953",2025-10-06,"G384D",4.51,NA,"Midflow"
"14954",2025-10-07,"G384D",19.226,NA,"Midflow"
"14955",2025-10-09,"G384D",19.282,NA,"Midflow"
"14956",2025-10-10,"G384D",-7.41,NA,"Midflow"
"14957",2025-10-11,"G384D",75.897,NA,"Midflow"
"14958",2025-10-12,"G384D",216.581,NA,"Midflow"
"14959",2025-10-13,"G384D",220.661,NA,"Midflow"
"14960",2025-10-14,"G384D",160.977,NA,"Midflow"
"14961",2025-10-15,"G384D",116.933,NA,"Midflow"
"14962",2025-10-16,"G384D",58.324,NA,"Midflow"
"14963",2025-10-17,"G384D",44.368,NA,"Midflow"
"14964",2025-10-18,"G384D",23.677,NA,"Midflow"
"14965",2025-10-19,"G384D",-11.019,NA,"Midflow"
"14966",2025-10-20,"G384D",-22.507,NA,"Midflow"
"14967",2025-10-21,"G384D",29.88,NA,"Midflow"
"14968",2025-10-22,"G384D",6.437,NA,"Midflow"
"14969",2025-10-23,"G384D",-18.278,NA,"Midflow"
"14970",2025-10-25,"G384D",-12.9,NA,"Midflow"
"14971",2025-10-26,"G384D",-7.987,NA,"Midflow"
"14972",2025-10-27,"G384D",-21.495,NA,"Midflow"
"14973",2025-10-28,"G384D",-19.819,NA,"Midflow"
"14974",2025-10-29,"G384D",-22.397,NA,"Midflow"
"14975",2025-10-30,"G384D",0.982,NA,"Midflow"
"14976",2025-10-31,"G384D",14.873,NA,"Midflow"
"14977",2025-11-01,"G384D",5.699,NA,"Midflow"
"14978",2025-11-02,"G384D",10.097,NA,"Midflow"
"14979",2025-11-03,"G384D",-0.773,NA,"Midflow"
"14980",2025-11-04,"G384D",5.879,NA,"Midflow"
"14981",2025-11-05,"G384D",-5.213,NA,"Midflow"
"14982",2025-11-06,"G384D",5.627,NA,"Midflow"
"14983",2025-11-07,"G384D",-2.555,NA,"Midflow"
"14984",2025-11-08,"G384D",-19.856,NA,"Midflow"
"14985",2025-11-09,"G384D",-28.584,NA,"Midflow"
"14986",2025-11-11,"G384D",6.973,NA,"Midflow"
"14987",2025-11-12,"G384D",0,NA,"Midflow"
"14988",2025-11-13,"G384D",0,NA,"Midflow"
"14989",2025-11-14,"G384D",0,NA,"Midflow"
"14990",2025-11-15,"G384D",0,NA,"Midflow"
"14991",2025-11-17,"G384D",0,NA,"Midflow"
"14992",2026-08-15,"G384E",-76.898,NA,"Midflow"
"14993",2026-08-16,"G384E",-94.362,NA,"Midflow"
"14994",2026-08-17,"G384E",-111.369,NA,"Midflow"
"14995",2026-08-18,"G384E",-110.693,NA,"Midflow"
"14996",2026-08-19,"G384E",-108.949,NA,"Midflow"
"14997",2026-08-20,"G384E",-108.195,NA,"Midflow"
"14998",2026-08-21,"G384E",-106.608,NA,"Midflow"
"14999",2026-08-22,"G384E",-120.63,NA,"Midflow"
"15000",2026-08-23,"G384E",-116.265,NA,"Midflow"
"15001",2026-08-24,"G384E",-115.316,NA,"Midflow"
"15002",2026-08-25,"G384E",-112.238,NA,"Midflow"
"15003",2026-08-26,"G384E",-106.432,NA,"Midflow"
"15004",2026-08-27,"G384E",-106.046,NA,"Midflow"
"15005",2026-08-28,"G384E",-93.262,NA,"Midflow"
"15006",2026-08-29,"G384E",-61.933,NA,"Midflow"
"15007",2026-08-30,"G384E",-71.557,NA,"Midflow"
"15008",2026-08-31,"G384E",-66.913,NA,"Midflow"
"15009",2026-09-01,"G384E",-59.861,NA,"Midflow"
"15010",2026-09-02,"G384E",-90.996,NA,"Midflow"
"15011",2026-09-03,"G384E",5.792,NA,"Midflow"
"15012",2026-09-04,"G384E",188.745,NA,"Midflow"
"15013",2026-09-05,"G384E",288.832,NA,"Midflow"
"15014",2026-09-06,"G384E",364.207,NA,"Midflow"
"15015",2026-09-07,"G384E",390.283,NA,"Midflow"
"15016",2026-09-08,"G384E",392.429,NA,"Midflow"
"15017",2026-09-09,"G384E",403.032,NA,"Midflow"
"15018",2026-09-10,"G384E",396.692,NA,"Midflow"
"15019",2026-09-11,"G384E",374.865,NA,"Midflow"
"15020",2026-09-12,"G384E",338.705,NA,"Midflow"
"15021",2026-09-13,"G384E",313.164,NA,"Midflow"
"15022",2026-09-14,"G384E",291.446,NA,"Midflow"
"15023",2026-09-15,"G384E",288.053,NA,"Midflow"
"15024",2026-09-16,"G384E",266.629,NA,"Midflow"
"15025",2026-09-17,"G384E",259.876,NA,"Midflow"
"15026",2026-09-18,"G384E",231.232,NA,"Midflow"
"15027",2026-09-19,"G384E",256.586,NA,"Midflow"
"15028",2026-09-20,"G384E",279.632,NA,"Midflow"
"15029",2026-09-21,"G384E",242.73,NA,"Midflow"
"15030",2026-09-22,"G384E",250.709,NA,"Midflow"
"15031",2026-09-23,"G384E",390.687,NA,"Midflow"
"15032",2026-09-24,"G384E",423.832,NA,"Midflow"
"15033",2026-09-25,"G384E",422.434,NA,"Midflow"
"15034",2026-09-26,"G384E",351.773,NA,"Midflow"
"15035",2026-09-27,"G384E",253.685,NA,"Midflow"
"15036",2026-09-28,"G384E",200.109,NA,"Midflow"
"15037",2026-09-29,"G384E",163,NA,"Midflow"
"15038",2026-09-30,"G384E",50.597,NA,"Midflow"
"15039",2026-10-01,"G384E",65.36,NA,"Midflow"
"15040",2026-10-02,"G384E",92.782,NA,"Midflow"
"15041",2026-10-03,"G384E",47.825,NA,"Midflow"
"15042",2026-10-04,"G384E",-90.504,NA,"Midflow"
"15043",2026-10-05,"G384E",-82.218,NA,"Midflow"
"15044",2026-08-14,"G384E",-64.784,NA,"Midflow"
"15045",2026-01-20,"G384E",15.832,NA,"Midflow"
"15046",2026-01-22,"G384E",21.793,NA,"Midflow"
"15047",2026-01-25,"G384E",-0.584,NA,"Midflow"
"15048",2026-03-04,"G384E",26.166,NA,"Midflow"
"15049",2026-05-17,"G384E",-70.201,NA,"Midflow"
"15050",2026-05-21,"G384E",-80.621,NA,"Midflow"
"15051",2026-07-16,"G384E",-104.57,NA,"Midflow"
"15052",2026-07-27,"G384E",-116.195,NA,"Midflow"
"15053",2026-08-13,"G384E",-62.622,NA,"Midflow"
"15054",2025-11-18,"G384D",0,NA,"Midflow"
"15055",2025-11-19,"G384D",0,NA,"Midflow"
"15056",2025-11-20,"G384D",0,NA,"Midflow"
"15057",2025-11-21,"G384D",0,NA,"Midflow"
"15058",2025-11-22,"G384D",0,NA,"Midflow"
"15059",2025-11-23,"G384D",0,NA,"Midflow"
"15060",2025-11-24,"G384D",0,NA,"Midflow"
"15061",2025-11-25,"G384D",0,NA,"Midflow"
"15062",2025-11-27,"G384D",0,NA,"Midflow"
"15063",2025-11-28,"G384D",0,NA,"Midflow"
"15064",2025-11-29,"G384D",0,NA,"Midflow"
"15065",2025-11-30,"G384D",0,NA,"Midflow"
"15066",2025-12-01,"G384D",0,NA,"Midflow"
"15067",2025-12-02,"G384D",0,NA,"Midflow"
"15068",2025-12-03,"G384D",0,NA,"Midflow"
"15069",2025-12-04,"G384D",0,NA,"Midflow"
"15070",2025-12-05,"G384D",0,NA,"Midflow"
"15071",2025-12-06,"G384D",0,NA,"Midflow"
"15072",2025-12-07,"G384D",0,NA,"Midflow"
"15073",2025-12-08,"G384D",-9.816,NA,"Midflow"
"15074",2025-12-09,"G384D",-23.126,NA,"Midflow"
"15075",2025-12-10,"G384D",-27.543,NA,"Midflow"
"15076",2025-12-11,"G384D",-5.273,NA,"Midflow"
"15077",2025-12-12,"G384D",6.598,NA,"Midflow"
"15078",2025-12-13,"G384D",1.05,NA,"Midflow"
"15079",2025-12-14,"G384D",-17.211,NA,"Midflow"
"15080",2025-12-15,"G384D",-1.106,NA,"Midflow"
"15081",2025-12-16,"G384D",-7.327,NA,"Midflow"
"15082",2025-12-17,"G384D",-2.941,NA,"Midflow"
"15083",2025-12-18,"G384D",-4.217,NA,"Midflow"
"15084",2025-12-19,"G384D",-1.157,NA,"Midflow"
"15085",2025-12-20,"G384D",9.299,NA,"Midflow"
"15086",2025-12-21,"G384D",2.572,NA,"Midflow"
"15087",2025-12-22,"G384D",4.903,NA,"Midflow"
"15088",2025-12-23,"G384D",19.759,NA,"Midflow"
"15089",2025-12-24,"G384D",4.399,NA,"Midflow"
"15090",2025-12-25,"G384D",3.386,NA,"Midflow"
"15091",2025-12-26,"G384D",13.229,NA,"Midflow"
"15092",2025-12-27,"G384D",11.909,NA,"Midflow"
"15093",2025-12-28,"G384D",-4.849,NA,"Midflow"
"15094",2025-12-29,"G384D",-17.084,NA,"Midflow"
"15095",2025-12-30,"G384D",-6.817,NA,"Midflow"
"15096",2025-12-31,"G384D",9.979,NA,"Midflow"
"15097",2025-11-26,"G384D",0,NA,"Midflow"
"15098",2025-01-04,"G384D",25.423,NA,"Midflow"
"15099",2025-01-18,"G384D",28.763,NA,"Midflow"
"15100",2025-01-20,"G384D",3.876,NA,"Midflow"
"15101",2025-02-05,"G384D",-11.359,NA,"Midflow"
"15102",2025-02-06,"G384D",11.388,NA,"Midflow"
"15103",2025-02-12,"G384D",5.986,NA,"Midflow"
"15104",2025-02-13,"G384D",-37.757,NA,"Midflow"
"15105",2025-02-14,"G384D",-39.484,NA,"Midflow"
"15106",2025-04-06,"G384D",-21.011,NA,"Midflow"
"15107",2025-04-21,"G384D",-5.383,NA,"Midflow"
"15108",2025-05-01,"G384D",3.503,NA,"Midflow"
"15109",2025-05-03,"G384D",0.274,NA,"Midflow"
"15110",2025-05-11,"G384D",-26.025,NA,"Midflow"
"15111",2025-06-08,"G384D",-13.761,NA,"Midflow"
"15112",2025-06-26,"G384D",10.62,NA,"Midflow"
"15113",2025-07-01,"G384D",-8.672,NA,"Midflow"
"15114",2025-07-07,"G384D",50.328,NA,"Midflow"
"15115",2025-08-17,"G384D",-26.176,NA,"Midflow"
"15116",2024-11-01,"G384F",10.313,NA,"Midflow"
"15117",2024-11-02,"G384F",3.983,NA,"Midflow"
"15118",2024-11-03,"G384F",-6.503,NA,"Midflow"
"15119",2024-11-04,"G384F",14.98,NA,"Midflow"
"15120",2024-11-05,"G384F",12.912,NA,"Midflow"
"15121",2024-11-06,"G384F",-5.679,NA,"Midflow"
"15122",2024-11-07,"G384F",61.783,NA,"Midflow"
"15123",2024-11-08,"G384F",205.668,NA,"Midflow"
"15124",2024-11-09,"G384F",29.129,NA,"Midflow"
"15125",2024-11-10,"G384F",-12.73,NA,"Midflow"
"15126",2024-11-11,"G384F",-21.578,NA,"Midflow"
"15127",2024-11-12,"G384F",3.817,NA,"Midflow"
"15128",2024-11-13,"G384F",5.2,NA,"Midflow"
"15129",2024-11-14,"G384F",7.053,NA,"Midflow"
"15130",2024-11-15,"G384F",-7.606,NA,"Midflow"
"15131",2024-11-16,"G384F",0.458,NA,"Midflow"
"15132",2024-11-17,"G384F",6.364,NA,"Midflow"
"15133",2024-11-18,"G384F",-5.591,NA,"Midflow"
"15134",2024-11-19,"G384F",-1.018,NA,"Midflow"
"15135",2024-11-20,"G384F",6.949,NA,"Midflow"
"15136",2024-11-21,"G384F",4.008,NA,"Midflow"
"15137",2024-11-22,"G384F",11.556,NA,"Midflow"
"15138",2024-11-23,"G384F",29.292,NA,"Midflow"
"15139",2024-11-24,"G384F",22.799,NA,"Midflow"
"15140",2024-11-25,"G384F",8.431,NA,"Midflow"
"15141",2024-11-26,"G384F",3.357,NA,"Midflow"
"15142",2024-11-27,"G384F",7.513,NA,"Midflow"
"15143",2024-11-28,"G384F",2.634,NA,"Midflow"
"15144",2024-11-29,"G384F",3.43,NA,"Midflow"
"15145",2024-11-30,"G384F",17.845,NA,"Midflow"
"15146",2024-12-01,"G384F",4.18,NA,"Midflow"
"15147",2024-12-02,"G384F",2.787,NA,"Midflow"
"15148",2024-12-03,"G384F",-1.026,NA,"Midflow"
"15149",2024-12-04,"G384F",6.107,NA,"Midflow"
"15150",2024-12-05,"G384F",-8.703,NA,"Midflow"
"15151",2024-12-06,"G384F",9.077,NA,"Midflow"
"15152",2024-12-07,"G384F",-1.764,NA,"Midflow"
"15153",2024-12-08,"G384F",-7.353,NA,"Midflow"
"15154",2024-12-09,"G384F",-11.482,NA,"Midflow"
"15155",2024-12-10,"G384F",-18.773,NA,"Midflow"
"15156",2024-12-11,"G384F",-9.985,NA,"Midflow"
"15157",2024-12-12,"G384F",-3.577,NA,"Midflow"
"15158",2024-12-14,"G384F",16.037,NA,"Midflow"
"15159",2024-12-15,"G384F",39.542,NA,"Midflow"
"15160",2024-12-16,"G384F",22.505,NA,"Midflow"
"15161",2024-12-17,"G384F",19.764,NA,"Midflow"
"15162",2024-12-18,"G384F",20.23,NA,"Midflow"
"15163",2024-12-19,"G384F",13.78,NA,"Midflow"
"15164",2024-12-20,"G384F",26.629,NA,"Midflow"
"15165",2024-12-21,"G384F",20.615,NA,"Midflow"
"15166",2024-12-22,"G384F",31.837,NA,"Midflow"
"15167",2024-12-23,"G384F",23.477,NA,"Midflow"
"15168",2024-12-25,"G384F",11.263,NA,"Midflow"
"15169",2024-12-26,"G384F",-8.432,NA,"Midflow"
"15170",2024-12-27,"G384F",24.457,NA,"Midflow"
"15171",2024-12-28,"G384F",43.404,NA,"Midflow"
"15172",2024-12-29,"G384F",38.42,NA,"Midflow"
"15173",2024-12-30,"G384F",12.821,NA,"Midflow"
"15174",2024-12-31,"G384F",10.791,NA,"Midflow"
"15175",2024-12-24,"G384F",29.244,NA,"Midflow"
"15176",2024-12-13,"G384F",7.794,NA,"Midflow"
"15177",2026-01-01,"G384F",9.663,NA,"Midflow"
"15178",2025-09-08,"G384D",62.028,NA,"Midflow"
"15179",2025-09-17,"G384D",83.195,NA,"Midflow"
"15180",2025-09-21,"G384D",42.138,NA,"Midflow"
"15181",2025-09-26,"G384D",112.75,NA,"Midflow"
"15182",2025-10-08,"G384D",-7.334,NA,"Midflow"
"15183",2025-10-24,"G384D",-28.524,NA,"Midflow"
"15184",2025-11-10,"G384D",-11.165,NA,"Midflow"
"15185",2025-11-16,"G384D",0,NA,"Midflow"
"15186",2025-01-01,"G384E",17.851,NA,"Midflow"
"15187",2025-01-02,"G384E",13.744,NA,"Midflow"
"15188",2025-01-03,"G384E",4.902,NA,"Midflow"
"15189",2025-01-04,"G384E",25.463,NA,"Midflow"
"15190",2025-01-05,"G384E",12.521,NA,"Midflow"
"15191",2025-01-06,"G384E",8.409,NA,"Midflow"
"15192",2025-01-08,"G384E",15.971,NA,"Midflow"
"15193",2025-01-09,"G384E",32.217,NA,"Midflow"
"15194",2025-01-10,"G384E",18.415,NA,"Midflow"
"15195",2025-01-11,"G384E",20.538,NA,"Midflow"
"15196",2025-01-12,"G384E",20.702,NA,"Midflow"
"15197",2025-01-13,"G384E",27.612,NA,"Midflow"
"15198",2025-01-14,"G384E",10.684,NA,"Midflow"
"15199",2025-01-15,"G384E",16.747,NA,"Midflow"
"15200",2025-01-16,"G384E",23.903,NA,"Midflow"
"15201",2025-01-17,"G384E",18.694,NA,"Midflow"
"15202",2025-01-18,"G384E",28.8,NA,"Midflow"
"15203",2025-01-19,"G384E",10.704,NA,"Midflow"
"15204",2025-01-20,"G384E",3.89,NA,"Midflow"
"15205",2025-01-21,"G384E",13.247,NA,"Midflow"
"15206",2025-01-22,"G384E",28.982,NA,"Midflow"
"15207",2025-01-23,"G384E",26.453,NA,"Midflow"
"15208",2025-01-24,"G384E",33.65,NA,"Midflow"
"15209",2025-01-25,"G384E",40.72,NA,"Midflow"
"15210",2025-01-26,"G384E",16.524,NA,"Midflow"
"15211",2025-01-27,"G384E",14.603,NA,"Midflow"
"15212",2025-01-28,"G384E",7.118,NA,"Midflow"
"15213",2025-01-29,"G384E",9.363,NA,"Midflow"
"15214",2025-01-30,"G384E",22.142,NA,"Midflow"
"15215",2025-01-31,"G384E",23.198,NA,"Midflow"
"15216",2025-02-01,"G384E",-1.722,NA,"Midflow"
"15217",2025-02-03,"G384E",9.555,NA,"Midflow"
"15218",2025-02-04,"G384E",-1.972,NA,"Midflow"
"15219",2025-02-05,"G384E",-11.361,NA,"Midflow"
"15220",2025-02-06,"G384E",11.374,NA,"Midflow"
"15221",2025-02-07,"G384E",3.535,NA,"Midflow"
"15222",2025-02-08,"G384E",3.95,NA,"Midflow"
"15223",2025-02-09,"G384E",-14.335,NA,"Midflow"
"15224",2025-02-10,"G384E",-35.215,NA,"Midflow"
"15225",2025-02-11,"G384E",-8.781,NA,"Midflow"
"15226",2025-02-12,"G384E",5.913,NA,"Midflow"
"15227",2025-02-13,"G384E",-37.9,NA,"Midflow"
"15228",2025-02-14,"G384E",-39.653,NA,"Midflow"
"15229",2025-02-15,"G384E",-33.065,NA,"Midflow"
"15230",2025-02-16,"G384E",-39.149,NA,"Midflow"
"15231",2025-02-18,"G384E",-35.788,NA,"Midflow"
"15232",2025-02-19,"G384E",-18.95,NA,"Midflow"
"15233",2025-02-20,"G384E",-2.142,NA,"Midflow"
"15234",2025-02-21,"G384E",13.012,NA,"Midflow"
"15235",2025-02-22,"G384E",8.792,NA,"Midflow"
"15236",2025-02-23,"G384E",3.623,NA,"Midflow"
"15237",2025-02-24,"G384E",3.808,NA,"Midflow"
"15238",2025-02-25,"G384E",-7.705,NA,"Midflow"
"15239",2025-02-26,"G384E",0.183,NA,"Midflow"
"15240",2025-02-27,"G384E",-7.103,NA,"Midflow"
"15241",2026-01-02,"G384F",9.483,NA,"Midflow"
"15242",2026-01-03,"G384F",-1.381,NA,"Midflow"
"15243",2026-01-04,"G384F",-8.824,NA,"Midflow"
"15244",2026-01-06,"G384F",-7.031,NA,"Midflow"
"15245",2026-01-07,"G384F",-3.784,NA,"Midflow"
"15246",2026-01-08,"G384F",-10.1,NA,"Midflow"
"15247",2026-01-09,"G384F",5.234,NA,"Midflow"
"15248",2026-01-10,"G384F",1.188,NA,"Midflow"
"15249",2026-01-11,"G384F",14.389,NA,"Midflow"
"15250",2026-01-12,"G384F",21.602,NA,"Midflow"
"15251",2026-01-13,"G384F",19.912,NA,"Midflow"
"15252",2026-01-14,"G384F",7.097,NA,"Midflow"
"15253",2026-01-15,"G384F",33.933,NA,"Midflow"
"15254",2026-01-16,"G384F",39.409,NA,"Midflow"
"15255",2026-01-17,"G384F",23.278,NA,"Midflow"
"15256",2026-01-18,"G384F",16.667,NA,"Midflow"
"15257",2026-01-19,"G384F",28.094,NA,"Midflow"
"15258",2026-01-20,"G384F",16.163,NA,"Midflow"
"15259",2026-01-21,"G384F",12.413,NA,"Midflow"
"15260",2026-01-22,"G384F",21.777,NA,"Midflow"
"15261",2026-01-23,"G384F",29.124,NA,"Midflow"
"15262",2026-01-24,"G384F",20.291,NA,"Midflow"
"15263",2026-01-25,"G384F",-0.644,NA,"Midflow"
"15264",2026-01-26,"G384F",14.895,NA,"Midflow"
"15265",2026-01-27,"G384F",29.391,NA,"Midflow"
"15266",2026-01-28,"G384F",39.678,NA,"Midflow"
"15267",2026-01-29,"G384F",28.585,NA,"Midflow"
"15268",2026-01-30,"G384F",26.783,NA,"Midflow"
"15269",2026-02-01,"G384F",37.519,NA,"Midflow"
"15270",2026-02-02,"G384F",16.251,NA,"Midflow"
"15271",2026-02-03,"G384F",27.977,NA,"Midflow"
"15272",2026-02-04,"G384F",23.394,NA,"Midflow"
"15273",2026-02-05,"G384F",36.556,NA,"Midflow"
"15274",2026-02-06,"G384F",40.771,NA,"Midflow"
"15275",2026-02-07,"G384F",31.137,NA,"Midflow"
"15276",2026-02-08,"G384F",20.129,NA,"Midflow"
"15277",2026-02-09,"G384F",-3.849,NA,"Midflow"
"15278",2026-02-11,"G384F",24.056,NA,"Midflow"
"15279",2026-02-12,"G384F",27.617,NA,"Midflow"
"15280",2026-02-13,"G384F",33.041,NA,"Midflow"
"15281",2026-02-14,"G384F",44.551,NA,"Midflow"
"15282",2026-02-15,"G384F",40.498,NA,"Midflow"
"15283",2026-02-16,"G384F",27.088,NA,"Midflow"
"15284",2026-02-17,"G384F",29.928,NA,"Midflow"
"15285",2026-02-18,"G384F",36.765,NA,"Midflow"
"15286",2026-02-19,"G384F",31.862,NA,"Midflow"
"15287",2026-02-20,"G384F",32.944,NA,"Midflow"
"15288",2026-02-21,"G384F",24.951,NA,"Midflow"
"15289",2026-02-22,"G384F",29.928,NA,"Midflow"
"15290",2026-02-23,"G384F",41.117,NA,"Midflow"
"15291",2026-02-24,"G384F",46.735,NA,"Midflow"
"15292",2026-02-25,"G384F",43.111,NA,"Midflow"
"15293",2026-02-26,"G384F",41.955,NA,"Midflow"
"15294",2026-02-27,"G384F",41.415,NA,"Midflow"
"15295",2026-02-28,"G384F",43.272,NA,"Midflow"
"15296",2026-03-01,"G384F",26.647,NA,"Midflow"
"15297",2026-03-02,"G384F",-0.222,NA,"Midflow"
"15298",2026-03-03,"G384F",19.148,NA,"Midflow"
"15299",2026-03-04,"G384F",26.223,NA,"Midflow"
"15300",2026-03-05,"G384F",2.817,NA,"Midflow"
"15301",2026-03-06,"G384F",1.75,NA,"Midflow"
"15302",2026-03-07,"G384F",-8.597,NA,"Midflow"
"15303",2026-03-08,"G384F",2.693,NA,"Midflow"
"15304",2025-02-28,"G384E",0.586,NA,"Midflow"
"15305",2025-03-01,"G384E",3.555,NA,"Midflow"
"15306",2025-03-02,"G384E",6.009,NA,"Midflow"
"15307",2025-03-03,"G384E",11.682,NA,"Midflow"
"15308",2025-03-04,"G384E",-3.383,NA,"Midflow"
"15309",2025-03-06,"G384E",-13.162,NA,"Midflow"
"15310",2025-03-07,"G384E",7.293,NA,"Midflow"
"15311",2025-03-08,"G384E",5.267,NA,"Midflow"
"15312",2025-03-09,"G384E",3.073,NA,"Midflow"
"15313",2025-03-10,"G384E",-4.727,NA,"Midflow"
"15314",2025-03-11,"G384E",8.204,NA,"Midflow"
"15315",2025-03-12,"G384E",-3.666,NA,"Midflow"
"15316",2025-03-13,"G384E",5.991,NA,"Midflow"
"15317",2025-03-14,"G384E",0.559,NA,"Midflow"
"15318",2025-03-15,"G384E",20.449,NA,"Midflow"
"15319",2025-03-16,"G384E",26.665,NA,"Midflow"
"15320",2025-03-17,"G384E",30.835,NA,"Midflow"
"15321",2025-03-18,"G384E",10.795,NA,"Midflow"
"15322",2025-03-19,"G384E",0.997,NA,"Midflow"
"15323",2025-03-20,"G384E",0.592,NA,"Midflow"
"15324",2025-03-21,"G384E",-5.742,NA,"Midflow"
"15325",2025-03-22,"G384E",8.146,NA,"Midflow"
"15326",2025-03-23,"G384E",3.207,NA,"Midflow"
"15327",2025-03-24,"G384E",-6.742,NA,"Midflow"
"15328",2025-03-25,"G384E",7.164,NA,"Midflow"
"15329",2025-03-26,"G384E",2.855,NA,"Midflow"
"15330",2025-03-27,"G384E",20.573,NA,"Midflow"
"15331",2025-03-28,"G384E",17.064,NA,"Midflow"
"15332",2025-03-29,"G384E",15.645,NA,"Midflow"
"15333",2025-03-30,"G384E",16.15,NA,"Midflow"
"15334",2025-04-01,"G384E",-22.294,NA,"Midflow"
"15335",2025-04-02,"G384E",-20.77,NA,"Midflow"
"15336",2025-04-03,"G384E",-23.702,NA,"Midflow"
"15337",2025-04-04,"G384E",-22.98,NA,"Midflow"
"15338",2025-04-05,"G384E",-12.639,NA,"Midflow"
"15339",2025-04-06,"G384E",-21.132,NA,"Midflow"
"15340",2025-04-07,"G384E",-27.274,NA,"Midflow"
"15341",2025-04-08,"G384E",-20.466,NA,"Midflow"
"15342",2025-04-09,"G384E",-24.262,NA,"Midflow"
"15343",2025-04-10,"G384E",-27.16,NA,"Midflow"
"15344",2025-04-11,"G384E",-22.168,NA,"Midflow"
"15345",2025-04-12,"G384E",-4.163,NA,"Midflow"
"15346",2025-04-13,"G384E",-3.949,NA,"Midflow"
"15347",2025-04-14,"G384E",-6.492,NA,"Midflow"
"15348",2025-04-15,"G384E",-16.556,NA,"Midflow"
"15349",2025-04-16,"G384E",-5.101,NA,"Midflow"
"15350",2025-04-17,"G384E",-17.478,NA,"Midflow"
"15351",2025-04-18,"G384E",-16.077,NA,"Midflow"
"15352",2025-04-19,"G384E",-32.878,NA,"Midflow"
"15353",2025-04-20,"G384E",-5.696,NA,"Midflow"
"15354",2025-04-21,"G384E",-5.235,NA,"Midflow"
"15355",2025-04-22,"G384E",-16.605,NA,"Midflow"
"15356",2025-04-23,"G384E",-12.413,NA,"Midflow"
"15357",2025-04-24,"G384E",-13.174,NA,"Midflow"
"15358",2025-04-25,"G384E",-13.267,NA,"Midflow"
"15359",2025-04-26,"G384E",-10.952,NA,"Midflow"
"15360",2025-04-27,"G384E",-11.258,NA,"Midflow"
"15361",2025-04-28,"G384E",2.07,NA,"Midflow"
"15362",2025-04-29,"G384E",-6.628,NA,"Midflow"
"15363",2025-04-30,"G384E",-2.895,NA,"Midflow"
"15364",2025-05-01,"G384E",3.452,NA,"Midflow"
"15365",2025-05-02,"G384E",-3.257,NA,"Midflow"
"15366",2026-03-09,"G384F",-10.39,NA,"Midflow"
"15367",2026-03-10,"G384F",-25.673,NA,"Midflow"
"15368",2026-03-11,"G384F",-17.802,NA,"Midflow"
"15369",2026-03-12,"G384F",10.397,NA,"Midflow"
"15370",2026-03-13,"G384F",23.992,NA,"Midflow"
"15371",2026-03-14,"G384F",1.733,NA,"Midflow"
"15372",2026-03-15,"G384F",-28.288,NA,"Midflow"
"15373",2026-03-16,"G384F",-36.417,NA,"Midflow"
"15374",2026-03-17,"G384F",-25.376,NA,"Midflow"
"15375",2026-03-18,"G384F",-21.204,NA,"Midflow"
"15376",2026-03-19,"G384F",-28.295,NA,"Midflow"
"15377",2026-03-21,"G384F",-39.04,NA,"Midflow"
"15378",2026-03-22,"G384F",-28.94,NA,"Midflow"
"15379",2026-03-23,"G384F",-32.192,NA,"Midflow"
"15380",2026-03-24,"G384F",-15.452,NA,"Midflow"
"15381",2026-03-25,"G384F",11.741,NA,"Midflow"
"15382",2026-03-26,"G384F",-11.037,NA,"Midflow"
"15383",2026-03-27,"G384F",-26.009,NA,"Midflow"
"15384",2026-03-28,"G384F",-19.573,NA,"Midflow"
"15385",2026-03-29,"G384F",-11.003,NA,"Midflow"
"15386",2026-03-31,"G384F",-54.745,NA,"Midflow"
"15387",2026-04-01,"G384F",-50.985,NA,"Midflow"
"15388",2026-04-02,"G384F",-55.881,NA,"Midflow"
"15389",2026-04-03,"G384F",-52.943,NA,"Midflow"
"15390",2026-04-04,"G384F",-50.919,NA,"Midflow"
"15391",2026-04-05,"G384F",49.729,NA,"Midflow"
"15392",2026-04-06,"G384F",62.988,NA,"Midflow"
"15393",2026-04-07,"G384F",83.589,NA,"Midflow"
"15394",2026-04-08,"G384F",108.498,NA,"Midflow"
"15395",2026-04-09,"G384F",133.739,NA,"Midflow"
"15396",2026-04-10,"G384F",149.977,NA,"Midflow"
"15397",2026-04-11,"G384F",131.89,NA,"Midflow"
"15398",2026-04-12,"G384F",98.316,NA,"Midflow"
"15399",2026-04-13,"G384F",75.578,NA,"Midflow"
"15400",2026-04-14,"G384F",60.835,NA,"Midflow"
"15401",2026-04-15,"G384F",48.332,NA,"Midflow"
"15402",2026-04-16,"G384F",-65.685,NA,"Midflow"
"15403",2026-04-17,"G384F",-67.357,NA,"Midflow"
"15404",2026-04-18,"G384F",-67.19,NA,"Midflow"
"15405",2026-04-19,"G384F",-63.711,NA,"Midflow"
"15406",2026-04-20,"G384F",-65.63,NA,"Midflow"
"15407",2026-04-21,"G384F",-61,NA,"Midflow"
"15408",2026-04-22,"G384F",-54.333,NA,"Midflow"
"15409",2026-04-23,"G384F",-50.569,NA,"Midflow"
"15410",2026-04-24,"G384F",-50.26,NA,"Midflow"
"15411",2026-04-25,"G384F",-65.625,NA,"Midflow"
"15412",2026-04-26,"G384F",-68.114,NA,"Midflow"
"15413",2026-04-27,"G384F",-63.436,NA,"Midflow"
"15414",2026-04-28,"G384F",-65.154,NA,"Midflow"
"15415",2026-04-29,"G384F",-74.023,NA,"Midflow"
"15416",2026-04-30,"G384F",-74.209,NA,"Midflow"
"15417",2026-05-01,"G384F",-72.712,NA,"Midflow"
"15418",2026-05-03,"G384F",-67.334,NA,"Midflow"
"15419",2026-05-04,"G384F",-70.716,NA,"Midflow"
"15420",2026-05-05,"G384F",-72.36,NA,"Midflow"
"15421",2026-05-06,"G384F",-72.541,NA,"Midflow"
"15422",2026-05-07,"G384F",-73.318,NA,"Midflow"
"15423",2026-05-08,"G384F",-74.387,NA,"Midflow"
"15424",2026-05-09,"G384F",-76.618,NA,"Midflow"
"15425",2026-05-10,"G384F",-79.474,NA,"Midflow"
"15426",2026-05-11,"G384F",-86.004,NA,"Midflow"
"15427",2025-05-03,"G384E",0.281,NA,"Midflow"
"15428",2025-05-04,"G384E",35.896,NA,"Midflow"
"15429",2025-05-05,"G384E",34.734,NA,"Midflow"
"15430",2025-05-06,"G384E",-8.204,NA,"Midflow"
"15431",2025-05-07,"G384E",1.095,NA,"Midflow"
"15432",2025-05-08,"G384E",12.506,NA,"Midflow"
"15433",2025-05-09,"G384E",1.678,NA,"Midflow"
"15434",2025-05-10,"G384E",-3.152,NA,"Midflow"
"15435",2025-05-12,"G384E",-38.299,NA,"Midflow"
"15436",2025-05-13,"G384E",-47.492,NA,"Midflow"
"15437",2025-05-14,"G384E",-38.208,NA,"Midflow"
"15438",2025-05-15,"G384E",-47.59,NA,"Midflow"
"15439",2025-05-17,"G384E",-52.378,NA,"Midflow"
"15440",2025-05-18,"G384E",-40.7,NA,"Midflow"
"15441",2025-05-19,"G384E",-38.839,NA,"Midflow"
"15442",2025-05-20,"G384E",-33.205,NA,"Midflow"
"15443",2025-05-22,"G384E",-32.009,NA,"Midflow"
"15444",2025-05-23,"G384E",-39.182,NA,"Midflow"
"15445",2025-05-24,"G384E",-43.23,NA,"Midflow"
"15446",2025-05-25,"G384E",-36.13,NA,"Midflow"
"15447",2025-05-26,"G384E",-41.153,NA,"Midflow"
"15448",2025-05-27,"G384E",-46.653,NA,"Midflow"
"15449",2025-05-29,"G384E",-27.036,NA,"Midflow"
"15450",2025-05-30,"G384E",-29.95,NA,"Midflow"
"15451",2025-05-31,"G384E",-33.095,NA,"Midflow"
"15452",2025-06-01,"G384E",-16.433,NA,"Midflow"
"15453",2025-06-03,"G384E",-33.38,NA,"Midflow"
"15454",2025-06-04,"G384E",12.664,NA,"Midflow"
"15455",2025-06-05,"G384E",54.781,NA,"Midflow"
"15456",2025-06-06,"G384E",5.425,NA,"Midflow"
"15457",2025-06-08,"G384E",-13.784,NA,"Midflow"
"15458",2025-06-09,"G384E",-14.93,NA,"Midflow"
"15459",2025-06-10,"G384E",-1.625,NA,"Midflow"
"15460",2025-06-11,"G384E",-15.169,NA,"Midflow"
"15461",2025-06-13,"G384E",30.169,NA,"Midflow"
"15462",2025-06-14,"G384E",-8.524,NA,"Midflow"
"15463",2025-06-15,"G384E",-20.06,NA,"Midflow"
"15464",2025-06-16,"G384E",-7.855,NA,"Midflow"
"15465",2025-06-17,"G384E",-21.706,NA,"Midflow"
"15466",2025-06-18,"G384E",-15.936,NA,"Midflow"
"15467",2025-06-19,"G384E",-34.322,NA,"Midflow"
"15468",2025-06-20,"G384E",-26.066,NA,"Midflow"
"15469",2025-06-21,"G384E",-33.277,NA,"Midflow"
"15470",2025-06-22,"G384E",-30.947,NA,"Midflow"
"15471",2025-06-23,"G384E",22.44,NA,"Midflow"
"15472",2025-06-26,"G384E",10.273,NA,"Midflow"
"15473",2025-06-27,"G384E",-21.575,NA,"Midflow"
"15474",2025-06-28,"G384E",-24.632,NA,"Midflow"
"15475",2025-06-29,"G384E",-7.749,NA,"Midflow"
"15476",2025-06-30,"G384E",-8.031,NA,"Midflow"
"15477",2025-07-01,"G384E",-8.238,NA,"Midflow"
"15478",2025-07-02,"G384E",-8.547,NA,"Midflow"
"15479",2025-07-03,"G384E",24.415,NA,"Midflow"
"15480",2025-07-04,"G384E",46.665,NA,"Midflow"
"15481",2025-07-05,"G384E",61.663,NA,"Midflow"
"15482",2025-07-07,"G384E",47.741,NA,"Midflow"
"15483",2025-07-08,"G384E",-8.4,NA,"Midflow"
"15484",2025-07-09,"G384E",-24.288,NA,"Midflow"
"15485",2025-07-10,"G384E",-6.014,NA,"Midflow"
"15486",2025-07-11,"G384E",-21.902,NA,"Midflow"
"15487",2025-07-12,"G384E",-24.41,NA,"Midflow"
"15488",2025-07-13,"G384E",-8.65,NA,"Midflow"
"15489",2026-05-12,"G384F",-83.522,NA,"Midflow"
"15490",2026-05-13,"G384F",-83.845,NA,"Midflow"
"15491",2026-05-14,"G384F",-79.845,NA,"Midflow"
"15492",2026-05-15,"G384F",-80.14,NA,"Midflow"
"15493",2026-05-16,"G384F",-76.333,NA,"Midflow"
"15494",2026-05-17,"G384F",-70.449,NA,"Midflow"
"15495",2026-05-18,"G384F",-74.603,NA,"Midflow"
"15496",2026-05-19,"G384F",-74.258,NA,"Midflow"
"15497",2026-05-20,"G384F",-80.51,NA,"Midflow"
"15498",2026-05-21,"G384F",-80.929,NA,"Midflow"
"15499",2026-05-22,"G384F",-81.448,NA,"Midflow"
"15500",2026-05-23,"G384F",-81.28,NA,"Midflow"
"15501",2026-05-24,"G384F",-78.738,NA,"Midflow"
"15502",2026-05-25,"G384F",-85.201,NA,"Midflow"
"15503",2026-05-26,"G384F",-85.205,NA,"Midflow"
"15504",2026-05-27,"G384F",-84.145,NA,"Midflow"
"15505",2026-05-28,"G384F",-82.271,NA,"Midflow"
"15506",2026-05-29,"G384F",-80.69,NA,"Midflow"
"15507",2026-05-30,"G384F",-86.759,NA,"Midflow"
"15508",2026-05-31,"G384F",-90.454,NA,"Midflow"
"15509",2026-06-01,"G384F",-89.176,NA,"Midflow"
"15510",2026-06-02,"G384F",-88.179,NA,"Midflow"
"15511",2026-06-03,"G384F",-110.599,NA,"Midflow"
"15512",2026-06-04,"G384F",-98.898,NA,"Midflow"
"15513",2026-06-05,"G384F",-95.274,NA,"Midflow"
"15514",2026-06-06,"G384F",-95.487,NA,"Midflow"
"15515",2026-06-07,"G384F",-90.355,NA,"Midflow"
"15516",2026-06-08,"G384F",-89.333,NA,"Midflow"
"15517",2026-06-09,"G384F",-89.716,NA,"Midflow"
"15518",2026-06-10,"G384F",-87.888,NA,"Midflow"
"15519",2026-06-11,"G384F",-91.563,NA,"Midflow"
"15520",2026-06-12,"G384F",-91.815,NA,"Midflow"
"15521",2026-06-13,"G384F",-91.424,NA,"Midflow"
"15522",2026-06-14,"G384F",-91.363,NA,"Midflow"
"15523",2026-06-15,"G384F",-93.424,NA,"Midflow"
"15524",2026-06-16,"G384F",-92.554,NA,"Midflow"
"15525",2026-06-17,"G384F",-92.423,NA,"Midflow"
"15526",2026-06-18,"G384F",-91.199,NA,"Midflow"
"15527",2026-06-19,"G384F",-85.677,NA,"Midflow"
"15528",2026-06-20,"G384F",-45.14,NA,"Midflow"
"15529",2026-06-21,"G384F",-83.913,NA,"Midflow"
"15530",2026-06-22,"G384F",-91.076,NA,"Midflow"
"15531",2026-06-23,"G384F",-91.718,NA,"Midflow"
"15532",2026-06-24,"G384F",-92.401,NA,"Midflow"
"15533",2026-06-25,"G384F",-95.184,NA,"Midflow"
"15534",2026-06-26,"G384F",-94.362,NA,"Midflow"
"15535",2026-06-27,"G384F",-92.075,NA,"Midflow"
"15536",2026-06-28,"G384F",-92.569,NA,"Midflow"
"15537",2026-06-29,"G384F",-94.319,NA,"Midflow"
"15538",2026-06-30,"G384F",-95.473,NA,"Midflow"
"15539",2026-07-01,"G384F",-98.624,NA,"Midflow"
"15540",2026-07-02,"G384F",-98.331,NA,"Midflow"
"15541",2026-07-03,"G384F",-99.109,NA,"Midflow"
"15542",2026-07-04,"G384F",-100.951,NA,"Midflow"
"15543",2026-07-05,"G384F",-99.06,NA,"Midflow"
"15544",2026-07-06,"G384F",-108.294,NA,"Midflow"
"15545",2026-07-07,"G384F",-114.178,NA,"Midflow"
"15546",2026-07-08,"G384F",-104.46,NA,"Midflow"
"15547",2026-07-09,"G384F",-108.792,NA,"Midflow"
"15548",2026-07-10,"G384F",-104.951,NA,"Midflow"
"15549",2026-07-11,"G384F",-100.962,NA,"Midflow"
"15550",2026-07-12,"G384F",-119.692,NA,"Midflow"
"15551",2025-07-14,"G384E",-21.072,NA,"Midflow"
"15552",2025-07-15,"G384E",35.689,NA,"Midflow"
"15553",2025-07-16,"G384E",113.223,NA,"Midflow"
"15554",2025-07-17,"G384E",138.988,NA,"Midflow"
"15555",2025-07-18,"G384E",103.02,NA,"Midflow"
"15556",2025-07-19,"G384E",86.738,NA,"Midflow"
"15557",2025-07-20,"G384E",16.998,NA,"Midflow"
"15558",2025-07-22,"G384E",-12.196,NA,"Midflow"
"15559",2025-07-23,"G384E",-18.159,NA,"Midflow"
"15560",2025-07-24,"G384E",41.97,NA,"Midflow"
"15561",2025-07-25,"G384E",4.639,NA,"Midflow"
"15562",2025-07-26,"G384E",-23.054,NA,"Midflow"
"15563",2025-07-27,"G384E",7.307,NA,"Midflow"
"15564",2025-07-28,"G384E",-26.415,NA,"Midflow"
"15565",2025-07-29,"G384E",-8.241,NA,"Midflow"
"15566",2025-07-31,"G384E",-6.108,NA,"Midflow"
"15567",2025-08-01,"G384E",-18.345,NA,"Midflow"
"15568",2025-08-02,"G384E",-29.91,NA,"Midflow"
"15569",2025-08-03,"G384E",-16.173,NA,"Midflow"
"15570",2025-08-04,"G384E",-4.9,NA,"Midflow"
"15571",2025-08-05,"G384E",2.681,NA,"Midflow"
"15572",2025-08-06,"G384E",-8.211,NA,"Midflow"
"15573",2025-08-07,"G384E",-25.665,NA,"Midflow"
"15574",2025-08-08,"G384E",-29.494,NA,"Midflow"
"15575",2025-08-09,"G384E",-21.251,NA,"Midflow"
"15576",2025-08-10,"G384E",-11.954,NA,"Midflow"
"15577",2025-08-11,"G384E",-11.85,NA,"Midflow"
"15578",2025-08-12,"G384E",-11.046,NA,"Midflow"
"15579",2025-08-13,"G384E",-20.785,NA,"Midflow"
"15580",2025-08-14,"G384E",-15.061,NA,"Midflow"
"15581",2025-08-15,"G384E",-15.535,NA,"Midflow"
"15582",2025-08-16,"G384E",-27.478,NA,"Midflow"
"15583",2025-08-17,"G384E",-24.98,NA,"Midflow"
"15584",2025-08-18,"G384E",-29.947,NA,"Midflow"
"15585",2025-08-19,"G384E",-7.393,NA,"Midflow"
"15586",2025-08-21,"G384E",-15.214,NA,"Midflow"
"15587",2025-08-22,"G384E",-15.051,NA,"Midflow"
"15588",2025-08-23,"G384E",4.566,NA,"Midflow"
"15589",2025-08-24,"G384E",-5.202,NA,"Midflow"
"15590",2025-08-25,"G384E",30.334,NA,"Midflow"
"15591",2025-08-26,"G384E",-17.78,NA,"Midflow"
"15592",2025-08-27,"G384E",-8.403,NA,"Midflow"
"15593",2025-08-28,"G384E",3.181,NA,"Midflow"
"15594",2025-08-29,"G384E",-2.969,NA,"Midflow"
"15595",2025-08-30,"G384E",-4.601,NA,"Midflow"
"15596",2025-08-31,"G384E",13.193,NA,"Midflow"
"15597",2025-09-01,"G384E",72.367,NA,"Midflow"
"15598",2025-09-02,"G384E",104.256,NA,"Midflow"
"15599",2025-09-03,"G384E",102.569,NA,"Midflow"
"15600",2025-09-04,"G384E",129.194,NA,"Midflow"
"15601",2025-09-05,"G384E",106.349,NA,"Midflow"
"15602",2025-09-07,"G384E",62.562,NA,"Midflow"
"15603",2025-09-08,"G384E",59.361,NA,"Midflow"
"15604",2025-09-09,"G384E",120.001,NA,"Midflow"
"15605",2025-09-10,"G384E",158.636,NA,"Midflow"
"15606",2025-09-11,"G384E",167.977,NA,"Midflow"
"15607",2025-09-13,"G384E",161.353,NA,"Midflow"
"15608",2025-09-15,"G384E",124.95,NA,"Midflow"
"15609",2025-09-16,"G384E",86.772,NA,"Midflow"
"15610",2025-09-18,"G384E",78.103,NA,"Midflow"
"15611",2025-09-19,"G384E",59.434,NA,"Midflow"
"15612",2025-09-20,"G384E",35.706,NA,"Midflow"
"15613",2026-07-13,"G384F",-131.951,NA,"Midflow"
"15614",2026-07-14,"G384F",-108.28,NA,"Midflow"
"15615",2026-07-15,"G384F",-104.719,NA,"Midflow"
"15616",2026-07-16,"G384F",-105.369,NA,"Midflow"
"15617",2026-07-17,"G384F",-129.687,NA,"Midflow"
"15618",2026-07-18,"G384F",-121.529,NA,"Midflow"
"15619",2026-07-19,"G384F",-112.758,NA,"Midflow"
"15620",2026-07-20,"G384F",-110.639,NA,"Midflow"
"15621",2026-07-21,"G384F",-111.895,NA,"Midflow"
"15622",2026-07-23,"G384F",-106.346,NA,"Midflow"
"15623",2026-07-24,"G384F",-104.708,NA,"Midflow"
"15624",2026-07-25,"G384F",-134.241,NA,"Midflow"
"15625",2026-07-26,"G384F",-132.465,NA,"Midflow"
"15626",2026-07-27,"G384F",-117.062,NA,"Midflow"
"15627",2026-07-28,"G384F",-113.587,NA,"Midflow"
"15628",2026-07-29,"G384F",-108.046,NA,"Midflow"
"15629",2026-07-30,"G384F",-109.074,NA,"Midflow"
"15630",2026-07-31,"G384F",-113.175,NA,"Midflow"
"15631",2026-08-01,"G384F",-107.217,NA,"Midflow"
"15632",2026-08-02,"G384F",-104.441,NA,"Midflow"
"15633",2026-08-03,"G384F",-115.742,NA,"Midflow"
"15634",2026-08-04,"G384F",-110.808,NA,"Midflow"
"15635",2026-08-05,"G384F",-162.097,NA,"Midflow"
"15636",2026-08-06,"G384F",-161.045,NA,"Midflow"
"15637",2026-08-07,"G384F",-96.675,NA,"Midflow"
"15638",2026-08-08,"G384F",-86.433,NA,"Midflow"
"15639",2026-08-09,"G384F",-91.216,NA,"Midflow"
"15640",2026-08-10,"G384F",-85.917,NA,"Midflow"
"15641",2026-08-11,"G384F",-93.374,NA,"Midflow"
"15642",2026-08-12,"G384F",-89.215,NA,"Midflow"
"15643",2026-08-13,"G384F",-62.719,NA,"Midflow"
"15644",2026-08-14,"G384F",-64.869,NA,"Midflow"
"15645",2026-08-15,"G384F",-77.007,NA,"Midflow"
"15646",2026-08-16,"G384F",-94.478,NA,"Midflow"
"15647",2026-08-17,"G384F",-111.557,NA,"Midflow"
"15648",2026-08-18,"G384F",-110.851,NA,"Midflow"
"15649",2026-08-19,"G384F",-109.05,NA,"Midflow"
"15650",2026-08-20,"G384F",-108.278,NA,"Midflow"
"15651",2026-08-21,"G384F",-106.704,NA,"Midflow"
"15652",2026-08-22,"G384F",-120.751,NA,"Midflow"
"15653",2026-08-23,"G384F",-116.354,NA,"Midflow"
"15654",2026-08-24,"G384F",-115.388,NA,"Midflow"
"15655",2026-08-25,"G384F",-112.356,NA,"Midflow"
"15656",2026-08-26,"G384F",-106.509,NA,"Midflow"
"15657",2026-08-27,"G384F",-106.041,NA,"Midflow"
"15658",2026-08-28,"G384F",-93.267,NA,"Midflow"
"15659",2026-08-29,"G384F",-61.856,NA,"Midflow"
"15660",2026-08-30,"G384F",-71.513,NA,"Midflow"
"15661",2026-08-31,"G384F",-66.858,NA,"Midflow"
"15662",2026-09-01,"G384F",-59.834,NA,"Midflow"
"15663",2026-09-02,"G384F",-90.939,NA,"Midflow"
"15664",2026-09-03,"G384F",5.815,NA,"Midflow"
"15665",2026-09-05,"G384F",288.541,NA,"Midflow"
"15666",2026-09-06,"G384F",363.868,NA,"Midflow"
"15667",2026-09-07,"G384F",389.961,NA,"Midflow"
"15668",2026-09-08,"G384F",392.14,NA,"Midflow"
"15669",2026-09-09,"G384F",402.535,NA,"Midflow"
"15670",2026-09-10,"G384F",396.239,NA,"Midflow"
"15671",2026-09-11,"G384F",374.459,NA,"Midflow"
"15672",2026-09-12,"G384F",338.591,NA,"Midflow"
"15673",2026-09-13,"G384F",313.01,NA,"Midflow"
"15674",2026-09-14,"G384F",291.275,NA,"Midflow"
"15675",2025-09-21,"G384E",40.34,NA,"Midflow"
"15676",2025-09-23,"G384E",-52.161,NA,"Midflow"
"15677",2025-09-24,"G384E",-17.361,NA,"Midflow"
"15678",2025-09-25,"G384E",73.027,NA,"Midflow"
"15679",2025-09-26,"G384E",107.841,NA,"Midflow"
"15680",2025-09-27,"G384E",114.318,NA,"Midflow"
"15681",2025-09-28,"G384E",110.918,NA,"Midflow"
"15682",2025-09-29,"G384E",76.106,NA,"Midflow"
"15683",2025-09-30,"G384E",7.494,NA,"Midflow"
"15684",2025-10-01,"G384E",-49.508,NA,"Midflow"
"15685",2025-10-02,"G384E",-25.8,NA,"Midflow"
"15686",2025-10-03,"G384E",9.698,NA,"Midflow"
"15687",2025-10-04,"G384E",58.045,NA,"Midflow"
"15688",2025-10-05,"G384E",35.381,NA,"Midflow"
"15689",2025-10-06,"G384E",4.298,NA,"Midflow"
"15690",2025-10-07,"G384E",18.765,NA,"Midflow"
"15691",2025-10-08,"G384E",-6.995,NA,"Midflow"
"15692",2025-10-09,"G384E",18.607,NA,"Midflow"
"15693",2025-10-10,"G384E",-7.04,NA,"Midflow"
"15694",2025-10-11,"G384E",72.613,NA,"Midflow"
"15695",2025-10-12,"G384E",207.178,NA,"Midflow"
"15696",2025-10-13,"G384E",211.073,NA,"Midflow"
"15697",2025-10-14,"G384E",154.003,NA,"Midflow"
"15698",2025-10-15,"G384E",111.855,NA,"Midflow"
"15699",2025-10-16,"G384E",55.855,NA,"Midflow"
"15700",2025-10-17,"G384E",42.48,NA,"Midflow"
"15701",2025-10-18,"G384E",22.658,NA,"Midflow"
"15702",2025-10-19,"G384E",-10.374,NA,"Midflow"
"15703",2025-10-20,"G384E",-21.573,NA,"Midflow"
"15704",2025-10-21,"G384E",28.591,NA,"Midflow"
"15705",2025-10-22,"G384E",6.153,NA,"Midflow"
"15706",2025-10-23,"G384E",-17.492,NA,"Midflow"
"15707",2025-10-24,"G384E",-27.31,NA,"Midflow"
"15708",2025-10-25,"G384E",-12.457,NA,"Midflow"
"15709",2025-10-26,"G384E",-7.553,NA,"Midflow"
"15710",2025-10-27,"G384E",-20.827,NA,"Midflow"
"15711",2025-10-28,"G384E",-19.071,NA,"Midflow"
"15712",2025-10-29,"G384E",-21.454,NA,"Midflow"
"15713",2025-10-30,"G384E",0.941,NA,"Midflow"
"15714",2025-10-31,"G384E",14.241,NA,"Midflow"
"15715",2025-11-01,"G384E",5.481,NA,"Midflow"
"15716",2025-11-03,"G384E",-0.781,NA,"Midflow"
"15717",2025-11-04,"G384E",5.762,NA,"Midflow"
"15718",2025-11-05,"G384E",-4.979,NA,"Midflow"
"15719",2025-11-06,"G384E",5.396,NA,"Midflow"
"15720",2025-11-07,"G384E",-2.228,NA,"Midflow"
"15721",2025-11-08,"G384E",-18.982,NA,"Midflow"
"15722",2025-11-09,"G384E",-27.29,NA,"Midflow"
"15723",2025-11-10,"G384E",-10.67,NA,"Midflow"
"15724",2025-11-11,"G384E",6.934,NA,"Midflow"
"15725",2025-11-12,"G384E",-0.402,NA,"Midflow"
"15726",2025-11-13,"G384E",0.462,NA,"Midflow"
"15727",2025-11-14,"G384E",0,NA,"Midflow"
"15728",2025-11-15,"G384E",0,NA,"Midflow"
"15729",2025-11-16,"G384E",0,NA,"Midflow"
"15730",2025-11-17,"G384E",0,NA,"Midflow"
"15731",2025-11-18,"G384E",0,NA,"Midflow"
"15732",2025-11-19,"G384E",0,NA,"Midflow"
"15733",2025-11-20,"G384E",0,NA,"Midflow"
"15734",2025-11-21,"G384E",0,NA,"Midflow"
"15735",2025-11-22,"G384E",0,NA,"Midflow"
"15736",2025-11-23,"G384E",0,NA,"Midflow"
"15737",2025-11-24,"G384E",0,NA,"Midflow"
"15738",2025-11-25,"G384E",0,NA,"Midflow"
"15739",2025-11-26,"G384E",0,NA,"Midflow"
"15740",2025-11-27,"G384E",0,NA,"Midflow"
"15741",2025-11-28,"G384E",0,NA,"Midflow"
"15742",2025-11-29,"G384E",0,NA,"Midflow"
"15743",2025-12-01,"G384E",0,NA,"Midflow"
"15744",2025-12-03,"G384E",0,NA,"Midflow"
"15745",2025-12-04,"G384E",0,NA,"Midflow"
"15746",2025-12-05,"G384E",0,NA,"Midflow"
"15747",2025-12-06,"G384E",0,NA,"Midflow"
"15748",2025-12-07,"G384E",0,NA,"Midflow"
"15749",2025-12-08,"G384E",-9.907,NA,"Midflow"
"15750",2025-12-09,"G384E",-23.207,NA,"Midflow"
"15751",2025-12-10,"G384E",-27.605,NA,"Midflow"
"15752",2025-12-11,"G384E",-5.121,NA,"Midflow"
"15753",2025-12-12,"G384E",6.594,NA,"Midflow"
"15754",2025-12-13,"G384E",0.783,NA,"Midflow"
"15755",2025-12-14,"G384E",-17.243,NA,"Midflow"
"15756",2025-12-15,"G384E",-1.102,NA,"Midflow"
"15757",2025-12-16,"G384E",-7.347,NA,"Midflow"
"15758",2025-12-17,"G384E",-3.159,NA,"Midflow"
"15759",2025-12-18,"G384E",-3.858,NA,"Midflow"
"15760",2025-12-19,"G384E",-1.148,NA,"Midflow"
"15761",2025-12-20,"G384E",9.388,NA,"Midflow"
"15762",2025-12-21,"G384E",2.576,NA,"Midflow"
"15763",2025-12-22,"G384E",4.808,NA,"Midflow"
"15764",2025-12-23,"G384E",19.937,NA,"Midflow"
"15765",2025-12-24,"G384E",4.413,NA,"Midflow"
"15766",2025-12-25,"G384E",3.387,NA,"Midflow"
"15767",2025-12-26,"G384E",13.237,NA,"Midflow"
"15768",2025-12-27,"G384E",11.929,NA,"Midflow"
"15769",2025-12-28,"G384E",-4.644,NA,"Midflow"
"15770",2025-12-29,"G384E",-16.99,NA,"Midflow"
"15771",2025-12-30,"G384E",-6.676,NA,"Midflow"
"15772",2025-12-31,"G384E",9.908,NA,"Midflow"
"15773",2025-12-02,"G384E",0,NA,"Midflow"
"15774",2025-01-07,"G384E",5.928,NA,"Midflow"
"15775",2025-02-02,"G384E",7.262,NA,"Midflow"
"15776",2025-02-17,"G384E",-40.137,NA,"Midflow"
"15777",2025-03-05,"G384E",-18.697,NA,"Midflow"
"15778",2025-03-31,"G384E",28.076,NA,"Midflow"
"15779",2025-05-11,"G384E",-26.111,NA,"Midflow"
"15780",2025-05-16,"G384E",-48.004,NA,"Midflow"
"15781",2025-05-21,"G384E",-40.299,NA,"Midflow"
"15782",2025-05-28,"G384E",-27.891,NA,"Midflow"
"15783",2025-06-02,"G384E",-19.077,NA,"Midflow"
"15784",2025-06-07,"G384E",-21.379,NA,"Midflow"
"15785",2025-06-12,"G384E",-7.405,NA,"Midflow"
"15786",2025-06-24,"G384E",7.375,NA,"Midflow"
"15787",2025-06-25,"G384E",18.843,NA,"Midflow"
"15788",2025-07-06,"G384E",66.775,NA,"Midflow"
"15789",2025-07-21,"G384E",-5.133,NA,"Midflow"
"15790",2025-07-30,"G384E",-14.69,NA,"Midflow"
"15791",2025-08-20,"G384E",-5.58,NA,"Midflow"
"15792",2025-09-06,"G384E",101.724,NA,"Midflow"
"15793",2025-09-12,"G384E",167.263,NA,"Midflow"
"15794",2025-09-14,"G384E",142.665,NA,"Midflow"
"15795",2025-09-17,"G384E",79.61,NA,"Midflow"
"15796",2025-09-22,"G384E",0.425,NA,"Midflow"
"15797",2025-11-02,"G384E",9.663,NA,"Midflow"
"15798",2025-11-30,"G384E",0,NA,"Midflow"
"15799",2026-09-15,"G384F",287.815,NA,"Midflow"
"15800",2026-09-16,"G384F",266.379,NA,"Midflow"
"15801",2026-09-17,"G384F",259.601,NA,"Midflow"
"15802",2026-09-18,"G384F",230.959,NA,"Midflow"
"15803",2026-09-19,"G384F",256.224,NA,"Midflow"
"15804",2026-09-20,"G384F",279.219,NA,"Midflow"
"15805",2026-09-21,"G384F",242.411,NA,"Midflow"
"15806",2026-09-22,"G384F",250.463,NA,"Midflow"
"15807",2026-09-23,"G384F",390.257,NA,"Midflow"
"15808",2026-09-24,"G384F",423.467,NA,"Midflow"
"15809",2026-09-25,"G384F",422.105,NA,"Midflow"
"15810",2026-09-26,"G384F",351.448,NA,"Midflow"
"15811",2026-09-27,"G384F",253.44,NA,"Midflow"
"15812",2026-09-28,"G384F",199.982,NA,"Midflow"
"15813",2026-09-29,"G384F",162.776,NA,"Midflow"
"15814",2026-09-30,"G384F",50.474,NA,"Midflow"
"15815",2026-10-01,"G384F",65.481,NA,"Midflow"
"15816",2026-10-02,"G384F",92.68,NA,"Midflow"
"15817",2026-10-03,"G384F",47.78,NA,"Midflow"
"15818",2026-10-04,"G384F",-90.485,NA,"Midflow"
"15819",2026-10-05,"G384F",-81.873,NA,"Midflow"
"15820",2026-09-04,"G384F",188.602,NA,"Midflow"
"15821",2026-01-05,"G384F",-13.911,NA,"Midflow"
"15822",2026-01-31,"G384F",31.687,NA,"Midflow"
"15823",2026-02-10,"G384F",20.728,NA,"Midflow"
"15824",2026-03-20,"G384F",-39.688,NA,"Midflow"
"15825",2026-03-30,"G384F",-54.391,NA,"Midflow"
"15826",2026-05-02,"G384F",-71.531,NA,"Midflow"
"15827",2026-07-22,"G384F",-108.627,NA,"Midflow"
"15828",2025-01-02,"G384F",13.731,NA,"Midflow"
"15829",2025-01-03,"G384F",4.92,NA,"Midflow"
"15830",2025-01-05,"G384F",12.534,NA,"Midflow"
"15831",2025-01-06,"G384F",8.425,NA,"Midflow"
"15832",2025-01-07,"G384F",5.958,NA,"Midflow"
"15833",2025-01-08,"G384F",15.943,NA,"Midflow"
"15834",2025-01-09,"G384F",32.149,NA,"Midflow"
"15835",2025-01-10,"G384F",18.393,NA,"Midflow"
"15836",2025-01-11,"G384F",20.551,NA,"Midflow"
"15837",2025-01-13,"G384F",27.592,NA,"Midflow"
"15838",2025-01-14,"G384F",10.706,NA,"Midflow"
"15839",2025-01-16,"G384F",23.884,NA,"Midflow"
"15840",2025-01-17,"G384F",18.74,NA,"Midflow"
"15841",2025-01-18,"G384F",28.868,NA,"Midflow"
"15842",2025-01-19,"G384F",10.758,NA,"Midflow"
"15843",2025-01-20,"G384F",3.909,NA,"Midflow"
"15844",2025-01-21,"G384F",13.256,NA,"Midflow"
"15845",2025-01-22,"G384F",28.986,NA,"Midflow"
"15846",2025-01-23,"G384F",26.454,NA,"Midflow"
"15847",2025-01-24,"G384F",33.588,NA,"Midflow"
"15848",2025-01-25,"G384F",40.698,NA,"Midflow"
"15849",2025-01-26,"G384F",16.489,NA,"Midflow"
"15850",2025-01-27,"G384F",14.617,NA,"Midflow"
"15851",2025-01-28,"G384F",7.117,NA,"Midflow"
"15852",2025-01-29,"G384F",9.373,NA,"Midflow"
"15853",2025-01-30,"G384F",22.149,NA,"Midflow"
"15854",2025-01-31,"G384F",23.517,NA,"Midflow"
"15855",2025-02-01,"G384F",-2.145,NA,"Midflow"
"15856",2025-02-02,"G384F",7.313,NA,"Midflow"
"15857",2025-02-03,"G384F",9.531,NA,"Midflow"
"15858",2025-02-04,"G384F",-1.999,NA,"Midflow"
"15859",2025-02-05,"G384F",-11.411,NA,"Midflow"
"15860",2025-02-06,"G384F",11.504,NA,"Midflow"
"15861",2025-02-07,"G384F",3.633,NA,"Midflow"
"15862",2025-02-08,"G384F",4.073,NA,"Midflow"
"15863",2025-02-09,"G384F",-14.311,NA,"Midflow"
"15864",2025-02-10,"G384F",-35.238,NA,"Midflow"
"15865",2025-02-11,"G384F",-8.764,NA,"Midflow"
"15866",2025-02-12,"G384F",6.402,NA,"Midflow"
"15867",2025-02-13,"G384F",-37.749,NA,"Midflow"
"15868",2025-02-14,"G384F",-39.487,NA,"Midflow"
"15869",2025-02-15,"G384F",-32.927,NA,"Midflow"
"15870",2025-02-16,"G384F",-38.978,NA,"Midflow"
"15871",2025-02-17,"G384F",-39.936,NA,"Midflow"
"15872",2025-02-18,"G384F",-35.68,NA,"Midflow"
"15873",2025-02-19,"G384F",-18.965,NA,"Midflow"
"15874",2025-02-20,"G384F",-2.107,NA,"Midflow"
"15875",2025-02-21,"G384F",12.947,NA,"Midflow"
"15876",2025-02-22,"G384F",8.746,NA,"Midflow"
"15877",2025-02-23,"G384F",3.589,NA,"Midflow"
"15878",2025-02-24,"G384F",3.816,NA,"Midflow"
"15879",2025-02-25,"G384F",-7.642,NA,"Midflow"
"15880",2025-02-26,"G384F",1.517,NA,"Midflow"
"15881",2025-02-27,"G384F",-7.696,NA,"Midflow"
"15882",2025-02-28,"G384F",0.598,NA,"Midflow"
"15883",2025-03-01,"G384F",3.39,NA,"Midflow"
"15884",2025-03-02,"G384F",5.696,NA,"Midflow"
"15885",2025-03-03,"G384F",11.128,NA,"Midflow"
"15886",2025-03-04,"G384F",-3.24,NA,"Midflow"
"15887",2025-03-05,"G384F",-17.85,NA,"Midflow"
"15888",2025-03-06,"G384F",-12.479,NA,"Midflow"
"15889",2025-03-07,"G384F",6.916,NA,"Midflow"
"15890",2025-03-08,"G384F",5.022,NA,"Midflow"
"15891",2025-03-09,"G384F",2.936,NA,"Midflow"
"15892",2025-03-10,"G384F",-4.661,NA,"Midflow"
"15893",2025-03-11,"G384F",7.688,NA,"Midflow"
"15894",2025-03-12,"G384F",-3.683,NA,"Midflow"
"15895",2025-03-13,"G384F",6.008,NA,"Midflow"
"15896",2025-03-14,"G384F",0.555,NA,"Midflow"
"15897",2025-03-15,"G384F",20.461,NA,"Midflow"
"15898",2025-03-17,"G384F",30.847,NA,"Midflow"
"15899",2025-03-18,"G384F",10.772,NA,"Midflow"
"15900",2025-03-19,"G384F",1.009,NA,"Midflow"
"15901",2025-03-20,"G384F",0.576,NA,"Midflow"
"15902",2025-03-21,"G384F",-5.74,NA,"Midflow"
"15903",2025-03-22,"G384F",8.181,NA,"Midflow"
"15904",2025-03-23,"G384F",3.118,NA,"Midflow"
"15905",2025-03-24,"G384F",-6.753,NA,"Midflow"
"15906",2025-03-25,"G384F",7.183,NA,"Midflow"
"15907",2025-03-28,"G384F",17.096,NA,"Midflow"
"15908",2025-03-29,"G384F",15.651,NA,"Midflow"
"15909",2025-03-30,"G384F",16.183,NA,"Midflow"
"15910",2025-03-31,"G384F",28.126,NA,"Midflow"
"15911",2025-04-01,"G384F",-22.339,NA,"Midflow"
"15912",2025-04-02,"G384F",-20.788,NA,"Midflow"
"15913",2025-04-03,"G384F",-23.734,NA,"Midflow"
"15914",2025-04-05,"G384F",-12.664,NA,"Midflow"
"15915",2025-04-06,"G384F",-21.222,NA,"Midflow"
"15916",2025-04-07,"G384F",-27.338,NA,"Midflow"
"15917",2025-04-08,"G384F",-20.5,NA,"Midflow"
"15918",2025-04-09,"G384F",-24.279,NA,"Midflow"
"15919",2025-04-10,"G384F",-27.184,NA,"Midflow"
"15920",2025-04-11,"G384F",-22.2,NA,"Midflow"
"15921",2025-04-12,"G384F",-4.18,NA,"Midflow"
"15922",2025-04-13,"G384F",-3.948,NA,"Midflow"
"15923",2025-04-14,"G384F",-6.502,NA,"Midflow"
"15924",2025-04-15,"G384F",-16.551,NA,"Midflow"
"15925",2025-04-16,"G384F",-5.121,NA,"Midflow"
"15926",2025-04-17,"G384F",-17.509,NA,"Midflow"
"15927",2025-04-18,"G384F",-16.125,NA,"Midflow"
"15928",2025-04-19,"G384F",-32.921,NA,"Midflow"
"15929",2025-04-20,"G384F",-5.699,NA,"Midflow"
"15930",2025-04-21,"G384F",-5.243,NA,"Midflow"
"15931",2025-04-22,"G384F",-16.692,NA,"Midflow"
"15932",2025-04-23,"G384F",-12.463,NA,"Midflow"
"15933",2025-04-25,"G384F",-13.197,NA,"Midflow"
"15934",2025-04-26,"G384F",-10.975,NA,"Midflow"
"15935",2025-04-27,"G384F",-11.299,NA,"Midflow"
"15936",2025-04-28,"G384F",2.042,NA,"Midflow"
"15937",2025-04-29,"G384F",-6.68,NA,"Midflow"
"15938",2025-04-30,"G384F",-2.931,NA,"Midflow"
"15939",2025-05-01,"G384F",3.39,NA,"Midflow"
"15940",2025-05-02,"G384F",-3.318,NA,"Midflow"
"15941",2025-05-03,"G384F",0.301,NA,"Midflow"
"15942",2025-05-04,"G384F",36.034,NA,"Midflow"
"15943",2025-05-05,"G384F",34.76,NA,"Midflow"
"15944",2025-05-06,"G384F",-8.23,NA,"Midflow"
"15945",2025-05-07,"G384F",1.176,NA,"Midflow"
"15946",2025-05-08,"G384F",12.682,NA,"Midflow"
"15947",2025-05-09,"G384F",1.643,NA,"Midflow"
"15948",2025-05-10,"G384F",-3.194,NA,"Midflow"
"15949",2025-05-11,"G384F",-26.04,NA,"Midflow"
"15950",2025-05-13,"G384F",-47.427,NA,"Midflow"
"15951",2025-05-15,"G384F",-47.656,NA,"Midflow"
"15952",2025-05-16,"G384F",-48.071,NA,"Midflow"
"15953",2025-05-17,"G384F",-52.367,NA,"Midflow"
"15954",2025-05-18,"G384F",-40.753,NA,"Midflow"
"15955",2025-05-19,"G384F",-38.952,NA,"Midflow"
"15956",2025-05-20,"G384F",-33.332,NA,"Midflow"
"15957",2025-05-21,"G384F",-40.359,NA,"Midflow"
"15958",2025-05-23,"G384F",-39.181,NA,"Midflow"
"15959",2025-05-24,"G384F",-43.222,NA,"Midflow"
"15960",2025-05-25,"G384F",-36.138,NA,"Midflow"
"15961",2025-05-26,"G384F",-41.13,NA,"Midflow"
"15962",2025-05-27,"G384F",-46.629,NA,"Midflow"
"15963",2025-05-28,"G384F",-27.882,NA,"Midflow"
"15964",2025-05-29,"G384F",-27.02,NA,"Midflow"
"15965",2025-05-30,"G384F",-29.951,NA,"Midflow"
"15966",2025-05-31,"G384F",-33.065,NA,"Midflow"
"15967",2025-06-01,"G384F",-16.409,NA,"Midflow"
"15968",2025-06-02,"G384F",-19.052,NA,"Midflow"
"15969",2025-06-03,"G384F",-33.296,NA,"Midflow"
"15970",2025-06-04,"G384F",12.641,NA,"Midflow"
"15971",2025-06-05,"G384F",54.707,NA,"Midflow"
"15972",2025-06-07,"G384F",-21.306,NA,"Midflow"
"15973",2025-06-08,"G384F",-13.786,NA,"Midflow"
"15974",2025-06-09,"G384F",-14.862,NA,"Midflow"
"15975",2025-06-11,"G384F",-15.156,NA,"Midflow"
"15976",2025-06-12,"G384F",-7.406,NA,"Midflow"
"15977",2025-06-13,"G384F",30.241,NA,"Midflow"
"15978",2025-06-14,"G384F",-8.563,NA,"Midflow"
"15979",2025-06-15,"G384F",-20.099,NA,"Midflow"
"15980",2025-06-16,"G384F",-8.12,NA,"Midflow"
"15981",2025-06-17,"G384F",-21.807,NA,"Midflow"
"15982",2025-06-18,"G384F",-15.951,NA,"Midflow"
"15983",2025-06-19,"G384F",-34.452,NA,"Midflow"
"15984",2025-06-20,"G384F",-26.173,NA,"Midflow"
"15985",2025-06-21,"G384F",-33.39,NA,"Midflow"
"15986",2025-06-22,"G384F",-30.829,NA,"Midflow"
"15987",2025-06-23,"G384F",22.515,NA,"Midflow"
"15988",2025-06-24,"G384F",7.362,NA,"Midflow"
"15989",2025-06-25,"G384F",18.889,NA,"Midflow"
"15990",2025-06-26,"G384F",10.57,NA,"Midflow"
"15991",2025-06-27,"G384F",-22.658,NA,"Midflow"
"15992",2025-06-28,"G384F",-26.015,NA,"Midflow"
"15993",2025-06-29,"G384F",-8.195,NA,"Midflow"
"15994",2025-06-30,"G384F",-8.472,NA,"Midflow"
"15995",2025-07-01,"G384F",-8.692,NA,"Midflow"
"15996",2025-07-02,"G384F",-8.997,NA,"Midflow"
"15997",2025-07-03,"G384F",25.808,NA,"Midflow"
"15998",2025-07-04,"G384F",49.192,NA,"Midflow"
"15999",2025-07-05,"G384F",65.011,NA,"Midflow"
"16000",2025-07-06,"G384F",70.327,NA,"Midflow"
"16001",2025-07-07,"G384F",50.325,NA,"Midflow"
"16002",2025-07-08,"G384F",-8.705,NA,"Midflow"
"16003",2025-07-09,"G384F",-25.317,NA,"Midflow"
"16004",2025-07-10,"G384F",-7.167,NA,"Midflow"
"16005",2025-07-11,"G384F",-23.199,NA,"Midflow"
"16006",2025-07-12,"G384F",-25.75,NA,"Midflow"
"16007",2025-07-13,"G384F",-9.202,NA,"Midflow"
"16008",2025-07-14,"G384F",-22.228,NA,"Midflow"
"16009",2025-07-15,"G384F",37.754,NA,"Midflow"
"16010",2025-07-16,"G384F",119.44,NA,"Midflow"
"16011",2025-07-17,"G384F",146.637,NA,"Midflow"
"16012",2025-07-18,"G384F",108.744,NA,"Midflow"
"16013",2025-07-19,"G384F",91.603,NA,"Midflow"
"16014",2025-07-20,"G384F",17.924,NA,"Midflow"
"16015",2025-07-21,"G384F",-5.456,NA,"Midflow"
"16016",2025-07-22,"G384F",-12.891,NA,"Midflow"
"16017",2025-07-23,"G384F",-19.165,NA,"Midflow"
"16018",2025-07-24,"G384F",44.309,NA,"Midflow"
"16019",2025-07-25,"G384F",4.895,NA,"Midflow"
"16020",2025-07-26,"G384F",-24.362,NA,"Midflow"
"16021",2025-07-27,"G384F",7.737,NA,"Midflow"
"16022",2025-07-28,"G384F",-27.926,NA,"Midflow"
"16023",2025-07-29,"G384F",-8.7,NA,"Midflow"
"16024",2025-07-30,"G384F",-15.384,NA,"Midflow"
"16025",2025-07-31,"G384F",-6.49,NA,"Midflow"
"16026",2025-08-01,"G384F",-19.434,NA,"Midflow"
"16027",2025-08-02,"G384F",-31.712,NA,"Midflow"
"16028",2025-08-03,"G384F",-17.159,NA,"Midflow"
"16029",2025-08-04,"G384F",-5.21,NA,"Midflow"
"16030",2025-08-05,"G384F",2.828,NA,"Midflow"
"16031",2025-08-06,"G384F",-8.725,NA,"Midflow"
"16032",2025-08-07,"G384F",-27.188,NA,"Midflow"
"16033",2025-08-08,"G384F",-31.236,NA,"Midflow"
"16034",2025-08-09,"G384F",-22.505,NA,"Midflow"
"16035",2025-08-10,"G384F",-12.584,NA,"Midflow"
"16036",2025-08-11,"G384F",-12.553,NA,"Midflow"
"16037",2025-08-12,"G384F",-11.658,NA,"Midflow"
"16038",2025-08-13,"G384F",-22.029,NA,"Midflow"
"16039",2025-08-15,"G384F",-16.486,NA,"Midflow"
"16040",2025-08-16,"G384F",-29.146,NA,"Midflow"
"16041",2025-08-17,"G384F",-26.49,NA,"Midflow"
"16042",2025-08-18,"G384F",-31.729,NA,"Midflow"
"16043",2025-08-19,"G384F",-7.869,NA,"Midflow"
"16044",2025-08-20,"G384F",-5.936,NA,"Midflow"
"16045",2025-08-21,"G384F",-16.112,NA,"Midflow"
"16046",2025-08-22,"G384F",-15.969,NA,"Midflow"
"16047",2025-08-23,"G384F",4.84,NA,"Midflow"
"16048",2025-08-24,"G384F",-5.501,NA,"Midflow"
"16049",2025-08-25,"G384F",32.152,NA,"Midflow"
"16050",2025-08-26,"G384F",-18.865,NA,"Midflow"
"16051",2025-08-27,"G384F",-8.909,NA,"Midflow"
"16052",2025-08-28,"G384F",3.379,NA,"Midflow"
"16053",2025-08-29,"G384F",-3.147,NA,"Midflow"
"16054",2025-08-30,"G384F",-4.869,NA,"Midflow"
"16055",2025-08-31,"G384F",13.97,NA,"Midflow"
"16056",2025-09-01,"G384F",76.583,NA,"Midflow"
"16057",2025-09-02,"G384F",110.315,NA,"Midflow"
"16058",2025-09-03,"G384F",108.442,NA,"Midflow"
"16059",2025-09-04,"G384F",136.618,NA,"Midflow"
"16060",2025-09-05,"G384F",112.451,NA,"Midflow"
"16061",2025-09-06,"G384F",107.573,NA,"Midflow"
"16062",2025-09-07,"G384F",66.161,NA,"Midflow"
"16063",2025-09-08,"G384F",62.777,NA,"Midflow"
"16064",2025-09-09,"G384F",126.843,NA,"Midflow"
"16065",2025-09-11,"G384F",177.614,NA,"Midflow"
"16066",2025-09-12,"G384F",176.841,NA,"Midflow"
"16067",2025-09-13,"G384F",170.657,NA,"Midflow"
"16068",2025-09-14,"G384F",150.933,NA,"Midflow"
"16069",2025-09-15,"G384F",132.232,NA,"Midflow"
"16070",2025-09-16,"G384F",91.783,NA,"Midflow"
"16071",2025-09-17,"G384F",84.116,NA,"Midflow"
"16072",2025-09-18,"G384F",82.52,NA,"Midflow"
"16073",2025-09-19,"G384F",62.849,NA,"Midflow"
"16074",2025-09-20,"G384F",37.804,NA,"Midflow"
"16075",2025-09-21,"G384F",42.657,NA,"Midflow"
"16076",2025-09-22,"G384F",0.434,NA,"Midflow"
"16077",2025-09-23,"G384F",-55.133,NA,"Midflow"
"16078",2025-09-24,"G384F",-18.207,NA,"Midflow"
"16079",2025-09-25,"G384F",77.268,NA,"Midflow"
"16080",2025-09-26,"G384F",114.09,NA,"Midflow"
"16081",2025-09-27,"G384F",120.981,NA,"Midflow"
"16082",2025-09-28,"G384F",117.29,NA,"Midflow"
"16083",2025-09-30,"G384F",7.866,NA,"Midflow"
"16084",2025-10-01,"G384F",-52.375,NA,"Midflow"
"16085",2025-10-02,"G384F",-27.315,NA,"Midflow"
"16086",2025-10-03,"G384F",10.272,NA,"Midflow"
"16087",2025-10-04,"G384F",61.373,NA,"Midflow"
"16088",2025-10-05,"G384F",37.439,NA,"Midflow"
"16089",2025-10-06,"G384F",4.52,NA,"Midflow"
"16090",2025-10-07,"G384F",19.582,NA,"Midflow"
"16091",2025-10-08,"G384F",-7.42,NA,"Midflow"
"16092",2025-10-09,"G384F",19.521,NA,"Midflow"
"16093",2025-10-10,"G384F",-7.456,NA,"Midflow"
"16094",2025-10-11,"G384F",76.741,NA,"Midflow"
"16095",2025-10-12,"G384F",218.997,NA,"Midflow"
"16096",2025-10-13,"G384F",223.165,NA,"Midflow"
"16097",2025-10-14,"G384F",162.803,NA,"Midflow"
"16098",2025-10-15,"G384F",118.242,NA,"Midflow"
"16099",2025-10-16,"G384F",59.057,NA,"Midflow"
"16100",2025-10-17,"G384F",44.907,NA,"Midflow"
"16101",2025-10-18,"G384F",23.942,NA,"Midflow"
"16102",2025-10-19,"G384F",-11.197,NA,"Midflow"
"16103",2025-10-20,"G384F",-22.838,NA,"Midflow"
"16104",2025-10-21,"G384F",30.231,NA,"Midflow"
"16105",2025-10-22,"G384F",6.509,NA,"Midflow"
"16106",2025-10-23,"G384F",-18.51,NA,"Midflow"
"16107",2025-10-24,"G384F",-28.911,NA,"Midflow"
"16108",2025-10-25,"G384F",-13.189,NA,"Midflow"
"16109",2025-10-26,"G384F",-7.997,NA,"Midflow"
"16110",2025-10-27,"G384F",-21.757,NA,"Midflow"
"16111",2025-10-28,"G384F",-20.198,NA,"Midflow"
"16112",2025-10-29,"G384F",-22.711,NA,"Midflow"
"16113",2025-10-30,"G384F",0.99,NA,"Midflow"
"16114",2025-10-31,"G384F",15.03,NA,"Midflow"
"16115",2025-11-01,"G384F",5.808,NA,"Midflow"
"16116",2025-11-02,"G384F",10.377,NA,"Midflow"
"16117",2025-11-03,"G384F",-0.831,NA,"Midflow"
"16118",2025-11-04,"G384F",5.907,NA,"Midflow"
"16119",2025-11-05,"G384F",-5.25,NA,"Midflow"
"16120",2025-11-07,"G384F",-2.583,NA,"Midflow"
"16121",2025-11-08,"G384F",-20.127,NA,"Midflow"
"16122",2025-11-09,"G384F",-28.974,NA,"Midflow"
"16123",2025-11-10,"G384F",-11.287,NA,"Midflow"
"16124",2025-11-11,"G384F",7.3,NA,"Midflow"
"16125",2025-11-13,"G384F",-4.878,NA,"Midflow"
"16126",2025-11-14,"G384F",20.175,NA,"Midflow"
"16127",2025-11-15,"G384F",36.169,NA,"Midflow"
"16128",2025-11-16,"G384F",16.133,NA,"Midflow"
"16129",2025-11-17,"G384F",21.221,NA,"Midflow"
"16130",2025-11-18,"G384F",39.782,NA,"Midflow"
"16131",2025-11-19,"G384F",21.337,NA,"Midflow"
"16132",2025-11-20,"G384F",-3.93,NA,"Midflow"
"16133",2025-11-21,"G384F",-8.004,NA,"Midflow"
"16134",2025-11-22,"G384F",-7.988,NA,"Midflow"
"16135",2025-11-23,"G384F",-4.929,NA,"Midflow"
"16136",2025-11-24,"G384F",-17.846,NA,"Midflow"
"16137",2025-11-25,"G384F",-10.221,NA,"Midflow"
"16138",2025-11-26,"G384F",-2.246,NA,"Midflow"
"16139",2025-11-27,"G384F",24.693,NA,"Midflow"
"16140",2025-11-28,"G384F",24.402,NA,"Midflow"
"16141",2025-11-30,"G384F",6.106,NA,"Midflow"
"16142",2025-12-01,"G384F",12.912,NA,"Midflow"
"16143",2025-12-02,"G384F",8.465,NA,"Midflow"
"16144",2025-12-03,"G384F",-10.846,NA,"Midflow"
"16145",2025-12-04,"G384F",-12.045,NA,"Midflow"
"16146",2025-12-05,"G384F",-8.861,NA,"Midflow"
"16147",2025-12-06,"G384F",-29.607,NA,"Midflow"
"16148",2025-12-07,"G384F",-24.874,NA,"Midflow"
"16149",2025-12-08,"G384F",-27.726,NA,"Midflow"
"16150",2025-12-09,"G384F",-23.166,NA,"Midflow"
"16151",2025-12-10,"G384F",-27.531,NA,"Midflow"
"16152",2025-12-11,"G384F",-5.301,NA,"Midflow"
"16153",2025-12-12,"G384F",6.851,NA,"Midflow"
"16154",2025-12-13,"G384F",0.238,NA,"Midflow"
"16155",2025-12-14,"G384F",-17.214,NA,"Midflow"
"16156",2025-12-15,"G384F",-0.7,NA,"Midflow"
"16157",2025-12-16,"G384F",-7.34,NA,"Midflow"
"16158",2025-12-17,"G384F",-3.841,NA,"Midflow"
"16159",2025-12-18,"G384F",-3.846,NA,"Midflow"
"16160",2025-12-20,"G384F",9.226,NA,"Midflow"
"16161",2025-12-21,"G384F",2.564,NA,"Midflow"
"16162",2025-12-22,"G384F",4.909,NA,"Midflow"
"16163",2025-12-24,"G384F",4.435,NA,"Midflow"
"16164",2025-12-25,"G384F",3.36,NA,"Midflow"
"16165",2025-12-26,"G384F",13.204,NA,"Midflow"
"16166",2025-12-27,"G384F",11.927,NA,"Midflow"
"16167",2025-12-28,"G384F",-4.678,NA,"Midflow"
"16168",2025-12-29,"G384F",-16.834,NA,"Midflow"
"16169",2025-12-30,"G384F",-6.7,NA,"Midflow"
"16170",2025-12-31,"G384F",9.869,NA,"Midflow"
"16171",2025-12-23,"G384F",19.809,NA,"Midflow"
"16172",2025-01-01,"G384F",17.864,NA,"Midflow"
"16173",2025-01-04,"G384F",25.461,NA,"Midflow"
"16174",2025-01-12,"G384F",20.649,NA,"Midflow"
"16175",2025-01-15,"G384F",16.761,NA,"Midflow"
"16176",2025-03-16,"G384F",26.734,NA,"Midflow"
"16177",2025-03-26,"G384F",2.934,NA,"Midflow"
"16178",2025-03-27,"G384F",20.642,NA,"Midflow"
"16179",2025-04-04,"G384F",-23.021,NA,"Midflow"
"16180",2025-04-24,"G384F",-13.249,NA,"Midflow"
"16181",2025-05-12,"G384F",-38.26,NA,"Midflow"
"16182",2025-05-14,"G384F",-38.339,NA,"Midflow"
"16183",2025-05-22,"G384F",-32.039,NA,"Midflow"
"16184",2025-06-06,"G384F",5.438,NA,"Midflow"
"16185",2025-06-10,"G384F",-1.62,NA,"Midflow"
"16186",2025-08-14,"G384F",-15.988,NA,"Midflow"
"16187",2025-09-10,"G384F",167.69,NA,"Midflow"
"16188",2025-09-29,"G384F",80.459,NA,"Midflow"
"16189",2025-11-06,"G384F",5.706,NA,"Midflow"
"16190",2025-11-12,"G384F",-0.422,NA,"Midflow"
"16191",2025-11-29,"G384F",23.557,NA,"Midflow"
"16192",2025-12-19,"G384F",-1.17,NA,"Midflow"
