SAMPLE_ID,STATION,MATRIX,COLLECT_METHOD,SAMPLE_TYPE,COLLECT_DATE,DEPTH,FIRST_TRIGGER_DATE,TEST_NAME,VALUE,UNITS,SAMP_COMMENT_NR,Treatment,Block,Burn Day,Date_Treatment
P166181-14,OCS,NA,NA,OCS,2026-09-10T15:29:49Z,NA,NA,No Bottle,0,UNITS,"NOB, no sonde collected.",NA,NA,518,518   NA
P166181-12,Untreated_C,SW,GP,SAMP,2026-09-10T11:28:02Z,0.30,NA,SRP,0.006,mg/L,NA,Untreated,C,518,518   Untreated
P166181-11,Burn_C,SW,GP,SAMP,2026-09-10T11:20:00Z,0.23,NA,SRP,0.003,mg/L,NA,Burn,C,518,518   Burn
P166181-10,Burn/Herbicide_C,SW,GP,SAMP,2026-09-10T11:12:17Z,0.26,NA,SRP,0.006,mg/L,NA,Burn/Herbicide,C,518,518   Burn/Herbicide
P166181-9,Herbicide_C,SW,GP,SAMP,2026-09-10T11:03:00Z,0.17,NA,SRP,0.004,mg/L,NA,Herbicide,C,518,518   Herbicide
P166181-8,Herbicide_B,SW,GP,SAMP,2026-09-10T10:55:36Z,0.22,NA,SRP,0.007,mg/L,NA,Herbicide,B,518,518   Herbicide
P166181-7,Burn/Herbicide_B,SW,GP,SAMP,2026-09-10T10:45:55Z,0.20,NA,SRP,0.008,mg/L,NA,Burn/Herbicide,B,518,518   Burn/Herbicide
P166181-6,Burn_B,SW,GP,SAMP,2026-09-10T10:40:13Z,0.24,NA,SRP,0.005,mg/L,NA,Burn,B,518,518   Burn
P166181-5,Untreated_B,SW,GP,SAMP,2026-09-10T10:30:36Z,0.17,NA,SRP,0.009,mg/L,NA,Untreated,B,518,518   Untreated
P166181-4,Burn_A,SW,GP,SAMP,2026-09-10T10:25:32Z,0.18,NA,SRP,0.007,mg/L,NA,Burn,A,518,518   Burn
P166181-3,Burn/Herbicide_A,SW,GP,SAMP,2026-09-10T10:18:30Z,0.23,NA,SRP,0.006,mg/L,NA,Burn/Herbicide,A,518,518   Burn/Herbicide
P166181-13,Herbicide_A,DI,GP,FCEB,2026-09-10T10:15:56Z,NA,NA,SRP,0.002,mg/L,FCEB ran thru all sampling equipment.,Herbicide,A,518,518   Herbicide
P166181-2,Herbicide_A,SW,GP,SAMP,2026-09-10T10:05:27Z,0.22,NA,SRP,0.007,mg/L,NA,Herbicide,A,518,518   Herbicide
P166181-1,Untreated_A,SW,GP,SAMP,2026-09-10T09:54:24Z,0.22,NA,SRP,0.008,mg/L,NA,Untreated,A,518,518   Untreated
P166180-14,OCS,NA,NA,OCS,2026-08-25T13:47:39Z,NA,NA,No Bottle,0,UNITS,NA,NA,NA,502,502   NA
P166180-12,Untreated_C,SW,GP,SAMP,2026-08-25T12:00:00Z,NA,NA,No Bottle,0,UNITS,NOB due to unsafe weather.,Untreated,C,502,502   Untreated
P166180-11,Burn_C,SW,GP,SAMP,2026-08-25T11:50:28Z,0.08,NA,SRP,0.002,mg/L,NA,Burn,C,502,502   Burn
P166180-11,Burn_C,SW,GP,SAMP,2026-08-25T11:50:28Z,0.08,NA,TDPO4,0.008,mg/L,NA,Burn,C,502,502   Burn
P166180-11,Burn_C,SW,GP,SAMP,2026-08-25T11:50:28Z,0.08,NA,TPO4,0.017,mg/L,NA,Burn,C,502,502   Burn
P166180-10,Burn/Herbicide_C,SW,GP,SAMP,2026-08-25T11:40:22Z,0.12,NA,SRP,0.002,mg/L,NA,Burn/Herbicide,C,502,502   Burn/Herbicide
P166180-10,Burn/Herbicide_C,SW,GP,SAMP,2026-08-25T11:40:22Z,0.12,NA,TDPO4,0.007,mg/L,NA,Burn/Herbicide,C,502,502   Burn/Herbicide
P166180-10,Burn/Herbicide_C,SW,GP,SAMP,2026-08-25T11:40:22Z,0.12,NA,TPO4,0.015,mg/L,NA,Burn/Herbicide,C,502,502   Burn/Herbicide
P166180-9,Herbicide_C,SW,GP,SAMP,2026-08-25T11:35:00Z,NA,NA,No Bottle,0,UNITS,NOB due to no water column present.,Herbicide,C,502,502   Herbicide
P166180-8,Herbicide_B,SW,GP,SAMP,2026-08-25T11:25:19Z,0.03,NA,SRP,0.002,mg/L,NA,Herbicide,B,502,502   Herbicide
P166180-8,Herbicide_B,SW,GP,SAMP,2026-08-25T11:25:19Z,0.03,NA,TDPO4,0.008,mg/L,NA,Herbicide,B,502,502   Herbicide
P166180-8,Herbicide_B,SW,GP,SAMP,2026-08-25T11:25:19Z,0.03,NA,TPO4,0.022,mg/L,NA,Herbicide,B,502,502   Herbicide
P166180-7,Burn/Herbicide_B,SW,GP,SAMP,2026-08-25T11:15:32Z,0.06,NA,SRP,0.002,mg/L,NA,Burn/Herbicide,B,502,502   Burn/Herbicide
P166180-7,Burn/Herbicide_B,SW,GP,SAMP,2026-08-25T11:15:32Z,0.06,NA,TDPO4,0.009,mg/L,NA,Burn/Herbicide,B,502,502   Burn/Herbicide
P166180-7,Burn/Herbicide_B,SW,GP,SAMP,2026-08-25T11:15:32Z,0.06,NA,TPO4,0.02,mg/L,NA,Burn/Herbicide,B,502,502   Burn/Herbicide
P166180-6,Burn_B,SW,GP,SAMP,2026-08-25T11:00:48Z,0.08,NA,SRP,0.002,mg/L,NA,Burn,B,502,502   Burn
P166180-6,Burn_B,SW,GP,SAMP,2026-08-25T11:00:48Z,0.08,NA,TDPO4,0.009,mg/L,NA,Burn,B,502,502   Burn
P166180-6,Burn_B,SW,GP,SAMP,2026-08-25T11:00:48Z,0.08,NA,TPO4,0.017,mg/L,NA,Burn,B,502,502   Burn
P166180-5,Untreated_B,SW,GP,SAMP,2026-08-25T10:50:00Z,NA,NA,No Bottle,0,UNITS,NOB due to no water column present.,Untreated,B,502,502   Untreated
P166180-4,Burn_A,SW,GP,SAMP,2026-08-25T10:40:26Z,0.05,NA,SRP,0.002,mg/L,NA,Burn,A,502,502   Burn
P166180-4,Burn_A,SW,GP,SAMP,2026-08-25T10:40:26Z,0.05,NA,TDPO4,0.009,mg/L,NA,Burn,A,502,502   Burn
P166180-4,Burn_A,SW,GP,SAMP,2026-08-25T10:40:26Z,0.05,NA,TPO4,0.017,mg/L,NA,Burn,A,502,502   Burn
P166180-13,Burn/Herbicide_A,DI,GP,FCEB,2026-08-25T10:30:11Z,NA,NA,SRP,0.002,mg/L,FCEB collected thru all sampling equipment,Burn/Herbicide,A,502,502   Burn/Herbicide
P166180-13,Burn/Herbicide_A,DI,GP,FCEB,2026-08-25T10:30:11Z,NA,NA,TDPO4,0.002,mg/L,FCEB collected thru all sampling equipment,Burn/Herbicide,A,502,502   Burn/Herbicide
P166180-13,Burn/Herbicide_A,DI,GP,FCEB,2026-08-25T10:30:11Z,NA,NA,TPO4,0.002,mg/L,FCEB collected thru all sampling equipment,Burn/Herbicide,A,502,502   Burn/Herbicide
P166180-3,Burn/Herbicide_A,SW,GP,SAMP,2026-08-25T10:20:45Z,0.10,NA,SRP,0.002,mg/L,NA,Burn/Herbicide,A,502,502   Burn/Herbicide
P166180-3,Burn/Herbicide_A,SW,GP,SAMP,2026-08-25T10:20:45Z,0.10,NA,TDPO4,0.009,mg/L,NA,Burn/Herbicide,A,502,502   Burn/Herbicide
P166180-3,Burn/Herbicide_A,SW,GP,SAMP,2026-08-25T10:20:45Z,0.10,NA,TPO4,0.021,mg/L,NA,Burn/Herbicide,A,502,502   Burn/Herbicide
P166180-2,Herbicide_A,SW,GP,SAMP,2026-08-25T10:10:04Z,0.08,NA,SRP,0.002,mg/L,NA,Herbicide,A,502,502   Herbicide
P166180-2,Herbicide_A,SW,GP,SAMP,2026-08-25T10:10:04Z,0.08,NA,TDPO4,0.008,mg/L,NA,Herbicide,A,502,502   Herbicide
P166180-2,Herbicide_A,SW,GP,SAMP,2026-08-25T10:10:04Z,0.08,NA,TPO4,0.022,mg/L,NA,Herbicide,A,502,502   Herbicide
P166180-1,Untreated_A,SW,GP,SAMP,2026-08-25T09:55:43Z,0.06,NA,SRP,0.01,mg/L,NA,Untreated,A,502,502   Untreated
P166180-1,Untreated_A,SW,GP,SAMP,2026-08-25T09:55:43Z,0.06,NA,TDPO4,0.02,mg/L,NA,Untreated,A,502,502   Untreated
P166180-1,Untreated_A,SW,GP,SAMP,2026-08-25T09:55:43Z,0.06,NA,TPO4,0.029,mg/L,NA,Untreated,A,502,502   Untreated
P166179-14,OCS,NA,NA,OCS,2026-08-11T13:57:54Z,NA,NA,No Bottle,0,UNITS,"NOB, no sonde recorded.",NA,NA,488,488   NA
P166179-12,Untreated_C,SW,GP,SAMP,2026-08-11T12:40:27Z,0.08,NA,SRP,0.002,mg/L,NA,Untreated,C,488,488   Untreated
P166179-12,Untreated_C,SW,GP,SAMP,2026-08-11T12:40:27Z,0.08,NA,TDPO4,0.01,mg/L,NA,Untreated,C,488,488   Untreated
P166179-12,Untreated_C,SW,GP,SAMP,2026-08-11T12:40:27Z,0.08,NA,TPO4,0.015,mg/L,NA,Untreated,C,488,488   Untreated
P166179-11,Burn_C,SW,GP,SAMP,2026-08-11T12:25:02Z,0.07,NA,SRP,0.003,mg/L,NA,Burn,C,488,488   Burn
P166179-11,Burn_C,SW,GP,SAMP,2026-08-11T12:25:02Z,0.07,NA,TDPO4,0.01,mg/L,NA,Burn,C,488,488   Burn
P166179-11,Burn_C,SW,GP,SAMP,2026-08-11T12:25:02Z,0.07,NA,TPO4,0.017,mg/L,NA,Burn,C,488,488   Burn
P166179-10,Burn/Herbicide_C,SW,GP,SAMP,2026-08-11T12:10:30Z,0.14,NA,SRP,0.002,mg/L,NA,Burn/Herbicide,C,488,488   Burn/Herbicide
P166179-10,Burn/Herbicide_C,SW,GP,SAMP,2026-08-11T12:10:30Z,0.14,NA,TDPO4,0.008,mg/L,NA,Burn/Herbicide,C,488,488   Burn/Herbicide
P166179-10,Burn/Herbicide_C,SW,GP,SAMP,2026-08-11T12:10:30Z,0.14,NA,TPO4,0.014,mg/L,NA,Burn/Herbicide,C,488,488   Burn/Herbicide
P166179-9,Herbicide_C,SW,GP,SAMP,2026-08-11T11:55:36Z,0.05,NA,SRP,0.002,mg/L,NA,Herbicide,C,488,488   Herbicide
P166179-9,Herbicide_C,SW,GP,SAMP,2026-08-11T11:55:36Z,0.05,NA,TDPO4,0.008,mg/L,NA,Herbicide,C,488,488   Herbicide
P166179-9,Herbicide_C,SW,GP,SAMP,2026-08-11T11:55:36Z,0.05,NA,TPO4,0.019,mg/L,NA,Herbicide,C,488,488   Herbicide
P166179-8,Herbicide_B,SW,GP,SAMP,2026-08-11T11:30:04Z,0.05,NA,SRP,0.002,mg/L,NA,Herbicide,B,488,488   Herbicide
P166179-8,Herbicide_B,SW,GP,SAMP,2026-08-11T11:30:04Z,0.05,NA,TDPO4,0.008,mg/L,NA,Herbicide,B,488,488   Herbicide
P166179-8,Herbicide_B,SW,GP,SAMP,2026-08-11T11:30:04Z,0.05,NA,TPO4,0.018,mg/L,NA,Herbicide,B,488,488   Herbicide
P166179-7,Burn/Herbicide_B,SW,GP,SAMP,2026-08-11T11:15:05Z,0.10,NA,SRP,0.003,mg/L,NA,Burn/Herbicide,B,488,488   Burn/Herbicide
P166179-7,Burn/Herbicide_B,SW,GP,SAMP,2026-08-11T11:15:05Z,0.10,NA,TDPO4,0.01,mg/L,NA,Burn/Herbicide,B,488,488   Burn/Herbicide
P166179-7,Burn/Herbicide_B,SW,GP,SAMP,2026-08-11T11:15:05Z,0.10,NA,TPO4,0.017,mg/L,NA,Burn/Herbicide,B,488,488   Burn/Herbicide
P166179-6,Burn_B,SW,GP,SAMP,2026-08-11T11:05:26Z,0.16,NA,SRP,0.002,mg/L,NA,Burn,B,488,488   Burn
P166179-6,Burn_B,SW,GP,SAMP,2026-08-11T11:05:26Z,0.16,NA,TDPO4,0.009,mg/L,NA,Burn,B,488,488   Burn
P166179-6,Burn_B,SW,GP,SAMP,2026-08-11T11:05:26Z,0.16,NA,TPO4,0.015,mg/L,NA,Burn,B,488,488   Burn
P166179-5,Untreated_B,SW,GP,SAMP,2026-08-11T10:55:00Z,NA,NA,No Bottle,0,UNITS,"NOB, no water column, too shallow to collect sample.",Untreated,B,488,488   Untreated
P166179-4,Burn_A,SW,GP,SAMP,2026-08-11T10:30:09Z,0.12,NA,SRP,0.002,mg/L,NA,Burn,A,488,488   Burn
P166179-4,Burn_A,SW,GP,SAMP,2026-08-11T10:30:09Z,0.12,NA,TDPO4,0.009,mg/L,NA,Burn,A,488,488   Burn
P166179-4,Burn_A,SW,GP,SAMP,2026-08-11T10:30:09Z,0.12,NA,TPO4,0.016,mg/L,NA,Burn,A,488,488   Burn
P166179-3,Burn/Herbicide_A,SW,GP,SAMP,2026-08-11T10:15:36Z,0.10,NA,SRP,0.005,mg/L,NA,Burn/Herbicide,A,488,488   Burn/Herbicide
P166179-3,Burn/Herbicide_A,SW,GP,SAMP,2026-08-11T10:15:36Z,0.10,NA,TDPO4,0.013,mg/L,NA,Burn/Herbicide,A,488,488   Burn/Herbicide
P166179-3,Burn/Herbicide_A,SW,GP,SAMP,2026-08-11T10:15:36Z,0.10,NA,TPO4,0.02,mg/L,NA,Burn/Herbicide,A,488,488   Burn/Herbicide
P166179-2,Herbicide_A,SW,GP,SAMP,2026-08-11T10:00:11Z,0.11,NA,SRP,0.003,mg/L,NA,Herbicide,A,488,488   Herbicide
P166179-2,Herbicide_A,SW,GP,SAMP,2026-08-11T10:00:11Z,0.11,NA,TDPO4,0.009,mg/L,NA,Herbicide,A,488,488   Herbicide
P166179-2,Herbicide_A,SW,GP,SAMP,2026-08-11T10:00:11Z,0.11,NA,TPO4,0.019,mg/L,NA,Herbicide,A,488,488   Herbicide
P166179-13,Untreated_A,DI,GP,FCEB,2026-08-11T09:50:03Z,NA,NA,SRP,0.002,mg/L,FCEB collected through all sampling equipment,Untreated,A,488,488   Untreated
P166179-13,Untreated_A,DI,GP,FCEB,2026-08-11T09:50:03Z,NA,NA,TDPO4,0.002,mg/L,FCEB collected through all sampling equipment,Untreated,A,488,488   Untreated
P166179-13,Untreated_A,DI,GP,FCEB,2026-08-11T09:50:03Z,NA,NA,TPO4,0.002,mg/L,FCEB collected through all sampling equipment,Untreated,A,488,488   Untreated
P166179-1,Untreated_A,SW,GP,SAMP,2026-08-11T09:40:13Z,0.06,NA,SRP,0.006,mg/L,NA,Untreated,A,488,488   Untreated
P166179-1,Untreated_A,SW,GP,SAMP,2026-08-11T09:40:13Z,0.06,NA,TDPO4,0.016,mg/L,NA,Untreated,A,488,488   Untreated
P166179-1,Untreated_A,SW,GP,SAMP,2026-08-11T09:40:13Z,0.06,NA,TPO4,0.023,mg/L,NA,Untreated,A,488,488   Untreated
P166178-14,OCS,NA,NA,OCS,2026-07-28T16:58:00Z,NA,NA,No Bottle,0,UNITS,NA,NA,NA,474,474   NA
P166178-12,Untreated_C,SW,GP,SAMP,2026-07-28T13:45:15Z,0.04,NA,SRP,0.002,mg/L,Ash present at site,Untreated,C,474,474   Untreated
P166178-12,Untreated_C,SW,GP,SAMP,2026-07-28T13:45:15Z,0.04,NA,TDPO4,0.01,mg/L,Ash present at site,Untreated,C,474,474   Untreated
P166178-12,Untreated_C,SW,GP,SAMP,2026-07-28T13:45:15Z,0.04,NA,TPO4,0.022,mg/L,Ash present at site,Untreated,C,474,474   Untreated
P166178-11,Burn_C,SW,GP,SAMP,2026-07-28T13:30:38Z,0.05,NA,SRP,0.002,mg/L,Ash present at site,Burn,C,474,474   Burn
P166178-11,Burn_C,SW,GP,SAMP,2026-07-28T13:30:38Z,0.05,NA,TDPO4,0.011,mg/L,Ash present at site,Burn,C,474,474   Burn
P166178-11,Burn_C,SW,GP,SAMP,2026-07-28T13:30:38Z,0.05,NA,TPO4,0.021,mg/L,Ash present at site,Burn,C,474,474   Burn
P166178-10,Burn/Herbicide_C,SW,GP,SAMP,2026-07-28T13:15:51Z,0.07,NA,SRP,0.002,mg/L,Ash present at site,Burn/Herbicide,C,474,474   Burn/Herbicide
P166178-10,Burn/Herbicide_C,SW,GP,SAMP,2026-07-28T13:15:51Z,0.07,NA,TDPO4,0.009,mg/L,Ash present at site,Burn/Herbicide,C,474,474   Burn/Herbicide
P166178-10,Burn/Herbicide_C,SW,GP,SAMP,2026-07-28T13:15:51Z,0.07,NA,TPO4,0.018,mg/L,Ash present at site,Burn/Herbicide,C,474,474   Burn/Herbicide
P166178-9,Herbicide_C,SW,GP,SAMP,2026-07-28T12:55:19Z,0.04,NA,SRP,0.002,mg/L,Ash present at site,Herbicide,C,474,474   Herbicide
P166178-9,Herbicide_C,SW,GP,SAMP,2026-07-28T12:55:19Z,0.04,NA,TDPO4,0.011,mg/L,Ash present at site,Herbicide,C,474,474   Herbicide
P166178-9,Herbicide_C,SW,GP,SAMP,2026-07-28T12:55:19Z,0.04,NA,TPO4,0.023,mg/L,Ash present at site,Herbicide,C,474,474   Herbicide
P166178-8,Herbicide_B,SW,GP,SAMP,2026-07-28T12:40:33Z,0.06,NA,SRP,0.002,mg/L,Ash present at site,Herbicide,B,474,474   Herbicide
P166178-8,Herbicide_B,SW,GP,SAMP,2026-07-28T12:40:33Z,0.06,NA,TDPO4,0.009,mg/L,Ash present at site,Herbicide,B,474,474   Herbicide
P166178-8,Herbicide_B,SW,GP,SAMP,2026-07-28T12:40:33Z,0.06,NA,TPO4,0.027,mg/L,Ash present at site,Herbicide,B,474,474   Herbicide
P166178-7,Burn/Herbicide_B,SW,GP,SAMP,2026-07-28T12:20:31Z,0.08,NA,SRP,0.002,mg/L,Ash from nearby fire present at site.,Burn/Herbicide,B,474,474   Burn/Herbicide
P166178-7,Burn/Herbicide_B,SW,GP,SAMP,2026-07-28T12:20:31Z,0.08,NA,TDPO4,0.009,mg/L,Ash from nearby fire present at site.,Burn/Herbicide,B,474,474   Burn/Herbicide
P166178-7,Burn/Herbicide_B,SW,GP,SAMP,2026-07-28T12:20:31Z,0.08,NA,TPO4,0.024,mg/L,Ash from nearby fire present at site.,Burn/Herbicide,B,474,474   Burn/Herbicide
P166178-6,Burn_B,SW,GP,SAMP,2026-07-28T12:05:37Z,0.12,NA,SRP,0.002,mg/L,NA,Burn,B,474,474   Burn
P166178-6,Burn_B,SW,GP,SAMP,2026-07-28T12:05:37Z,0.12,NA,TDPO4,0.01,mg/L,NA,Burn,B,474,474   Burn
P166178-6,Burn_B,SW,GP,SAMP,2026-07-28T12:05:37Z,0.12,NA,TPO4,0.02,mg/L,NA,Burn,B,474,474   Burn
P166178-5,Untreated_B,SW,GP,SAMP,2026-07-28T11:50:49Z,0.03,NA,SRP,0.002,mg/L,NA,Untreated,B,474,474   Untreated
P166178-5,Untreated_B,SW,GP,SAMP,2026-07-28T11:50:49Z,0.03,NA,TDPO4,0.011,mg/L,NA,Untreated,B,474,474   Untreated
P166178-5,Untreated_B,SW,GP,SAMP,2026-07-28T11:50:49Z,0.03,NA,TPO4,0.023,mg/L,NA,Untreated,B,474,474   Untreated
P166178-4,Burn_A,SW,GP,SAMP,2026-07-28T11:35:06Z,0.1,NA,SRP,0.002,mg/L,NA,Burn,A,474,474   Burn
P166178-4,Burn_A,SW,GP,SAMP,2026-07-28T11:35:06Z,0.1,NA,TDPO4,0.01,mg/L,NA,Burn,A,474,474   Burn
P166178-4,Burn_A,SW,GP,SAMP,2026-07-28T11:35:06Z,0.1,NA,TPO4,0.023,mg/L,NA,Burn,A,474,474   Burn
P166178-3,Burn/Herbicide_A,SW,GP,SAMP,2026-07-28T11:20:30Z,0.1,NA,SRP,0.002,mg/L,NA,Burn/Herbicide,A,474,474   Burn/Herbicide
P166178-3,Burn/Herbicide_A,SW,GP,SAMP,2026-07-28T11:20:30Z,0.1,NA,TDPO4,0.009,mg/L,NA,Burn/Herbicide,A,474,474   Burn/Herbicide
P166178-3,Burn/Herbicide_A,SW,GP,SAMP,2026-07-28T11:20:30Z,0.1,NA,TPO4,0.021,mg/L,NA,Burn/Herbicide,A,474,474   Burn/Herbicide
P166178-2,Herbicide_A,SW,GP,SAMP,2026-07-28T11:05:02Z,0.06,NA,SRP,0.002,mg/L,NA,Herbicide,A,474,474   Herbicide
P166178-2,Herbicide_A,SW,GP,SAMP,2026-07-28T11:05:02Z,0.06,NA,TDPO4,0.008,mg/L,NA,Herbicide,A,474,474   Herbicide
P166178-2,Herbicide_A,SW,GP,SAMP,2026-07-28T11:05:02Z,0.06,NA,TPO4,0.022,mg/L,NA,Herbicide,A,474,474   Herbicide
P166178-13,Herbicide_A,DI,GP,FCEB,2026-07-28T10:52:11Z,NA,NA,SRP,0.002,mg/L,DI 8491 through peristaltic pump tubing to bucket to sample bottles.,Herbicide,A,474,474   Herbicide
P166178-13,Herbicide_A,DI,GP,FCEB,2026-07-28T10:52:11Z,NA,NA,TDPO4,0.002,mg/L,DI 8491 through peristaltic pump tubing to bucket to sample bottles.,Herbicide,A,474,474   Herbicide
P166178-13,Herbicide_A,DI,GP,FCEB,2026-07-28T10:52:11Z,NA,NA,TPO4,0.002,mg/L,DI 8491 through peristaltic pump tubing to bucket to sample bottles.,Herbicide,A,474,474   Herbicide
P166178-1,Untreated_A,SW,GP,SAMP,2026-07-28T10:20:40Z,0.11,NA,SRP,0.005,mg/L,NA,Untreated,A,474,474   Untreated
P166178-1,Untreated_A,SW,GP,SAMP,2026-07-28T10:20:40Z,0.11,NA,TDPO4,0.013,mg/L,NA,Untreated,A,474,474   Untreated
P166178-1,Untreated_A,SW,GP,SAMP,2026-07-28T10:20:40Z,0.11,NA,TPO4,0.022,mg/L,NA,Untreated,A,474,474   Untreated
P166177-14,OCS,NA,NA,OCS,2026-07-15T16:37:11Z,NA,NA,No Bottle,0,UNITS,"NOB, no sonde used.",NA,NA,461,461   NA
P166177-12,Untreated_C,SW,GP,SAMP,2026-07-15T13:45:00Z,0.07,NA,SRP,0.002,mg/L,NA,Untreated,C,461,461   Untreated
P166177-12,Untreated_C,SW,GP,SAMP,2026-07-15T13:45:00Z,0.07,NA,TDPO4,0.012,mg/L,NA,Untreated,C,461,461   Untreated
P166177-12,Untreated_C,SW,GP,SAMP,2026-07-15T13:45:00Z,0.07,NA,TPO4,0.028,mg/L,NA,Untreated,C,461,461   Untreated
P166177-11,Burn_C,SW,GP,SAMP,2026-07-15T13:30:00Z,0.07,NA,SRP,0.002,mg/L,NA,Burn,C,461,461   Burn
P166177-11,Burn_C,SW,GP,SAMP,2026-07-15T13:30:00Z,0.07,NA,TDPO4,0.009,mg/L,NA,Burn,C,461,461   Burn
P166177-11,Burn_C,SW,GP,SAMP,2026-07-15T13:30:00Z,0.07,NA,TPO4,0.02,mg/L,NA,Burn,C,461,461   Burn
P166177-10,Burn/Herbicide_C,SW,GP,SAMP,2026-07-15T13:10:00Z,0.15,NA,SRP,0.002,mg/L,NA,Burn/Herbicide,C,461,461   Burn/Herbicide
P166177-10,Burn/Herbicide_C,SW,GP,SAMP,2026-07-15T13:10:00Z,0.15,NA,TDPO4,0.008,mg/L,NA,Burn/Herbicide,C,461,461   Burn/Herbicide
P166177-10,Burn/Herbicide_C,SW,GP,SAMP,2026-07-15T13:10:00Z,0.15,NA,TPO4,0.019,mg/L,NA,Burn/Herbicide,C,461,461   Burn/Herbicide
P166177-9,Herbicide_C,SW,GP,SAMP,2026-07-15T12:50:00Z,0.09,NA,SRP,0.002,mg/L,NA,Herbicide,C,461,461   Herbicide
P166177-9,Herbicide_C,SW,GP,SAMP,2026-07-15T12:50:00Z,0.09,NA,TDPO4,0.011,mg/L,NA,Herbicide,C,461,461   Herbicide
P166177-9,Herbicide_C,SW,GP,SAMP,2026-07-15T12:50:00Z,0.09,NA,TPO4,0.026,mg/L,NA,Herbicide,C,461,461   Herbicide
P166177-8,Herbicide_B,SW,GP,SAMP,2026-07-15T12:30:00Z,0.08,NA,SRP,0.002,mg/L,NA,Herbicide,B,461,461   Herbicide
P166177-8,Herbicide_B,SW,GP,SAMP,2026-07-15T12:30:00Z,0.08,NA,TDPO4,0.011,mg/L,NA,Herbicide,B,461,461   Herbicide
P166177-8,Herbicide_B,SW,GP,SAMP,2026-07-15T12:30:00Z,0.08,NA,TPO4,0.03,mg/L,NA,Herbicide,B,461,461   Herbicide
P166177-7,Burn/Herbicide_B,SW,GP,SAMP,2026-07-15T12:15:00Z,0.12,NA,SRP,0.002,mg/L,NA,Burn/Herbicide,B,461,461   Burn/Herbicide
P166177-7,Burn/Herbicide_B,SW,GP,SAMP,2026-07-15T12:15:00Z,0.12,NA,TDPO4,0.011,mg/L,NA,Burn/Herbicide,B,461,461   Burn/Herbicide
P166177-7,Burn/Herbicide_B,SW,GP,SAMP,2026-07-15T12:15:00Z,0.12,NA,TPO4,0.03,mg/L,NA,Burn/Herbicide,B,461,461   Burn/Herbicide
P166177-6,Burn_B,SW,GP,SAMP,2026-07-15T12:00:00Z,0.14,NA,SRP,0.003,mg/L,NA,Burn,B,461,461   Burn
P166177-6,Burn_B,SW,GP,SAMP,2026-07-15T12:00:00Z,0.14,NA,TDPO4,0.01,mg/L,NA,Burn,B,461,461   Burn
P166177-6,Burn_B,SW,GP,SAMP,2026-07-15T12:00:00Z,0.14,NA,TPO4,0.021,mg/L,NA,Burn,B,461,461   Burn
P166177-5,Untreated_B,SW,GP,SAMP,2026-07-15T11:40:00Z,0.07,NA,SRP,0.002,mg/L,NA,Untreated,B,461,461   Untreated
P166177-5,Untreated_B,SW,GP,SAMP,2026-07-15T11:40:00Z,0.07,NA,TDPO4,0.011,mg/L,NA,Untreated,B,461,461   Untreated
P166177-5,Untreated_B,SW,GP,SAMP,2026-07-15T11:40:00Z,0.07,NA,TPO4,0.033,mg/L,NA,Untreated,B,461,461   Untreated
P166177-4,Burn_A,SW,GP,SAMP,2026-07-15T11:25:00Z,0.12,NA,SRP,0.002,mg/L,NA,Burn,A,461,461   Burn
P166177-4,Burn_A,SW,GP,SAMP,2026-07-15T11:25:00Z,0.12,NA,TDPO4,0.01,mg/L,NA,Burn,A,461,461   Burn
P166177-4,Burn_A,SW,GP,SAMP,2026-07-15T11:25:00Z,0.12,NA,TPO4,0.027,mg/L,NA,Burn,A,461,461   Burn
P166177-3,Burn/Herbicide_A,SW,GP,SAMP,2026-07-15T11:10:00Z,0.19,NA,SRP,0.002,mg/L,NA,Burn/Herbicide,A,461,461   Burn/Herbicide
P166177-3,Burn/Herbicide_A,SW,GP,SAMP,2026-07-15T11:10:00Z,0.19,NA,TDPO4,0.011,mg/L,NA,Burn/Herbicide,A,461,461   Burn/Herbicide
P166177-3,Burn/Herbicide_A,SW,GP,SAMP,2026-07-15T11:10:00Z,0.19,NA,TPO4,0.026,mg/L,NA,Burn/Herbicide,A,461,461   Burn/Herbicide
P166177-13,Herbicide_A,DI,GP,FCEB,2026-07-15T10:50:00Z,NA,NA,SRP,0.002,mg/L,FCEB ran through all sampling equipment,Herbicide,A,461,461   Herbicide
P166177-13,Herbicide_A,DI,GP,FCEB,2026-07-15T10:50:00Z,NA,NA,TDPO4,0.002,mg/L,FCEB ran through all sampling equipment,Herbicide,A,461,461   Herbicide
P166177-13,Herbicide_A,DI,GP,FCEB,2026-07-15T10:50:00Z,NA,NA,TPO4,0.002,mg/L,FCEB ran through all sampling equipment,Herbicide,A,461,461   Herbicide
P166177-2,Herbicide_A,SW,GP,SAMP,2026-07-15T10:40:00Z,0.12,NA,SRP,0.002,mg/L,NA,Herbicide,A,461,461   Herbicide
P166177-2,Herbicide_A,SW,GP,SAMP,2026-07-15T10:40:00Z,0.12,NA,TDPO4,0.009,mg/L,NA,Herbicide,A,461,461   Herbicide
P166177-2,Herbicide_A,SW,GP,SAMP,2026-07-15T10:40:00Z,0.12,NA,TPO4,0.027,mg/L,NA,Herbicide,A,461,461   Herbicide
P166177-1,Untreated_A,SW,GP,SAMP,2026-07-15T10:10:00Z,0.10,NA,SRP,0.005,mg/L,NA,Untreated,A,461,461   Untreated
P166177-1,Untreated_A,SW,GP,SAMP,2026-07-15T10:10:00Z,0.10,NA,TDPO4,0.016,mg/L,NA,Untreated,A,461,461   Untreated
P166177-1,Untreated_A,SW,GP,SAMP,2026-07-15T10:10:00Z,0.10,NA,TPO4,0.037,mg/L,NA,Untreated,A,461,461   Untreated
P167151-14,OCS,NA,NA,OCS,2026-06-30T15:09:52Z,NA,NA,No Bottle,0,UNITS,"NOB, no sonde collected.",NA,NA,446,446   NA
P167151-12,Untreated_C,SW,GP,SAMP,2026-06-30T12:25:35Z,0.11,NA,SRP,0.002,mg/L,NA,Untreated,C,446,446   Untreated
P167151-12,Untreated_C,SW,GP,SAMP,2026-06-30T12:25:35Z,0.11,NA,TDPO4,0.011,mg/L,NA,Untreated,C,446,446   Untreated
P167151-12,Untreated_C,SW,GP,SAMP,2026-06-30T12:25:35Z,0.11,NA,TPO4,0.026,mg/L,NA,Untreated,C,446,446   Untreated
P167151-11,Burn_C,SW,GP,SAMP,2026-06-30T12:10:15Z,0.07,NA,SRP,0.003,mg/L,NA,Burn,C,446,446   Burn
P167151-11,Burn_C,SW,GP,SAMP,2026-06-30T12:10:15Z,0.07,NA,TDPO4,0.011,mg/L,NA,Burn,C,446,446   Burn
P167151-11,Burn_C,SW,GP,SAMP,2026-06-30T12:10:15Z,0.07,NA,TPO4,0.03,mg/L,NA,Burn,C,446,446   Burn
P167151-10,Burn/Herbicide_C,SW,GP,SAMP,2026-06-30T11:55:22Z,0.12,NA,SRP,0.002,mg/L,NA,Burn/Herbicide,C,446,446   Burn/Herbicide
P167151-10,Burn/Herbicide_C,SW,GP,SAMP,2026-06-30T11:55:22Z,0.12,NA,TDPO4,0.009,mg/L,NA,Burn/Herbicide,C,446,446   Burn/Herbicide
P167151-10,Burn/Herbicide_C,SW,GP,SAMP,2026-06-30T11:55:22Z,0.12,NA,TPO4,0.024,mg/L,NA,Burn/Herbicide,C,446,446   Burn/Herbicide
P167151-9,Herbicide_C,SW,GP,SAMP,2026-06-30T11:45:00Z,NA,NA,No Bottle,0,UNITS,"NOB, could not collect a representative sample, water levels too low, no sample collected.",Herbicide,C,446,446   Herbicide
P167151-8,Herbicide_B,SW,GP,SAMP,2026-06-30T11:30:15Z,0.05,NA,SRP,0.002,mg/L,NA,Herbicide,B,446,446   Herbicide
P167151-8,Herbicide_B,SW,GP,SAMP,2026-06-30T11:30:15Z,0.05,NA,TDPO4,0.009,mg/L,NA,Herbicide,B,446,446   Herbicide
P167151-8,Herbicide_B,SW,GP,SAMP,2026-06-30T11:30:15Z,0.05,NA,TPO4,0.029,mg/L,NA,Herbicide,B,446,446   Herbicide
P167151-13,Burn/Herbicide_B,DI,GP,FCEB,2026-06-30T11:10:47Z,NA,NA,SRP,0.002,mg/L,FCEB collected thru all sampling equipment.,Burn/Herbicide,B,446,446   Burn/Herbicide
P167151-13,Burn/Herbicide_B,DI,GP,FCEB,2026-06-30T11:10:47Z,NA,NA,TDPO4,0.002,mg/L,FCEB collected thru all sampling equipment.,Burn/Herbicide,B,446,446   Burn/Herbicide
P167151-13,Burn/Herbicide_B,DI,GP,FCEB,2026-06-30T11:10:47Z,NA,NA,TPO4,0.002,mg/L,FCEB collected thru all sampling equipment.,Burn/Herbicide,B,446,446   Burn/Herbicide
P167151-7,Burn/Herbicide_B,SW,GP,SAMP,2026-06-30T11:10:33Z,0.08,NA,SRP,0.002,mg/L,NA,Burn/Herbicide,B,446,446   Burn/Herbicide
P167151-7,Burn/Herbicide_B,SW,GP,SAMP,2026-06-30T11:10:33Z,0.08,NA,TDPO4,0.011,mg/L,NA,Burn/Herbicide,B,446,446   Burn/Herbicide
P167151-7,Burn/Herbicide_B,SW,GP,SAMP,2026-06-30T11:10:33Z,0.08,NA,TPO4,0.029,mg/L,NA,Burn/Herbicide,B,446,446   Burn/Herbicide
P167151-6,Burn_B,SW,GP,SAMP,2026-06-30T10:55:39Z,0.09,NA,SRP,0.002,mg/L,NA,Burn,B,446,446   Burn
P167151-6,Burn_B,SW,GP,SAMP,2026-06-30T10:55:39Z,0.09,NA,TDPO4,0.009,mg/L,NA,Burn,B,446,446   Burn
P167151-6,Burn_B,SW,GP,SAMP,2026-06-30T10:55:39Z,0.09,NA,TPO4,0.021,mg/L,NA,Burn,B,446,446   Burn
P167151-5,Untreated_B,SW,GP,SAMP,2026-06-30T10:45:00Z,NA,NA,No Bottle,0,UNITS,"NOB, site was too dry to collect a representative sample, no sample collected.",Untreated,B,446,446   Untreated
P167151-4,Burn_A,SW,GP,SAMP,2026-06-30T10:35:02Z,0.06,NA,SRP,0.002,mg/L,NA,Burn,A,446,446   Burn
P167151-4,Burn_A,SW,GP,SAMP,2026-06-30T10:35:02Z,0.06,NA,TDPO4,0.011,mg/L,NA,Burn,A,446,446   Burn
P167151-4,Burn_A,SW,GP,SAMP,2026-06-30T10:35:02Z,0.06,NA,TPO4,0.025,mg/L,NA,Burn,A,446,446   Burn
P167151-3,Burn/Herbicide_A,SW,GP,SAMP,2026-06-30T10:20:13Z,0.15,NA,SRP,0.002,mg/L,NA,Burn/Herbicide,A,446,446   Burn/Herbicide
P167151-3,Burn/Herbicide_A,SW,GP,SAMP,2026-06-30T10:20:13Z,0.15,NA,TDPO4,0.012,mg/L,NA,Burn/Herbicide,A,446,446   Burn/Herbicide
P167151-3,Burn/Herbicide_A,SW,GP,SAMP,2026-06-30T10:20:13Z,0.15,NA,TPO4,0.04,mg/L,NA,Burn/Herbicide,A,446,446   Burn/Herbicide
P167151-2,Herbicide_A,SW,GP,SAMP,2026-06-30T10:00:35Z,0.07,NA,SRP,0.002,mg/L,NA,Herbicide,A,446,446   Herbicide
P167151-2,Herbicide_A,SW,GP,SAMP,2026-06-30T10:00:35Z,0.07,NA,TDPO4,0.01,mg/L,NA,Herbicide,A,446,446   Herbicide
P167151-2,Herbicide_A,SW,GP,SAMP,2026-06-30T10:00:35Z,0.07,NA,TPO4,0.033,mg/L,NA,Herbicide,A,446,446   Herbicide
P167151-1,Untreated_A,SW,GP,SAMP,2026-06-30T09:40:24Z,0.10,NA,SRP,0.002,mg/L,NA,Untreated,A,446,446   Untreated
P167151-1,Untreated_A,SW,GP,SAMP,2026-06-30T09:40:24Z,0.10,NA,TDPO4,0.013,mg/L,NA,Untreated,A,446,446   Untreated
P167151-1,Untreated_A,SW,GP,SAMP,2026-06-30T09:40:24Z,0.10,NA,TPO4,0.03,mg/L,NA,Untreated,A,446,446   Untreated
P162251-14,OCS,NA,NA,OCS,2026-06-16T13:55:00Z,NA,NA,No Bottle,0,UNITS,"NOB, no sonde used.",NA,NA,432,432   NA
P162251-12,Untreated_C,SW,GP,SAMP,2026-06-16T12:33:00Z,0.06,NA,TDPO4,0.017,mg/L,NA,Untreated,C,432,432   Untreated
P162251-12,Untreated_C,SW,GP,SAMP,2026-06-16T12:33:00Z,0.06,NA,TPO4,0.076,mg/L,NA,Untreated,C,432,432   Untreated
P162251-12,Untreated_C,SW,GP,SAMP,2026-06-16T12:33:00Z,0.06,NA,SRP,0.005,mg/L,NA,Untreated,C,432,432   Untreated
P162251-11,Burn_C,SW,GP,SAMP,2026-06-16T12:18:00Z,0.05,NA,TDPO4,0.02,mg/L,NA,Burn,C,432,432   Burn
P162251-11,Burn_C,SW,GP,SAMP,2026-06-16T12:18:00Z,0.05,NA,TPO4,0.078,mg/L,NA,Burn,C,432,432   Burn
P162251-11,Burn_C,SW,GP,SAMP,2026-06-16T12:18:00Z,0.05,NA,SRP,0.008,mg/L,NA,Burn,C,432,432   Burn
P162251-10,Burn/Herbicide_C,SW,GP,SAMP,2026-06-16T12:05:00Z,0.05,NA,TDPO4,0.009,mg/L,NA,Burn/Herbicide,C,432,432   Burn/Herbicide
P162251-10,Burn/Herbicide_C,SW,GP,SAMP,2026-06-16T12:05:00Z,0.05,NA,TPO4,0.019,mg/L,NA,Burn/Herbicide,C,432,432   Burn/Herbicide
P162251-10,Burn/Herbicide_C,SW,GP,SAMP,2026-06-16T12:05:00Z,0.05,NA,SRP,0.002,mg/L,NA,Burn/Herbicide,C,432,432   Burn/Herbicide
P162251-9,Herbicide_C,SW,GP,SAMP,2026-06-16T11:47:00Z,0.05,NA,TDPO4,0.009,mg/L,NA,Herbicide,C,432,432   Herbicide
P162251-9,Herbicide_C,SW,GP,SAMP,2026-06-16T11:47:00Z,0.05,NA,TPO4,0.02,mg/L,NA,Herbicide,C,432,432   Herbicide
P162251-9,Herbicide_C,SW,GP,SAMP,2026-06-16T11:47:00Z,0.05,NA,SRP,0.002,mg/L,NA,Herbicide,C,432,432   Herbicide
P162251-8,Herbicide_B,SW,GP,SAMP,2026-06-16T11:31:00Z,0.05,NA,TDPO4,0.012,mg/L,NA,Herbicide,B,432,432   Herbicide
P162251-8,Herbicide_B,SW,GP,SAMP,2026-06-16T11:31:00Z,0.05,NA,TPO4,0.034,mg/L,NA,Herbicide,B,432,432   Herbicide
P162251-8,Herbicide_B,SW,GP,SAMP,2026-06-16T11:31:00Z,0.05,NA,SRP,0.002,mg/L,NA,Herbicide,B,432,432   Herbicide
P162251-13,Burn/Herbicide_B,DI,GP,FCEB,2026-06-16T11:20:00Z,NA,NA,TDPO4,0.002,mg/L,FCEB ran through all sampling equipment.,Burn/Herbicide,B,432,432   Burn/Herbicide
P162251-13,Burn/Herbicide_B,DI,GP,FCEB,2026-06-16T11:20:00Z,NA,NA,TPO4,0.002,mg/L,FCEB ran through all sampling equipment.,Burn/Herbicide,B,432,432   Burn/Herbicide
P162251-13,Burn/Herbicide_B,DI,GP,FCEB,2026-06-16T11:20:00Z,NA,NA,SRP,0.002,mg/L,FCEB ran through all sampling equipment.,Burn/Herbicide,B,432,432   Burn/Herbicide
P162251-7,Burn/Herbicide_B,SW,GP,SAMP,2026-06-16T11:09:00Z,0.07,NA,TDPO4,0.015,mg/L,NA,Burn/Herbicide,B,432,432   Burn/Herbicide
P162251-7,Burn/Herbicide_B,SW,GP,SAMP,2026-06-16T11:09:00Z,0.07,NA,TPO4,0.031,mg/L,NA,Burn/Herbicide,B,432,432   Burn/Herbicide
P162251-7,Burn/Herbicide_B,SW,GP,SAMP,2026-06-16T11:09:00Z,0.07,NA,SRP,0.002,mg/L,NA,Burn/Herbicide,B,432,432   Burn/Herbicide
P162251-6,Burn_B,SW,GP,SAMP,2026-06-16T10:55:00Z,0.9,NA,TDPO4,0.016,mg/L,NA,Burn,B,432,432   Burn
P162251-6,Burn_B,SW,GP,SAMP,2026-06-16T10:55:00Z,0.9,NA,TPO4,0.039,mg/L,NA,Burn,B,432,432   Burn
P162251-6,Burn_B,SW,GP,SAMP,2026-06-16T10:55:00Z,0.9,NA,SRP,0.003,mg/L,NA,Burn,B,432,432   Burn
P162251-5,Untreated_B,SW,GP,SAMP,2026-06-16T10:44:00Z,NA,NA,No Bottle,0,UNITS,"NOB, no sample collected, no water column to collect.",Untreated,B,432,432   Untreated
P162251-4,Burn_A,SW,GP,SAMP,2026-06-16T10:36:00Z,0.06,NA,TDPO4,0.011,mg/L,NA,Burn,A,432,432   Burn
P162251-4,Burn_A,SW,GP,SAMP,2026-06-16T10:36:00Z,0.06,NA,TPO4,0.026,mg/L,NA,Burn,A,432,432   Burn
P162251-4,Burn_A,SW,GP,SAMP,2026-06-16T10:36:00Z,0.06,NA,SRP,0.002,mg/L,NA,Burn,A,432,432   Burn
P162251-3,Burn/Herbicide_A,SW,GP,SAMP,2026-06-16T10:22:00Z,0.12,NA,TDPO4,0.013,mg/L,NA,Burn/Herbicide,A,432,432   Burn/Herbicide
P162251-3,Burn/Herbicide_A,SW,GP,SAMP,2026-06-16T10:22:00Z,0.12,NA,TPO4,0.035,mg/L,NA,Burn/Herbicide,A,432,432   Burn/Herbicide
P162251-3,Burn/Herbicide_A,SW,GP,SAMP,2026-06-16T10:22:00Z,0.12,NA,SRP,0.002,mg/L,NA,Burn/Herbicide,A,432,432   Burn/Herbicide
P162251-2,Herbicide_A,SW,GP,SAMP,2026-06-16T10:06:00Z,0.06,NA,TDPO4,0.014,mg/L,NA,Herbicide,A,432,432   Herbicide
P162251-2,Herbicide_A,SW,GP,SAMP,2026-06-16T10:06:00Z,0.06,NA,TPO4,0.042,mg/L,NA,Herbicide,A,432,432   Herbicide
P162251-2,Herbicide_A,SW,GP,SAMP,2026-06-16T10:06:00Z,0.06,NA,SRP,0.002,mg/L,NA,Herbicide,A,432,432   Herbicide
P162251-1,Untreated_A,SW,GP,SAMP,2026-06-16T09:45:00Z,0.07,NA,TDPO4,0.02,mg/L,NA,Untreated,A,432,432   Untreated
P162251-1,Untreated_A,SW,GP,SAMP,2026-06-16T09:45:00Z,0.07,NA,TPO4,0.052,mg/L,NA,Untreated,A,432,432   Untreated
P162251-1,Untreated_A,SW,GP,SAMP,2026-06-16T09:45:00Z,0.07,NA,SRP,0.005,mg/L,NA,Untreated,A,432,432   Untreated
P162250-14,OCS,NA,NA,OCS,2026-06-02T15:45:00Z,NA,NA,No Bottle,0,UNITS,"NOB, no sonde used. Notes transcribed from field sheet, attached",NA,NA,418,418   NA
P162250-12,Untreated_C,SW,GP,SAMP,2026-06-02T13:10:00Z,0.11,NA,SRP,0.002,mg/L,NA,Untreated,C,418,418   Untreated
P162250-12,Untreated_C,SW,GP,SAMP,2026-06-02T13:10:00Z,0.11,NA,TDPO4,0.013,mg/L,NA,Untreated,C,418,418   Untreated
P162250-12,Untreated_C,SW,GP,SAMP,2026-06-02T13:10:00Z,0.11,NA,TPO4,0.035,mg/L,NA,Untreated,C,418,418   Untreated
P162250-11,Burn_C,SW,GP,SAMP,2026-06-02T12:55:00Z,0.10,NA,SRP,0.002,mg/L,NA,Burn,C,418,418   Burn
P162250-11,Burn_C,SW,GP,SAMP,2026-06-02T12:55:00Z,0.10,NA,TDPO4,0.012,mg/L,NA,Burn,C,418,418   Burn
P162250-11,Burn_C,SW,GP,SAMP,2026-06-02T12:55:00Z,0.10,NA,TPO4,0.025,mg/L,NA,Burn,C,418,418   Burn
P162250-10,Burn/Herbicide_C,SW,GP,SAMP,2026-06-02T12:40:00Z,0.17,NA,SRP,0.002,mg/L,NA,Burn/Herbicide,C,418,418   Burn/Herbicide
P162250-10,Burn/Herbicide_C,SW,GP,SAMP,2026-06-02T12:40:00Z,0.17,NA,TDPO4,0.011,mg/L,NA,Burn/Herbicide,C,418,418   Burn/Herbicide
P162250-10,Burn/Herbicide_C,SW,GP,SAMP,2026-06-02T12:40:00Z,0.17,NA,TPO4,0.03,mg/L,NA,Burn/Herbicide,C,418,418   Burn/Herbicide
P162250-9,Herbicide_C,SW,GP,SAMP,2026-06-02T12:20:00Z,0.06,NA,SRP,0.002,mg/L,NA,Herbicide,C,418,418   Herbicide
P162250-9,Herbicide_C,SW,GP,SAMP,2026-06-02T12:20:00Z,0.06,NA,TDPO4,0.009,mg/L,NA,Herbicide,C,418,418   Herbicide
P162250-9,Herbicide_C,SW,GP,SAMP,2026-06-02T12:20:00Z,0.06,NA,TPO4,0.022,mg/L,NA,Herbicide,C,418,418   Herbicide
P162250-8,Herbicide_B,SW,GP,SAMP,2026-06-02T12:00:00Z,0.07,NA,SRP,0.002,mg/L,NA,Herbicide,B,418,418   Herbicide
P162250-8,Herbicide_B,SW,GP,SAMP,2026-06-02T12:00:00Z,0.07,NA,TDPO4,0.012,mg/L,NA,Herbicide,B,418,418   Herbicide
P162250-8,Herbicide_B,SW,GP,SAMP,2026-06-02T12:00:00Z,0.07,NA,TPO4,0.038,mg/L,NA,Herbicide,B,418,418   Herbicide
P162250-7,Burn/Herbicide_B,SW,GP,SAMP,2026-06-02T11:45:00Z,0.10,NA,SRP,0.011,mg/L,Filter turned bright green during processing.,Burn/Herbicide,B,418,418   Burn/Herbicide
P162250-7,Burn/Herbicide_B,SW,GP,SAMP,2026-06-02T11:45:00Z,0.10,NA,TDPO4,0.058,mg/L,Filter turned bright green during processing.,Burn/Herbicide,B,418,418   Burn/Herbicide
P162250-7,Burn/Herbicide_B,SW,GP,SAMP,2026-06-02T11:45:00Z,0.10,NA,TPO4,0.154,mg/L,Filter turned bright green during processing.,Burn/Herbicide,B,418,418   Burn/Herbicide
P162250-6,Burn_B,SW,GP,SAMP,2026-06-02T11:30:00Z,0.18,NA,SRP,0.002,mg/L,NA,Burn,B,418,418   Burn
P162250-6,Burn_B,SW,GP,SAMP,2026-06-02T11:30:00Z,0.18,NA,TDPO4,0.012,mg/L,NA,Burn,B,418,418   Burn
P162250-6,Burn_B,SW,GP,SAMP,2026-06-02T11:30:00Z,0.18,NA,TPO4,0.026,mg/L,NA,Burn,B,418,418   Burn
P162250-5,Untreated_B,SW,GP,SAMP,2026-06-02T11:20:00Z,0.06,NA,SRP,0.003,mg/L,NA,Untreated,B,418,418   Untreated
P162250-5,Untreated_B,SW,GP,SAMP,2026-06-02T11:20:00Z,0.06,NA,TDPO4,0.016,mg/L,NA,Untreated,B,418,418   Untreated
P162250-5,Untreated_B,SW,GP,SAMP,2026-06-02T11:20:00Z,0.06,NA,TPO4,0.04,mg/L,NA,Untreated,B,418,418   Untreated
P162250-4,Burn_A,SW,GP,SAMP,2026-06-02T11:05:00Z,0.11,NA,SRP,0.002,mg/L,NA,Burn,A,418,418   Burn
P162250-4,Burn_A,SW,GP,SAMP,2026-06-02T11:05:00Z,0.11,NA,TDPO4,0.012,mg/L,NA,Burn,A,418,418   Burn
P162250-4,Burn_A,SW,GP,SAMP,2026-06-02T11:05:00Z,0.11,NA,TPO4,0.028,mg/L,NA,Burn,A,418,418   Burn
P162250-3,Burn/Herbicide_A,SW,GP,SAMP,2026-06-02T10:50:00Z,0.12,NA,SRP,0.003,mg/L,NA,Burn/Herbicide,A,418,418   Burn/Herbicide
P162250-3,Burn/Herbicide_A,SW,GP,SAMP,2026-06-02T10:50:00Z,0.12,NA,TDPO4,0.014,mg/L,NA,Burn/Herbicide,A,418,418   Burn/Herbicide
P162250-3,Burn/Herbicide_A,SW,GP,SAMP,2026-06-02T10:50:00Z,0.12,NA,TPO4,0.042,mg/L,NA,Burn/Herbicide,A,418,418   Burn/Herbicide
P162250-2,Herbicide_A,SW,GP,SAMP,2026-06-02T10:35:00Z,0.10,NA,SRP,0.002,mg/L,NA,Herbicide,A,418,418   Herbicide
P162250-2,Herbicide_A,SW,GP,SAMP,2026-06-02T10:35:00Z,0.10,NA,TDPO4,0.013,mg/L,NA,Herbicide,A,418,418   Herbicide
P162250-2,Herbicide_A,SW,GP,SAMP,2026-06-02T10:35:00Z,0.10,NA,TPO4,0.04,mg/L,NA,Herbicide,A,418,418   Herbicide
P162250-13,Untreated_A,DI,GP,FCEB,2026-06-02T10:20:00Z,NA,NA,SRP,0.002,mg/L,NA,Untreated,A,418,418   Untreated
P162250-13,Untreated_A,DI,GP,FCEB,2026-06-02T10:20:00Z,NA,NA,TDPO4,0.002,mg/L,NA,Untreated,A,418,418   Untreated
P162250-13,Untreated_A,DI,GP,FCEB,2026-06-02T10:20:00Z,NA,NA,TPO4,0.002,mg/L,NA,Untreated,A,418,418   Untreated
P162250-1,Untreated_A,SW,GP,SAMP,2026-06-02T10:00:00Z,0.08,NA,SRP,0.006,mg/L,NA,Untreated,A,418,418   Untreated
P162250-1,Untreated_A,SW,GP,SAMP,2026-06-02T10:00:00Z,0.08,NA,TDPO4,0.021,mg/L,NA,Untreated,A,418,418   Untreated
P162250-1,Untreated_A,SW,GP,SAMP,2026-06-02T10:00:00Z,0.08,NA,TPO4,0.043,mg/L,NA,Untreated,A,418,418   Untreated
P162249-14,OCS,NA,NA,OCS,2026-05-19T15:00:00Z,NA,NA,No Bottle,0,UNITS,"NOB, no sonde used.",NA,NA,404,404   NA
P162249-12,Untreated_C,SW,GP,SAMP,2026-05-19T13:40:00Z,0.12,NA,SRP,0.002,mg/L,NA,Untreated,C,404,404   Untreated
P162249-12,Untreated_C,SW,GP,SAMP,2026-05-19T13:40:00Z,0.12,NA,TDPO4,0.013,mg/L,NA,Untreated,C,404,404   Untreated
P162249-12,Untreated_C,SW,GP,SAMP,2026-05-19T13:40:00Z,0.12,NA,TPO4,0.024,mg/L,NA,Untreated,C,404,404   Untreated
P162249-11,Burn_C,SW,GP,SAMP,2026-05-19T13:25:00Z,0.16,NA,SRP,0.002,mg/L,NA,Burn,C,404,404   Burn
P162249-11,Burn_C,SW,GP,SAMP,2026-05-19T13:25:00Z,0.16,NA,TDPO4,0.012,mg/L,NA,Burn,C,404,404   Burn
P162249-11,Burn_C,SW,GP,SAMP,2026-05-19T13:25:00Z,0.16,NA,TPO4,0.03,mg/L,NA,Burn,C,404,404   Burn
P162249-10,Burn/Herbicide_C,SW,GP,SAMP,2026-05-19T13:15:00Z,0.11,NA,SRP,0.002,mg/L,NA,Burn/Herbicide,C,404,404   Burn/Herbicide
P162249-10,Burn/Herbicide_C,SW,GP,SAMP,2026-05-19T13:15:00Z,0.11,NA,TDPO4,0.012,mg/L,NA,Burn/Herbicide,C,404,404   Burn/Herbicide
P162249-10,Burn/Herbicide_C,SW,GP,SAMP,2026-05-19T13:15:00Z,0.11,NA,TPO4,0.024,mg/L,NA,Burn/Herbicide,C,404,404   Burn/Herbicide
P162249-9,Herbicide_C,SW,GP,SAMP,2026-05-19T13:00:00Z,0.07,NA,SRP,0.002,mg/L,NA,Herbicide,C,404,404   Herbicide
P162249-9,Herbicide_C,SW,GP,SAMP,2026-05-19T13:00:00Z,0.07,NA,TDPO4,0.011,mg/L,NA,Herbicide,C,404,404   Herbicide
P162249-9,Herbicide_C,SW,GP,SAMP,2026-05-19T13:00:00Z,0.07,NA,TPO4,0.023,mg/L,NA,Herbicide,C,404,404   Herbicide
P162249-8,Herbicide_B,SW,GP,SAMP,2026-05-19T12:40:00Z,0.05,NA,SRP,0.003,mg/L,NA,Herbicide,B,404,404   Herbicide
P162249-8,Herbicide_B,SW,GP,SAMP,2026-05-19T12:40:00Z,0.05,NA,TDPO4,0.019,mg/L,NA,Herbicide,B,404,404   Herbicide
P162249-8,Herbicide_B,SW,GP,SAMP,2026-05-19T12:40:00Z,0.05,NA,TPO4,0.079,mg/L,NA,Herbicide,B,404,404   Herbicide
P162249-7,Burn/Herbicide_B,SW,GP,SAMP,2026-05-19T12:25:00Z,0.07,NA,SRP,0.002,mg/L,NA,Burn/Herbicide,B,404,404   Burn/Herbicide
P162249-7,Burn/Herbicide_B,SW,GP,SAMP,2026-05-19T12:25:00Z,0.07,NA,TDPO4,0.012,mg/L,NA,Burn/Herbicide,B,404,404   Burn/Herbicide
P162249-7,Burn/Herbicide_B,SW,GP,SAMP,2026-05-19T12:25:00Z,0.07,NA,TPO4,0.03,mg/L,NA,Burn/Herbicide,B,404,404   Burn/Herbicide
P162249-6,Burn_B,SW,GP,SAMP,2026-05-19T12:15:00Z,0.18,NA,SRP,0.002,mg/L,NA,Burn,B,404,404   Burn
P162249-6,Burn_B,SW,GP,SAMP,2026-05-19T12:15:00Z,0.18,NA,TDPO4,0.014,mg/L,NA,Burn,B,404,404   Burn
P162249-6,Burn_B,SW,GP,SAMP,2026-05-19T12:15:00Z,0.18,NA,TPO4,0.031,mg/L,NA,Burn,B,404,404   Burn
P162249-5,Untreated_B,SW,GP,SAMP,2026-05-19T11:55:00Z,0.04,NA,SRP,0.002,mg/L,NA,Untreated,B,404,404   Untreated
P162249-5,Untreated_B,SW,GP,SAMP,2026-05-19T11:55:00Z,0.04,NA,TDPO4,0.016,mg/L,NA,Untreated,B,404,404   Untreated
P162249-5,Untreated_B,SW,GP,SAMP,2026-05-19T11:55:00Z,0.04,NA,TPO4,0.03,mg/L,NA,Untreated,B,404,404   Untreated
P162249-4,Burn_A,SW,GP,SAMP,2026-05-19T11:35:00Z,0.12,NA,SRP,0.002,mg/L,NA,Burn,A,404,404   Burn
P162249-4,Burn_A,SW,GP,SAMP,2026-05-19T11:35:00Z,0.12,NA,TDPO4,0.013,mg/L,NA,Burn,A,404,404   Burn
P162249-4,Burn_A,SW,GP,SAMP,2026-05-19T11:35:00Z,0.12,NA,TPO4,0.025,mg/L,NA,Burn,A,404,404   Burn
P162249-3,Burn/Herbicide_A,SW,GP,SAMP,2026-05-19T11:20:00Z,0.12,NA,SRP,0.002,mg/L,NA,Burn/Herbicide,A,404,404   Burn/Herbicide
P162249-3,Burn/Herbicide_A,SW,GP,SAMP,2026-05-19T11:20:00Z,0.12,NA,TDPO4,0.012,mg/L,NA,Burn/Herbicide,A,404,404   Burn/Herbicide
P162249-3,Burn/Herbicide_A,SW,GP,SAMP,2026-05-19T11:20:00Z,0.12,NA,TPO4,0.035,mg/L,NA,Burn/Herbicide,A,404,404   Burn/Herbicide
P162249-2,Herbicide_A,SW,GP,SAMP,2026-05-19T11:00:00Z,0.09,NA,SRP,0.002,mg/L,Floating periphyton,Herbicide,A,404,404   Herbicide
P162249-2,Herbicide_A,SW,GP,SAMP,2026-05-19T11:00:00Z,0.09,NA,TDPO4,0.01,mg/L,Floating periphyton,Herbicide,A,404,404   Herbicide
P162249-2,Herbicide_A,SW,GP,SAMP,2026-05-19T11:00:00Z,0.09,NA,TPO4,0.033,mg/L,Floating periphyton,Herbicide,A,404,404   Herbicide
P162249-13,Untreated_A,DI,GP,FCEB,2026-05-19T10:50:00Z,NA,NA,SRP,0.002,mg/L,FCEB collected thru all sampling equipment.,Untreated,A,404,404   Untreated
P162249-13,Untreated_A,DI,GP,FCEB,2026-05-19T10:50:00Z,NA,NA,TDPO4,0.002,mg/L,FCEB collected thru all sampling equipment.,Untreated,A,404,404   Untreated
P162249-13,Untreated_A,DI,GP,FCEB,2026-05-19T10:50:00Z,NA,NA,TPO4,0.002,mg/L,FCEB collected thru all sampling equipment.,Untreated,A,404,404   Untreated
P162249-1,Untreated_A,SW,GP,SAMP,2026-05-19T10:30:00Z,0.10,NA,SRP,0.004,mg/L,NA,Untreated,A,404,404   Untreated
P162249-1,Untreated_A,SW,GP,SAMP,2026-05-19T10:30:00Z,0.10,NA,TDPO4,0.018,mg/L,NA,Untreated,A,404,404   Untreated
P162249-1,Untreated_A,SW,GP,SAMP,2026-05-19T10:30:00Z,0.10,NA,TPO4,0.03,mg/L,NA,Untreated,A,404,404   Untreated
P164236-12,Untreated_C,SW,GP,SAMP,2026-05-06T12:50:00Z,0.07,NA,TDPO4,0.011,mg/L,NA,Untreated,C,391,391   Untreated
P164236-12,Untreated_C,SW,GP,SAMP,2026-05-06T12:50:00Z,0.07,NA,SRP,0.002,mg/L,NA,Untreated,C,391,391   Untreated
P164236-12,Untreated_C,SW,GP,SAMP,2026-05-06T12:50:00Z,0.07,NA,TPO4,0.026,mg/L,NA,Untreated,C,391,391   Untreated
P164236-11,Burn_C,SW,GP,SAMP,2026-05-06T12:30:00Z,0.13,NA,TDPO4,0.008,mg/L,NA,Burn,C,391,391   Burn
P164236-11,Burn_C,SW,GP,SAMP,2026-05-06T12:30:00Z,0.13,NA,SRP,0.002,mg/L,NA,Burn,C,391,391   Burn
P164236-11,Burn_C,SW,GP,SAMP,2026-05-06T12:30:00Z,0.13,NA,TPO4,0.02,mg/L,NA,Burn,C,391,391   Burn
P164236-10,Burn/Herbicide_C,SW,GP,SAMP,2026-05-06T12:15:00Z,0.11,NA,TDPO4,0.008,mg/L,Floating algae/periphyton.,Burn/Herbicide,C,391,391   Burn/Herbicide
P164236-10,Burn/Herbicide_C,SW,GP,SAMP,2026-05-06T12:15:00Z,0.11,NA,SRP,0.002,mg/L,Floating algae/periphyton.,Burn/Herbicide,C,391,391   Burn/Herbicide
P164236-10,Burn/Herbicide_C,SW,GP,SAMP,2026-05-06T12:15:00Z,0.11,NA,TPO4,0.024,mg/L,Floating algae/periphyton.,Burn/Herbicide,C,391,391   Burn/Herbicide
P164236-9,Herbicide_C,SW,GP,SAMP,2026-05-06T12:00:00Z,0.06,NA,TDPO4,0.008,mg/L,NA,Herbicide,C,391,391   Herbicide
P164236-9,Herbicide_C,SW,GP,SAMP,2026-05-06T12:00:00Z,0.06,NA,SRP,0.002,mg/L,NA,Herbicide,C,391,391   Herbicide
P164236-9,Herbicide_C,SW,GP,SAMP,2026-05-06T12:00:00Z,0.06,NA,TPO4,0.032,mg/L,NA,Herbicide,C,391,391   Herbicide
P164236-8,Herbicide_B,SW,GP,SAMP,2026-05-06T11:35:00Z,0.06,NA,TDPO4,0.01,mg/L,NA,Herbicide,B,391,391   Herbicide
P164236-8,Herbicide_B,SW,GP,SAMP,2026-05-06T11:35:00Z,0.06,NA,SRP,0.002,mg/L,NA,Herbicide,B,391,391   Herbicide
P164236-8,Herbicide_B,SW,GP,SAMP,2026-05-06T11:35:00Z,0.06,NA,TPO4,0.031,mg/L,NA,Herbicide,B,391,391   Herbicide
P164236-7,Burn/Herbicide_B,SW,GP,SAMP,2026-05-06T11:20:00Z,0.10,NA,TDPO4,0.011,mg/L,NA,Burn/Herbicide,B,391,391   Burn/Herbicide
P164236-7,Burn/Herbicide_B,SW,GP,SAMP,2026-05-06T11:20:00Z,0.10,NA,SRP,0.002,mg/L,NA,Burn/Herbicide,B,391,391   Burn/Herbicide
P164236-7,Burn/Herbicide_B,SW,GP,SAMP,2026-05-06T11:20:00Z,0.10,NA,TPO4,0.035,mg/L,NA,Burn/Herbicide,B,391,391   Burn/Herbicide
P164236-6,Burn_B,SW,GP,SAMP,2026-05-06T11:01:00Z,0.09,NA,TDPO4,0.014,mg/L,NA,Burn,B,391,391   Burn
P164236-6,Burn_B,SW,GP,SAMP,2026-05-06T11:01:00Z,0.09,NA,SRP,0.002,mg/L,NA,Burn,B,391,391   Burn
P164236-6,Burn_B,SW,GP,SAMP,2026-05-06T11:01:00Z,0.09,NA,TPO4,0.031,mg/L,NA,Burn,B,391,391   Burn
P164236-5,Untreated_B,SW,GP,SAMP,2026-05-06T10:50:00Z,0.04,NA,TDPO4,0.019,mg/L,NA,Untreated,B,391,391   Untreated
P164236-5,Untreated_B,SW,GP,SAMP,2026-05-06T10:50:00Z,0.04,NA,SRP,0.003,mg/L,NA,Untreated,B,391,391   Untreated
P164236-5,Untreated_B,SW,GP,SAMP,2026-05-06T10:50:00Z,0.04,NA,TPO4,0.038,mg/L,NA,Untreated,B,391,391   Untreated
P164236-4,Burn_A,SW,GP,SAMP,2026-05-06T10:30:00Z,0.09,NA,TDPO4,0.011,mg/L,NA,Burn,A,391,391   Burn
P164236-4,Burn_A,SW,GP,SAMP,2026-05-06T10:30:00Z,0.09,NA,SRP,0.002,mg/L,NA,Burn,A,391,391   Burn
P164236-4,Burn_A,SW,GP,SAMP,2026-05-06T10:30:00Z,0.09,NA,TPO4,0.028,mg/L,NA,Burn,A,391,391   Burn
P164236-14,Burn/Herbicide_A,SW,GP,SAMP,2026-05-06T10:15:00Z,0.12,NA,TDPO4,0.01,mg/L,Floating algae/periphyton.,Burn/Herbicide,A,391,391   Burn/Herbicide
P164236-14,Burn/Herbicide_A,SW,GP,SAMP,2026-05-06T10:15:00Z,0.12,NA,SRP,0.002,mg/L,Floating algae/periphyton.,Burn/Herbicide,A,391,391   Burn/Herbicide
P164236-14,Burn/Herbicide_A,SW,GP,SAMP,2026-05-06T10:15:00Z,0.12,NA,TPO4,0.031,mg/L,Floating algae/periphyton.,Burn/Herbicide,A,391,391   Burn/Herbicide
P164236-3,Herbicide_A,SW,GP,SAMP,2026-05-06T10:00:00Z,0.07,NA,TDPO4,0.013,mg/L,Green algae in water column.,Herbicide,A,391,391   Herbicide
P164236-3,Herbicide_A,SW,GP,SAMP,2026-05-06T10:00:00Z,0.07,NA,SRP,0.002,mg/L,Green algae in water column.,Herbicide,A,391,391   Herbicide
P164236-3,Herbicide_A,SW,GP,SAMP,2026-05-06T10:00:00Z,0.07,NA,TPO4,0.028,mg/L,Green algae in water column.,Herbicide,A,391,391   Herbicide
P164236-13,Untreated_A,DI,GP,FCEB,2026-05-06T09:45:00Z,NA,NA,TDPO4,0.002,mg/L,FCEB collected through all sampling equipment.,Untreated,A,391,391   Untreated
P164236-13,Untreated_A,DI,GP,FCEB,2026-05-06T09:45:00Z,NA,NA,SRP,0.002,mg/L,FCEB collected through all sampling equipment.,Untreated,A,391,391   Untreated
P164236-13,Untreated_A,DI,GP,FCEB,2026-05-06T09:45:00Z,NA,NA,TPO4,0.002,mg/L,FCEB collected through all sampling equipment.,Untreated,A,391,391   Untreated
P164236-2,Untreated_A,SW,GP,SAMP,2026-05-06T09:30:00Z,0.08,NA,TDPO4,0.021,mg/L,NA,Untreated,A,391,391   Untreated
P164236-2,Untreated_A,SW,GP,SAMP,2026-05-06T09:30:00Z,0.08,NA,SRP,0.007,mg/L,NA,Untreated,A,391,391   Untreated
P164236-2,Untreated_A,SW,GP,SAMP,2026-05-06T09:30:00Z,0.08,NA,TPO4,0.036,mg/L,NA,Untreated,A,391,391   Untreated
P164236-1,OCS,NA,NA,OCS,2026-05-05T15:00:00Z,NA,NA,No Bottle,0,UNITS,"NOB, no sonde used.",NA,NA,390,390   NA
P162248-14,OCS,NA,NA,OCS,2026-01-07T15:33:17Z,NA,NA,No Bottle,0,UNITS,NOB,NA,NA,272,272   NA
P162248-12,Untreated_C,SW,GP,SAMP,2026-01-07T10:50:00Z,NA,NA,No Bottle,0,UNITS,"NOB, too shallow to sample.
water depth: 14, 13, 15 cm
DCS: 44, 46, 47 cm",Untreated,C,272,272   Untreated
P162248-11,Burn_C,SW,GP,SAMP,2026-01-07T10:45:00Z,NA,NA,No Bottle,0,UNITS,"NOB, no pairwise comparison. 
water depth: 23, 21, 17 cm
DCS: 47, 43, 42 cm",Burn,C,272,272   Burn
P162248-10,Burn/Herbicide_C,SW,GP,SAMP,2026-01-07T10:40:00Z,NA,NA,No Bottle,0,UNITS,"NOB, no pairwise comparison.
water depth: 21, 29, 23 cm
DCS: 46, 45, 47 cm",Burn/Herbicide,C,272,272   Burn/Herbicide
P162248-9,Herbicide_C,SW,GP,SAMP,2026-01-07T10:35:00Z,NA,NA,No Bottle,0,UNITS,"NOB, too shallow to sample.
water depth: 9, 8, 6 cm
DCS: 37, 45, 48 cm",Herbicide,C,272,272   Herbicide
P162248-8,Herbicide_B,SW,GP,SAMP,2026-01-07T10:28:00Z,NA,NA,No Bottle,0,UNITS,"NOB, too shallow to sample.
water depth: 16, 7, 9 cm
DCS: 41, 35, 41 cm",Herbicide,B,272,272   Herbicide
P162248-7,Burn/Herbicide_B,SW,GP,SAMP,2026-01-07T10:25:00Z,NA,NA,No Bottle,0,UNITS,"NOB, too shallow to sample.
water depth: 10, 12, 14 cm
DCS: 42, 33, 49 cm",Burn/Herbicide,B,272,272   Burn/Herbicide
P162248-6,Burn_B,SW,GP,SAMP,2026-01-07T10:20:00Z,NA,NA,No Bottle,0,UNITS,"NOB, no pairwise comparison.
water depth: 27, 16, 17 cm
DCS: 43, 45, 36 cm",Burn,B,272,272   Burn
P162248-5,Untreated_B,SW,GP,SAMP,2026-01-07T10:15:00Z,NA,NA,No Bottle,0,UNITS,"NOB, too shallow to sample.
water depth: 6, 6, 3 cm
DCS: 31, 43, 38 cm",Untreated,B,272,272   Untreated
P162248-4,Burn_A,SW,GP,SAMP,2026-01-07T10:08:00Z,NA,NA,No Bottle,0,UNITS,"NOB, too shallow to sample.
water depth: 7, 8, 12 cm
DCS: 42, 39, 44 cm",Burn,A,272,272   Burn
P162248-3,Burn/Herbicide_A,SW,GP,SAMP,2026-01-07T10:02:00Z,NA,NA,No Bottle,0,UNITS,"NOB, no pairwise comparison.
water depth: 22, 25, 12 cm
DCS: 33, 45, 48 cm",Burn/Herbicide,A,272,272   Burn/Herbicide
P162248-2,Herbicide_A,SW,GP,SAMP,2026-01-07T10:00:00Z,NA,NA,No Bottle,0,UNITS,"NOB, too shallow to sample.
water depth: 11, 9, 9 cm
DCS: 40, 42, 48 cm",Herbicide,A,272,272   Herbicide
P162248-1,Untreated_A,SW,GP,SAMP,2026-01-07T09:50:00Z,NA,NA,No Bottle,0,UNITS,"NOB, too shallow to sample.
water depth: 3, 5, 2 cm
DCS: 37, 45, 36 cm",Untreated,A,272,272   Untreated
P158532-14,OCS,NA,NA,OCS,2025-12-22T15:48:00Z,NA,NA,No Bottle,0,UNITS,"No bottle, no sonde.",NA,NA,256,256   NA
P158532-12,Untreated_C,SW,GP,SAMP,2025-12-22T13:25:07Z,0.11,NA,SRP,0.004,mg/L,NA,Untreated,C,256,256   Untreated
P158532-12,Untreated_C,SW,GP,SAMP,2025-12-22T13:25:07Z,0.11,NA,TDPO4,0.012,mg/L,NA,Untreated,C,256,256   Untreated
P158532-12,Untreated_C,SW,GP,SAMP,2025-12-22T13:25:07Z,0.11,NA,TPO4,0.023,mg/L,NA,Untreated,C,256,256   Untreated
P158532-11,Burn_C,SW,GP,SAMP,2025-12-22T13:15:18Z,0.12,NA,SRP,0.002,mg/L,NA,Burn,C,256,256   Burn
P158532-11,Burn_C,SW,GP,SAMP,2025-12-22T13:15:18Z,0.12,NA,TDPO4,0.01,mg/L,NA,Burn,C,256,256   Burn
P158532-11,Burn_C,SW,GP,SAMP,2025-12-22T13:15:18Z,0.12,NA,TPO4,0.018,mg/L,NA,Burn,C,256,256   Burn
P158532-10,Burn/Herbicide_C,SW,GP,SAMP,2025-12-22T12:55:37Z,0.08,NA,SRP,0.003,mg/L,NA,Burn/Herbicide,C,256,256   Burn/Herbicide
P158532-10,Burn/Herbicide_C,SW,GP,SAMP,2025-12-22T12:55:37Z,0.08,NA,TDPO4,0.012,mg/L,NA,Burn/Herbicide,C,256,256   Burn/Herbicide
P158532-10,Burn/Herbicide_C,SW,GP,SAMP,2025-12-22T12:55:37Z,0.08,NA,TPO4,0.026,mg/L,NA,Burn/Herbicide,C,256,256   Burn/Herbicide
P158532-9,Herbicide_C,SW,GP,SAMP,2025-12-22T12:40:28Z,0.07,NA,SRP,0.003,mg/L,NA,Herbicide,C,256,256   Herbicide
P158532-9,Herbicide_C,SW,GP,SAMP,2025-12-22T12:40:28Z,0.07,NA,TDPO4,0.011,mg/L,NA,Herbicide,C,256,256   Herbicide
P158532-9,Herbicide_C,SW,GP,SAMP,2025-12-22T12:40:28Z,0.07,NA,TPO4,0.025,mg/L,NA,Herbicide,C,256,256   Herbicide
P158532-8,Herbicide_B,SW,GP,SAMP,2025-12-22T12:15:28Z,0.05,NA,SRP,0.004,mg/L,NA,Herbicide,B,256,256   Herbicide
P158532-8,Herbicide_B,SW,GP,SAMP,2025-12-22T12:15:28Z,0.05,NA,TDPO4,0.012,mg/L,NA,Herbicide,B,256,256   Herbicide
P158532-8,Herbicide_B,SW,GP,SAMP,2025-12-22T12:15:28Z,0.05,NA,TPO4,0.02,mg/L,NA,Herbicide,B,256,256   Herbicide
P158532-7,Burn/Herbicide_B,SW,GP,SAMP,2025-12-22T12:00:09Z,0.07,NA,SRP,0.005,mg/L,NA,Burn/Herbicide,B,256,256   Burn/Herbicide
P158532-7,Burn/Herbicide_B,SW,GP,SAMP,2025-12-22T12:00:09Z,0.07,NA,TDPO4,0.013,mg/L,NA,Burn/Herbicide,B,256,256   Burn/Herbicide
P158532-7,Burn/Herbicide_B,SW,GP,SAMP,2025-12-22T12:00:09Z,0.07,NA,TPO4,0.029,mg/L,NA,Burn/Herbicide,B,256,256   Burn/Herbicide
P158532-6,Burn_B,SW,GP,SAMP,2025-12-22T11:45:20Z,0.1,NA,SRP,0.004,mg/L,NA,Burn,B,256,256   Burn
P158532-6,Burn_B,SW,GP,SAMP,2025-12-22T11:45:20Z,0.1,NA,TDPO4,0.016,mg/L,NA,Burn,B,256,256   Burn
P158532-6,Burn_B,SW,GP,SAMP,2025-12-22T11:45:20Z,0.1,NA,TPO4,0.02,mg/L,NA,Burn,B,256,256   Burn
P158532-5,Untreated_B,SW,GP,SAMP,2025-12-22T11:30:32Z,0.05,NA,SRP,0.004,mg/L,NA,Untreated,B,256,256   Untreated
P158532-5,Untreated_B,SW,GP,SAMP,2025-12-22T11:30:32Z,0.05,NA,TDPO4,0.014,mg/L,NA,Untreated,B,256,256   Untreated
P158532-5,Untreated_B,SW,GP,SAMP,2025-12-22T11:30:32Z,0.05,NA,TPO4,0.03,mg/L,NA,Untreated,B,256,256   Untreated
P158532-4,Burn_A,SW,GP,SAMP,2025-12-22T11:15:42Z,0.1,NA,SRP,0.002,mg/L,NA,Burn,A,256,256   Burn
P158532-4,Burn_A,SW,GP,SAMP,2025-12-22T11:15:42Z,0.1,NA,TDPO4,0.01,mg/L,NA,Burn,A,256,256   Burn
P158532-4,Burn_A,SW,GP,SAMP,2025-12-22T11:15:42Z,0.1,NA,TPO4,0.021,mg/L,NA,Burn,A,256,256   Burn
P158532-3,Burn/Herbicide_A,SW,GP,SAMP,2025-12-22T11:00:28Z,0.1,NA,SRP,0.003,mg/L,NA,Burn/Herbicide,A,256,256   Burn/Herbicide
P158532-3,Burn/Herbicide_A,SW,GP,SAMP,2025-12-22T11:00:28Z,0.1,NA,TDPO4,0.014,mg/L,NA,Burn/Herbicide,A,256,256   Burn/Herbicide
P158532-3,Burn/Herbicide_A,SW,GP,SAMP,2025-12-22T11:00:28Z,0.1,NA,TPO4,0.033,mg/L,NA,Burn/Herbicide,A,256,256   Burn/Herbicide
P158532-2,Herbicide_A,SW,GP,SAMP,2025-12-22T10:40:14Z,0.07,NA,SRP,0.004,mg/L,NA,Herbicide,A,256,256   Herbicide
P158532-2,Herbicide_A,SW,GP,SAMP,2025-12-22T10:40:14Z,0.07,NA,TDPO4,0.011,mg/L,NA,Herbicide,A,256,256   Herbicide
P158532-2,Herbicide_A,SW,GP,SAMP,2025-12-22T10:40:14Z,0.07,NA,TPO4,0.039,mg/L,NA,Herbicide,A,256,256   Herbicide
P158532-13,Untreated_A,DI,GP,FCEB,2025-12-22T10:30:27Z,NA,NA,SRP,0.002,mg/L,"DI 8394 through peristaltic pump tubing to bucket to sample bottles. Bucket Mjolner, tray Rocky. SA lot 072823, filter whatman polydisc 18230857.",Untreated,A,256,256   Untreated
P158532-13,Untreated_A,DI,GP,FCEB,2025-12-22T10:30:27Z,NA,NA,TDPO4,0.002,mg/L,"DI 8394 through peristaltic pump tubing to bucket to sample bottles. Bucket Mjolner, tray Rocky. SA lot 072823, filter whatman polydisc 18230857.",Untreated,A,256,256   Untreated
P158532-13,Untreated_A,DI,GP,FCEB,2025-12-22T10:30:27Z,NA,NA,TPO4,0.002,mg/L,"DI 8394 through peristaltic pump tubing to bucket to sample bottles. Bucket Mjolner, tray Rocky. SA lot 072823, filter whatman polydisc 18230857.",Untreated,A,256,256   Untreated
P158532-1,Untreated_A,SW,GP,SAMP,2025-12-22T10:10:47Z,0.05,NA,SRP,0.008,mg/L,NA,Untreated,A,256,256   Untreated
P158532-1,Untreated_A,SW,GP,SAMP,2025-12-22T10:10:47Z,0.05,NA,TDPO4,0.018,mg/L,NA,Untreated,A,256,256   Untreated
P158532-1,Untreated_A,SW,GP,SAMP,2025-12-22T10:10:47Z,0.05,NA,TPO4,0.033,mg/L,NA,Untreated,A,256,256   Untreated
P158531-14,OCS,NA,NA,OCS,2025-12-03T14:19:55Z,NA,NA,No Bottle,0,UNITS,"NOB, no sonde used.",NA,NA,237,237   NA
P158531-12,Untreated_C,SW,GP,SAMP,2025-12-03T13:20:19Z,0.11,NA,TDPO4,0.011,mg/L,NA,Untreated,C,237,237   Untreated
P158531-12,Untreated_C,SW,GP,SAMP,2025-12-03T13:20:19Z,0.11,NA,TPO4,0.026,mg/L,NA,Untreated,C,237,237   Untreated
P158531-12,Untreated_C,SW,GP,SAMP,2025-12-03T13:20:19Z,0.11,NA,SRP,0.002,mg/L,NA,Untreated,C,237,237   Untreated
P158531-11,Burn_C,SW,GP,SAMP,2025-12-03T13:10:34Z,0.11,NA,TDPO4,0.008,mg/L,NA,Burn,C,237,237   Burn
P158531-11,Burn_C,SW,GP,SAMP,2025-12-03T13:10:34Z,0.11,NA,TPO4,0.019,mg/L,NA,Burn,C,237,237   Burn
P158531-11,Burn_C,SW,GP,SAMP,2025-12-03T13:10:34Z,0.11,NA,SRP,0.002,mg/L,NA,Burn,C,237,237   Burn
P158531-10,Burn/Herbicide_C,SW,GP,SAMP,2025-12-03T12:45:58Z,0.08,NA,TDPO4,0.011,mg/L,NA,Burn/Herbicide,C,237,237   Burn/Herbicide
P158531-10,Burn/Herbicide_C,SW,GP,SAMP,2025-12-03T12:45:58Z,0.08,NA,TPO4,0.022,mg/L,NA,Burn/Herbicide,C,237,237   Burn/Herbicide
P158531-10,Burn/Herbicide_C,SW,GP,SAMP,2025-12-03T12:45:58Z,0.08,NA,SRP,0.003,mg/L,NA,Burn/Herbicide,C,237,237   Burn/Herbicide
P158531-9,Herbicide_C,SW,GP,SAMP,2025-12-03T12:35:28Z,0.05,NA,TDPO4,0.01,mg/L,NA,Herbicide,C,237,237   Herbicide
P158531-9,Herbicide_C,SW,GP,SAMP,2025-12-03T12:35:28Z,0.05,NA,TPO4,0.026,mg/L,NA,Herbicide,C,237,237   Herbicide
P158531-9,Herbicide_C,SW,GP,SAMP,2025-12-03T12:35:28Z,0.05,NA,SRP,0.002,mg/L,NA,Herbicide,C,237,237   Herbicide
P158531-8,Herbicide_B,SW,GP,SAMP,2025-12-03T12:20:47Z,0.07,NA,TDPO4,0.011,mg/L,NA,Herbicide,B,237,237   Herbicide
P158531-8,Herbicide_B,SW,GP,SAMP,2025-12-03T12:20:47Z,0.07,NA,TPO4,0.023,mg/L,NA,Herbicide,B,237,237   Herbicide
P158531-8,Herbicide_B,SW,GP,SAMP,2025-12-03T12:20:47Z,0.07,NA,SRP,0.003,mg/L,NA,Herbicide,B,237,237   Herbicide
P158531-7,Burn/Herbicide_B,SW,GP,SAMP,2025-12-03T12:00:11Z,0.10,NA,TDPO4,0.012,mg/L,NA,Burn/Herbicide,B,237,237   Burn/Herbicide
P158531-7,Burn/Herbicide_B,SW,GP,SAMP,2025-12-03T12:00:11Z,0.10,NA,TPO4,0.028,mg/L,NA,Burn/Herbicide,B,237,237   Burn/Herbicide
P158531-7,Burn/Herbicide_B,SW,GP,SAMP,2025-12-03T12:00:11Z,0.10,NA,SRP,0.002,mg/L,NA,Burn/Herbicide,B,237,237   Burn/Herbicide
P158531-6,Burn_B,SW,GP,SAMP,2025-12-03T11:50:37Z,0.14,NA,TDPO4,0.011,mg/L,NA,Burn,B,237,237   Burn
P158531-6,Burn_B,SW,GP,SAMP,2025-12-03T11:50:37Z,0.14,NA,TPO4,0.023,mg/L,NA,Burn,B,237,237   Burn
P158531-6,Burn_B,SW,GP,SAMP,2025-12-03T11:50:37Z,0.14,NA,SRP,0.002,mg/L,NA,Burn,B,237,237   Burn
P158531-5,Untreated_B,SW,GP,SAMP,2025-12-03T11:35:00Z,0.025,NA,TDPO4,0.017,mg/L,NA,Untreated,B,237,237   Untreated
P158531-5,Untreated_B,SW,GP,SAMP,2025-12-03T11:35:00Z,0.025,NA,TPO4,0.033,mg/L,NA,Untreated,B,237,237   Untreated
P158531-5,Untreated_B,SW,GP,SAMP,2025-12-03T11:35:00Z,0.025,NA,SRP,0.004,mg/L,NA,Untreated,B,237,237   Untreated
P158531-4,Burn_A,SW,GP,SAMP,2025-12-03T11:20:02Z,0.10,NA,TDPO4,0.011,mg/L,NA,Burn,A,237,237   Burn
P158531-4,Burn_A,SW,GP,SAMP,2025-12-03T11:20:02Z,0.10,NA,TPO4,0.021,mg/L,NA,Burn,A,237,237   Burn
P158531-4,Burn_A,SW,GP,SAMP,2025-12-03T11:20:02Z,0.10,NA,SRP,0.002,mg/L,NA,Burn,A,237,237   Burn
P158531-3,Burn/Herbicide_A,SW,GP,SAMP,2025-12-03T11:10:00Z,0.10,NA,TDPO4,0.011,mg/L,NA,Burn/Herbicide,A,237,237   Burn/Herbicide
P158531-3,Burn/Herbicide_A,SW,GP,SAMP,2025-12-03T11:10:00Z,0.10,NA,TPO4,0.027,mg/L,NA,Burn/Herbicide,A,237,237   Burn/Herbicide
P158531-3,Burn/Herbicide_A,SW,GP,SAMP,2025-12-03T11:10:00Z,0.10,NA,SRP,0.002,mg/L,NA,Burn/Herbicide,A,237,237   Burn/Herbicide
P158531-2,Herbicide_A,SW,GP,SAMP,2025-12-03T10:55:24Z,0.07,NA,TDPO4,0.01,mg/L,NA,Herbicide,A,237,237   Herbicide
P158531-2,Herbicide_A,SW,GP,SAMP,2025-12-03T10:55:24Z,0.07,NA,TPO4,0.026,mg/L,NA,Herbicide,A,237,237   Herbicide
P158531-2,Herbicide_A,SW,GP,SAMP,2025-12-03T10:55:24Z,0.07,NA,SRP,0.002,mg/L,NA,Herbicide,A,237,237   Herbicide
P158531-13,Untreated_A,DI,GP,FCEB,2025-12-03T10:40:12Z,NA,NA,TDPO4,0.002,mg/L,PC22|FCEB collected thru all sampling equipment.,Untreated,A,237,237   Untreated
P158531-13,Untreated_A,DI,GP,FCEB,2025-12-03T10:40:12Z,NA,NA,TPO4,0.002,mg/L,PC22|FCEB collected thru all sampling equipment.,Untreated,A,237,237   Untreated
P158531-13,Untreated_A,DI,GP,FCEB,2025-12-03T10:40:12Z,NA,NA,SRP,0.002,mg/L,PC22|FCEB collected thru all sampling equipment.,Untreated,A,237,237   Untreated
P158531-1,Untreated_A,SW,GP,SAMP,2025-12-03T10:30:11Z,0.07,NA,TDPO4,0.016,mg/L,NA,Untreated,A,237,237   Untreated
P158531-1,Untreated_A,SW,GP,SAMP,2025-12-03T10:30:11Z,0.07,NA,TPO4,0.032,mg/L,NA,Untreated,A,237,237   Untreated
P158531-1,Untreated_A,SW,GP,SAMP,2025-12-03T10:30:11Z,0.07,NA,SRP,0.003,mg/L,NA,Untreated,A,237,237   Untreated
P158530-14,OCS,NA,NA,OCS,2025-11-18T15:16:00Z,NA,NA,No Bottle,0,UNITS,"No bottle, no sonde.",NA,NA,222,222   NA
P158530-12,Untreated_C,SW,GP,SAMP,2025-11-18T13:13:20Z,0.05,NA,SRP,0.002,mg/L,NA,Untreated,C,222,222   Untreated
P158530-12,Untreated_C,SW,GP,SAMP,2025-11-18T13:13:20Z,0.05,NA,TDPO4,0.01,mg/L,NA,Untreated,C,222,222   Untreated
P158530-12,Untreated_C,SW,GP,SAMP,2025-11-18T13:13:20Z,0.05,NA,TPO4,0.019,mg/L,NA,Untreated,C,222,222   Untreated
P158530-11,Burn_C,SW,GP,SAMP,2025-11-18T13:00:33Z,0.1,NA,SRP,0.002,mg/L,NA,Burn,C,222,222   Burn
P158530-11,Burn_C,SW,GP,SAMP,2025-11-18T13:00:33Z,0.1,NA,TDPO4,0.007,mg/L,NA,Burn,C,222,222   Burn
P158530-11,Burn_C,SW,GP,SAMP,2025-11-18T13:00:33Z,0.1,NA,TPO4,0.013,mg/L,NA,Burn,C,222,222   Burn
P158530-10,Burn/Herbicide_C,SW,GP,SAMP,2025-11-18T12:44:08Z,0.1,NA,SRP,0.002,mg/L,NA,Burn/Herbicide,C,222,222   Burn/Herbicide
P158530-10,Burn/Herbicide_C,SW,GP,SAMP,2025-11-18T12:44:08Z,0.1,NA,TDPO4,0.008,mg/L,NA,Burn/Herbicide,C,222,222   Burn/Herbicide
P158530-10,Burn/Herbicide_C,SW,GP,SAMP,2025-11-18T12:44:08Z,0.1,NA,TPO4,0.015,mg/L,NA,Burn/Herbicide,C,222,222   Burn/Herbicide
P158530-9,Herbicide_C,SW,GP,SAMP,2025-11-18T12:28:19Z,0.05,NA,SRP,0.002,mg/L,NA,Herbicide,C,222,222   Herbicide
P158530-9,Herbicide_C,SW,GP,SAMP,2025-11-18T12:28:19Z,0.05,NA,TDPO4,0.008,mg/L,NA,Herbicide,C,222,222   Herbicide
P158530-9,Herbicide_C,SW,GP,SAMP,2025-11-18T12:28:19Z,0.05,NA,TPO4,0.017,mg/L,NA,Herbicide,C,222,222   Herbicide
P158530-8,Herbicide_B,SW,GP,SAMP,2025-11-18T12:11:05Z,0.08,NA,SRP,0.002,mg/L,NA,Herbicide,B,222,222   Herbicide
P158530-8,Herbicide_B,SW,GP,SAMP,2025-11-18T12:11:05Z,0.08,NA,TDPO4,0.008,mg/L,NA,Herbicide,B,222,222   Herbicide
P158530-8,Herbicide_B,SW,GP,SAMP,2025-11-18T12:11:05Z,0.08,NA,TPO4,0.018,mg/L,NA,Herbicide,B,222,222   Herbicide
P158530-7,Burn/Herbicide_B,SW,GP,SAMP,2025-11-18T11:56:38Z,0.09,NA,SRP,0.002,mg/L,NA,Burn/Herbicide,B,222,222   Burn/Herbicide
P158530-7,Burn/Herbicide_B,SW,GP,SAMP,2025-11-18T11:56:38Z,0.09,NA,TDPO4,0.007,mg/L,NA,Burn/Herbicide,B,222,222   Burn/Herbicide
P158530-7,Burn/Herbicide_B,SW,GP,SAMP,2025-11-18T11:56:38Z,0.09,NA,TPO4,0.018,mg/L,NA,Burn/Herbicide,B,222,222   Burn/Herbicide
P158530-6,Burn_B,SW,GP,SAMP,2025-11-18T11:42:34Z,0.1,NA,SRP,0.002,mg/L,NA,Burn,B,222,222   Burn
P158530-6,Burn_B,SW,GP,SAMP,2025-11-18T11:42:34Z,0.1,NA,TDPO4,0.009,mg/L,NA,Burn,B,222,222   Burn
P158530-6,Burn_B,SW,GP,SAMP,2025-11-18T11:42:34Z,0.1,NA,TPO4,0.016,mg/L,NA,Burn,B,222,222   Burn
P158530-5,Untreated_B,SW,GP,SAMP,2025-11-18T11:26:20Z,0.04,NA,SRP,0.002,mg/L,NA,Untreated,B,222,222   Untreated
P158530-5,Untreated_B,SW,GP,SAMP,2025-11-18T11:26:20Z,0.04,NA,TDPO4,0.012,mg/L,NA,Untreated,B,222,222   Untreated
P158530-5,Untreated_B,SW,GP,SAMP,2025-11-18T11:26:20Z,0.04,NA,TPO4,0.022,mg/L,NA,Untreated,B,222,222   Untreated
P158530-4,Burn_A,SW,GP,SAMP,2025-11-18T11:09:34Z,0.04,NA,SRP,0.002,mg/L,NA,Burn,A,222,222   Burn
P158530-4,Burn_A,SW,GP,SAMP,2025-11-18T11:09:34Z,0.04,NA,TDPO4,0.01,mg/L,NA,Burn,A,222,222   Burn
P158530-4,Burn_A,SW,GP,SAMP,2025-11-18T11:09:34Z,0.04,NA,TPO4,0.023,mg/L,NA,Burn,A,222,222   Burn
P158530-3,Burn/Herbicide_A,SW,GP,SAMP,2025-11-18T10:57:26Z,0.08,NA,SRP,0.002,mg/L,NA,Burn/Herbicide,A,222,222   Burn/Herbicide
P158530-3,Burn/Herbicide_A,SW,GP,SAMP,2025-11-18T10:57:26Z,0.08,NA,TDPO4,0.008,mg/L,NA,Burn/Herbicide,A,222,222   Burn/Herbicide
P158530-3,Burn/Herbicide_A,SW,GP,SAMP,2025-11-18T10:57:26Z,0.08,NA,TPO4,0.017,mg/L,NA,Burn/Herbicide,A,222,222   Burn/Herbicide
P158530-2,Herbicide_A,SW,GP,SAMP,2025-11-18T10:43:11Z,0.08,NA,SRP,0.002,mg/L,NA,Herbicide,A,222,222   Herbicide
P158530-2,Herbicide_A,SW,GP,SAMP,2025-11-18T10:43:11Z,0.08,NA,TDPO4,0.009,mg/L,NA,Herbicide,A,222,222   Herbicide
P158530-2,Herbicide_A,SW,GP,SAMP,2025-11-18T10:43:11Z,0.08,NA,TPO4,0.018,mg/L,NA,Herbicide,A,222,222   Herbicide
P158530-13,Untreated_A,DI,GP,FCEB,2025-11-18T10:20:04Z,NA,NA,SRP,0.002,mg/L,"DI 8369 through peristaltic pump tubing to bucket to sample bottles. Bucket Wille, tray Flyers, filter 18278596, SA 072823.",Untreated,A,222,222   Untreated
P158530-13,Untreated_A,DI,GP,FCEB,2025-11-18T10:20:04Z,NA,NA,TDPO4,0.002,mg/L,"DI 8369 through peristaltic pump tubing to bucket to sample bottles. Bucket Wille, tray Flyers, filter 18278596, SA 072823.",Untreated,A,222,222   Untreated
P158530-13,Untreated_A,DI,GP,FCEB,2025-11-18T10:20:04Z,NA,NA,TPO4,0.002,mg/L,"DI 8369 through peristaltic pump tubing to bucket to sample bottles. Bucket Wille, tray Flyers, filter 18278596, SA 072823.",Untreated,A,222,222   Untreated
P158530-1,Untreated_A,SW,GP,SAMP,2025-11-18T10:14:44Z,0.05,NA,SRP,0.004,mg/L,NA,Untreated,A,222,222   Untreated
P158530-1,Untreated_A,SW,GP,SAMP,2025-11-18T10:14:44Z,0.05,NA,TDPO4,0.016,mg/L,NA,Untreated,A,222,222   Untreated
P158530-1,Untreated_A,SW,GP,SAMP,2025-11-18T10:14:44Z,0.05,NA,TPO4,0.027,mg/L,NA,Untreated,A,222,222   Untreated
P158529-14,OCS,NA,NA,OCS,2025-11-04T15:51:21Z,NA,NA,No Bottle,0,UNITS,"NOB, no sonde used.",NA,NA,208,208   NA
P158529-12,Untreated_C,SW,GP,SAMP,2025-11-04T12:55:58Z,0.09,NA,SRP,0.002,mg/L,"A 60 mL bottle was used for the magenta, instead of the 120 mL, due to bottle shortage. Lab notified.",Untreated,C,208,208   Untreated
P158529-12,Untreated_C,SW,GP,SAMP,2025-11-04T12:55:58Z,0.09,NA,TDPO4,0.011,mg/L,"A 60 mL bottle was used for the magenta, instead of the 120 mL, due to bottle shortage. Lab notified.",Untreated,C,208,208   Untreated
P158529-12,Untreated_C,SW,GP,SAMP,2025-11-04T12:55:58Z,0.09,NA,TPO4,0.018,mg/L,"A 60 mL bottle was used for the magenta, instead of the 120 mL, due to bottle shortage. Lab notified.",Untreated,C,208,208   Untreated
P158529-11,Burn_C,SW,GP,SAMP,2025-11-04T12:40:03Z,0.14,NA,SRP,0.002,mg/L,NA,Burn,C,208,208   Burn
P158529-11,Burn_C,SW,GP,SAMP,2025-11-04T12:40:03Z,0.14,NA,TDPO4,0.006,mg/L,NA,Burn,C,208,208   Burn
P158529-11,Burn_C,SW,GP,SAMP,2025-11-04T12:40:03Z,0.14,NA,TPO4,0.014,mg/L,NA,Burn,C,208,208   Burn
P158529-10,Burn/Herbicide_C,SW,GP,SAMP,2025-11-04T12:20:01Z,0.13,NA,SRP,0.002,mg/L,NA,Burn/Herbicide,C,208,208   Burn/Herbicide
P158529-10,Burn/Herbicide_C,SW,GP,SAMP,2025-11-04T12:20:01Z,0.13,NA,TDPO4,0.008,mg/L,NA,Burn/Herbicide,C,208,208   Burn/Herbicide
P158529-10,Burn/Herbicide_C,SW,GP,SAMP,2025-11-04T12:20:01Z,0.13,NA,TPO4,0.016,mg/L,NA,Burn/Herbicide,C,208,208   Burn/Herbicide
P158529-9,Herbicide_C,SW,GP,SAMP,2025-11-04T12:05:15Z,0.06,NA,SRP,0.002,mg/L,NA,Herbicide,C,208,208   Herbicide
P158529-9,Herbicide_C,SW,GP,SAMP,2025-11-04T12:05:15Z,0.06,NA,TDPO4,0.009,mg/L,NA,Herbicide,C,208,208   Herbicide
P158529-9,Herbicide_C,SW,GP,SAMP,2025-11-04T12:05:15Z,0.06,NA,TPO4,0.024,mg/L,NA,Herbicide,C,208,208   Herbicide
P158529-8,Herbicide_B,SW,GP,SAMP,2025-11-04T11:50:36Z,0.07,NA,SRP,0.002,mg/L,NA,Herbicide,B,208,208   Herbicide
P158529-8,Herbicide_B,SW,GP,SAMP,2025-11-04T11:50:36Z,0.07,NA,TDPO4,0.009,mg/L,NA,Herbicide,B,208,208   Herbicide
P158529-8,Herbicide_B,SW,GP,SAMP,2025-11-04T11:50:36Z,0.07,NA,TPO4,0.018,mg/L,NA,Herbicide,B,208,208   Herbicide
P158529-7,Burn/Herbicide_B,SW,GP,SAMP,2025-11-04T11:35:19Z,0.08,NA,SRP,0.002,mg/L,NA,Burn/Herbicide,B,208,208   Burn/Herbicide
P158529-7,Burn/Herbicide_B,SW,GP,SAMP,2025-11-04T11:35:19Z,0.08,NA,TDPO4,0.008,mg/L,NA,Burn/Herbicide,B,208,208   Burn/Herbicide
P158529-7,Burn/Herbicide_B,SW,GP,SAMP,2025-11-04T11:35:19Z,0.08,NA,TPO4,0.023,mg/L,NA,Burn/Herbicide,B,208,208   Burn/Herbicide
P158529-6,Burn_B,SW,GP,SAMP,2025-11-04T11:20:41Z,0.12,NA,SRP,0.002,mg/L,NA,Burn,B,208,208   Burn
P158529-6,Burn_B,SW,GP,SAMP,2025-11-04T11:20:41Z,0.12,NA,TDPO4,0.009,mg/L,NA,Burn,B,208,208   Burn
P158529-6,Burn_B,SW,GP,SAMP,2025-11-04T11:20:41Z,0.12,NA,TPO4,0.02,mg/L,NA,Burn,B,208,208   Burn
P158529-5,Untreated_B,SW,GP,SAMP,2025-11-04T11:10:09Z,0.05,NA,SRP,0.007,mg/L,NA,Untreated,B,208,208   Untreated
P158529-5,Untreated_B,SW,GP,SAMP,2025-11-04T11:10:09Z,0.05,NA,TDPO4,0.021,mg/L,NA,Untreated,B,208,208   Untreated
P158529-5,Untreated_B,SW,GP,SAMP,2025-11-04T11:10:09Z,0.05,NA,TPO4,0.037,mg/L,NA,Untreated,B,208,208   Untreated
P158529-4,Burn_A,SW,GP,SAMP,2025-11-04T10:50:31Z,0.08,NA,SRP,0.002,mg/L,NA,Burn,A,208,208   Burn
P158529-4,Burn_A,SW,GP,SAMP,2025-11-04T10:50:31Z,0.08,NA,TDPO4,0.009,mg/L,NA,Burn,A,208,208   Burn
P158529-4,Burn_A,SW,GP,SAMP,2025-11-04T10:50:31Z,0.08,NA,TPO4,0.02,mg/L,NA,Burn,A,208,208   Burn
P158529-3,Burn/Herbicide_A,SW,GP,SAMP,2025-11-04T10:35:07Z,0.10,NA,SRP,0.002,mg/L,NA,Burn/Herbicide,A,208,208   Burn/Herbicide
P158529-3,Burn/Herbicide_A,SW,GP,SAMP,2025-11-04T10:35:07Z,0.10,NA,TDPO4,0.011,mg/L,NA,Burn/Herbicide,A,208,208   Burn/Herbicide
P158529-3,Burn/Herbicide_A,SW,GP,SAMP,2025-11-04T10:35:07Z,0.10,NA,TPO4,0.033,mg/L,NA,Burn/Herbicide,A,208,208   Burn/Herbicide
P158529-2,Herbicide_A,SW,GP,SAMP,2025-11-04T10:20:36Z,0.07,NA,SRP,0.002,mg/L,NA,Herbicide,A,208,208   Herbicide
P158529-2,Herbicide_A,SW,GP,SAMP,2025-11-04T10:20:36Z,0.07,NA,TDPO4,0.011,mg/L,NA,Herbicide,A,208,208   Herbicide
P158529-2,Herbicide_A,SW,GP,SAMP,2025-11-04T10:20:36Z,0.07,NA,TPO4,0.024,mg/L,NA,Herbicide,A,208,208   Herbicide
P158529-13,Untreated_A,DI,GP,FCEB,2025-11-04T10:00:44Z,NA,NA,SRP,0.002,mg/L,NA,Untreated,A,208,208   Untreated
P158529-13,Untreated_A,DI,GP,FCEB,2025-11-04T10:00:44Z,NA,NA,TDPO4,0.002,mg/L,NA,Untreated,A,208,208   Untreated
P158529-13,Untreated_A,DI,GP,FCEB,2025-11-04T10:00:44Z,NA,NA,TPO4,0.002,mg/L,NA,Untreated,A,208,208   Untreated
P158529-1,Untreated_A,SW,GP,SAMP,2025-11-04T09:40:50Z,0.07,NA,SRP,0.005,mg/L,NA,Untreated,A,208,208   Untreated
P158529-1,Untreated_A,SW,GP,SAMP,2025-11-04T09:40:50Z,0.07,NA,TDPO4,0.018,mg/L,NA,Untreated,A,208,208   Untreated
P158529-1,Untreated_A,SW,GP,SAMP,2025-11-04T09:40:50Z,0.07,NA,TPO4,0.036,mg/L,NA,Untreated,A,208,208   Untreated
P158528-14,OCS,NA,NA,OCS,2025-10-21T14:37:00Z,NA,NA,No Bottle,0,UNITS,"No bottle, no associated sonde data.",NA,NA,194,194   NA
P158528-12,Untreated_C,SW,GP,SAMP,2025-10-21T12:35:11Z,0.11,NA,TDPO4,0.021,mg/L,NA,Untreated,C,194,194   Untreated
P158528-12,Untreated_C,SW,GP,SAMP,2025-10-21T12:35:11Z,0.11,NA,TPO4,0.027,mg/L,NA,Untreated,C,194,194   Untreated
P158528-12,Untreated_C,SW,GP,SAMP,2025-10-21T12:35:11Z,0.11,NA,SRP,0.012,mg/L,NA,Untreated,C,194,194   Untreated
P158528-11,Burn_C,SW,GP,SAMP,2025-10-21T12:20:37Z,0.15,NA,TDPO4,0.007,mg/L,NA,Burn,C,194,194   Burn
P158528-11,Burn_C,SW,GP,SAMP,2025-10-21T12:20:37Z,0.15,NA,TPO4,0.017,mg/L,NA,Burn,C,194,194   Burn
P158528-11,Burn_C,SW,GP,SAMP,2025-10-21T12:20:37Z,0.15,NA,SRP,0.002,mg/L,NA,Burn,C,194,194   Burn
P158528-10,Burn/Herbicide_C,SW,GP,SAMP,2025-10-21T12:05:08Z,0.15,NA,TDPO4,0.008,mg/L,NA,Burn/Herbicide,C,194,194   Burn/Herbicide
P158528-10,Burn/Herbicide_C,SW,GP,SAMP,2025-10-21T12:05:08Z,0.15,NA,TPO4,0.016,mg/L,NA,Burn/Herbicide,C,194,194   Burn/Herbicide
P158528-10,Burn/Herbicide_C,SW,GP,SAMP,2025-10-21T12:05:08Z,0.15,NA,SRP,0.002,mg/L,NA,Burn/Herbicide,C,194,194   Burn/Herbicide
P158528-9,Herbicide_C,SW,GP,SAMP,2025-10-21T11:50:19Z,0.08,NA,TDPO4,0.014,mg/L,NA,Herbicide,C,194,194   Herbicide
P158528-9,Herbicide_C,SW,GP,SAMP,2025-10-21T11:50:19Z,0.08,NA,TPO4,0.032,mg/L,NA,Herbicide,C,194,194   Herbicide
P158528-9,Herbicide_C,SW,GP,SAMP,2025-10-21T11:50:19Z,0.08,NA,SRP,0.006,mg/L,NA,Herbicide,C,194,194   Herbicide
P158528-8,Herbicide_B,SW,GP,SAMP,2025-10-21T11:35:36Z,0.12,NA,TDPO4,0.01,mg/L,NA,Herbicide,B,194,194   Herbicide
P158528-8,Herbicide_B,SW,GP,SAMP,2025-10-21T11:35:36Z,0.12,NA,TPO4,0.019,mg/L,NA,Herbicide,B,194,194   Herbicide
P158528-8,Herbicide_B,SW,GP,SAMP,2025-10-21T11:35:36Z,0.12,NA,SRP,0.002,mg/L,NA,Herbicide,B,194,194   Herbicide
P158528-7,Burn/Herbicide_B,SW,GP,SAMP,2025-10-21T11:20:28Z,0.12,NA,TDPO4,0.014,mg/L,NA,Burn/Herbicide,B,194,194   Burn/Herbicide
P158528-7,Burn/Herbicide_B,SW,GP,SAMP,2025-10-21T11:20:28Z,0.12,NA,TPO4,0.024,mg/L,NA,Burn/Herbicide,B,194,194   Burn/Herbicide
P158528-7,Burn/Herbicide_B,SW,GP,SAMP,2025-10-21T11:20:28Z,0.12,NA,SRP,0.005,mg/L,NA,Burn/Herbicide,B,194,194   Burn/Herbicide
P158528-6,Burn_B,SW,GP,SAMP,2025-10-21T11:05:41Z,0.18,NA,TDPO4,0.016,mg/L,NA,Burn,B,194,194   Burn
P158528-6,Burn_B,SW,GP,SAMP,2025-10-21T11:05:41Z,0.18,NA,TPO4,0.021,mg/L,NA,Burn,B,194,194   Burn
P158528-6,Burn_B,SW,GP,SAMP,2025-10-21T11:05:41Z,0.18,NA,SRP,0.008,mg/L,NA,Burn,B,194,194   Burn
P158528-5,Untreated_B,SW,GP,SAMP,2025-10-21T10:50:30Z,0.10,NA,TDPO4,0.03,mg/L,NA,Untreated,B,194,194   Untreated
P158528-5,Untreated_B,SW,GP,SAMP,2025-10-21T10:50:30Z,0.10,NA,TPO4,0.035,mg/L,NA,Untreated,B,194,194   Untreated
P158528-5,Untreated_B,SW,GP,SAMP,2025-10-21T10:50:30Z,0.10,NA,SRP,0.02,mg/L,NA,Untreated,B,194,194   Untreated
P158528-4,Burn_A,SW,GP,SAMP,2025-10-21T10:35:52Z,0.11,NA,TDPO4,0.01,mg/L,NA,Burn,A,194,194   Burn
P158528-4,Burn_A,SW,GP,SAMP,2025-10-21T10:35:52Z,0.11,NA,TPO4,0.018,mg/L,NA,Burn,A,194,194   Burn
P158528-4,Burn_A,SW,GP,SAMP,2025-10-21T10:35:52Z,0.11,NA,SRP,0.002,mg/L,NA,Burn,A,194,194   Burn
P158528-3,Burn/Herbicide_A,SW,GP,SAMP,2025-10-21T10:20:41Z,0.13,NA,TDPO4,0.009,mg/L,NA,Burn/Herbicide,A,194,194   Burn/Herbicide
P158528-3,Burn/Herbicide_A,SW,GP,SAMP,2025-10-21T10:20:41Z,0.13,NA,TPO4,0.017,mg/L,NA,Burn/Herbicide,A,194,194   Burn/Herbicide
P158528-3,Burn/Herbicide_A,SW,GP,SAMP,2025-10-21T10:20:41Z,0.13,NA,SRP,0.002,mg/L,NA,Burn/Herbicide,A,194,194   Burn/Herbicide
P158528-2,Herbicide_A,SW,GP,SAMP,2025-10-21T10:05:50Z,0.13,NA,TDPO4,0.012,mg/L,NA,Herbicide,A,194,194   Herbicide
P158528-2,Herbicide_A,SW,GP,SAMP,2025-10-21T10:05:50Z,0.13,NA,TPO4,0.023,mg/L,NA,Herbicide,A,194,194   Herbicide
P158528-2,Herbicide_A,SW,GP,SAMP,2025-10-21T10:05:50Z,0.13,NA,SRP,0.004,mg/L,NA,Herbicide,A,194,194   Herbicide
P158528-13,Untreated_A,DI,GP,FCEB,2025-10-21T10:00:28Z,NA,NA,TDPO4,0.002,mg/L,DI 8316 through peristaltic pump tubing to bucket to sample bottles. Filter lot 18129111. SA lot 072823. Tray Dustin D. Bucket Dexter.,Untreated,A,194,194   Untreated
P158528-13,Untreated_A,DI,GP,FCEB,2025-10-21T10:00:28Z,NA,NA,TPO4,0.002,mg/L,DI 8316 through peristaltic pump tubing to bucket to sample bottles. Filter lot 18129111. SA lot 072823. Tray Dustin D. Bucket Dexter.,Untreated,A,194,194   Untreated
P158528-13,Untreated_A,DI,GP,FCEB,2025-10-21T10:00:28Z,NA,NA,SRP,0.002,mg/L,DI 8316 through peristaltic pump tubing to bucket to sample bottles. Filter lot 18129111. SA lot 072823. Tray Dustin D. Bucket Dexter.,Untreated,A,194,194   Untreated
P158528-1,Untreated_A,SW,GP,SAMP,2025-10-21T09:45:05Z,0.11,NA,TDPO4,0.045,mg/L,NA,Untreated,A,194,194   Untreated
P158528-1,Untreated_A,SW,GP,SAMP,2025-10-21T09:45:05Z,0.11,NA,TPO4,0.05,mg/L,NA,Untreated,A,194,194   Untreated
P158528-1,Untreated_A,SW,GP,SAMP,2025-10-21T09:45:05Z,0.11,NA,SRP,0.033,mg/L,NA,Untreated,A,194,194   Untreated
P158527-14,OCS,NA,NA,OCS,2025-10-08T15:29:39Z,NA,NA,No Bottle,0,UNITS,"NOB, no field parameters collected.",NA,NA,181,181   NA
P158527-12,Untreated_C,SW,GP,SAMP,2025-10-08T12:40:10Z,0.11,NA,TDPO4,0.015,mg/L,NA,Untreated,C,181,181   Untreated
P158527-12,Untreated_C,SW,GP,SAMP,2025-10-08T12:40:10Z,0.11,NA,TPO4,0.02,mg/L,NA,Untreated,C,181,181   Untreated
P158527-12,Untreated_C,SW,GP,SAMP,2025-10-08T12:40:10Z,0.11,NA,SRP,0.007,mg/L,NA,Untreated,C,181,181   Untreated
P158527-11,Burn_C,SW,GP,SAMP,2025-10-08T12:22:10Z,0.16,NA,TDPO4,0.007,mg/L,NA,Burn,C,181,181   Burn
P158527-11,Burn_C,SW,GP,SAMP,2025-10-08T12:22:10Z,0.16,NA,TPO4,0.013,mg/L,NA,Burn,C,181,181   Burn
P158527-11,Burn_C,SW,GP,SAMP,2025-10-08T12:22:10Z,0.16,NA,SRP,0.002,mg/L,NA,Burn,C,181,181   Burn
P158527-10,Burn/Herbicide_C,SW,GP,SAMP,2025-10-08T12:06:34Z,0.16,NA,TDPO4,0.008,mg/L,NA,Burn/Herbicide,C,181,181   Burn/Herbicide
P158527-10,Burn/Herbicide_C,SW,GP,SAMP,2025-10-08T12:06:34Z,0.16,NA,TPO4,0.016,mg/L,NA,Burn/Herbicide,C,181,181   Burn/Herbicide
P158527-10,Burn/Herbicide_C,SW,GP,SAMP,2025-10-08T12:06:34Z,0.16,NA,SRP,0.002,mg/L,NA,Burn/Herbicide,C,181,181   Burn/Herbicide
P158527-9,Herbicide_C,SW,GP,SAMP,2025-10-08T11:53:09Z,0.07,NA,TDPO4,0.01,mg/L,NA,Herbicide,C,181,181   Herbicide
P158527-9,Herbicide_C,SW,GP,SAMP,2025-10-08T11:53:09Z,0.07,NA,TPO4,0.024,mg/L,NA,Herbicide,C,181,181   Herbicide
P158527-9,Herbicide_C,SW,GP,SAMP,2025-10-08T11:53:09Z,0.07,NA,SRP,0.005,mg/L,NA,Herbicide,C,181,181   Herbicide
P158527-8,Herbicide_B,SW,GP,SAMP,2025-10-08T11:35:26Z,0.11,NA,TDPO4,0.01,mg/L,NA,Herbicide,B,181,181   Herbicide
P158527-8,Herbicide_B,SW,GP,SAMP,2025-10-08T11:35:26Z,0.11,NA,TPO4,0.017,mg/L,NA,Herbicide,B,181,181   Herbicide
P158527-8,Herbicide_B,SW,GP,SAMP,2025-10-08T11:35:26Z,0.11,NA,SRP,0.002,mg/L,NA,Herbicide,B,181,181   Herbicide
P158527-7,Burn/Herbicide_B,SW,GP,SAMP,2025-10-08T11:27:11Z,0.12,NA,TDPO4,0.012,mg/L,NA,Burn/Herbicide,B,181,181   Burn/Herbicide
P158527-7,Burn/Herbicide_B,SW,GP,SAMP,2025-10-08T11:27:11Z,0.12,NA,TPO4,0.022,mg/L,NA,Burn/Herbicide,B,181,181   Burn/Herbicide
P158527-7,Burn/Herbicide_B,SW,GP,SAMP,2025-10-08T11:27:11Z,0.12,NA,SRP,0.004,mg/L,NA,Burn/Herbicide,B,181,181   Burn/Herbicide
P158527-6,Burn_B,SW,GP,SAMP,2025-10-08T11:14:30Z,0.17,NA,TDPO4,0.01,mg/L,NA,Burn,B,181,181   Burn
P158527-6,Burn_B,SW,GP,SAMP,2025-10-08T11:14:30Z,0.17,NA,TPO4,0.015,mg/L,NA,Burn,B,181,181   Burn
P158527-6,Burn_B,SW,GP,SAMP,2025-10-08T11:14:30Z,0.17,NA,SRP,0.003,mg/L,NA,Burn,B,181,181   Burn
P158527-5,Untreated_B,SW,GP,SAMP,2025-10-08T11:00:57Z,0.07,NA,TDPO4,0.024,mg/L,NA,Untreated,B,181,181   Untreated
P158527-5,Untreated_B,SW,GP,SAMP,2025-10-08T11:00:57Z,0.07,NA,TPO4,0.03,mg/L,NA,Untreated,B,181,181   Untreated
P158527-5,Untreated_B,SW,GP,SAMP,2025-10-08T11:00:57Z,0.07,NA,SRP,0.014,mg/L,NA,Untreated,B,181,181   Untreated
P158527-4,Burn_A,SW,GP,SAMP,2025-10-08T10:47:30Z,0.09,NA,TDPO4,0.008,mg/L,NA,Burn,A,181,181   Burn
P158527-4,Burn_A,SW,GP,SAMP,2025-10-08T10:47:30Z,0.09,NA,TPO4,0.016,mg/L,NA,Burn,A,181,181   Burn
P158527-4,Burn_A,SW,GP,SAMP,2025-10-08T10:47:30Z,0.09,NA,SRP,0.002,mg/L,NA,Burn,A,181,181   Burn
P158527-3,Burn/Herbicide_A,SW,GP,SAMP,2025-10-08T10:35:27Z,0.19,NA,TDPO4,0.01,mg/L,NA,Burn/Herbicide,A,181,181   Burn/Herbicide
P158527-3,Burn/Herbicide_A,SW,GP,SAMP,2025-10-08T10:35:27Z,0.19,NA,TPO4,0.018,mg/L,NA,Burn/Herbicide,A,181,181   Burn/Herbicide
P158527-3,Burn/Herbicide_A,SW,GP,SAMP,2025-10-08T10:35:27Z,0.19,NA,SRP,0.002,mg/L,NA,Burn/Herbicide,A,181,181   Burn/Herbicide
P158527-2,Herbicide_A,SW,GP,SAMP,2025-10-08T10:20:58Z,0.14,NA,TDPO4,0.013,mg/L,NA,Herbicide,A,181,181   Herbicide
P158527-2,Herbicide_A,SW,GP,SAMP,2025-10-08T10:20:58Z,0.14,NA,TPO4,0.023,mg/L,NA,Herbicide,A,181,181   Herbicide
P158527-2,Herbicide_A,SW,GP,SAMP,2025-10-08T10:20:58Z,0.14,NA,SRP,0.004,mg/L,NA,Herbicide,A,181,181   Herbicide
P158527-13,Untreated_A,DI,GP,FCEB,2025-10-08T10:09:58Z,NA,NA,TDPO4,0.002,mg/L,NA,Untreated,A,181,181   Untreated
P158527-13,Untreated_A,DI,GP,FCEB,2025-10-08T10:09:58Z,NA,NA,TPO4,0.002,mg/L,NA,Untreated,A,181,181   Untreated
P158527-13,Untreated_A,DI,GP,FCEB,2025-10-08T10:09:58Z,NA,NA,SRP,0.002,mg/L,NA,Untreated,A,181,181   Untreated
P158527-1,Untreated_A,SW,GP,SAMP,2025-10-08T09:55:00Z,0.08,NA,TDPO4,0.028,mg/L,NA,Untreated,A,181,181   Untreated
P158527-1,Untreated_A,SW,GP,SAMP,2025-10-08T09:55:00Z,0.08,NA,TPO4,0.034,mg/L,NA,Untreated,A,181,181   Untreated
P158527-1,Untreated_A,SW,GP,SAMP,2025-10-08T09:55:00Z,0.08,NA,SRP,0.017,mg/L,NA,Untreated,A,181,181   Untreated
P158519-14,OCS,NA,NA,OCS,2025-09-24T14:18:11Z,NA,NA,No Bottle,0,UNITS,NA,NA,NA,167,167   NA
P158519-12,Untreated_C,SW,GP,SAMP,2025-09-24T12:40:59Z,0.17,NA,SRP,0.002,mg/L,NA,Untreated,C,167,167   Untreated
P158519-12,Untreated_C,SW,GP,SAMP,2025-09-24T12:40:59Z,0.17,NA,TDPO4,0.008,mg/L,NA,Untreated,C,167,167   Untreated
P158519-12,Untreated_C,SW,GP,SAMP,2025-09-24T12:40:59Z,0.17,NA,TPO4,0.013,mg/L,NA,Untreated,C,167,167   Untreated
P158519-7,Burn/Herbicide_B,SW,GP,SAMP,2025-09-24T12:30:03Z,0.13,NA,TDPO4,0.01,mg/L,NA,Burn/Herbicide,B,167,167   Burn/Herbicide
P158519-7,Burn/Herbicide_B,SW,GP,SAMP,2025-09-24T12:30:03Z,0.13,NA,SRP,0.002,mg/L,NA,Burn/Herbicide,B,167,167   Burn/Herbicide
P158519-7,Burn/Herbicide_B,SW,GP,SAMP,2025-09-24T12:30:03Z,0.13,NA,TPO4,0.016,mg/L,NA,Burn/Herbicide,B,167,167   Burn/Herbicide
P158519-11,Burn_C,SW,GP,SAMP,2025-09-24T12:25:25Z,0.20,NA,SRP,0.002,mg/L,NA,Burn,C,167,167   Burn
P158519-11,Burn_C,SW,GP,SAMP,2025-09-24T12:25:25Z,0.20,NA,TDPO4,0.007,mg/L,NA,Burn,C,167,167   Burn
P158519-11,Burn_C,SW,GP,SAMP,2025-09-24T12:25:25Z,0.20,NA,TPO4,0.012,mg/L,NA,Burn,C,167,167   Burn
P158519-10,Burn/Herbicide_C,SW,GP,SAMP,2025-09-24T12:15:20Z,0.18,NA,SRP,0.002,mg/L,NA,Burn/Herbicide,C,167,167   Burn/Herbicide
P158519-10,Burn/Herbicide_C,SW,GP,SAMP,2025-09-24T12:15:20Z,0.18,NA,TDPO4,0.009,mg/L,NA,Burn/Herbicide,C,167,167   Burn/Herbicide
P158519-10,Burn/Herbicide_C,SW,GP,SAMP,2025-09-24T12:15:20Z,0.18,NA,TPO4,0.016,mg/L,NA,Burn/Herbicide,C,167,167   Burn/Herbicide
P158519-9,Herbicide_C,SW,GP,SAMP,2025-09-24T12:00:09Z,0.12,NA,SRP,0.002,mg/L,NA,Herbicide,C,167,167   Herbicide
P158519-9,Herbicide_C,SW,GP,SAMP,2025-09-24T12:00:09Z,0.12,NA,TDPO4,0.01,mg/L,NA,Herbicide,C,167,167   Herbicide
P158519-9,Herbicide_C,SW,GP,SAMP,2025-09-24T12:00:09Z,0.12,NA,TPO4,0.016,mg/L,NA,Herbicide,C,167,167   Herbicide
P158519-8,Herbicide_B,SW,GP,SAMP,2025-09-24T11:50:35Z,0.13,NA,SRP,0.002,mg/L,NA,Herbicide,B,167,167   Herbicide
P158519-8,Herbicide_B,SW,GP,SAMP,2025-09-24T11:50:35Z,0.13,NA,TDPO4,0.011,mg/L,NA,Herbicide,B,167,167   Herbicide
P158519-8,Herbicide_B,SW,GP,SAMP,2025-09-24T11:50:35Z,0.13,NA,TPO4,0.016,mg/L,NA,Herbicide,B,167,167   Herbicide
P158519-6,Burn_B,SW,GP,SAMP,2025-09-24T11:20:51Z,0.18,NA,SRP,0.002,mg/L,NA,Burn,B,167,167   Burn
P158519-6,Burn_B,SW,GP,SAMP,2025-09-24T11:20:51Z,0.18,NA,TDPO4,0.009,mg/L,NA,Burn,B,167,167   Burn
P158519-6,Burn_B,SW,GP,SAMP,2025-09-24T11:20:51Z,0.18,NA,TPO4,0.014,mg/L,NA,Burn,B,167,167   Burn
P158519-5,Untreated_B,SW,GP,SAMP,2025-09-24T11:00:26Z,0.12,NA,SRP,0.005,mg/L,NA,Untreated,B,167,167   Untreated
P158519-5,Untreated_B,SW,GP,SAMP,2025-09-24T11:00:26Z,0.12,NA,TDPO4,0.016,mg/L,NA,Untreated,B,167,167   Untreated
P158519-5,Untreated_B,SW,GP,SAMP,2025-09-24T11:00:26Z,0.12,NA,TPO4,0.022,mg/L,NA,Untreated,B,167,167   Untreated
P158519-4,Burn_A,SW,GP,SAMP,2025-09-24T10:45:40Z,0.13,NA,SRP,0.002,mg/L,NA,Burn,A,167,167   Burn
P158519-4,Burn_A,SW,GP,SAMP,2025-09-24T10:45:40Z,0.13,NA,TDPO4,0.009,mg/L,NA,Burn,A,167,167   Burn
P158519-4,Burn_A,SW,GP,SAMP,2025-09-24T10:45:40Z,0.13,NA,TPO4,0.016,mg/L,NA,Burn,A,167,167   Burn
P158519-3,Burn/Herbicide_A,SW,GP,SAMP,2025-09-24T10:30:48Z,0.17,NA,SRP,0.002,mg/L,NA,Burn/Herbicide,A,167,167   Burn/Herbicide
P158519-3,Burn/Herbicide_A,SW,GP,SAMP,2025-09-24T10:30:48Z,0.17,NA,TDPO4,0.01,mg/L,NA,Burn/Herbicide,A,167,167   Burn/Herbicide
P158519-3,Burn/Herbicide_A,SW,GP,SAMP,2025-09-24T10:30:48Z,0.17,NA,TPO4,0.015,mg/L,NA,Burn/Herbicide,A,167,167   Burn/Herbicide
P158519-2,Herbicide_A,SW,GP,SAMP,2025-09-24T10:15:05Z,0.14,NA,SRP,0.002,mg/L,NA,Herbicide,A,167,167   Herbicide
P158519-2,Herbicide_A,SW,GP,SAMP,2025-09-24T10:15:05Z,0.14,NA,TDPO4,0.011,mg/L,NA,Herbicide,A,167,167   Herbicide
P158519-2,Herbicide_A,SW,GP,SAMP,2025-09-24T10:15:05Z,0.14,NA,TPO4,0.016,mg/L,NA,Herbicide,A,167,167   Herbicide
P158519-13,Untreated_A,DI,GP,FCEB,2025-09-24T10:00:34Z,NA,NA,SRP,0.002,mg/L,NA,Untreated,A,167,167   Untreated
P158519-13,Untreated_A,DI,GP,FCEB,2025-09-24T10:00:34Z,NA,NA,TDPO4,0.002,mg/L,NA,Untreated,A,167,167   Untreated
P158519-13,Untreated_A,DI,GP,FCEB,2025-09-24T10:00:34Z,NA,NA,TPO4,0.002,mg/L,NA,Untreated,A,167,167   Untreated
P158519-1,Untreated_A,SW,GP,SAMP,2025-09-24T09:50:11Z,0.11,NA,SRP,0.006,mg/L,NA,Untreated,A,167,167   Untreated
P158519-1,Untreated_A,SW,GP,SAMP,2025-09-24T09:50:11Z,0.11,NA,TDPO4,0.016,mg/L,NA,Untreated,A,167,167   Untreated
P158519-1,Untreated_A,SW,GP,SAMP,2025-09-24T09:50:11Z,0.11,NA,TPO4,0.022,mg/L,NA,Untreated,A,167,167   Untreated
P158402-14,OCS,NA,NA,OCS,2025-09-09T15:25:00Z,NA,NA,No Bottle,0,UNITS,"NOB, no sonde used.",NA,NA,152,152   NA
P158402-12,Untreated_C,SW,GP,SAMP,2025-09-09T12:34:00Z,0.17,NA,SRP,0.005,mg/L,NA,Untreated,C,152,152   Untreated
P158402-12,Untreated_C,SW,GP,SAMP,2025-09-09T12:34:00Z,0.17,NA,TDPO4,0.007,mg/L,NA,Untreated,C,152,152   Untreated
P158402-12,Untreated_C,SW,GP,SAMP,2025-09-09T12:34:00Z,0.17,NA,TPO4,0.012,mg/L,NA,Untreated,C,152,152   Untreated
P158402-11,Burn_C,SW,GP,SAMP,2025-09-09T12:24:00Z,0.12,NA,SRP,0.002,mg/L,NA,Burn,C,152,152   Burn
P158402-11,Burn_C,SW,GP,SAMP,2025-09-09T12:24:00Z,0.12,NA,TDPO4,0.008,mg/L,NA,Burn,C,152,152   Burn
P158402-11,Burn_C,SW,GP,SAMP,2025-09-09T12:24:00Z,0.12,NA,TPO4,0.012,mg/L,NA,Burn,C,152,152   Burn
P158402-10,Burn/Herbicide_C,SW,GP,SAMP,2025-09-09T12:14:00Z,0.2,NA,SRP,0.002,mg/L,NA,Burn/Herbicide,C,152,152   Burn/Herbicide
P158402-10,Burn/Herbicide_C,SW,GP,SAMP,2025-09-09T12:14:00Z,0.2,NA,TDPO4,0.008,mg/L,NA,Burn/Herbicide,C,152,152   Burn/Herbicide
P158402-10,Burn/Herbicide_C,SW,GP,SAMP,2025-09-09T12:14:00Z,0.2,NA,TPO4,0.013,mg/L,NA,Burn/Herbicide,C,152,152   Burn/Herbicide
P158402-9,Herbicide_C,SW,GP,SAMP,2025-09-09T12:02:00Z,0.13,NA,SRP,0.003,mg/L,NA,Herbicide,C,152,152   Herbicide
P158402-9,Herbicide_C,SW,GP,SAMP,2025-09-09T12:02:00Z,0.13,NA,TDPO4,0.008,mg/L,NA,Herbicide,C,152,152   Herbicide
P158402-9,Herbicide_C,SW,GP,SAMP,2025-09-09T12:02:00Z,0.13,NA,TPO4,0.012,mg/L,NA,Herbicide,C,152,152   Herbicide
P158402-8,Herbicide_B,SW,GP,SAMP,2025-09-09T11:50:00Z,0.15,NA,SRP,0.002,mg/L,NA,Herbicide,B,152,152   Herbicide
P158402-8,Herbicide_B,SW,GP,SAMP,2025-09-09T11:50:00Z,0.15,NA,TDPO4,0.009,mg/L,NA,Herbicide,B,152,152   Herbicide
P158402-8,Herbicide_B,SW,GP,SAMP,2025-09-09T11:50:00Z,0.15,NA,TPO4,0.013,mg/L,NA,Herbicide,B,152,152   Herbicide
P158402-7,Burn/Herbicide_B,SW,GP,SAMP,2025-09-09T11:32:00Z,0.15,NA,SRP,0.006,mg/L,NA,Burn/Herbicide,B,152,152   Burn/Herbicide
P158402-7,Burn/Herbicide_B,SW,GP,SAMP,2025-09-09T11:32:00Z,0.15,NA,TDPO4,0.009,mg/L,NA,Burn/Herbicide,B,152,152   Burn/Herbicide
P158402-7,Burn/Herbicide_B,SW,GP,SAMP,2025-09-09T11:32:00Z,0.15,NA,TPO4,0.014,mg/L,NA,Burn/Herbicide,B,152,152   Burn/Herbicide
P158402-5,Untreated_B,SW,GP,SAMP,2025-09-09T11:17:00Z,0.12,NA,SRP,0.002,mg/L,NA,Untreated,B,152,152   Untreated
P158402-5,Untreated_B,SW,GP,SAMP,2025-09-09T11:17:00Z,0.12,NA,TDPO4,0.012,mg/L,NA,Untreated,B,152,152   Untreated
P158402-5,Untreated_B,SW,GP,SAMP,2025-09-09T11:17:00Z,0.12,NA,TPO4,0.015,mg/L,NA,Untreated,B,152,152   Untreated
P158402-6,Burn_B,SW,GP,SAMP,2025-09-09T11:00:00Z,0.21,NA,SRP,0.002,mg/L,NA,Burn,B,152,152   Burn
P158402-6,Burn_B,SW,GP,SAMP,2025-09-09T11:00:00Z,0.21,NA,TDPO4,0.008,mg/L,NA,Burn,B,152,152   Burn
P158402-6,Burn_B,SW,GP,SAMP,2025-09-09T11:00:00Z,0.21,NA,TPO4,0.012,mg/L,NA,Burn,B,152,152   Burn
P158402-4,Burn_A,SW,GP,SAMP,2025-09-09T10:44:00Z,0.13,NA,SRP,0.002,mg/L,NA,Burn,A,152,152   Burn
P158402-4,Burn_A,SW,GP,SAMP,2025-09-09T10:44:00Z,0.13,NA,TDPO4,0.008,mg/L,NA,Burn,A,152,152   Burn
P158402-4,Burn_A,SW,GP,SAMP,2025-09-09T10:44:00Z,0.13,NA,TPO4,0.013,mg/L,NA,Burn,A,152,152   Burn
P158402-3,Burn/Herbicide_A,SW,GP,SAMP,2025-09-09T10:33:00Z,0.13,NA,SRP,0.002,mg/L,NA,Burn/Herbicide,A,152,152   Burn/Herbicide
P158402-3,Burn/Herbicide_A,SW,GP,SAMP,2025-09-09T10:33:00Z,0.13,NA,TDPO4,0.008,mg/L,NA,Burn/Herbicide,A,152,152   Burn/Herbicide
P158402-3,Burn/Herbicide_A,SW,GP,SAMP,2025-09-09T10:33:00Z,0.13,NA,TPO4,0.013,mg/L,NA,Burn/Herbicide,A,152,152   Burn/Herbicide
P158402-2,Herbicide_A,SW,GP,SAMP,2025-09-09T10:20:00Z,0.13,NA,SRP,0.002,mg/L,NA,Herbicide,A,152,152   Herbicide
P158402-2,Herbicide_A,SW,GP,SAMP,2025-09-09T10:20:00Z,0.13,NA,TDPO4,0.008,mg/L,NA,Herbicide,A,152,152   Herbicide
P158402-2,Herbicide_A,SW,GP,SAMP,2025-09-09T10:20:00Z,0.13,NA,TPO4,0.013,mg/L,NA,Herbicide,A,152,152   Herbicide
P158402-13,Untreated_A,DI,GP,FCEB,2025-09-09T10:07:00Z,NA,NA,SRP,0.002,mg/L,NA,Untreated,A,152,152   Untreated
P158402-13,Untreated_A,DI,GP,FCEB,2025-09-09T10:07:00Z,NA,NA,TDPO4,0.002,mg/L,NA,Untreated,A,152,152   Untreated
P158402-13,Untreated_A,DI,GP,FCEB,2025-09-09T10:07:00Z,NA,NA,TPO4,0.002,mg/L,NA,Untreated,A,152,152   Untreated
P158402-1,Untreated_A,SW,GP,SAMP,2025-09-09T09:55:00Z,0.13,NA,SRP,0.003,mg/L,NA,Untreated,A,152,152   Untreated
P158402-1,Untreated_A,SW,GP,SAMP,2025-09-09T09:55:00Z,0.13,NA,TDPO4,0.01,mg/L,NA,Untreated,A,152,152   Untreated
P158402-1,Untreated_A,SW,GP,SAMP,2025-09-09T09:55:00Z,0.13,NA,TPO4,0.015,mg/L,NA,Untreated,A,152,152   Untreated
P158401-14,OCS,NA,NA,OCS,2025-08-26T15:11:00Z,NA,NA,No Bottle,0,UNITS,"NOB, no sonde used.",NA,NA,138,138   NA
P158401-12,Untreated_C,SW,GP,SAMP,2025-08-26T12:25:00Z,0.14,NA,SRP,0.002,mg/L,NA,Untreated,C,138,138   Untreated
P158401-12,Untreated_C,SW,GP,SAMP,2025-08-26T12:25:00Z,0.14,NA,TDPO4,0.01,mg/L,NA,Untreated,C,138,138   Untreated
P158401-12,Untreated_C,SW,GP,SAMP,2025-08-26T12:25:00Z,0.14,NA,TPO4,0.024,mg/L,NA,Untreated,C,138,138   Untreated
P158401-11,Burn_C,SW,GP,SAMP,2025-08-26T12:15:00Z,0.15,NA,SRP,0.002,mg/L,NA,Burn,C,138,138   Burn
P158401-11,Burn_C,SW,GP,SAMP,2025-08-26T12:15:00Z,0.15,NA,TDPO4,0.009,mg/L,NA,Burn,C,138,138   Burn
P158401-11,Burn_C,SW,GP,SAMP,2025-08-26T12:15:00Z,0.15,NA,TPO4,0.02,mg/L,NA,Burn,C,138,138   Burn
P158401-10,Burn/Herbicide_C,SW,GP,SAMP,2025-08-26T12:00:00Z,0.15,NA,SRP,0.002,mg/L,NA,Burn/Herbicide,C,138,138   Burn/Herbicide
P158401-10,Burn/Herbicide_C,SW,GP,SAMP,2025-08-26T12:00:00Z,0.15,NA,TDPO4,0.008,mg/L,NA,Burn/Herbicide,C,138,138   Burn/Herbicide
P158401-10,Burn/Herbicide_C,SW,GP,SAMP,2025-08-26T12:00:00Z,0.15,NA,TPO4,0.019,mg/L,NA,Burn/Herbicide,C,138,138   Burn/Herbicide
P158401-9,Herbicide_C,SW,GP,SAMP,2025-08-26T11:45:00Z,0.09,NA,SRP,0.002,mg/L,NA,Herbicide,C,138,138   Herbicide
P158401-9,Herbicide_C,SW,GP,SAMP,2025-08-26T11:45:00Z,0.09,NA,TDPO4,0.011,mg/L,NA,Herbicide,C,138,138   Herbicide
P158401-9,Herbicide_C,SW,GP,SAMP,2025-08-26T11:45:00Z,0.09,NA,TPO4,0.03,mg/L,NA,Herbicide,C,138,138   Herbicide
P158401-8,Herbicide_B,SW,GP,SAMP,2025-08-26T11:35:00Z,0.07,NA,SRP,0.002,mg/L,NA,Herbicide,B,138,138   Herbicide
P158401-8,Herbicide_B,SW,GP,SAMP,2025-08-26T11:35:00Z,0.07,NA,TDPO4,0.01,mg/L,NA,Herbicide,B,138,138   Herbicide
P158401-8,Herbicide_B,SW,GP,SAMP,2025-08-26T11:35:00Z,0.07,NA,TPO4,0.026,mg/L,NA,Herbicide,B,138,138   Herbicide
P158401-7,Burn/Herbicide_B,SW,GP,SAMP,2025-08-26T11:25:00Z,0.16,NA,SRP,0.002,mg/L,NA,Burn/Herbicide,B,138,138   Burn/Herbicide
P158401-7,Burn/Herbicide_B,SW,GP,SAMP,2025-08-26T11:25:00Z,0.16,NA,TDPO4,0.009,mg/L,NA,Burn/Herbicide,B,138,138   Burn/Herbicide
P158401-7,Burn/Herbicide_B,SW,GP,SAMP,2025-08-26T11:25:00Z,0.16,NA,TPO4,0.02,mg/L,NA,Burn/Herbicide,B,138,138   Burn/Herbicide
P158401-6,Burn_B,SW,GP,SAMP,2025-08-26T11:10:00Z,0.11,NA,SRP,0.002,mg/L,NA,Burn,B,138,138   Burn
P158401-6,Burn_B,SW,GP,SAMP,2025-08-26T11:10:00Z,0.11,NA,TDPO4,0.009,mg/L,NA,Burn,B,138,138   Burn
P158401-6,Burn_B,SW,GP,SAMP,2025-08-26T11:10:00Z,0.11,NA,TPO4,0.02,mg/L,NA,Burn,B,138,138   Burn
P158401-5,Untreated_B,SW,GP,SAMP,2025-08-26T10:55:00Z,0.11,NA,SRP,0.003,mg/L,NA,Untreated,B,138,138   Untreated
P158401-5,Untreated_B,SW,GP,SAMP,2025-08-26T10:55:00Z,0.11,NA,TDPO4,0.015,mg/L,NA,Untreated,B,138,138   Untreated
P158401-5,Untreated_B,SW,GP,SAMP,2025-08-26T10:55:00Z,0.11,NA,TPO4,0.028,mg/L,NA,Untreated,B,138,138   Untreated
P158401-4,Burn_A,SW,GP,SAMP,2025-08-26T10:45:00Z,0.11,NA,SRP,0.002,mg/L,NA,Burn,A,138,138   Burn
P158401-4,Burn_A,SW,GP,SAMP,2025-08-26T10:45:00Z,0.11,NA,TDPO4,0.009,mg/L,NA,Burn,A,138,138   Burn
P158401-4,Burn_A,SW,GP,SAMP,2025-08-26T10:45:00Z,0.11,NA,TPO4,0.022,mg/L,NA,Burn,A,138,138   Burn
P158401-3,Burn/Herbicide_A,SW,GP,SAMP,2025-08-26T10:30:00Z,0.16,NA,SRP,0.002,mg/L,NA,Burn/Herbicide,A,138,138   Burn/Herbicide
P158401-3,Burn/Herbicide_A,SW,GP,SAMP,2025-08-26T10:30:00Z,0.16,NA,TDPO4,0.009,mg/L,NA,Burn/Herbicide,A,138,138   Burn/Herbicide
P158401-3,Burn/Herbicide_A,SW,GP,SAMP,2025-08-26T10:30:00Z,0.16,NA,TPO4,0.021,mg/L,NA,Burn/Herbicide,A,138,138   Burn/Herbicide
P158401-2,Herbicide_A,SW,GP,SAMP,2025-08-26T10:15:00Z,0.15,NA,SRP,0.002,mg/L,NA,Herbicide,A,138,138   Herbicide
P158401-2,Herbicide_A,SW,GP,SAMP,2025-08-26T10:15:00Z,0.15,NA,TDPO4,0.009,mg/L,NA,Herbicide,A,138,138   Herbicide
P158401-2,Herbicide_A,SW,GP,SAMP,2025-08-26T10:15:00Z,0.15,NA,TPO4,0.02,mg/L,NA,Herbicide,A,138,138   Herbicide
P158401-13,Untreated_A,DI,GP,FCEB,2025-08-26T10:00:00Z,NA,NA,TDPO4,0.002,mg/L,NA,Untreated,A,138,138   Untreated
P158401-13,Untreated_A,DI,GP,FCEB,2025-08-26T10:00:00Z,NA,NA,SRP,0.002,mg/L,NA,Untreated,A,138,138   Untreated
P158401-13,Untreated_A,DI,GP,FCEB,2025-08-26T10:00:00Z,NA,NA,TPO4,0.002,mg/L,NA,Untreated,A,138,138   Untreated
P158401-1,Untreated_A,SW,GP,SAMP,2025-08-26T09:50:00Z,0.07,NA,SRP,0.002,mg/L,NA,Untreated,A,138,138   Untreated
P158401-1,Untreated_A,SW,GP,SAMP,2025-08-26T09:50:00Z,0.07,NA,TDPO4,0.012,mg/L,NA,Untreated,A,138,138   Untreated
P158401-1,Untreated_A,SW,GP,SAMP,2025-08-26T09:50:00Z,0.07,NA,TPO4,0.022,mg/L,NA,Untreated,A,138,138   Untreated
P160184-12,Untreated_C,SW,GP,SAMP,2025-08-12T12:50:00Z,0.08,NA,SRP,0.002,mg/L,NA,Untreated,C,124,124   Untreated
P160184-12,Untreated_C,SW,GP,SAMP,2025-08-12T12:50:00Z,0.08,NA,TDPO4,0.01,mg/L,NA,Untreated,C,124,124   Untreated
P160184-12,Untreated_C,SW,GP,SAMP,2025-08-12T12:50:00Z,0.08,NA,TPO4,0.02,mg/L,NA,Untreated,C,124,124   Untreated
P160184-11,Burn_C,SW,GP,SAMP,2025-08-12T12:35:00Z,0.07,NA,SRP,0.002,mg/L,NA,Burn,C,124,124   Burn
P160184-11,Burn_C,SW,GP,SAMP,2025-08-12T12:35:00Z,0.07,NA,TDPO4,0.008,mg/L,NA,Burn,C,124,124   Burn
P160184-11,Burn_C,SW,GP,SAMP,2025-08-12T12:35:00Z,0.07,NA,TPO4,0.02,mg/L,NA,Burn,C,124,124   Burn
P160184-10,Burn/Herbicide_C,SW,GP,SAMP,2025-08-12T12:20:00Z,0.09,NA,SRP,0.004,mg/L,NA,Burn/Herbicide,C,124,124   Burn/Herbicide
P160184-10,Burn/Herbicide_C,SW,GP,SAMP,2025-08-12T12:20:00Z,0.09,NA,TDPO4,0.009,mg/L,NA,Burn/Herbicide,C,124,124   Burn/Herbicide
P160184-10,Burn/Herbicide_C,SW,GP,SAMP,2025-08-12T12:20:00Z,0.09,NA,TPO4,0.02,mg/L,NA,Burn/Herbicide,C,124,124   Burn/Herbicide
P160184-9,Herbicide_C,SW,GP,SAMP,2025-08-12T12:10:00Z,0.03,NA,SRP,0.006,mg/L,NA,Herbicide,C,124,124   Herbicide
P160184-9,Herbicide_C,SW,GP,SAMP,2025-08-12T12:10:00Z,0.03,NA,TDPO4,0.015,mg/L,NA,Herbicide,C,124,124   Herbicide
P160184-9,Herbicide_C,SW,GP,SAMP,2025-08-12T12:10:00Z,0.03,NA,TPO4,0.03,mg/L,NA,Herbicide,C,124,124   Herbicide
P160184-8,Herbicide_B,SW,GP,SAMP,2025-08-12T12:00:00Z,0.04,NA,SRP,0.004,mg/L,NA,Herbicide,B,124,124   Herbicide
P160184-8,Herbicide_B,SW,GP,SAMP,2025-08-12T12:00:00Z,0.04,NA,TDPO4,0.011,mg/L,NA,Herbicide,B,124,124   Herbicide
P160184-8,Herbicide_B,SW,GP,SAMP,2025-08-12T12:00:00Z,0.04,NA,TPO4,0.028,mg/L,NA,Herbicide,B,124,124   Herbicide
P160184-7,Burn/Herbicide_B,SW,GP,SAMP,2025-08-12T11:40:00Z,0.05,NA,SRP,0.002,mg/L,NA,Burn/Herbicide,B,124,124   Burn/Herbicide
P160184-7,Burn/Herbicide_B,SW,GP,SAMP,2025-08-12T11:40:00Z,0.05,NA,TDPO4,0.011,mg/L,NA,Burn/Herbicide,B,124,124   Burn/Herbicide
P160184-7,Burn/Herbicide_B,SW,GP,SAMP,2025-08-12T11:40:00Z,0.05,NA,TPO4,0.028,mg/L,NA,Burn/Herbicide,B,124,124   Burn/Herbicide
P160184-6,Burn_B,SW,GP,SAMP,2025-08-12T11:20:00Z,0.08,NA,SRP,0.002,mg/L,NA,Burn,B,124,124   Burn
P160184-6,Burn_B,SW,GP,SAMP,2025-08-12T11:20:00Z,0.08,NA,TDPO4,0.01,mg/L,NA,Burn,B,124,124   Burn
P160184-6,Burn_B,SW,GP,SAMP,2025-08-12T11:20:00Z,0.08,NA,TPO4,0.026,mg/L,NA,Burn,B,124,124   Burn
P160184-5,Untreated_B,SW,GP,SAMP,2025-08-12T11:10:00Z,0.05,NA,SRP,0.004,mg/L,NA,Untreated,B,124,124   Untreated
P160184-5,Untreated_B,SW,GP,SAMP,2025-08-12T11:10:00Z,0.05,NA,TDPO4,0.013,mg/L,NA,Untreated,B,124,124   Untreated
P160184-5,Untreated_B,SW,GP,SAMP,2025-08-12T11:10:00Z,0.05,NA,TPO4,0.027,mg/L,NA,Untreated,B,124,124   Untreated
P160184-4,Burn_A,SW,GP,SAMP,2025-08-12T10:50:00Z,0.08,NA,SRP,0.002,mg/L,NA,Burn,A,124,124   Burn
P160184-4,Burn_A,SW,GP,SAMP,2025-08-12T10:50:00Z,0.08,NA,TDPO4,0.009,mg/L,NA,Burn,A,124,124   Burn
P160184-4,Burn_A,SW,GP,SAMP,2025-08-12T10:50:00Z,0.08,NA,TPO4,0.022,mg/L,NA,Burn,A,124,124   Burn
P160184-3,Burn/Herbicide_A,SW,GP,SAMP,2025-08-12T10:35:00Z,0.05,NA,SRP,0.002,mg/L,NA,Burn/Herbicide,A,124,124   Burn/Herbicide
P160184-3,Burn/Herbicide_A,SW,GP,SAMP,2025-08-12T10:35:00Z,0.05,NA,TDPO4,0.009,mg/L,NA,Burn/Herbicide,A,124,124   Burn/Herbicide
P160184-3,Burn/Herbicide_A,SW,GP,SAMP,2025-08-12T10:35:00Z,0.05,NA,TPO4,0.023,mg/L,NA,Burn/Herbicide,A,124,124   Burn/Herbicide
P160184-2,Herbicide_A,SW,GP,SAMP,2025-08-12T10:25:00Z,0.10,NA,SRP,0.002,mg/L,NA,Herbicide,A,124,124   Herbicide
P160184-2,Herbicide_A,SW,GP,SAMP,2025-08-12T10:25:00Z,0.10,NA,TDPO4,0.01,mg/L,NA,Herbicide,A,124,124   Herbicide
P160184-2,Herbicide_A,SW,GP,SAMP,2025-08-12T10:25:00Z,0.10,NA,TPO4,0.023,mg/L,NA,Herbicide,A,124,124   Herbicide
P160184-13,Untreated_A,DI,GP,FCEB,2025-08-12T10:08:00Z,NA,NA,SRP,0.002,mg/L,NA,Untreated,A,124,124   Untreated
P160184-13,Untreated_A,DI,GP,FCEB,2025-08-12T10:08:00Z,NA,NA,TDPO4,0.002,mg/L,NA,Untreated,A,124,124   Untreated
P160184-13,Untreated_A,DI,GP,FCEB,2025-08-12T10:08:00Z,NA,NA,TPO4,0.002,mg/L,NA,Untreated,A,124,124   Untreated
P160184-1,Untreated_A,SW,GP,SAMP,2025-08-12T10:00:00Z,0.06,NA,SRP,0.002,mg/L,NA,Untreated,A,124,124   Untreated
P160184-1,Untreated_A,SW,GP,SAMP,2025-08-12T10:00:00Z,0.06,NA,TDPO4,0.011,mg/L,NA,Untreated,A,124,124   Untreated
P160184-1,Untreated_A,SW,GP,SAMP,2025-08-12T10:00:00Z,0.06,NA,TPO4,0.03,mg/L,NA,Untreated,A,124,124   Untreated
P158400-12,Untreated_C,SW,GP,SAMP,2025-07-30T12:45:00Z,0.08,NA,SRP,0.002,mg/L,NA,Untreated,C,111,111   Untreated
P158400-12,Untreated_C,SW,GP,SAMP,2025-07-30T12:45:00Z,0.08,NA,TDPO4,0.008,mg/L,NA,Untreated,C,111,111   Untreated
P158400-12,Untreated_C,SW,GP,SAMP,2025-07-30T12:45:00Z,0.08,NA,TPO4,0.015,mg/L,NA,Untreated,C,111,111   Untreated
P158400-11,Burn_C,SW,GP,SAMP,2025-07-30T12:32:00Z,0.06,NA,SRP,0.002,mg/L,NA,Burn,C,111,111   Burn
P158400-11,Burn_C,SW,GP,SAMP,2025-07-30T12:32:00Z,0.06,NA,TDPO4,0.007,mg/L,NA,Burn,C,111,111   Burn
P158400-11,Burn_C,SW,GP,SAMP,2025-07-30T12:32:00Z,0.06,NA,TPO4,0.013,mg/L,NA,Burn,C,111,111   Burn
P158400-10,Burn/Herbicide_C,SW,GP,SAMP,2025-07-30T12:20:00Z,0.1,NA,SRP,0.002,mg/L,NA,Burn/Herbicide,C,111,111   Burn/Herbicide
P158400-10,Burn/Herbicide_C,SW,GP,SAMP,2025-07-30T12:20:00Z,0.1,NA,TDPO4,0.007,mg/L,NA,Burn/Herbicide,C,111,111   Burn/Herbicide
P158400-10,Burn/Herbicide_C,SW,GP,SAMP,2025-07-30T12:20:00Z,0.1,NA,TPO4,0.012,mg/L,NA,Burn/Herbicide,C,111,111   Burn/Herbicide
P158400-9,Herbicide_C,SW,GP,SAMP,2025-07-30T12:05:00Z,0.07,NA,SRP,0.002,mg/L,NA,Herbicide,C,111,111   Herbicide
P158400-9,Herbicide_C,SW,GP,SAMP,2025-07-30T12:05:00Z,0.07,NA,TDPO4,0.009,mg/L,NA,Herbicide,C,111,111   Herbicide
P158400-9,Herbicide_C,SW,GP,SAMP,2025-07-30T12:05:00Z,0.07,NA,TPO4,0.021,mg/L,NA,Herbicide,C,111,111   Herbicide
P158400-8,Herbicide_B,SW,GP,SAMP,2025-07-30T11:48:00Z,0.07,NA,SRP,0.002,mg/L,NA,Herbicide,B,111,111   Herbicide
P158400-8,Herbicide_B,SW,GP,SAMP,2025-07-30T11:48:00Z,0.07,NA,TDPO4,0.01,mg/L,NA,Herbicide,B,111,111   Herbicide
P158400-8,Herbicide_B,SW,GP,SAMP,2025-07-30T11:48:00Z,0.07,NA,TPO4,0.019,mg/L,NA,Herbicide,B,111,111   Herbicide
P158400-7,Burn/Herbicide_B,SW,GP,SAMP,2025-07-30T11:36:00Z,0.1,NA,SRP,0.002,mg/L,NA,Burn/Herbicide,B,111,111   Burn/Herbicide
P158400-7,Burn/Herbicide_B,SW,GP,SAMP,2025-07-30T11:36:00Z,0.1,NA,TDPO4,0.006,mg/L,NA,Burn/Herbicide,B,111,111   Burn/Herbicide
P158400-7,Burn/Herbicide_B,SW,GP,SAMP,2025-07-30T11:36:00Z,0.1,NA,TPO4,0.015,mg/L,NA,Burn/Herbicide,B,111,111   Burn/Herbicide
P158400-6,Burn_B,SW,GP,SAMP,2025-07-30T11:22:00Z,0.1,NA,SRP,0.002,mg/L,NA,Burn,B,111,111   Burn
P158400-6,Burn_B,SW,GP,SAMP,2025-07-30T11:22:00Z,0.1,NA,TDPO4,0.006,mg/L,NA,Burn,B,111,111   Burn
P158400-6,Burn_B,SW,GP,SAMP,2025-07-30T11:22:00Z,0.1,NA,TPO4,0.011,mg/L,NA,Burn,B,111,111   Burn
P158400-5,Untreated_B,SW,GP,SAMP,2025-07-30T11:07:00Z,0.06,NA,SRP,0.003,mg/L,NA,Untreated,B,111,111   Untreated
P158400-5,Untreated_B,SW,GP,SAMP,2025-07-30T11:07:00Z,0.06,NA,TDPO4,0.011,mg/L,NA,Untreated,B,111,111   Untreated
P158400-5,Untreated_B,SW,GP,SAMP,2025-07-30T11:07:00Z,0.06,NA,TPO4,0.017,mg/L,NA,Untreated,B,111,111   Untreated
P158400-4,Burn_A,SW,GP,SAMP,2025-07-30T10:56:00Z,0.09,NA,SRP,0.002,mg/L,NA,Burn,A,111,111   Burn
P158400-4,Burn_A,SW,GP,SAMP,2025-07-30T10:56:00Z,0.09,NA,TDPO4,0.006,mg/L,NA,Burn,A,111,111   Burn
P158400-4,Burn_A,SW,GP,SAMP,2025-07-30T10:56:00Z,0.09,NA,TPO4,0.016,mg/L,NA,Burn,A,111,111   Burn
P158400-3,Burn/Herbicide_A,SW,GP,SAMP,2025-07-30T10:42:00Z,0.12,NA,SRP,0.002,mg/L,NA,Burn/Herbicide,A,111,111   Burn/Herbicide
P158400-3,Burn/Herbicide_A,SW,GP,SAMP,2025-07-30T10:42:00Z,0.12,NA,TDPO4,0.006,mg/L,NA,Burn/Herbicide,A,111,111   Burn/Herbicide
P158400-3,Burn/Herbicide_A,SW,GP,SAMP,2025-07-30T10:42:00Z,0.12,NA,TPO4,0.015,mg/L,NA,Burn/Herbicide,A,111,111   Burn/Herbicide
P158400-2,Herbicide_A,SW,GP,SAMP,2025-07-30T10:28:00Z,0.09,NA,SRP,0.002,mg/L,NA,Herbicide,A,111,111   Herbicide
P158400-2,Herbicide_A,SW,GP,SAMP,2025-07-30T10:28:00Z,0.09,NA,TDPO4,0.007,mg/L,NA,Herbicide,A,111,111   Herbicide
P158400-2,Herbicide_A,SW,GP,SAMP,2025-07-30T10:28:00Z,0.09,NA,TPO4,0.014,mg/L,NA,Herbicide,A,111,111   Herbicide
P158400-13,Untreated_A,DI,GP,FCEB,2025-07-30T10:18:00Z,NA,NA,SRP,0.002,mg/L,NA,Untreated,A,111,111   Untreated
P158400-13,Untreated_A,DI,GP,FCEB,2025-07-30T10:18:00Z,NA,NA,TDPO4,0.002,mg/L,NA,Untreated,A,111,111   Untreated
P158400-13,Untreated_A,DI,GP,FCEB,2025-07-30T10:18:00Z,NA,NA,TPO4,0.002,mg/L,NA,Untreated,A,111,111   Untreated
P158400-1,Untreated_A,SW,GP,SAMP,2025-07-30T10:00:00Z,0.07,NA,SRP,0.003,mg/L,NA,Untreated,A,111,111   Untreated
P158400-1,Untreated_A,SW,GP,SAMP,2025-07-30T10:00:00Z,0.07,NA,TDPO4,0.011,mg/L,NA,Untreated,A,111,111   Untreated
P158400-1,Untreated_A,SW,GP,SAMP,2025-07-30T10:00:00Z,0.07,NA,TPO4,0.017,mg/L,NA,Untreated,A,111,111   Untreated
P158399-12,Untreated_C,SW,GP,SAMP,2025-07-15T11:45:00Z,0.17,NA,TDPO4,0.009,mg/L,NA,Untreated,C,96,96   Untreated
P158399-12,Untreated_C,SW,GP,SAMP,2025-07-15T11:45:00Z,0.17,NA,TPO4,0.015,mg/L,NA,Untreated,C,96,96   Untreated
P158399-12,Untreated_C,SW,GP,SAMP,2025-07-15T11:45:00Z,0.17,NA,SRP,0.002,mg/L,NA,Untreated,C,96,96   Untreated
P158399-11,Burn_C,SW,GP,SAMP,2025-07-15T11:35:00Z,0.14,NA,TDPO4,0.007,mg/L,NA,Burn,C,96,96   Burn
P158399-11,Burn_C,SW,GP,SAMP,2025-07-15T11:35:00Z,0.14,NA,TPO4,0.015,mg/L,NA,Burn,C,96,96   Burn
P158399-11,Burn_C,SW,GP,SAMP,2025-07-15T11:35:00Z,0.14,NA,SRP,0.002,mg/L,NA,Burn,C,96,96   Burn
P158399-10,Burn/Herbicide_C,SW,GP,SAMP,2025-07-15T11:20:00Z,0.20,NA,TDPO4,0.007,mg/L,NA,Burn/Herbicide,C,96,96   Burn/Herbicide
P158399-10,Burn/Herbicide_C,SW,GP,SAMP,2025-07-15T11:20:00Z,0.20,NA,TPO4,0.015,mg/L,NA,Burn/Herbicide,C,96,96   Burn/Herbicide
P158399-10,Burn/Herbicide_C,SW,GP,SAMP,2025-07-15T11:20:00Z,0.20,NA,SRP,0.002,mg/L,NA,Burn/Herbicide,C,96,96   Burn/Herbicide
P158399-9,Herbicide_C,SW,GP,SAMP,2025-07-15T11:10:00Z,0.14,NA,TDPO4,0.01,mg/L,NA,Herbicide,C,96,96   Herbicide
P158399-9,Herbicide_C,SW,GP,SAMP,2025-07-15T11:10:00Z,0.14,NA,TPO4,0.018,mg/L,NA,Herbicide,C,96,96   Herbicide
P158399-9,Herbicide_C,SW,GP,SAMP,2025-07-15T11:10:00Z,0.14,NA,SRP,0.002,mg/L,NA,Herbicide,C,96,96   Herbicide
P158399-8,Herbicide_B,SW,GP,SAMP,2025-07-15T10:55:00Z,0.18,NA,TDPO4,0.009,mg/L,NA,Herbicide,B,96,96   Herbicide
P158399-8,Herbicide_B,SW,GP,SAMP,2025-07-15T10:55:00Z,0.18,NA,TPO4,0.016,mg/L,NA,Herbicide,B,96,96   Herbicide
P158399-8,Herbicide_B,SW,GP,SAMP,2025-07-15T10:55:00Z,0.18,NA,SRP,0.002,mg/L,NA,Herbicide,B,96,96   Herbicide
P158399-7,Burn/Herbicide_B,SW,GP,SAMP,2025-07-15T10:40:00Z,0.16,NA,TDPO4,0.007,mg/L,NA,Burn/Herbicide,B,96,96   Burn/Herbicide
P158399-7,Burn/Herbicide_B,SW,GP,SAMP,2025-07-15T10:40:00Z,0.16,NA,TPO4,0.015,mg/L,NA,Burn/Herbicide,B,96,96   Burn/Herbicide
P158399-7,Burn/Herbicide_B,SW,GP,SAMP,2025-07-15T10:40:00Z,0.16,NA,SRP,0.002,mg/L,NA,Burn/Herbicide,B,96,96   Burn/Herbicide
P158399-6,Burn_B,SW,GP,SAMP,2025-07-15T10:30:00Z,0.17,NA,TDPO4,0.008,mg/L,NA,Burn,B,96,96   Burn
P158399-6,Burn_B,SW,GP,SAMP,2025-07-15T10:30:00Z,0.17,NA,TPO4,0.015,mg/L,NA,Burn,B,96,96   Burn
P158399-6,Burn_B,SW,GP,SAMP,2025-07-15T10:30:00Z,0.17,NA,SRP,0.002,mg/L,NA,Burn,B,96,96   Burn
P158399-5,Untreated_B,SW,GP,SAMP,2025-07-15T10:15:00Z,0.13,NA,TDPO4,0.01,mg/L,NA,Untreated,B,96,96   Untreated
P158399-5,Untreated_B,SW,GP,SAMP,2025-07-15T10:15:00Z,0.13,NA,TPO4,0.018,mg/L,NA,Untreated,B,96,96   Untreated
P158399-5,Untreated_B,SW,GP,SAMP,2025-07-15T10:15:00Z,0.13,NA,SRP,0.002,mg/L,NA,Untreated,B,96,96   Untreated
P158399-4,Burn_A,SW,GP,SAMP,2025-07-15T10:00:00Z,0.17,NA,TDPO4,0.008,mg/L,NA,Burn,A,96,96   Burn
P158399-4,Burn_A,SW,GP,SAMP,2025-07-15T10:00:00Z,0.17,NA,TPO4,0.016,mg/L,NA,Burn,A,96,96   Burn
P158399-4,Burn_A,SW,GP,SAMP,2025-07-15T10:00:00Z,0.17,NA,SRP,0.002,mg/L,NA,Burn,A,96,96   Burn
P158399-3,Burn/Herbicide_A,SW,GP,SAMP,2025-07-15T09:50:00Z,0.18,NA,TDPO4,0.007,mg/L,NA,Burn/Herbicide,A,96,96   Burn/Herbicide
P158399-3,Burn/Herbicide_A,SW,GP,SAMP,2025-07-15T09:50:00Z,0.18,NA,TPO4,0.014,mg/L,NA,Burn/Herbicide,A,96,96   Burn/Herbicide
P158399-3,Burn/Herbicide_A,SW,GP,SAMP,2025-07-15T09:50:00Z,0.18,NA,SRP,0.002,mg/L,NA,Burn/Herbicide,A,96,96   Burn/Herbicide
P158399-2,Herbicide_A,SW,GP,SAMP,2025-07-15T09:35:00Z,0.17,NA,TDPO4,0.009,mg/L,NA,Herbicide,A,96,96   Herbicide
P158399-2,Herbicide_A,SW,GP,SAMP,2025-07-15T09:35:00Z,0.17,NA,TPO4,0.014,mg/L,NA,Herbicide,A,96,96   Herbicide
P158399-2,Herbicide_A,SW,GP,SAMP,2025-07-15T09:35:00Z,0.17,NA,SRP,0.002,mg/L,NA,Herbicide,A,96,96   Herbicide
P158399-13,Untreated_A,DI,GP,FCEB,2025-07-15T09:25:00Z,NA,NA,TDPO4,0.002,mg/L,NA,Untreated,A,96,96   Untreated
P158399-13,Untreated_A,DI,GP,FCEB,2025-07-15T09:25:00Z,NA,NA,TPO4,0.002,mg/L,NA,Untreated,A,96,96   Untreated
P158399-13,Untreated_A,DI,GP,FCEB,2025-07-15T09:25:00Z,NA,NA,SRP,0.002,mg/L,NA,Untreated,A,96,96   Untreated
P158399-1,Untreated_A,SW,GP,SAMP,2025-07-15T09:20:00Z,0.12,NA,TDPO4,0.011,mg/L,NA,Untreated,A,96,96   Untreated
P158399-1,Untreated_A,SW,GP,SAMP,2025-07-15T09:20:00Z,0.12,NA,TPO4,0.016,mg/L,NA,Untreated,A,96,96   Untreated
P158399-1,Untreated_A,SW,GP,SAMP,2025-07-15T09:20:00Z,0.12,NA,SRP,0.002,mg/L,NA,Untreated,A,96,96   Untreated
P158398-12,Untreated_C,SW,GP,SAMP,2025-07-01T12:55:00Z,0.09,NA,SRP,0.003,mg/L,NA,Untreated,C,82,82   Untreated
P158398-12,Untreated_C,SW,GP,SAMP,2025-07-01T12:55:00Z,0.09,NA,TDPO4,0.013,mg/L,NA,Untreated,C,82,82   Untreated
P158398-12,Untreated_C,SW,GP,SAMP,2025-07-01T12:55:00Z,0.09,NA,TPO4,0.029,mg/L,NA,Untreated,C,82,82   Untreated
P158398-11,Burn_C,SW,GP,SAMP,2025-07-01T12:45:00Z,0.13,NA,SRP,0.002,mg/L,NA,Burn,C,82,82   Burn
P158398-11,Burn_C,SW,GP,SAMP,2025-07-01T12:45:00Z,0.13,NA,TDPO4,0.009,mg/L,NA,Burn,C,82,82   Burn
P158398-11,Burn_C,SW,GP,SAMP,2025-07-01T12:45:00Z,0.13,NA,TPO4,0.023,mg/L,NA,Burn,C,82,82   Burn
P158398-10,Burn/Herbicide_C,SW,GP,SAMP,2025-07-01T12:35:00Z,0.17,NA,SRP,0.002,mg/L,NA,Burn/Herbicide,C,82,82   Burn/Herbicide
P158398-10,Burn/Herbicide_C,SW,GP,SAMP,2025-07-01T12:35:00Z,0.17,NA,TDPO4,0.008,mg/L,NA,Burn/Herbicide,C,82,82   Burn/Herbicide
P158398-10,Burn/Herbicide_C,SW,GP,SAMP,2025-07-01T12:35:00Z,0.17,NA,TPO4,0.016,mg/L,NA,Burn/Herbicide,C,82,82   Burn/Herbicide
P158398-9,Herbicide_C,SW,GP,SAMP,2025-07-01T12:20:00Z,0.10,NA,SRP,0.002,mg/L,NA,Herbicide,C,82,82   Herbicide
P158398-9,Herbicide_C,SW,GP,SAMP,2025-07-01T12:20:00Z,0.10,NA,TDPO4,0.011,mg/L,NA,Herbicide,C,82,82   Herbicide
P158398-9,Herbicide_C,SW,GP,SAMP,2025-07-01T12:20:00Z,0.10,NA,TPO4,0.022,mg/L,NA,Herbicide,C,82,82   Herbicide
P158398-8,Herbicide_B,SW,GP,SAMP,2025-07-01T12:05:00Z,0.10,NA,SRP,0.002,mg/L,NA,Herbicide,B,82,82   Herbicide
P158398-8,Herbicide_B,SW,GP,SAMP,2025-07-01T12:05:00Z,0.10,NA,TDPO4,0.011,mg/L,NA,Herbicide,B,82,82   Herbicide
P158398-8,Herbicide_B,SW,GP,SAMP,2025-07-01T12:05:00Z,0.10,NA,TPO4,0.022,mg/L,NA,Herbicide,B,82,82   Herbicide
P158398-7,Burn/Herbicide_B,SW,GP,SAMP,2025-07-01T11:55:00Z,0.14,NA,SRP,0.002,mg/L,NA,Burn/Herbicide,B,82,82   Burn/Herbicide
P158398-7,Burn/Herbicide_B,SW,GP,SAMP,2025-07-01T11:55:00Z,0.14,NA,TDPO4,0.008,mg/L,NA,Burn/Herbicide,B,82,82   Burn/Herbicide
P158398-7,Burn/Herbicide_B,SW,GP,SAMP,2025-07-01T11:55:00Z,0.14,NA,TPO4,0.022,mg/L,NA,Burn/Herbicide,B,82,82   Burn/Herbicide
P158398-5,Untreated_B,SW,GP,SAMP,2025-07-01T11:45:00Z,0.24,NA,SRP,0.002,mg/L,NA,Untreated,B,82,82   Untreated
P158398-5,Untreated_B,SW,GP,SAMP,2025-07-01T11:45:00Z,0.24,NA,TDPO4,0.012,mg/L,NA,Untreated,B,82,82   Untreated
P158398-5,Untreated_B,SW,GP,SAMP,2025-07-01T11:45:00Z,0.24,NA,TPO4,0.02,mg/L,NA,Untreated,B,82,82   Untreated
P158398-6,Burn_B,SW,GP,SAMP,2025-07-01T11:30:00Z,0.13,NA,SRP,0.002,mg/L,NA,Burn,B,82,82   Burn
P158398-6,Burn_B,SW,GP,SAMP,2025-07-01T11:30:00Z,0.13,NA,TDPO4,0.01,mg/L,NA,Burn,B,82,82   Burn
P158398-6,Burn_B,SW,GP,SAMP,2025-07-01T11:30:00Z,0.13,NA,TPO4,0.017,mg/L,NA,Burn,B,82,82   Burn
P158398-4,Burn_A,SW,GP,SAMP,2025-07-01T11:15:00Z,0.10,NA,SRP,0.003,mg/L,NA,Burn,A,82,82   Burn
P158398-4,Burn_A,SW,GP,SAMP,2025-07-01T11:15:00Z,0.10,NA,TDPO4,0.014,mg/L,NA,Burn,A,82,82   Burn
P158398-4,Burn_A,SW,GP,SAMP,2025-07-01T11:15:00Z,0.10,NA,TPO4,0.027,mg/L,NA,Burn,A,82,82   Burn
P158398-3,Burn/Herbicide_A,SW,GP,SAMP,2025-07-01T10:20:00Z,0.14,NA,SRP,0.002,mg/L,NA,Burn/Herbicide,A,82,82   Burn/Herbicide
P158398-3,Burn/Herbicide_A,SW,GP,SAMP,2025-07-01T10:20:00Z,0.14,NA,TDPO4,0.009,mg/L,NA,Burn/Herbicide,A,82,82   Burn/Herbicide
P158398-3,Burn/Herbicide_A,SW,GP,SAMP,2025-07-01T10:20:00Z,0.14,NA,TPO4,0.023,mg/L,NA,Burn/Herbicide,A,82,82   Burn/Herbicide
P158398-2,Herbicide_A,SW,GP,SAMP,2025-07-01T10:10:00Z,0.14,NA,SRP,0.003,mg/L,NA,Herbicide,A,82,82   Herbicide
P158398-2,Herbicide_A,SW,GP,SAMP,2025-07-01T10:10:00Z,0.14,NA,TDPO4,0.012,mg/L,NA,Herbicide,A,82,82   Herbicide
P158398-2,Herbicide_A,SW,GP,SAMP,2025-07-01T10:10:00Z,0.14,NA,TPO4,0.023,mg/L,NA,Herbicide,A,82,82   Herbicide
P158398-13,Untreated_A,DI,GP,FCEB,2025-07-01T09:55:00Z,NA,NA,SRP,0.002,mg/L,PC22|FCEB collected thru all sampling equipment.,Untreated,A,82,82   Untreated
P158398-13,Untreated_A,DI,GP,FCEB,2025-07-01T09:55:00Z,NA,NA,TDPO4,0.002,mg/L,PC22|FCEB collected thru all sampling equipment.,Untreated,A,82,82   Untreated
P158398-13,Untreated_A,DI,GP,FCEB,2025-07-01T09:55:00Z,NA,NA,TPO4,0.002,mg/L,PC22|FCEB collected thru all sampling equipment.,Untreated,A,82,82   Untreated
P158398-1,Untreated_A,SW,GP,SAMP,2025-07-01T09:45:00Z,0.13,NA,SRP,0.002,mg/L,NA,Untreated,A,82,82   Untreated
P158398-1,Untreated_A,SW,GP,SAMP,2025-07-01T09:45:00Z,0.13,NA,TDPO4,0.013,mg/L,NA,Untreated,A,82,82   Untreated
P158398-1,Untreated_A,SW,GP,SAMP,2025-07-01T09:45:00Z,0.13,NA,TPO4,0.024,mg/L,NA,Untreated,A,82,82   Untreated
P158397-12,Untreated_C,SW,GP,SAMP,2025-06-17T13:40:00Z,0.09,NA,TDPO4,0.011,mg/L,Cattail pop up; very bubbly/gassy,Untreated,C,68,68   Untreated
P158397-12,Untreated_C,SW,GP,SAMP,2025-06-17T13:40:00Z,0.09,NA,TPO4,0.016,mg/L,Cattail pop up; very bubbly/gassy,Untreated,C,68,68   Untreated
P158397-12,Untreated_C,SW,GP,SAMP,2025-06-17T13:40:00Z,0.09,NA,SRP,0.002,mg/L,Cattail pop up; very bubbly/gassy,Untreated,C,68,68   Untreated
P158397-11,Burn_C,SW,GP,SAMP,2025-06-17T13:30:00Z,0.13,NA,TDPO4,0.008,mg/L,NA,Burn,C,68,68   Burn
P158397-11,Burn_C,SW,GP,SAMP,2025-06-17T13:30:00Z,0.13,NA,TPO4,0.015,mg/L,NA,Burn,C,68,68   Burn
P158397-11,Burn_C,SW,GP,SAMP,2025-06-17T13:30:00Z,0.13,NA,SRP,0.003,mg/L,NA,Burn,C,68,68   Burn
P158397-10,Burn/Herbicide_C,SW,GP,SAMP,2025-06-17T13:20:00Z,0.17,NA,TDPO4,0.008,mg/L,NA,Burn/Herbicide,C,68,68   Burn/Herbicide
P158397-10,Burn/Herbicide_C,SW,GP,SAMP,2025-06-17T13:20:00Z,0.17,NA,TPO4,0.014,mg/L,NA,Burn/Herbicide,C,68,68   Burn/Herbicide
P158397-10,Burn/Herbicide_C,SW,GP,SAMP,2025-06-17T13:20:00Z,0.17,NA,SRP,0.002,mg/L,NA,Burn/Herbicide,C,68,68   Burn/Herbicide
P158397-9,Herbicide_C,SW,GP,SAMP,2025-06-17T13:10:00Z,0.08,NA,TDPO4,0.013,mg/L,NA,Herbicide,C,68,68   Herbicide
P158397-9,Herbicide_C,SW,GP,SAMP,2025-06-17T13:10:00Z,0.08,NA,TPO4,0.019,mg/L,NA,Herbicide,C,68,68   Herbicide
P158397-9,Herbicide_C,SW,GP,SAMP,2025-06-17T13:10:00Z,0.08,NA,SRP,0.004,mg/L,NA,Herbicide,C,68,68   Herbicide
P158397-8,Herbicide_B,SW,GP,SAMP,2025-06-17T13:00:00Z,0.07,NA,TDPO4,0.011,mg/L,NA,Herbicide,B,68,68   Herbicide
P158397-8,Herbicide_B,SW,GP,SAMP,2025-06-17T13:00:00Z,0.07,NA,TPO4,0.016,mg/L,NA,Herbicide,B,68,68   Herbicide
P158397-8,Herbicide_B,SW,GP,SAMP,2025-06-17T13:00:00Z,0.07,NA,SRP,0.002,mg/L,NA,Herbicide,B,68,68   Herbicide
P158397-7,Burn/Herbicide_B,SW,GP,SAMP,2025-06-17T12:45:00Z,0.12,NA,TDPO4,0.008,mg/L,NA,Burn/Herbicide,B,68,68   Burn/Herbicide
P158397-7,Burn/Herbicide_B,SW,GP,SAMP,2025-06-17T12:45:00Z,0.12,NA,TPO4,0.018,mg/L,NA,Burn/Herbicide,B,68,68   Burn/Herbicide
P158397-7,Burn/Herbicide_B,SW,GP,SAMP,2025-06-17T12:45:00Z,0.12,NA,SRP,0.002,mg/L,NA,Burn/Herbicide,B,68,68   Burn/Herbicide
P158397-6,Burn_B,SW,GP,SAMP,2025-06-17T12:35:00Z,0.11,NA,TDPO4,0.009,mg/L,NA,Burn,B,68,68   Burn
P158397-6,Burn_B,SW,GP,SAMP,2025-06-17T12:35:00Z,0.11,NA,TPO4,0.014,mg/L,NA,Burn,B,68,68   Burn
P158397-6,Burn_B,SW,GP,SAMP,2025-06-17T12:35:00Z,0.11,NA,SRP,0.002,mg/L,NA,Burn,B,68,68   Burn
P158397-5,Untreated_B,SW,GP,SAMP,2025-06-17T12:25:00Z,0.1,NA,TDPO4,0.012,mg/L,NA,Untreated,B,68,68   Untreated
P158397-5,Untreated_B,SW,GP,SAMP,2025-06-17T12:25:00Z,0.1,NA,TPO4,0.017,mg/L,NA,Untreated,B,68,68   Untreated
P158397-5,Untreated_B,SW,GP,SAMP,2025-06-17T12:25:00Z,0.1,NA,SRP,0.004,mg/L,NA,Untreated,B,68,68   Untreated
P158397-4,Burn_A,SW,GP,SAMP,2025-06-17T12:15:00Z,0.08,NA,TDPO4,0.01,mg/L,NA,Burn,A,68,68   Burn
P158397-4,Burn_A,SW,GP,SAMP,2025-06-17T12:15:00Z,0.08,NA,TPO4,0.018,mg/L,NA,Burn,A,68,68   Burn
P158397-4,Burn_A,SW,GP,SAMP,2025-06-17T12:15:00Z,0.08,NA,SRP,0.002,mg/L,NA,Burn,A,68,68   Burn
P158397-3,Burn/Herbicide_A,SW,GP,SAMP,2025-06-17T10:45:00Z,0.11,NA,TDPO4,0.009,mg/L,NA,Burn/Herbicide,A,68,68   Burn/Herbicide
P158397-3,Burn/Herbicide_A,SW,GP,SAMP,2025-06-17T10:45:00Z,0.11,NA,TPO4,0.016,mg/L,NA,Burn/Herbicide,A,68,68   Burn/Herbicide
P158397-3,Burn/Herbicide_A,SW,GP,SAMP,2025-06-17T10:45:00Z,0.11,NA,SRP,0.002,mg/L,NA,Burn/Herbicide,A,68,68   Burn/Herbicide
P158397-2,Herbicide_A,SW,GP,SAMP,2025-06-17T10:30:00Z,0.11,NA,TDPO4,0.009,mg/L,NA,Herbicide,A,68,68   Herbicide
P158397-2,Herbicide_A,SW,GP,SAMP,2025-06-17T10:30:00Z,0.11,NA,TPO4,0.017,mg/L,NA,Herbicide,A,68,68   Herbicide
P158397-2,Herbicide_A,SW,GP,SAMP,2025-06-17T10:30:00Z,0.11,NA,SRP,0.002,mg/L,NA,Herbicide,A,68,68   Herbicide
P158397-13,Untreated_A,DI,GP,FB,2025-06-17T10:15:00Z,NA,NA,TDPO4,0.002,mg/L,DI 8242 through peristaltic pump tubing into sampling bucket.,Untreated,A,68,68   Untreated
P158397-13,Untreated_A,DI,GP,FB,2025-06-17T10:15:00Z,NA,NA,TPO4,0.002,mg/L,DI 8242 through peristaltic pump tubing into sampling bucket.,Untreated,A,68,68   Untreated
P158397-13,Untreated_A,DI,GP,FB,2025-06-17T10:15:00Z,NA,NA,SRP,0.002,mg/L,DI 8242 through peristaltic pump tubing into sampling bucket.,Untreated,A,68,68   Untreated
P158397-1,Untreated_A,SW,GP,SAMP,2025-06-17T10:00:00Z,0.1,NA,TDPO4,0.012,mg/L,NA,Untreated,A,68,68   Untreated
P158397-1,Untreated_A,SW,GP,SAMP,2025-06-17T10:00:00Z,0.1,NA,TPO4,0.016,mg/L,NA,Untreated,A,68,68   Untreated
P158397-1,Untreated_A,SW,GP,SAMP,2025-06-17T10:00:00Z,0.1,NA,SRP,0.003,mg/L,NA,Untreated,A,68,68   Untreated
P158396-12,Untreated_C,SW,GP,SAMP,2025-06-03T12:00:00Z,0.11,NA,TDPO4,0.018,mg/L,NA,Untreated,C,54,54   Untreated
P158396-12,Untreated_C,SW,GP,SAMP,2025-06-03T12:00:00Z,0.11,NA,TPO4,0.042,mg/L,NA,Untreated,C,54,54   Untreated
P158396-12,Untreated_C,SW,GP,SAMP,2025-06-03T12:00:00Z,0.11,NA,SRP,0.004,mg/L,NA,Untreated,C,54,54   Untreated
P158396-11,Burn_C,SW,GP,SAMP,2025-06-03T11:45:00Z,0.1,NA,TDPO4,0.019,mg/L,NA,Burn,C,54,54   Burn
P158396-11,Burn_C,SW,GP,SAMP,2025-06-03T11:45:00Z,0.1,NA,TPO4,0.043,mg/L,NA,Burn,C,54,54   Burn
P158396-11,Burn_C,SW,GP,SAMP,2025-06-03T11:45:00Z,0.1,NA,SRP,0.009,mg/L,NA,Burn,C,54,54   Burn
P158396-10,Burn/Herbicide_C,SW,GP,SAMP,2025-06-03T11:35:00Z,0.15,NA,TDPO4,0.012,mg/L,NA,Burn/Herbicide,C,54,54   Burn/Herbicide
P158396-10,Burn/Herbicide_C,SW,GP,SAMP,2025-06-03T11:35:00Z,0.15,NA,TPO4,0.035,mg/L,NA,Burn/Herbicide,C,54,54   Burn/Herbicide
P158396-10,Burn/Herbicide_C,SW,GP,SAMP,2025-06-03T11:35:00Z,0.15,NA,SRP,0.002,mg/L,NA,Burn/Herbicide,C,54,54   Burn/Herbicide
P158396-9,Herbicide_C,SW,GP,SAMP,2025-06-03T11:25:00Z,0.07,NA,TDPO4,0.025,mg/L,NA,Herbicide,C,54,54   Herbicide
P158396-9,Herbicide_C,SW,GP,SAMP,2025-06-03T11:25:00Z,0.07,NA,TPO4,0.049,mg/L,NA,Herbicide,C,54,54   Herbicide
P158396-9,Herbicide_C,SW,GP,SAMP,2025-06-03T11:25:00Z,0.07,NA,SRP,0.01,mg/L,NA,Herbicide,C,54,54   Herbicide
P158396-8,Herbicide_B,SW,GP,SAMP,2025-06-03T11:15:00Z,0.09,NA,TDPO4,0.013,mg/L,NA,Herbicide,B,54,54   Herbicide
P158396-8,Herbicide_B,SW,GP,SAMP,2025-06-03T11:15:00Z,0.09,NA,TPO4,0.04,mg/L,NA,Herbicide,B,54,54   Herbicide
P158396-8,Herbicide_B,SW,GP,SAMP,2025-06-03T11:15:00Z,0.09,NA,SRP,0.004,mg/L,NA,Herbicide,B,54,54   Herbicide
P158396-7,Burn/Herbicide_B,SW,GP,SAMP,2025-06-03T11:05:00Z,0.12,NA,TDPO4,0.012,mg/L,Turbidity from tilapia at site. Chara present.,Burn/Herbicide,B,54,54   Burn/Herbicide
P158396-7,Burn/Herbicide_B,SW,GP,SAMP,2025-06-03T11:05:00Z,0.12,NA,TPO4,0.051,mg/L,Turbidity from tilapia at site. Chara present.,Burn/Herbicide,B,54,54   Burn/Herbicide
P158396-7,Burn/Herbicide_B,SW,GP,SAMP,2025-06-03T11:05:00Z,0.12,NA,SRP,0.009,mg/L,Turbidity from tilapia at site. Chara present.,Burn/Herbicide,B,54,54   Burn/Herbicide
P158396-6,Burn_B,SW,GP,SAMP,2025-06-03T10:50:00Z,0.11,NA,TDPO4,0.021,mg/L,NA,Burn,B,54,54   Burn
P158396-6,Burn_B,SW,GP,SAMP,2025-06-03T10:50:00Z,0.11,NA,TPO4,0.039,mg/L,NA,Burn,B,54,54   Burn
P158396-6,Burn_B,SW,GP,SAMP,2025-06-03T10:50:00Z,0.11,NA,SRP,0.006,mg/L,NA,Burn,B,54,54   Burn
P158396-5,Untreated_B,SW,GP,SAMP,2025-06-03T10:35:00Z,0.09,NA,TDPO4,0.017,mg/L,Lemna present at site. Some ceratophyllum present.,Untreated,B,54,54   Untreated
P158396-5,Untreated_B,SW,GP,SAMP,2025-06-03T10:35:00Z,0.09,NA,TPO4,0.033,mg/L,Lemna present at site. Some ceratophyllum present.,Untreated,B,54,54   Untreated
P158396-5,Untreated_B,SW,GP,SAMP,2025-06-03T10:35:00Z,0.09,NA,SRP,0.007,mg/L,Lemna present at site. Some ceratophyllum present.,Untreated,B,54,54   Untreated
P158396-4,Burn_A,SW,GP,SAMP,2025-06-03T10:20:00Z,0.07,NA,TDPO4,0.017,mg/L,NA,Burn,A,54,54   Burn
P158396-4,Burn_A,SW,GP,SAMP,2025-06-03T10:20:00Z,0.07,NA,TPO4,0.053,mg/L,NA,Burn,A,54,54   Burn
P158396-4,Burn_A,SW,GP,SAMP,2025-06-03T10:20:00Z,0.07,NA,SRP,0.006,mg/L,NA,Burn,A,54,54   Burn
P158396-3,Burn/Herbicide_A,SW,GP,SAMP,2025-06-03T10:05:00Z,0.1,NA,TDPO4,0.012,mg/L,NA,Burn/Herbicide,A,54,54   Burn/Herbicide
P158396-3,Burn/Herbicide_A,SW,GP,SAMP,2025-06-03T10:05:00Z,0.1,NA,TPO4,0.041,mg/L,NA,Burn/Herbicide,A,54,54   Burn/Herbicide
P158396-3,Burn/Herbicide_A,SW,GP,SAMP,2025-06-03T10:05:00Z,0.1,NA,SRP,0.006,mg/L,NA,Burn/Herbicide,A,54,54   Burn/Herbicide
P158396-2,Herbicide_A,SW,GP,SAMP,2025-06-03T09:50:00Z,0.09,NA,TDPO4,0.028,mg/L,NA,Herbicide,A,54,54   Herbicide
P158396-2,Herbicide_A,SW,GP,SAMP,2025-06-03T09:50:00Z,0.09,NA,TPO4,0.055,mg/L,NA,Herbicide,A,54,54   Herbicide
P158396-2,Herbicide_A,SW,GP,SAMP,2025-06-03T09:50:00Z,0.09,NA,SRP,0.017,mg/L,NA,Herbicide,A,54,54   Herbicide
P158396-13,Untreated_A,DI,GP,FCEB,2025-06-03T09:40:00Z,NA,NA,TDPO4,0.002,mg/L,"DI 8246 through peristaltic pump tubing to bucket to sample bottles. Bucket Mjolner, tray Redland, filter 17866092, H2SO4 072823.",Untreated,A,54,54   Untreated
P158396-13,Untreated_A,DI,GP,FCEB,2025-06-03T09:40:00Z,NA,NA,TPO4,0.002,mg/L,"DI 8246 through peristaltic pump tubing to bucket to sample bottles. Bucket Mjolner, tray Redland, filter 17866092, H2SO4 072823.",Untreated,A,54,54   Untreated
P158396-13,Untreated_A,DI,GP,FCEB,2025-06-03T09:40:00Z,NA,NA,SRP,0.002,mg/L,"DI 8246 through peristaltic pump tubing to bucket to sample bottles. Bucket Mjolner, tray Redland, filter 17866092, H2SO4 072823.",Untreated,A,54,54   Untreated
P158396-1,Untreated_A,SW,GP,SAMP,2025-06-03T09:30:00Z,0.07,NA,TDPO4,0.014,mg/L,NA,Untreated,A,54,54   Untreated
P158396-1,Untreated_A,SW,GP,SAMP,2025-06-03T09:30:00Z,0.07,NA,TPO4,0.034,mg/L,NA,Untreated,A,54,54   Untreated
P158396-1,Untreated_A,SW,GP,SAMP,2025-06-03T09:30:00Z,0.07,NA,SRP,0.006,mg/L,NA,Untreated,A,54,54   Untreated
P158395-12,Untreated_C,SW,GP,SAMP,2025-05-21T12:45:00Z,0.16,NA,TPO4,0.089,mg/L,NA,Untreated,C,41,41   Untreated
P158395-12,Untreated_C,SW,GP,SAMP,2025-05-21T12:45:00Z,0.16,NA,SRP,0.008,mg/L,NA,Untreated,C,41,41   Untreated
P158395-12,Untreated_C,SW,GP,SAMP,2025-05-21T12:45:00Z,0.16,NA,TDPO4,0.026,mg/L,NA,Untreated,C,41,41   Untreated
P158395-11,Burn_C,SW,GP,SAMP,2025-05-21T12:30:00Z,0.22,NA,TPO4,0.167,mg/L,NA,Burn,C,41,41   Burn
P158395-11,Burn_C,SW,GP,SAMP,2025-05-21T12:30:00Z,0.22,NA,SRP,0.012,mg/L,NA,Burn,C,41,41   Burn
P158395-11,Burn_C,SW,GP,SAMP,2025-05-21T12:30:00Z,0.22,NA,TDPO4,0.022,mg/L,NA,Burn,C,41,41   Burn
P158395-10,Burn/Herbicide_C,SW,GP,SAMP,2025-05-21T12:20:00Z,0.17,NA,TPO4,0.057,mg/L,NA,Burn/Herbicide,C,41,41   Burn/Herbicide
P158395-10,Burn/Herbicide_C,SW,GP,SAMP,2025-05-21T12:20:00Z,0.17,NA,SRP,0.007,mg/L,NA,Burn/Herbicide,C,41,41   Burn/Herbicide
P158395-10,Burn/Herbicide_C,SW,GP,SAMP,2025-05-21T12:20:00Z,0.17,NA,TDPO4,0.02,mg/L,NA,Burn/Herbicide,C,41,41   Burn/Herbicide
P158395-9,Herbicide_C,SW,GP,SAMP,2025-05-21T12:05:00Z,0.14,NA,TPO4,0.038,mg/L,NA,Herbicide,C,41,41   Herbicide
P158395-9,Herbicide_C,SW,GP,SAMP,2025-05-21T12:05:00Z,0.14,NA,SRP,0.002,mg/L,NA,Herbicide,C,41,41   Herbicide
P158395-9,Herbicide_C,SW,GP,SAMP,2025-05-21T12:05:00Z,0.14,NA,TDPO4,0.019,mg/L,NA,Herbicide,C,41,41   Herbicide
P158395-8,Herbicide_B,SW,GP,SAMP,2025-05-21T11:50:00Z,0.13,NA,TPO4,0.047,mg/L,NA,Herbicide,B,41,41   Herbicide
P158395-8,Herbicide_B,SW,GP,SAMP,2025-05-21T11:50:00Z,0.13,NA,SRP,0.009,mg/L,NA,Herbicide,B,41,41   Herbicide
P158395-8,Herbicide_B,SW,GP,SAMP,2025-05-21T11:50:00Z,0.13,NA,TDPO4,0.018,mg/L,NA,Herbicide,B,41,41   Herbicide
P158395-7,Burn/Herbicide_B,SW,GP,SAMP,2025-05-21T11:40:00Z,0.17,NA,TPO4,0.147,mg/L,Visible turbidity in water column.,Burn/Herbicide,B,41,41   Burn/Herbicide
P158395-7,Burn/Herbicide_B,SW,GP,SAMP,2025-05-21T11:40:00Z,0.17,NA,SRP,0.009,mg/L,Visible turbidity in water column.,Burn/Herbicide,B,41,41   Burn/Herbicide
P158395-7,Burn/Herbicide_B,SW,GP,SAMP,2025-05-21T11:40:00Z,0.17,NA,TDPO4,0.032,mg/L,Visible turbidity in water column.,Burn/Herbicide,B,41,41   Burn/Herbicide
P158395-6,Burn_B,SW,GP,SAMP,2025-05-21T11:25:00Z,0.16,NA,TPO4,0.061,mg/L,NA,Burn,B,41,41   Burn
P158395-6,Burn_B,SW,GP,SAMP,2025-05-21T11:25:00Z,0.16,NA,SRP,0.008,mg/L,NA,Burn,B,41,41   Burn
P158395-6,Burn_B,SW,GP,SAMP,2025-05-21T11:25:00Z,0.16,NA,TDPO4,0.021,mg/L,NA,Burn,B,41,41   Burn
P158395-5,Untreated_B,SW,GP,SAMP,2025-05-21T11:10:00Z,0.14,NA,TPO4,0.037,mg/L,NA,Untreated,B,41,41   Untreated
P158395-5,Untreated_B,SW,GP,SAMP,2025-05-21T11:10:00Z,0.14,NA,SRP,0.01,mg/L,NA,Untreated,B,41,41   Untreated
P158395-5,Untreated_B,SW,GP,SAMP,2025-05-21T11:10:00Z,0.14,NA,TDPO4,0.028,mg/L,NA,Untreated,B,41,41   Untreated
P158395-4,Burn_A,SW,GP,SAMP,2025-05-21T10:50:00Z,0.13,NA,TPO4,0.069,mg/L,NA,Burn,A,41,41   Burn
P158395-4,Burn_A,SW,GP,SAMP,2025-05-21T10:50:00Z,0.13,NA,SRP,0.004,mg/L,NA,Burn,A,41,41   Burn
P158395-4,Burn_A,SW,GP,SAMP,2025-05-21T10:50:00Z,0.13,NA,TDPO4,0.027,mg/L,NA,Burn,A,41,41   Burn
P158395-3,Burn/Herbicide_A,SW,GP,SAMP,2025-05-21T10:25:00Z,0.16,NA,TPO4,0.051,mg/L,NA,Burn/Herbicide,A,41,41   Burn/Herbicide
P158395-3,Burn/Herbicide_A,SW,GP,SAMP,2025-05-21T10:25:00Z,0.16,NA,SRP,0.004,mg/L,NA,Burn/Herbicide,A,41,41   Burn/Herbicide
P158395-3,Burn/Herbicide_A,SW,GP,SAMP,2025-05-21T10:25:00Z,0.16,NA,TDPO4,0.019,mg/L,NA,Burn/Herbicide,A,41,41   Burn/Herbicide
P158395-2,Herbicide_A,SW,GP,SAMP,2025-05-21T10:10:00Z,0.15,NA,TPO4,0.033,mg/L,NA,Herbicide,A,41,41   Herbicide
P158395-2,Herbicide_A,SW,GP,SAMP,2025-05-21T10:10:00Z,0.15,NA,SRP,0.005,mg/L,NA,Herbicide,A,41,41   Herbicide
P158395-2,Herbicide_A,SW,GP,SAMP,2025-05-21T10:10:00Z,0.15,NA,TDPO4,0.017,mg/L,NA,Herbicide,A,41,41   Herbicide
P158395-13,Untreated_A,DI,GP,FB,2025-05-21T09:55:00Z,NA,NA,TPO4,0.002,mg/L,DI 8225 through peristaltic pump tubing to bucket to sample bottles.,Untreated,A,41,41   Untreated
P158395-13,Untreated_A,DI,GP,FB,2025-05-21T09:55:00Z,NA,NA,SRP,0.002,mg/L,DI 8225 through peristaltic pump tubing to bucket to sample bottles.,Untreated,A,41,41   Untreated
P158395-13,Untreated_A,DI,GP,FB,2025-05-21T09:55:00Z,NA,NA,TDPO4,0.002,mg/L,DI 8225 through peristaltic pump tubing to bucket to sample bottles.,Untreated,A,41,41   Untreated
P158395-1,Untreated_A,SW,GP,SAMP,2025-05-21T09:40:00Z,0.1,NA,TPO4,0.04,mg/L,NA,Untreated,A,41,41   Untreated
P158395-1,Untreated_A,SW,GP,SAMP,2025-05-21T09:40:00Z,0.1,NA,SRP,0.008,mg/L,NA,Untreated,A,41,41   Untreated
P158395-1,Untreated_A,SW,GP,SAMP,2025-05-21T09:40:00Z,0.1,NA,TDPO4,0.021,mg/L,NA,Untreated,A,41,41   Untreated
P155744-12,Untreated_C,SW,GP,SAMP,2025-05-08T13:05:00Z,0.17,NA,SRP,0.002,mg/L,NA,Untreated,C,28,28   Untreated
P155744-12,Untreated_C,SW,GP,SAMP,2025-05-08T13:05:00Z,0.17,NA,TDPO4,0.017,mg/L,NA,Untreated,C,28,28   Untreated
P155744-12,Untreated_C,SW,GP,SAMP,2025-05-08T13:05:00Z,0.17,NA,TPO4,0.03,mg/L,NA,Untreated,C,28,28   Untreated
P155744-11,Burn_C,SW,GP,SAMP,2025-05-08T12:50:00Z,0.12,NA,SRP,0.003,mg/L,NA,Burn,C,28,28   Burn
P155744-11,Burn_C,SW,GP,SAMP,2025-05-08T12:50:00Z,0.12,NA,TDPO4,0.018,mg/L,NA,Burn,C,28,28   Burn
P155744-11,Burn_C,SW,GP,SAMP,2025-05-08T12:50:00Z,0.12,NA,TPO4,0.035,mg/L,NA,Burn,C,28,28   Burn
P155744-10,Burn/Herbicide_C,SW,GP,SAMP,2025-05-08T12:35:00Z,0.2,NA,SRP,0.002,mg/L,NA,Burn/Herbicide,C,28,28   Burn/Herbicide
P155744-10,Burn/Herbicide_C,SW,GP,SAMP,2025-05-08T12:35:00Z,0.2,NA,TDPO4,0.015,mg/L,NA,Burn/Herbicide,C,28,28   Burn/Herbicide
P155744-10,Burn/Herbicide_C,SW,GP,SAMP,2025-05-08T12:35:00Z,0.2,NA,TPO4,0.028,mg/L,NA,Burn/Herbicide,C,28,28   Burn/Herbicide
P155744-9,Herbicide_C,SW,GP,SAMP,2025-05-08T12:20:00Z,0.12,NA,SRP,0.009,mg/L,NA,Herbicide,C,28,28   Herbicide
P155744-9,Herbicide_C,SW,GP,SAMP,2025-05-08T12:20:00Z,0.12,NA,TDPO4,0.03,mg/L,NA,Herbicide,C,28,28   Herbicide
P155744-9,Herbicide_C,SW,GP,SAMP,2025-05-08T12:20:00Z,0.12,NA,TPO4,0.037,mg/L,NA,Herbicide,C,28,28   Herbicide
P155744-8,Herbicide_B,SW,GP,SAMP,2025-05-08T12:05:00Z,0.13,NA,SRP,0.006,mg/L,NA,Herbicide,B,28,28   Herbicide
P155744-8,Herbicide_B,SW,GP,SAMP,2025-05-08T12:05:00Z,0.13,NA,TDPO4,0.02,mg/L,NA,Herbicide,B,28,28   Herbicide
P155744-8,Herbicide_B,SW,GP,SAMP,2025-05-08T12:05:00Z,0.13,NA,TPO4,0.035,mg/L,NA,Herbicide,B,28,28   Herbicide
P155744-7,Burn/Herbicide_B,SW,GP,SAMP,2025-05-08T11:50:00Z,0.19,NA,SRP,0.003,mg/L,NA,Burn/Herbicide,B,28,28   Burn/Herbicide
P155744-7,Burn/Herbicide_B,SW,GP,SAMP,2025-05-08T11:50:00Z,0.19,NA,TDPO4,0.017,mg/L,NA,Burn/Herbicide,B,28,28   Burn/Herbicide
P155744-7,Burn/Herbicide_B,SW,GP,SAMP,2025-05-08T11:50:00Z,0.19,NA,TPO4,0.037,mg/L,NA,Burn/Herbicide,B,28,28   Burn/Herbicide
P155744-6,Burn_B,SW,GP,SAMP,2025-05-08T11:35:00Z,0.17,NA,SRP,0.008,mg/L,NA,Burn,B,28,28   Burn
P155744-6,Burn_B,SW,GP,SAMP,2025-05-08T11:35:00Z,0.17,NA,TDPO4,0.024,mg/L,NA,Burn,B,28,28   Burn
P155744-6,Burn_B,SW,GP,SAMP,2025-05-08T11:35:00Z,0.17,NA,TPO4,0.038,mg/L,NA,Burn,B,28,28   Burn
P155744-5,Untreated_B,SW,GP,SAMP,2025-05-08T11:20:00Z,0.12,NA,SRP,0.018,mg/L,NA,Untreated,B,28,28   Untreated
P155744-5,Untreated_B,SW,GP,SAMP,2025-05-08T11:20:00Z,0.12,NA,TDPO4,0.034,mg/L,NA,Untreated,B,28,28   Untreated
P155744-5,Untreated_B,SW,GP,SAMP,2025-05-08T11:20:00Z,0.12,NA,TPO4,0.054,mg/L,NA,Untreated,B,28,28   Untreated
P155744-4,Burn_A,SW,GP,SAMP,2025-05-08T11:00:00Z,0.15,NA,SRP,0.037,mg/L,NA,Burn,A,28,28   Burn
P155744-4,Burn_A,SW,GP,SAMP,2025-05-08T11:00:00Z,0.15,NA,TDPO4,0.065,mg/L,NA,Burn,A,28,28   Burn
P155744-4,Burn_A,SW,GP,SAMP,2025-05-08T11:00:00Z,0.15,NA,TPO4,0.08,mg/L,NA,Burn,A,28,28   Burn
P155744-3,Burn/Herbicide_A,SW,GP,SAMP,2025-05-08T10:10:00Z,0.16,NA,SRP,0.009,mg/L,NA,Burn/Herbicide,A,28,28   Burn/Herbicide
P155744-3,Burn/Herbicide_A,SW,GP,SAMP,2025-05-08T10:10:00Z,0.16,NA,TDPO4,0.025,mg/L,NA,Burn/Herbicide,A,28,28   Burn/Herbicide
P155744-3,Burn/Herbicide_A,SW,GP,SAMP,2025-05-08T10:10:00Z,0.16,NA,TPO4,0.045,mg/L,NA,Burn/Herbicide,A,28,28   Burn/Herbicide
P155744-2,Herbicide_A,SW,GP,SAMP,2025-05-08T09:50:00Z,0.1,NA,SRP,0.01,mg/L,NA,Herbicide,A,28,28   Herbicide
P155744-2,Herbicide_A,SW,GP,SAMP,2025-05-08T09:50:00Z,0.1,NA,TDPO4,0.024,mg/L,NA,Herbicide,A,28,28   Herbicide
P155744-2,Herbicide_A,SW,GP,SAMP,2025-05-08T09:50:00Z,0.1,NA,TPO4,0.035,mg/L,NA,Herbicide,A,28,28   Herbicide
P155744-13,Untreated_A,DI,GP,FCEB,2025-05-08T09:40:00Z,NA,NA,SRP,0.002,mg/L,"DI 8235 through peristaltic pump tubing to bucket to sample bottles. Bucket Chimichanga, Tray Trip, SA 072823, Filter lot 17866092.",Untreated,A,28,28   Untreated
P155744-13,Untreated_A,DI,GP,FCEB,2025-05-08T09:40:00Z,NA,NA,TDPO4,0.002,mg/L,"DI 8235 through peristaltic pump tubing to bucket to sample bottles. Bucket Chimichanga, Tray Trip, SA 072823, Filter lot 17866092.",Untreated,A,28,28   Untreated
P155744-13,Untreated_A,DI,GP,FCEB,2025-05-08T09:40:00Z,NA,NA,TPO4,0.002,mg/L,"DI 8235 through peristaltic pump tubing to bucket to sample bottles. Bucket Chimichanga, Tray Trip, SA 072823, Filter lot 17866092.",Untreated,A,28,28   Untreated
P155744-1,Untreated_A,SW,GP,SAMP,2025-05-08T09:30:00Z,0.07,NA,SRP,0.015,mg/L,NA,Untreated,A,28,28   Untreated
P155744-1,Untreated_A,SW,GP,SAMP,2025-05-08T09:30:00Z,0.07,NA,TDPO4,0.034,mg/L,NA,Untreated,A,28,28   Untreated
P155744-1,Untreated_A,SW,GP,SAMP,2025-05-08T09:30:00Z,0.07,NA,TPO4,0.046,mg/L,NA,Untreated,A,28,28   Untreated
P157280-12,Herbicide_A,SW,ADT,SAMP,2025-05-01T13:27:18Z,NA,NA,No Bottle,0,UNITS,NA,Herbicide,A,21,21   Herbicide
P157280-11,Herbicide_A,SW,ADT,SAMP,2025-05-01T13:27:01Z,NA,NA,No Bottle,0,UNITS,NA,Herbicide,A,21,21   Herbicide
P157280-10,Herbicide_A,SW,ADT,SAMP,2025-05-01T13:26:44Z,NA,NA,No Bottle,0,UNITS,NA,Herbicide,A,21,21   Herbicide
P157280-9,Herbicide_A,SW,ADT,SAMP,2025-05-01T13:26:26Z,NA,NA,No Bottle,0,UNITS,NA,Herbicide,A,21,21   Herbicide
P157280-8,Herbicide_A,SW,ADT,SAMP,2025-05-01T13:25:21Z,NA,NA,No Bottle,0,UNITS,NA,Herbicide,A,21,21   Herbicide
P157280-7,Herbicide_A,SW,ADT,SAMP,2025-05-01T13:25:02Z,NA,NA,No Bottle,0,UNITS,NA,Herbicide,A,21,21   Herbicide
P157280-5,Herbicide_A,SW,ADT,SAMP,2025-05-01T13:24:20Z,NA,NA,No Bottle,0,UNITS,NA,Herbicide,A,21,21   Herbicide
P157280-6,Herbicide_A,SW,ADT,SAMP,2025-05-01T13:24:00Z,NA,NA,No Bottle,0,UNITS,NA,Herbicide,A,21,21   Herbicide
P157280-4,Herbicide_A,SW,ADT,SAMP,2025-05-01T13:23:40Z,NA,NA,No Bottle,0,UNITS,NA,Herbicide,A,21,21   Herbicide
P157280-3,Herbicide_A,SW,ADT,SAMP,2025-05-01T13:23:08Z,NA,NA,No Bottle,0,UNITS,NA,Herbicide,A,21,21   Herbicide
P157280-19,Herbicide_A,DI,G,FB,2025-05-01T10:19:00Z,NA,NA,TPO4,0.002,mg/L,NA,Herbicide,A,21,21   Herbicide
P157256-19,Untreated_A,DI,G,FB,2025-05-01T10:19:00Z,NA,NA,TPO4,0.002,mg/L,NA,Untreated,A,21,21   Untreated
P157272-19,Burn/Herbicide_A,DI,G,FB,2025-05-01T10:19:00Z,NA,NA,TPO4,0.002,mg/L,NA,Burn/Herbicide,A,21,21   Burn/Herbicide
P157272-13,Burn/Herbicide_A,SW,ADT,SAMP,2025-05-01T10:13:00Z,NA,NA,TPO4,0.052,mg/L,NA,Burn/Herbicide,A,21,21   Burn/Herbicide
P157272-12,Burn/Herbicide_A,SW,ADT,SAMP,2025-05-01T10:12:00Z,NA,NA,TPO4,0.038,mg/L,NA,Burn/Herbicide,A,21,21   Burn/Herbicide
P157256-12,Untreated_A,SW,ADT,SAMP,2025-05-01T10:12:00Z,NA,NA,No Bottle,0,UNITS,NA,Untreated,A,21,21   Untreated
P157272-11,Burn/Herbicide_A,SW,ADT,SAMP,2025-05-01T10:11:00Z,NA,NA,TPO4,0.039,mg/L,NA,Burn/Herbicide,A,21,21   Burn/Herbicide
P157256-11,Untreated_A,SW,ADT,SAMP,2025-05-01T10:11:00Z,NA,NA,No Bottle,0,UNITS,NA,Untreated,A,21,21   Untreated
P157256-10,Untreated_A,SW,ADT,SAMP,2025-05-01T10:10:00Z,NA,NA,TPO4,0.067,mg/L,NA,Untreated,A,21,21   Untreated
P157272-10,Burn/Herbicide_A,SW,ADT,SAMP,2025-05-01T10:10:00Z,NA,NA,TPO4,0.044,mg/L,NA,Burn/Herbicide,A,21,21   Burn/Herbicide
P157256-9,Untreated_A,SW,ADT,SAMP,2025-05-01T10:09:00Z,NA,NA,TPO4,0.07,mg/L,NA,Untreated,A,21,21   Untreated
P157272-9,Burn/Herbicide_A,SW,ADT,SAMP,2025-05-01T10:09:00Z,NA,NA,TPO4,0.049,mg/L,NA,Burn/Herbicide,A,21,21   Burn/Herbicide
P157256-8,Untreated_A,SW,ADT,SAMP,2025-05-01T10:08:00Z,NA,NA,TPO4,0.069,mg/L,NA,Untreated,A,21,21   Untreated
P157272-8,Burn/Herbicide_A,SW,ADT,SAMP,2025-05-01T10:08:00Z,NA,NA,TPO4,0.053,mg/L,NA,Burn/Herbicide,A,21,21   Burn/Herbicide
P157256-7,Untreated_A,SW,ADT,SAMP,2025-05-01T10:07:00Z,NA,NA,TPO4,0.068,mg/L,NA,Untreated,A,21,21   Untreated
P157272-7,Burn/Herbicide_A,SW,ADT,SAMP,2025-05-01T10:07:00Z,NA,NA,TPO4,0.054,mg/L,NA,Burn/Herbicide,A,21,21   Burn/Herbicide
P157256-6,Untreated_A,SW,ADT,SAMP,2025-05-01T10:06:00Z,NA,NA,TPO4,0.066,mg/L,NA,Untreated,A,21,21   Untreated
P157272-6,Burn/Herbicide_A,SW,ADT,SAMP,2025-05-01T10:06:00Z,NA,NA,TPO4,0.057,mg/L,NA,Burn/Herbicide,A,21,21   Burn/Herbicide
P157256-5,Untreated_A,SW,ADT,SAMP,2025-05-01T10:05:00Z,NA,NA,TPO4,0.062,mg/L,NA,Untreated,A,21,21   Untreated
P157272-5,Burn/Herbicide_A,SW,ADT,SAMP,2025-05-01T10:05:00Z,NA,NA,TPO4,0.076,mg/L,NA,Burn/Herbicide,A,21,21   Burn/Herbicide
P157256-4,Untreated_A,SW,ADT,SAMP,2025-05-01T10:04:00Z,NA,NA,TPO4,0.053,mg/L,NA,Untreated,A,21,21   Untreated
P157272-4,Burn/Herbicide_A,SW,ADT,SAMP,2025-05-01T10:04:00Z,NA,NA,TPO4,0.123,mg/L,NA,Burn/Herbicide,A,21,21   Burn/Herbicide
P157256-3,Untreated_A,SW,ADT,SAMP,2025-05-01T10:03:00Z,NA,NA,TPO4,0.057,mg/L,NA,Untreated,A,21,21   Untreated
P157272-3,Burn/Herbicide_A,SW,ADT,SAMP,2025-05-01T10:03:00Z,NA,NA,TPO4,0.135,mg/L,NA,Burn/Herbicide,A,21,21   Burn/Herbicide
P157280-2,Herbicide_A,SW,ADT,SAMP,2025-05-01T10:02:00Z,NA,NA,TPO4,0.056,mg/L,NA,Herbicide,A,21,21   Herbicide
P157256-2,Untreated_A,SW,ADT,SAMP,2025-05-01T10:02:00Z,NA,NA,TPO4,0.086,mg/L,NA,Untreated,A,21,21   Untreated
P157272-2,Burn/Herbicide_A,SW,ADT,SAMP,2025-05-01T10:02:00Z,NA,NA,TPO4,0.057,mg/L,Composite sample collected 4/10 of 3 an 9 am samples. Autosampler stopped for burn and restarted 4/11 at 3:00 AM,Burn/Herbicide,A,21,21   Burn/Herbicide
P157280-1,Herbicide_A,SW,ADT,SAMP,2025-05-01T10:01:00Z,NA,NA,TPO4,0.042,mg/L,4/10 sample composite of 3 and 9AM samples. Autosampler stopped for burn and restarted on 4/11 at 3AM,Herbicide,A,21,21   Herbicide
P157256-1,Untreated_A,SW,ADT,SAMP,2025-05-01T10:01:00Z,NA,NA,TPO4,0.086,mg/L,Sample collected on 4/10 is composite of 3 and 9 AM samples. Autosampler stopped for burn and restarted at 3:00AM on 4/11,Untreated,A,21,21   Untreated
P157272-1,Burn/Herbicide_A,SW,ADT,SAMP,2025-05-01T10:01:00Z,NA,NA,TPO4,0.066,mg/L,NA,Burn/Herbicide,A,21,21   Burn/Herbicide
P155742-12,Untreated_C,SW,GP,SAMP,2025-04-21T13:45:00Z,0.05,NA,Pheophytin A,0.624,ug/L,NA,Untreated,C,11,11   Untreated
P155742-12,Untreated_C,SW,GP,SAMP,2025-04-21T13:45:00Z,0.05,NA,Chlorophyll A,19.3,ug/L,NA,Untreated,C,11,11   Untreated
P155742-12,Untreated_C,SW,GP,SAMP,2025-04-21T13:45:00Z,0.05,NA,Chlorophyll B,1.06,ug/L,NA,Untreated,C,11,11   Untreated
P155742-12,Untreated_C,SW,GP,SAMP,2025-04-21T13:45:00Z,0.05,NA,DOC,27.2,mg/L,NA,Untreated,C,11,11   Untreated
P155742-12,Untreated_C,SW,GP,SAMP,2025-04-21T13:45:00Z,0.05,NA,NOX,0.005,mg/L,NA,Untreated,C,11,11   Untreated
P155742-12,Untreated_C,SW,GP,SAMP,2025-04-21T13:45:00Z,0.05,NA,NH4,0.056,mg/L,NA,Untreated,C,11,11   Untreated
P155742-12,Untreated_C,SW,GP,SAMP,2025-04-21T13:45:00Z,0.05,NA,TPO4,0.047,mg/L,NA,Untreated,C,11,11   Untreated
P155742-12,Untreated_C,SW,GP,SAMP,2025-04-21T13:45:00Z,0.05,NA,TN,1.38,mg/L,NA,Untreated,C,11,11   Untreated
P155742-12,Untreated_C,SW,GP,SAMP,2025-04-21T13:45:00Z,0.05,NA,SRP,0.005,mg/L,NA,Untreated,C,11,11   Untreated
P155742-12,Untreated_C,SW,GP,SAMP,2025-04-21T13:45:00Z,0.05,NA,TDPO4,0.023,mg/L,NA,Untreated,C,11,11   Untreated
P155742-11,Burn_C,SW,GP,SAMP,2025-04-21T13:35:00Z,0.08,NA,Pheophytin A,0.333,ug/L,NA,Burn,C,11,11   Burn
P155742-11,Burn_C,SW,GP,SAMP,2025-04-21T13:35:00Z,0.08,NA,Chlorophyll A,8.97,ug/L,NA,Burn,C,11,11   Burn
P155742-11,Burn_C,SW,GP,SAMP,2025-04-21T13:35:00Z,0.08,NA,Chlorophyll B,0.55,ug/L,NA,Burn,C,11,11   Burn
P155742-11,Burn_C,SW,GP,SAMP,2025-04-21T13:35:00Z,0.08,NA,DOC,23.6,mg/L,NA,Burn,C,11,11   Burn
P155742-11,Burn_C,SW,GP,SAMP,2025-04-21T13:35:00Z,0.08,NA,NOX,0.005,mg/L,NA,Burn,C,11,11   Burn
P155742-11,Burn_C,SW,GP,SAMP,2025-04-21T13:35:00Z,0.08,NA,NH4,0.03,mg/L,NA,Burn,C,11,11   Burn
P155742-11,Burn_C,SW,GP,SAMP,2025-04-21T13:35:00Z,0.08,NA,TN,1.32,mg/L,NA,Burn,C,11,11   Burn
P155742-11,Burn_C,SW,GP,SAMP,2025-04-21T13:35:00Z,0.08,NA,TPO4,0.036,mg/L,NA,Burn,C,11,11   Burn
P155742-11,Burn_C,SW,GP,SAMP,2025-04-21T13:35:00Z,0.08,NA,SRP,0.006,mg/L,NA,Burn,C,11,11   Burn
P155742-11,Burn_C,SW,GP,SAMP,2025-04-21T13:35:00Z,0.08,NA,TDPO4,0.02,mg/L,NA,Burn,C,11,11   Burn
P155742-10,Burn/Herbicide_C,SW,GP,SAMP,2025-04-21T13:20:00Z,0.08,NA,Pheophytin A,0.234,ug/L,NA,Burn/Herbicide,C,11,11   Burn/Herbicide
P155742-10,Burn/Herbicide_C,SW,GP,SAMP,2025-04-21T13:20:00Z,0.08,NA,Chlorophyll A,7.57,ug/L,NA,Burn/Herbicide,C,11,11   Burn/Herbicide
P155742-10,Burn/Herbicide_C,SW,GP,SAMP,2025-04-21T13:20:00Z,0.08,NA,Chlorophyll B,0.573,ug/L,NA,Burn/Herbicide,C,11,11   Burn/Herbicide
P155742-10,Burn/Herbicide_C,SW,GP,SAMP,2025-04-21T13:20:00Z,0.08,NA,DOC,24.1,mg/L,NA,Burn/Herbicide,C,11,11   Burn/Herbicide
P155742-10,Burn/Herbicide_C,SW,GP,SAMP,2025-04-21T13:20:00Z,0.08,NA,NOX,0.005,mg/L,NA,Burn/Herbicide,C,11,11   Burn/Herbicide
P155742-10,Burn/Herbicide_C,SW,GP,SAMP,2025-04-21T13:20:00Z,0.08,NA,NH4,0.026,mg/L,NA,Burn/Herbicide,C,11,11   Burn/Herbicide
P155742-10,Burn/Herbicide_C,SW,GP,SAMP,2025-04-21T13:20:00Z,0.08,NA,TN,1.33,mg/L,NA,Burn/Herbicide,C,11,11   Burn/Herbicide
P155742-10,Burn/Herbicide_C,SW,GP,SAMP,2025-04-21T13:20:00Z,0.08,NA,TPO4,0.031,mg/L,NA,Burn/Herbicide,C,11,11   Burn/Herbicide
P155742-10,Burn/Herbicide_C,SW,GP,SAMP,2025-04-21T13:20:00Z,0.08,NA,SRP,0.003,mg/L,NA,Burn/Herbicide,C,11,11   Burn/Herbicide
P155742-10,Burn/Herbicide_C,SW,GP,SAMP,2025-04-21T13:20:00Z,0.08,NA,TDPO4,0.018,mg/L,NA,Burn/Herbicide,C,11,11   Burn/Herbicide
P155742-9,Herbicide_C,SW,GP,SAMP,2025-04-21T13:05:00Z,0.04,NA,Pheophytin A,0.499,ug/L,NA,Herbicide,C,11,11   Herbicide
P155742-9,Herbicide_C,SW,GP,SAMP,2025-04-21T13:05:00Z,0.04,NA,Chlorophyll A,4.83,ug/L,NA,Herbicide,C,11,11   Herbicide
P155742-9,Herbicide_C,SW,GP,SAMP,2025-04-21T13:05:00Z,0.04,NA,Chlorophyll B,0.454,ug/L,NA,Herbicide,C,11,11   Herbicide
P155742-9,Herbicide_C,SW,GP,SAMP,2025-04-21T13:05:00Z,0.04,NA,DOC,24.9,mg/L,NA,Herbicide,C,11,11   Herbicide
P155742-9,Herbicide_C,SW,GP,SAMP,2025-04-21T13:05:00Z,0.04,NA,NOX,0.005,mg/L,NA,Herbicide,C,11,11   Herbicide
P155742-9,Herbicide_C,SW,GP,SAMP,2025-04-21T13:05:00Z,0.04,NA,NH4,0.2,mg/L,NA,Herbicide,C,11,11   Herbicide
P155742-9,Herbicide_C,SW,GP,SAMP,2025-04-21T13:05:00Z,0.04,NA,TPO4,0.057,mg/L,NA,Herbicide,C,11,11   Herbicide
P155742-9,Herbicide_C,SW,GP,SAMP,2025-04-21T13:05:00Z,0.04,NA,TN,1.61,mg/L,NA,Herbicide,C,11,11   Herbicide
P155742-9,Herbicide_C,SW,GP,SAMP,2025-04-21T13:05:00Z,0.04,NA,SRP,0.024,mg/L,NA,Herbicide,C,11,11   Herbicide
P155742-9,Herbicide_C,SW,GP,SAMP,2025-04-21T13:05:00Z,0.04,NA,TDPO4,0.039,mg/L,NA,Herbicide,C,11,11   Herbicide
P155742-8,Herbicide_B,SW,GP,SAMP,2025-04-21T12:50:00Z,0.05,NA,Pheophytin A,0.333,ug/L,NA,Herbicide,B,11,11   Herbicide
P155742-8,Herbicide_B,SW,GP,SAMP,2025-04-21T12:50:00Z,0.05,NA,Chlorophyll A,3.35,ug/L,NA,Herbicide,B,11,11   Herbicide
P155742-8,Herbicide_B,SW,GP,SAMP,2025-04-21T12:50:00Z,0.05,NA,Chlorophyll B,0.378,ug/L,NA,Herbicide,B,11,11   Herbicide
P155742-8,Herbicide_B,SW,GP,SAMP,2025-04-21T12:50:00Z,0.05,NA,DOC,20.9,mg/L,NA,Herbicide,B,11,11   Herbicide
P155742-8,Herbicide_B,SW,GP,SAMP,2025-04-21T12:50:00Z,0.05,NA,NOX,0.005,mg/L,NA,Herbicide,B,11,11   Herbicide
P155742-8,Herbicide_B,SW,GP,SAMP,2025-04-21T12:50:00Z,0.05,NA,NH4,0.045,mg/L,NA,Herbicide,B,11,11   Herbicide
P155742-8,Herbicide_B,SW,GP,SAMP,2025-04-21T12:50:00Z,0.05,NA,TPO4,0.032,mg/L,NA,Herbicide,B,11,11   Herbicide
P155742-8,Herbicide_B,SW,GP,SAMP,2025-04-21T12:50:00Z,0.05,NA,TN,1.42,mg/L,NA,Herbicide,B,11,11   Herbicide
P155742-8,Herbicide_B,SW,GP,SAMP,2025-04-21T12:50:00Z,0.05,NA,SRP,0.008,mg/L,NA,Herbicide,B,11,11   Herbicide
P155742-8,Herbicide_B,SW,GP,SAMP,2025-04-21T12:50:00Z,0.05,NA,TDPO4,0.022,mg/L,NA,Herbicide,B,11,11   Herbicide
P155742-7,Burn/Herbicide_B,SW,GP,SAMP,2025-04-21T12:35:00Z,0.06,NA,Pheophytin A,0.323,ug/L,NA,Burn/Herbicide,B,11,11   Burn/Herbicide
P155742-7,Burn/Herbicide_B,SW,GP,SAMP,2025-04-21T12:35:00Z,0.06,NA,Chlorophyll A,5.8,ug/L,NA,Burn/Herbicide,B,11,11   Burn/Herbicide
P155742-7,Burn/Herbicide_B,SW,GP,SAMP,2025-04-21T12:35:00Z,0.06,NA,Chlorophyll B,0.56,ug/L,NA,Burn/Herbicide,B,11,11   Burn/Herbicide
P155742-7,Burn/Herbicide_B,SW,GP,SAMP,2025-04-21T12:35:00Z,0.06,NA,DOC,29.8,mg/L,NA,Burn/Herbicide,B,11,11   Burn/Herbicide
P155742-7,Burn/Herbicide_B,SW,GP,SAMP,2025-04-21T12:35:00Z,0.06,NA,NOX,0.005,mg/L,NA,Burn/Herbicide,B,11,11   Burn/Herbicide
P155742-7,Burn/Herbicide_B,SW,GP,SAMP,2025-04-21T12:35:00Z,0.06,NA,NH4,0.03,mg/L,NA,Burn/Herbicide,B,11,11   Burn/Herbicide
P155742-7,Burn/Herbicide_B,SW,GP,SAMP,2025-04-21T12:35:00Z,0.06,NA,TPO4,0.042,mg/L,NA,Burn/Herbicide,B,11,11   Burn/Herbicide
P155742-7,Burn/Herbicide_B,SW,GP,SAMP,2025-04-21T12:35:00Z,0.06,NA,TN,1.69,mg/L,NA,Burn/Herbicide,B,11,11   Burn/Herbicide
P155742-7,Burn/Herbicide_B,SW,GP,SAMP,2025-04-21T12:35:00Z,0.06,NA,SRP,0.004,mg/L,NA,Burn/Herbicide,B,11,11   Burn/Herbicide
P155742-7,Burn/Herbicide_B,SW,GP,SAMP,2025-04-21T12:35:00Z,0.06,NA,TDPO4,0.026,mg/L,NA,Burn/Herbicide,B,11,11   Burn/Herbicide
P155742-6,Burn_B,SW,GP,SAMP,2025-04-21T12:20:00Z,0.05,NA,Pheophytin A,0.234,ug/L,NA,Burn,B,11,11   Burn
P155742-6,Burn_B,SW,GP,SAMP,2025-04-21T12:20:00Z,0.05,NA,Chlorophyll A,2.83,ug/L,NA,Burn,B,11,11   Burn
P155742-6,Burn_B,SW,GP,SAMP,2025-04-21T12:20:00Z,0.05,NA,Chlorophyll B,0.24,ug/L,NA,Burn,B,11,11   Burn
P155742-6,Burn_B,SW,GP,SAMP,2025-04-21T12:20:00Z,0.05,NA,DOC,24.7,mg/L,NA,Burn,B,11,11   Burn
P155742-6,Burn_B,SW,GP,SAMP,2025-04-21T12:20:00Z,0.05,NA,NOX,0.005,mg/L,NA,Burn,B,11,11   Burn
P155742-6,Burn_B,SW,GP,SAMP,2025-04-21T12:20:00Z,0.05,NA,NH4,0.039,mg/L,NA,Burn,B,11,11   Burn
P155742-6,Burn_B,SW,GP,SAMP,2025-04-21T12:20:00Z,0.05,NA,TPO4,0.036,mg/L,NA,Burn,B,11,11   Burn
P155742-6,Burn_B,SW,GP,SAMP,2025-04-21T12:20:00Z,0.05,NA,TN,1.32,mg/L,NA,Burn,B,11,11   Burn
P155742-6,Burn_B,SW,GP,SAMP,2025-04-21T12:20:00Z,0.05,NA,SRP,0.01,mg/L,NA,Burn,B,11,11   Burn
P155742-6,Burn_B,SW,GP,SAMP,2025-04-21T12:20:00Z,0.05,NA,TDPO4,0.027,mg/L,NA,Burn,B,11,11   Burn
P155742-5,Untreated_B,SW,GP,SAMP,2025-04-21T11:55:00Z,0.05,NA,Pheophytin A,0.592,ug/L,NA,Untreated,B,11,11   Untreated
P155742-5,Untreated_B,SW,GP,SAMP,2025-04-21T11:55:00Z,0.05,NA,Chlorophyll A,3.5,ug/L,NA,Untreated,B,11,11   Untreated
P155742-5,Untreated_B,SW,GP,SAMP,2025-04-21T11:55:00Z,0.05,NA,Chlorophyll B,0.349,ug/L,NA,Untreated,B,11,11   Untreated
P155742-5,Untreated_B,SW,GP,SAMP,2025-04-21T11:55:00Z,0.05,NA,DOC,22.8,mg/L,NA,Untreated,B,11,11   Untreated
P155742-5,Untreated_B,SW,GP,SAMP,2025-04-21T11:55:00Z,0.05,NA,NOX,0.005,mg/L,NA,Untreated,B,11,11   Untreated
P155742-5,Untreated_B,SW,GP,SAMP,2025-04-21T11:55:00Z,0.05,NA,NH4,0.225,mg/L,NA,Untreated,B,11,11   Untreated
P155742-5,Untreated_B,SW,GP,SAMP,2025-04-21T11:55:00Z,0.05,NA,TPO4,0.114,mg/L,NA,Untreated,B,11,11   Untreated
P155742-5,Untreated_B,SW,GP,SAMP,2025-04-21T11:55:00Z,0.05,NA,TN,1.52,mg/L,NA,Untreated,B,11,11   Untreated
P155742-5,Untreated_B,SW,GP,SAMP,2025-04-21T11:55:00Z,0.05,NA,SRP,0.066,mg/L,NA,Untreated,B,11,11   Untreated
P155742-5,Untreated_B,SW,GP,SAMP,2025-04-21T11:55:00Z,0.05,NA,TDPO4,0.087,mg/L,NA,Untreated,B,11,11   Untreated
P155742-4,Burn_A,SW,GP,SAMP,2025-04-21T11:30:00Z,0.05,NA,Pheophytin A,0.262,ug/L,NA,Burn,A,11,11   Burn
P155742-4,Burn_A,SW,GP,SAMP,2025-04-21T11:30:00Z,0.05,NA,Chlorophyll A,4.6,ug/L,NA,Burn,A,11,11   Burn
P155742-4,Burn_A,SW,GP,SAMP,2025-04-21T11:30:00Z,0.05,NA,Chlorophyll B,0.682,ug/L,NA,Burn,A,11,11   Burn
P155742-4,Burn_A,SW,GP,SAMP,2025-04-21T11:30:00Z,0.05,NA,DOC,25.7,mg/L,NA,Burn,A,11,11   Burn
P155742-4,Burn_A,SW,GP,SAMP,2025-04-21T11:30:00Z,0.05,NA,NOX,0.005,mg/L,NA,Burn,A,11,11   Burn
P155742-4,Burn_A,SW,GP,SAMP,2025-04-21T11:30:00Z,0.05,NA,NH4,0.029,mg/L,NA,Burn,A,11,11   Burn
P155742-4,Burn_A,SW,GP,SAMP,2025-04-21T11:30:00Z,0.05,NA,TPO4,0.051,mg/L,NA,Burn,A,11,11   Burn
P155742-4,Burn_A,SW,GP,SAMP,2025-04-21T11:30:00Z,0.05,NA,TN,1.39,mg/L,NA,Burn,A,11,11   Burn
P155742-4,Burn_A,SW,GP,SAMP,2025-04-21T11:30:00Z,0.05,NA,SRP,0.02,mg/L,NA,Burn,A,11,11   Burn
P155742-4,Burn_A,SW,GP,SAMP,2025-04-21T11:30:00Z,0.05,NA,TDPO4,0.04,mg/L,NA,Burn,A,11,11   Burn
P155742-3,Burn/Herbicide_A,SW,GP,SAMP,2025-04-21T10:45:00Z,0.06,NA,Pheophytin A,0.333,ug/L,NA,Burn/Herbicide,A,11,11   Burn/Herbicide
P155742-3,Burn/Herbicide_A,SW,GP,SAMP,2025-04-21T10:45:00Z,0.06,NA,Chlorophyll A,6.65,ug/L,NA,Burn/Herbicide,A,11,11   Burn/Herbicide
P155742-3,Burn/Herbicide_A,SW,GP,SAMP,2025-04-21T10:45:00Z,0.06,NA,Chlorophyll B,0.57,ug/L,NA,Burn/Herbicide,A,11,11   Burn/Herbicide
P155742-3,Burn/Herbicide_A,SW,GP,SAMP,2025-04-21T10:45:00Z,0.06,NA,DOC,25.3,mg/L,NA,Burn/Herbicide,A,11,11   Burn/Herbicide
P155742-3,Burn/Herbicide_A,SW,GP,SAMP,2025-04-21T10:45:00Z,0.06,NA,NOX,0.006,mg/L,NA,Burn/Herbicide,A,11,11   Burn/Herbicide
P155742-3,Burn/Herbicide_A,SW,GP,SAMP,2025-04-21T10:45:00Z,0.06,NA,NH4,0.04,mg/L,NA,Burn/Herbicide,A,11,11   Burn/Herbicide
P155742-3,Burn/Herbicide_A,SW,GP,SAMP,2025-04-21T10:45:00Z,0.06,NA,TPO4,0.04,mg/L,NA,Burn/Herbicide,A,11,11   Burn/Herbicide
P155742-3,Burn/Herbicide_A,SW,GP,SAMP,2025-04-21T10:45:00Z,0.06,NA,TN,1.43,mg/L,NA,Burn/Herbicide,A,11,11   Burn/Herbicide
P155742-3,Burn/Herbicide_A,SW,GP,SAMP,2025-04-21T10:45:00Z,0.06,NA,SRP,0.01,mg/L,NA,Burn/Herbicide,A,11,11   Burn/Herbicide
P155742-3,Burn/Herbicide_A,SW,GP,SAMP,2025-04-21T10:45:00Z,0.06,NA,TDPO4,0.028,mg/L,NA,Burn/Herbicide,A,11,11   Burn/Herbicide
P155742-2,Herbicide_A,SW,GP,SAMP,2025-04-21T10:20:00Z,0.05,NA,Pheophytin A,0.63,ug/L,NA,Herbicide,A,11,11   Herbicide
P155742-2,Herbicide_A,SW,GP,SAMP,2025-04-21T10:20:00Z,0.05,NA,Chlorophyll A,5.32,ug/L,NA,Herbicide,A,11,11   Herbicide
P155742-2,Herbicide_A,SW,GP,SAMP,2025-04-21T10:20:00Z,0.05,NA,Chlorophyll B,0.669,ug/L,NA,Herbicide,A,11,11   Herbicide
P155742-2,Herbicide_A,SW,GP,SAMP,2025-04-21T10:20:00Z,0.05,NA,DOC,25.2,mg/L,NA,Herbicide,A,11,11   Herbicide
P155742-2,Herbicide_A,SW,GP,SAMP,2025-04-21T10:20:00Z,0.05,NA,NOX,0.005,mg/L,NA,Herbicide,A,11,11   Herbicide
P155742-2,Herbicide_A,SW,GP,SAMP,2025-04-21T10:20:00Z,0.05,NA,NH4,0.107,mg/L,NA,Herbicide,A,11,11   Herbicide
P155742-2,Herbicide_A,SW,GP,SAMP,2025-04-21T10:20:00Z,0.05,NA,TPO4,0.04,mg/L,NA,Herbicide,A,11,11   Herbicide
P155742-2,Herbicide_A,SW,GP,SAMP,2025-04-21T10:20:00Z,0.05,NA,TN,1.47,mg/L,NA,Herbicide,A,11,11   Herbicide
P155742-2,Herbicide_A,SW,GP,SAMP,2025-04-21T10:20:00Z,0.05,NA,SRP,0.009,mg/L,NA,Herbicide,A,11,11   Herbicide
P155742-2,Herbicide_A,SW,GP,SAMP,2025-04-21T10:20:00Z,0.05,NA,TDPO4,0.027,mg/L,NA,Herbicide,A,11,11   Herbicide
P157264-19,Burn_A,DI,G,FB,2025-04-21T10:19:00Z,NA,NA,TPO4,0.002,mg/L,DI water from FOC lab.,Burn,A,11,11   Burn
P157264-12,Burn_A,SW,ADT,SAMP,2025-04-21T10:12:00Z,NA,NA,TPO4,0.227,mg/L,NA,Burn,A,11,11   Burn
P157264-11,Burn_A,SW,ADT,SAMP,2025-04-21T10:11:00Z,NA,NA,TPO4,0.229,mg/L,NA,Burn,A,11,11   Burn
P155742-13,Untreated_A,DI,GP,FCEB,2025-04-21T10:10:00Z,NA,NA,Pheophytin A,0.008,ug/L,"DI 8166 through peristaltic pump tubing to bucket to sample bottles. Bucket Scooter, Tray Sheba, filter 17866092, SA 072823.",Untreated,A,11,11   Untreated
P155742-13,Untreated_A,DI,GP,FCEB,2025-04-21T10:10:00Z,NA,NA,Chlorophyll A,0.016,ug/L,"DI 8166 through peristaltic pump tubing to bucket to sample bottles. Bucket Scooter, Tray Sheba, filter 17866092, SA 072823.",Untreated,A,11,11   Untreated
P155742-13,Untreated_A,DI,GP,FCEB,2025-04-21T10:10:00Z,NA,NA,Chlorophyll B,0.016,ug/L,"DI 8166 through peristaltic pump tubing to bucket to sample bottles. Bucket Scooter, Tray Sheba, filter 17866092, SA 072823.",Untreated,A,11,11   Untreated
P155742-13,Untreated_A,DI,GP,FCEB,2025-04-21T10:10:00Z,NA,NA,DOC,0.8,mg/L,"DI 8166 through peristaltic pump tubing to bucket to sample bottles. Bucket Scooter, Tray Sheba, filter 17866092, SA 072823.",Untreated,A,11,11   Untreated
P155742-13,Untreated_A,DI,GP,FCEB,2025-04-21T10:10:00Z,NA,NA,NOX,0.005,mg/L,"DI 8166 through peristaltic pump tubing to bucket to sample bottles. Bucket Scooter, Tray Sheba, filter 17866092, SA 072823.",Untreated,A,11,11   Untreated
P155742-13,Untreated_A,DI,GP,FCEB,2025-04-21T10:10:00Z,NA,NA,NH4,0.005,mg/L,"DI 8166 through peristaltic pump tubing to bucket to sample bottles. Bucket Scooter, Tray Sheba, filter 17866092, SA 072823.",Untreated,A,11,11   Untreated
P155742-13,Untreated_A,DI,GP,FCEB,2025-04-21T10:10:00Z,NA,NA,TN,0.05,mg/L,"DI 8166 through peristaltic pump tubing to bucket to sample bottles. Bucket Scooter, Tray Sheba, filter 17866092, SA 072823.",Untreated,A,11,11   Untreated
P155742-13,Untreated_A,DI,GP,FCEB,2025-04-21T10:10:00Z,NA,NA,TPO4,0.002,mg/L,"DI 8166 through peristaltic pump tubing to bucket to sample bottles. Bucket Scooter, Tray Sheba, filter 17866092, SA 072823.",Untreated,A,11,11   Untreated
P155742-13,Untreated_A,DI,GP,FCEB,2025-04-21T10:10:00Z,NA,NA,SRP,0.002,mg/L,"DI 8166 through peristaltic pump tubing to bucket to sample bottles. Bucket Scooter, Tray Sheba, filter 17866092, SA 072823.",Untreated,A,11,11   Untreated
P155742-13,Untreated_A,DI,GP,FCEB,2025-04-21T10:10:00Z,NA,NA,TDPO4,0.002,mg/L,"DI 8166 through peristaltic pump tubing to bucket to sample bottles. Bucket Scooter, Tray Sheba, filter 17866092, SA 072823.",Untreated,A,11,11   Untreated
P157264-10,Burn_A,SW,ADT,SAMP,2025-04-21T10:10:00Z,NA,NA,TPO4,0.24,mg/L,NA,Burn,A,11,11   Burn
P157264-9,Burn_A,SW,ADT,SAMP,2025-04-21T10:09:00Z,NA,NA,TPO4,0.2,mg/L,NA,Burn,A,11,11   Burn
P157264-8,Burn_A,SW,ADT,SAMP,2025-04-21T10:08:00Z,NA,NA,TPO4,0.242,mg/L,NA,Burn,A,11,11   Burn
P157264-7,Burn_A,SW,ADT,SAMP,2025-04-21T10:07:00Z,NA,NA,TPO4,0.287,mg/L,NA,Burn,A,11,11   Burn
P157264-6,Burn_A,SW,ADT,SAMP,2025-04-21T10:06:00Z,NA,NA,TPO4,0.33,mg/L,NA,Burn,A,11,11   Burn
P157264-5,Burn_A,SW,ADT,SAMP,2025-04-21T10:05:00Z,NA,NA,TPO4,0.368,mg/L,NA,Burn,A,11,11   Burn
P157264-4,Burn_A,SW,ADT,SAMP,2025-04-21T10:04:00Z,NA,NA,TPO4,0.396,mg/L,NA,Burn,A,11,11   Burn
P157264-3,Burn_A,SW,ADT,SAMP,2025-04-21T10:03:00Z,NA,NA,TPO4,0.711,mg/L,NA,Burn,A,11,11   Burn
P157264-2,Burn_A,SW,ADT,SAMP,2025-04-21T10:02:00Z,NA,NA,TPO4,1.229,mg/L,NA,Burn,A,11,11   Burn
P157264-1,Burn_A,SW,ADT,SAMP,2025-04-21T10:01:00Z,NA,NA,TPO4,0.13,mg/L,NA,Burn,A,11,11   Burn
P155742-1,Untreated_A,SW,GP,SAMP,2025-04-21T10:00:00Z,0.05,NA,Pheophytin A,0.23,ug/L,NA,Untreated,A,11,11   Untreated
P155742-1,Untreated_A,SW,GP,SAMP,2025-04-21T10:00:00Z,0.05,NA,Chlorophyll A,2.5,ug/L,NA,Untreated,A,11,11   Untreated
P155742-1,Untreated_A,SW,GP,SAMP,2025-04-21T10:00:00Z,0.05,NA,Chlorophyll B,0.23,ug/L,NA,Untreated,A,11,11   Untreated
P155742-1,Untreated_A,SW,GP,SAMP,2025-04-21T10:00:00Z,0.05,NA,DOC,19.3,mg/L,NA,Untreated,A,11,11   Untreated
P155742-1,Untreated_A,SW,GP,SAMP,2025-04-21T10:00:00Z,0.05,NA,NOX,0.01,mg/L,NA,Untreated,A,11,11   Untreated
P155742-1,Untreated_A,SW,GP,SAMP,2025-04-21T10:00:00Z,0.05,NA,NH4,0.052,mg/L,NA,Untreated,A,11,11   Untreated
P155742-1,Untreated_A,SW,GP,SAMP,2025-04-21T10:00:00Z,0.05,NA,TPO4,0.048,mg/L,NA,Untreated,A,11,11   Untreated
P155742-1,Untreated_A,SW,GP,SAMP,2025-04-21T10:00:00Z,0.05,NA,TN,1.12,mg/L,NA,Untreated,A,11,11   Untreated
P155742-1,Untreated_A,SW,GP,SAMP,2025-04-21T10:00:00Z,0.05,NA,SRP,0.019,mg/L,NA,Untreated,A,11,11   Untreated
P155742-1,Untreated_A,SW,GP,SAMP,2025-04-21T10:00:00Z,0.05,NA,TDPO4,0.037,mg/L,NA,Untreated,A,11,11   Untreated
P157263-16,Burn_A,SW,ADT,SAMP,2025-04-17T13:16:00Z,NA,NA,No Bottle,0,UNITS,NA,Burn,A,7,7   Burn
P157263-15,Burn_A,SW,ADT,SAMP,2025-04-17T13:15:00Z,NA,NA,No Bottle,0,UNITS,NA,Burn,A,7,7   Burn
P157263-14,Burn_A,SW,ADT,SAMP,2025-04-17T13:14:00Z,NA,NA,No Bottle,0,UNITS,NA,Burn,A,7,7   Burn
P157263-13,Burn_A,SW,ADT,SAMP,2025-04-17T13:13:00Z,NA,NA,No Bottle,0,UNITS,NA,Burn,A,7,7   Burn
P157263-12,Burn_A,SW,ADT,SAMP,2025-04-17T13:12:00Z,NA,NA,No Bottle,0,UNITS,NA,Burn,A,7,7   Burn
P157263-11,Burn_A,SW,ADT,SAMP,2025-04-17T13:11:00Z,NA,NA,No Bottle,0,UNITS,NA,Burn,A,7,7   Burn
P157263-10,Burn_A,SW,ADT,SAMP,2025-04-17T13:10:00Z,NA,NA,No Bottle,0,UNITS,NA,Burn,A,7,7   Burn
P157263-9,Burn_A,SW,ADT,SAMP,2025-04-17T13:09:00Z,NA,NA,No Bottle,0,UNITS,NA,Burn,A,7,7   Burn
P157263-8,Burn_A,SW,ADT,SAMP,2025-04-17T13:08:00Z,NA,NA,No Bottle,0,UNITS,NA,Burn,A,7,7   Burn
P157263-7,Burn_A,SW,ADT,SAMP,2025-04-17T13:07:00Z,NA,NA,No Bottle,0,UNITS,NA,Burn,A,7,7   Burn
P157263-6,Burn_A,SW,ADT,SAMP,2025-04-17T13:06:00Z,NA,NA,No Bottle,0,UNITS,NA,Burn,A,7,7   Burn
P157263-5,Burn_A,SW,ADT,SAMP,2025-04-17T13:05:00Z,NA,NA,No Bottle,0,UNITS,NA,Burn,A,7,7   Burn
P157263-4,Burn_A,SW,ADT,SAMP,2025-04-17T13:04:00Z,NA,NA,No Bottle,0,UNITS,NA,Burn,A,7,7   Burn
P157263-3,Burn_A,SW,ADT,SAMP,2025-04-17T13:03:00Z,NA,NA,No Bottle,0,UNITS,NA,Burn,A,7,7   Burn
P157263-2,Burn_A,SW,ADT,SAMP,2025-04-17T13:02:00Z,NA,NA,No Bottle,0,UNITS,NA,Burn,A,7,7   Burn
P157263-1,Burn_A,SW,ADT,SAMP,2025-04-17T13:01:00Z,NA,NA,No Bottle,0,UNITS,NA,Burn,A,7,7   Burn
P157271-19,Burn/Herbicide_A,DI,G,FB,2025-04-17T09:19:00Z,NA,NA,TPO4,0.002,mg/L,NA,Burn/Herbicide,A,7,7   Burn/Herbicide
P157271-15,Burn/Herbicide_A,SW,ADT,SAMP,2025-04-17T09:15:00Z,NA,NA,TPO4,0.042,mg/L,NA,Burn/Herbicide,A,7,7   Burn/Herbicide
P157271-14,Burn/Herbicide_A,SW,ADT,SAMP,2025-04-17T09:14:00Z,NA,NA,TPO4,0.093,mg/L,NA,Burn/Herbicide,A,7,7   Burn/Herbicide
P157271-13,Burn/Herbicide_A,SW,ADT,SAMP,2025-04-17T09:13:00Z,NA,NA,TPO4,0.046,mg/L,NA,Burn/Herbicide,A,7,7   Burn/Herbicide
P157271-12,Burn/Herbicide_A,SW,ADT,SAMP,2025-04-17T09:12:00Z,NA,NA,TPO4,0.049,mg/L,NA,Burn/Herbicide,A,7,7   Burn/Herbicide
P157271-11,Burn/Herbicide_A,SW,ADT,SAMP,2025-04-17T09:11:00Z,NA,NA,TPO4,0.048,mg/L,NA,Burn/Herbicide,A,7,7   Burn/Herbicide
P157271-10,Burn/Herbicide_A,SW,ADT,SAMP,2025-04-17T09:10:00Z,NA,NA,TPO4,0.045,mg/L,NA,Burn/Herbicide,A,7,7   Burn/Herbicide
P157271-9,Burn/Herbicide_A,SW,ADT,SAMP,2025-04-17T09:09:00Z,NA,NA,TPO4,0.037,mg/L,NA,Burn/Herbicide,A,7,7   Burn/Herbicide
P157271-8,Burn/Herbicide_A,SW,ADT,SAMP,2025-04-17T09:08:00Z,NA,NA,TPO4,0.045,mg/L,NA,Burn/Herbicide,A,7,7   Burn/Herbicide
P157271-7,Burn/Herbicide_A,SW,ADT,SAMP,2025-04-17T09:07:00Z,NA,NA,TPO4,0.038,mg/L,NA,Burn/Herbicide,A,7,7   Burn/Herbicide
P157271-6,Burn/Herbicide_A,SW,ADT,SAMP,2025-04-17T09:06:00Z,NA,NA,TPO4,0.03,mg/L,NA,Burn/Herbicide,A,7,7   Burn/Herbicide
P157271-5,Burn/Herbicide_A,SW,ADT,SAMP,2025-04-17T09:05:00Z,NA,NA,TPO4,0.168,mg/L,NA,Burn/Herbicide,A,7,7   Burn/Herbicide
P157271-4,Burn/Herbicide_A,SW,ADT,SAMP,2025-04-17T09:04:00Z,NA,NA,TPO4,0.021,mg/L,NA,Burn/Herbicide,A,7,7   Burn/Herbicide
P157271-3,Burn/Herbicide_A,SW,ADT,SAMP,2025-04-17T09:03:00Z,NA,NA,TPO4,0.027,mg/L,NA,Burn/Herbicide,A,7,7   Burn/Herbicide
P157271-2,Burn/Herbicide_A,SW,ADT,SAMP,2025-04-17T09:02:00Z,NA,NA,TPO4,0.026,mg/L,NA,Burn/Herbicide,A,7,7   Burn/Herbicide
P157271-1,Burn/Herbicide_A,SW,ADT,SAMP,2025-04-17T09:01:00Z,NA,NA,TPO4,0.031,mg/L,NA,Burn/Herbicide,A,7,7   Burn/Herbicide
P155741-12,Untreated_C,SW,GP,SAMP,2025-04-16T13:35:00Z,0.04,NA,Pheophytin A,0.72,ug/L,NA,Untreated,C,6,6   Untreated
P155741-12,Untreated_C,SW,GP,SAMP,2025-04-16T13:35:00Z,0.04,NA,Chlorophyll A,9.33,ug/L,NA,Untreated,C,6,6   Untreated
P155741-12,Untreated_C,SW,GP,SAMP,2025-04-16T13:35:00Z,0.04,NA,Chlorophyll B,0.749,ug/L,NA,Untreated,C,6,6   Untreated
P155741-12,Untreated_C,SW,GP,SAMP,2025-04-16T13:35:00Z,0.04,NA,DOC,25.6,mg/L,NA,Untreated,C,6,6   Untreated
P155741-12,Untreated_C,SW,GP,SAMP,2025-04-16T13:35:00Z,0.04,NA,NOX,0.005,mg/L,NA,Untreated,C,6,6   Untreated
P155741-12,Untreated_C,SW,GP,SAMP,2025-04-16T13:35:00Z,0.04,NA,NH4,0.035,mg/L,NA,Untreated,C,6,6   Untreated
P155741-12,Untreated_C,SW,GP,SAMP,2025-04-16T13:35:00Z,0.04,NA,TN,1.51,mg/L,NA,Untreated,C,6,6   Untreated
P155741-12,Untreated_C,SW,GP,SAMP,2025-04-16T13:35:00Z,0.04,NA,SRP,0.008,mg/L,NA,Untreated,C,6,6   Untreated
P155741-12,Untreated_C,SW,GP,SAMP,2025-04-16T13:35:00Z,0.04,NA,TDPO4,0.019,mg/L,NA,Untreated,C,6,6   Untreated
P155741-12,Untreated_C,SW,GP,SAMP,2025-04-16T13:35:00Z,0.04,NA,TPO4,0.04,mg/L,NA,Untreated,C,6,6   Untreated
P155741-11,Burn_C,SW,GP,SAMP,2025-04-16T13:20:00Z,0.08,NA,Pheophytin A,0.368,ug/L,NA,Burn,C,6,6   Burn
P155741-11,Burn_C,SW,GP,SAMP,2025-04-16T13:20:00Z,0.08,NA,Chlorophyll A,5.12,ug/L,NA,Burn,C,6,6   Burn
P155741-11,Burn_C,SW,GP,SAMP,2025-04-16T13:20:00Z,0.08,NA,Chlorophyll B,0.688,ug/L,NA,Burn,C,6,6   Burn
P155741-11,Burn_C,SW,GP,SAMP,2025-04-16T13:20:00Z,0.08,NA,DOC,22,mg/L,NA,Burn,C,6,6   Burn
P155741-11,Burn_C,SW,GP,SAMP,2025-04-16T13:20:00Z,0.08,NA,NOX,0.005,mg/L,NA,Burn,C,6,6   Burn
P155741-11,Burn_C,SW,GP,SAMP,2025-04-16T13:20:00Z,0.08,NA,NH4,0.008,mg/L,NA,Burn,C,6,6   Burn
P155741-11,Burn_C,SW,GP,SAMP,2025-04-16T13:20:00Z,0.08,NA,TN,1.34,mg/L,NA,Burn,C,6,6   Burn
P155741-11,Burn_C,SW,GP,SAMP,2025-04-16T13:20:00Z,0.08,NA,SRP,0.012,mg/L,NA,Burn,C,6,6   Burn
P155741-11,Burn_C,SW,GP,SAMP,2025-04-16T13:20:00Z,0.08,NA,TDPO4,0.032,mg/L,NA,Burn,C,6,6   Burn
P155741-11,Burn_C,SW,GP,SAMP,2025-04-16T13:20:00Z,0.08,NA,TPO4,0.074,mg/L,NA,Burn,C,6,6   Burn
P155741-10,Burn/Herbicide_C,SW,GP,SAMP,2025-04-16T13:00:00Z,0.07,NA,Pheophytin A,0.314,ug/L,NA,Burn/Herbicide,C,6,6   Burn/Herbicide
P155741-10,Burn/Herbicide_C,SW,GP,SAMP,2025-04-16T13:00:00Z,0.07,NA,Chlorophyll A,10.9,ug/L,NA,Burn/Herbicide,C,6,6   Burn/Herbicide
P155741-10,Burn/Herbicide_C,SW,GP,SAMP,2025-04-16T13:00:00Z,0.07,NA,Chlorophyll B,0.288,ug/L,NA,Burn/Herbicide,C,6,6   Burn/Herbicide
P155741-10,Burn/Herbicide_C,SW,GP,SAMP,2025-04-16T13:00:00Z,0.07,NA,DOC,20.6,mg/L,NA,Burn/Herbicide,C,6,6   Burn/Herbicide
P155741-10,Burn/Herbicide_C,SW,GP,SAMP,2025-04-16T13:00:00Z,0.07,NA,NOX,0.005,mg/L,NA,Burn/Herbicide,C,6,6   Burn/Herbicide
P155741-10,Burn/Herbicide_C,SW,GP,SAMP,2025-04-16T13:00:00Z,0.07,NA,NH4,0.01,mg/L,NA,Burn/Herbicide,C,6,6   Burn/Herbicide
P155741-10,Burn/Herbicide_C,SW,GP,SAMP,2025-04-16T13:00:00Z,0.07,NA,TN,1.22,mg/L,NA,Burn/Herbicide,C,6,6   Burn/Herbicide
P155741-10,Burn/Herbicide_C,SW,GP,SAMP,2025-04-16T13:00:00Z,0.07,NA,SRP,0.01,mg/L,NA,Burn/Herbicide,C,6,6   Burn/Herbicide
P155741-10,Burn/Herbicide_C,SW,GP,SAMP,2025-04-16T13:00:00Z,0.07,NA,TDPO4,0.024,mg/L,NA,Burn/Herbicide,C,6,6   Burn/Herbicide
P155741-10,Burn/Herbicide_C,SW,GP,SAMP,2025-04-16T13:00:00Z,0.07,NA,TPO4,0.043,mg/L,NA,Burn/Herbicide,C,6,6   Burn/Herbicide
P155741-9,Herbicide_C,SW,GP,SAMP,2025-04-16T12:40:00Z,0.04,NA,Pheophytin A,0.218,ug/L,NA,Herbicide,C,6,6   Herbicide
P155741-9,Herbicide_C,SW,GP,SAMP,2025-04-16T12:40:00Z,0.04,NA,Chlorophyll A,3.37,ug/L,NA,Herbicide,C,6,6   Herbicide
P155741-9,Herbicide_C,SW,GP,SAMP,2025-04-16T12:40:00Z,0.04,NA,Chlorophyll B,0.134,ug/L,NA,Herbicide,C,6,6   Herbicide
P155741-9,Herbicide_C,SW,GP,SAMP,2025-04-16T12:40:00Z,0.04,NA,DOC,20.1,mg/L,NA,Herbicide,C,6,6   Herbicide
P155741-9,Herbicide_C,SW,GP,SAMP,2025-04-16T12:40:00Z,0.04,NA,NOX,0.005,mg/L,NA,Herbicide,C,6,6   Herbicide
P155741-9,Herbicide_C,SW,GP,SAMP,2025-04-16T12:40:00Z,0.04,NA,NH4,0.038,mg/L,NA,Herbicide,C,6,6   Herbicide
P155741-9,Herbicide_C,SW,GP,SAMP,2025-04-16T12:40:00Z,0.04,NA,TN,1.15,mg/L,NA,Herbicide,C,6,6   Herbicide
P155741-9,Herbicide_C,SW,GP,SAMP,2025-04-16T12:40:00Z,0.04,NA,SRP,0.013,mg/L,NA,Herbicide,C,6,6   Herbicide
P155741-9,Herbicide_C,SW,GP,SAMP,2025-04-16T12:40:00Z,0.04,NA,TDPO4,0.026,mg/L,NA,Herbicide,C,6,6   Herbicide
P155741-9,Herbicide_C,SW,GP,SAMP,2025-04-16T12:40:00Z,0.04,NA,TPO4,0.042,mg/L,NA,Herbicide,C,6,6   Herbicide
P155741-8,Herbicide_B,SW,GP,SAMP,2025-04-16T12:15:00Z,0.02,NA,Pheophytin A,0.55,ug/L,NA,Herbicide,B,6,6   Herbicide
P155741-8,Herbicide_B,SW,GP,SAMP,2025-04-16T12:15:00Z,0.02,NA,Chlorophyll A,7.76,ug/L,NA,Herbicide,B,6,6   Herbicide
P155741-8,Herbicide_B,SW,GP,SAMP,2025-04-16T12:15:00Z,0.02,NA,Chlorophyll B,0.49,ug/L,NA,Herbicide,B,6,6   Herbicide
P155741-8,Herbicide_B,SW,GP,SAMP,2025-04-16T12:15:00Z,0.02,NA,DOC,20,mg/L,NA,Herbicide,B,6,6   Herbicide
P155741-8,Herbicide_B,SW,GP,SAMP,2025-04-16T12:15:00Z,0.02,NA,NOX,0.005,mg/L,NA,Herbicide,B,6,6   Herbicide
P155741-8,Herbicide_B,SW,GP,SAMP,2025-04-16T12:15:00Z,0.02,NA,NH4,0.064,mg/L,NA,Herbicide,B,6,6   Herbicide
P155741-8,Herbicide_B,SW,GP,SAMP,2025-04-16T12:15:00Z,0.02,NA,TN,1.27,mg/L,NA,Herbicide,B,6,6   Herbicide
P155741-8,Herbicide_B,SW,GP,SAMP,2025-04-16T12:15:00Z,0.02,NA,SRP,0.016,mg/L,NA,Herbicide,B,6,6   Herbicide
P155741-8,Herbicide_B,SW,GP,SAMP,2025-04-16T12:15:00Z,0.02,NA,TDPO4,0.031,mg/L,NA,Herbicide,B,6,6   Herbicide
P155741-8,Herbicide_B,SW,GP,SAMP,2025-04-16T12:15:00Z,0.02,NA,TPO4,0.047,mg/L,NA,Herbicide,B,6,6   Herbicide
P155741-7,Burn/Herbicide_B,SW,GP,SAMP,2025-04-16T12:00:00Z,0.08,NA,Pheophytin A,0.467,ug/L,NA,Burn/Herbicide,B,6,6   Burn/Herbicide
P155741-7,Burn/Herbicide_B,SW,GP,SAMP,2025-04-16T12:00:00Z,0.08,NA,Chlorophyll A,8.55,ug/L,NA,Burn/Herbicide,B,6,6   Burn/Herbicide
P155741-7,Burn/Herbicide_B,SW,GP,SAMP,2025-04-16T12:00:00Z,0.08,NA,Chlorophyll B,0.73,ug/L,NA,Burn/Herbicide,B,6,6   Burn/Herbicide
P155741-7,Burn/Herbicide_B,SW,GP,SAMP,2025-04-16T12:00:00Z,0.08,NA,DOC,24.4,mg/L,NA,Burn/Herbicide,B,6,6   Burn/Herbicide
P155741-7,Burn/Herbicide_B,SW,GP,SAMP,2025-04-16T12:00:00Z,0.08,NA,NOX,0.005,mg/L,NA,Burn/Herbicide,B,6,6   Burn/Herbicide
P155741-7,Burn/Herbicide_B,SW,GP,SAMP,2025-04-16T12:00:00Z,0.08,NA,NH4,0.023,mg/L,NA,Burn/Herbicide,B,6,6   Burn/Herbicide
P155741-7,Burn/Herbicide_B,SW,GP,SAMP,2025-04-16T12:00:00Z,0.08,NA,TN,1.47,mg/L,NA,Burn/Herbicide,B,6,6   Burn/Herbicide
P155741-7,Burn/Herbicide_B,SW,GP,SAMP,2025-04-16T12:00:00Z,0.08,NA,SRP,0.007,mg/L,NA,Burn/Herbicide,B,6,6   Burn/Herbicide
P155741-7,Burn/Herbicide_B,SW,GP,SAMP,2025-04-16T12:00:00Z,0.08,NA,TDPO4,0.023,mg/L,NA,Burn/Herbicide,B,6,6   Burn/Herbicide
P155741-7,Burn/Herbicide_B,SW,GP,SAMP,2025-04-16T12:00:00Z,0.08,NA,TPO4,0.042,mg/L,NA,Burn/Herbicide,B,6,6   Burn/Herbicide
P155741-6,Burn_B,SW,GP,SAMP,2025-04-16T11:45:00Z,0.08,NA,Pheophytin A,0.266,ug/L,NA,Burn,B,6,6   Burn
P155741-6,Burn_B,SW,GP,SAMP,2025-04-16T11:45:00Z,0.08,NA,Chlorophyll A,5.97,ug/L,NA,Burn,B,6,6   Burn
P155741-6,Burn_B,SW,GP,SAMP,2025-04-16T11:45:00Z,0.08,NA,Chlorophyll B,0.445,ug/L,NA,Burn,B,6,6   Burn
P155741-6,Burn_B,SW,GP,SAMP,2025-04-16T11:45:00Z,0.08,NA,DOC,21.2,mg/L,NA,Burn,B,6,6   Burn
P155741-6,Burn_B,SW,GP,SAMP,2025-04-16T11:45:00Z,0.08,NA,NOX,0.005,mg/L,NA,Burn,B,6,6   Burn
P155741-6,Burn_B,SW,GP,SAMP,2025-04-16T11:45:00Z,0.08,NA,NH4,0.021,mg/L,NA,Burn,B,6,6   Burn
P155741-6,Burn_B,SW,GP,SAMP,2025-04-16T11:45:00Z,0.08,NA,TN,1.27,mg/L,NA,Burn,B,6,6   Burn
P155741-6,Burn_B,SW,GP,SAMP,2025-04-16T11:45:00Z,0.08,NA,SRP,0.011,mg/L,NA,Burn,B,6,6   Burn
P155741-6,Burn_B,SW,GP,SAMP,2025-04-16T11:45:00Z,0.08,NA,TDPO4,0.03,mg/L,NA,Burn,B,6,6   Burn
P155741-6,Burn_B,SW,GP,SAMP,2025-04-16T11:45:00Z,0.08,NA,TPO4,0.05,mg/L,NA,Burn,B,6,6   Burn
P155741-5,Untreated_B,SW,GP,SAMP,2025-04-16T11:25:00Z,0.03,NA,Pheophytin A,0.202,ug/L,NA,Untreated,B,6,6   Untreated
P155741-5,Untreated_B,SW,GP,SAMP,2025-04-16T11:25:00Z,0.03,NA,Chlorophyll A,1.74,ug/L,NA,Untreated,B,6,6   Untreated
P155741-5,Untreated_B,SW,GP,SAMP,2025-04-16T11:25:00Z,0.03,NA,Chlorophyll B,0.154,ug/L,NA,Untreated,B,6,6   Untreated
P155741-5,Untreated_B,SW,GP,SAMP,2025-04-16T11:25:00Z,0.03,NA,DOC,20.1,mg/L,NA,Untreated,B,6,6   Untreated
P155741-5,Untreated_B,SW,GP,SAMP,2025-04-16T11:25:00Z,0.03,NA,NOX,0.005,mg/L,NA,Untreated,B,6,6   Untreated
P155741-5,Untreated_B,SW,GP,SAMP,2025-04-16T11:25:00Z,0.03,NA,NH4,0.066,mg/L,NA,Untreated,B,6,6   Untreated
P155741-5,Untreated_B,SW,GP,SAMP,2025-04-16T11:25:00Z,0.03,NA,TN,1.16,mg/L,NA,Untreated,B,6,6   Untreated
P155741-5,Untreated_B,SW,GP,SAMP,2025-04-16T11:25:00Z,0.03,NA,SRP,0.012,mg/L,NA,Untreated,B,6,6   Untreated
P155741-5,Untreated_B,SW,GP,SAMP,2025-04-16T11:25:00Z,0.03,NA,TDPO4,0.031,mg/L,NA,Untreated,B,6,6   Untreated
P155741-5,Untreated_B,SW,GP,SAMP,2025-04-16T11:25:00Z,0.03,NA,TPO4,0.048,mg/L,NA,Untreated,B,6,6   Untreated
P155741-4,Burn_A,SW,GP,SAMP,2025-04-16T11:10:00Z,0.06,NA,Pheophytin A,0.358,ug/L,NA,Burn,A,6,6   Burn
P155741-4,Burn_A,SW,GP,SAMP,2025-04-16T11:10:00Z,0.06,NA,Chlorophyll A,4.17,ug/L,NA,Burn,A,6,6   Burn
P155741-4,Burn_A,SW,GP,SAMP,2025-04-16T11:10:00Z,0.06,NA,Chlorophyll B,0.63,ug/L,NA,Burn,A,6,6   Burn
P155741-4,Burn_A,SW,GP,SAMP,2025-04-16T11:10:00Z,0.06,NA,DOC,22.4,mg/L,NA,Burn,A,6,6   Burn
P155741-4,Burn_A,SW,GP,SAMP,2025-04-16T11:10:00Z,0.06,NA,NOX,0.005,mg/L,NA,Burn,A,6,6   Burn
P155741-4,Burn_A,SW,GP,SAMP,2025-04-16T11:10:00Z,0.06,NA,NH4,0.034,mg/L,NA,Burn,A,6,6   Burn
P155741-4,Burn_A,SW,GP,SAMP,2025-04-16T11:10:00Z,0.06,NA,TN,1.78,mg/L,NA,Burn,A,6,6   Burn
P155741-4,Burn_A,SW,GP,SAMP,2025-04-16T11:10:00Z,0.06,NA,SRP,0.059,mg/L,NA,Burn,A,6,6   Burn
P155741-4,Burn_A,SW,GP,SAMP,2025-04-16T11:10:00Z,0.06,NA,TDPO4,0.089,mg/L,NA,Burn,A,6,6   Burn
P155741-4,Burn_A,SW,GP,SAMP,2025-04-16T11:10:00Z,0.06,NA,TPO4,0.122,mg/L,NA,Burn,A,6,6   Burn
P155741-3,Burn/Herbicide_A,SW,GP,SAMP,2025-04-16T10:50:00Z,0.07,NA,Pheophytin A,0.259,ug/L,NA,Burn/Herbicide,A,6,6   Burn/Herbicide
P155741-3,Burn/Herbicide_A,SW,GP,SAMP,2025-04-16T10:50:00Z,0.07,NA,Chlorophyll A,4.2,ug/L,NA,Burn/Herbicide,A,6,6   Burn/Herbicide
P155741-3,Burn/Herbicide_A,SW,GP,SAMP,2025-04-16T10:50:00Z,0.07,NA,Chlorophyll B,0.298,ug/L,NA,Burn/Herbicide,A,6,6   Burn/Herbicide
P155741-3,Burn/Herbicide_A,SW,GP,SAMP,2025-04-16T10:50:00Z,0.07,NA,DOC,22.8,mg/L,NA,Burn/Herbicide,A,6,6   Burn/Herbicide
P155741-3,Burn/Herbicide_A,SW,GP,SAMP,2025-04-16T10:50:00Z,0.07,NA,NOX,0.005,mg/L,NA,Burn/Herbicide,A,6,6   Burn/Herbicide
P155741-3,Burn/Herbicide_A,SW,GP,SAMP,2025-04-16T10:50:00Z,0.07,NA,NH4,0.013,mg/L,NA,Burn/Herbicide,A,6,6   Burn/Herbicide
P155741-3,Burn/Herbicide_A,SW,GP,SAMP,2025-04-16T10:50:00Z,0.07,NA,TN,1.31,mg/L,NA,Burn/Herbicide,A,6,6   Burn/Herbicide
P155741-3,Burn/Herbicide_A,SW,GP,SAMP,2025-04-16T10:50:00Z,0.07,NA,SRP,0.025,mg/L,NA,Burn/Herbicide,A,6,6   Burn/Herbicide
P155741-3,Burn/Herbicide_A,SW,GP,SAMP,2025-04-16T10:50:00Z,0.07,NA,TDPO4,0.045,mg/L,NA,Burn/Herbicide,A,6,6   Burn/Herbicide
P155741-3,Burn/Herbicide_A,SW,GP,SAMP,2025-04-16T10:50:00Z,0.07,NA,TPO4,0.06,mg/L,NA,Burn/Herbicide,A,6,6   Burn/Herbicide
P155741-2,Herbicide_A,SW,GP,SAMP,2025-04-16T10:30:00Z,0.03,NA,Pheophytin A,0.573,ug/L,NA,Herbicide,A,6,6   Herbicide
P155741-2,Herbicide_A,SW,GP,SAMP,2025-04-16T10:30:00Z,0.03,NA,Chlorophyll A,9.21,ug/L,NA,Herbicide,A,6,6   Herbicide
P155741-2,Herbicide_A,SW,GP,SAMP,2025-04-16T10:30:00Z,0.03,NA,Chlorophyll B,0.746,ug/L,NA,Herbicide,A,6,6   Herbicide
P155741-2,Herbicide_A,SW,GP,SAMP,2025-04-16T10:30:00Z,0.03,NA,DOC,24.2,mg/L,NA,Herbicide,A,6,6   Herbicide
P155741-2,Herbicide_A,SW,GP,SAMP,2025-04-16T10:30:00Z,0.03,NA,NOX,0.005,mg/L,NA,Herbicide,A,6,6   Herbicide
P155741-2,Herbicide_A,SW,GP,SAMP,2025-04-16T10:30:00Z,0.03,NA,NH4,0.109,mg/L,NA,Herbicide,A,6,6   Herbicide
P155741-2,Herbicide_A,SW,GP,SAMP,2025-04-16T10:30:00Z,0.03,NA,TN,1.62,mg/L,NA,Herbicide,A,6,6   Herbicide
P155741-2,Herbicide_A,SW,GP,SAMP,2025-04-16T10:30:00Z,0.03,NA,SRP,0.021,mg/L,NA,Herbicide,A,6,6   Herbicide
P155741-2,Herbicide_A,SW,GP,SAMP,2025-04-16T10:30:00Z,0.03,NA,TDPO4,0.052,mg/L,NA,Herbicide,A,6,6   Herbicide
P155741-2,Herbicide_A,SW,GP,SAMP,2025-04-16T10:30:00Z,0.03,NA,TPO4,0.084,mg/L,NA,Herbicide,A,6,6   Herbicide
P155741-13,Untreated_A,DI,GP,FCEB,2025-04-16T10:10:00Z,NA,NA,Pheophytin A,0.008,ug/L,"DI 8213 through peristaltic pump tubing to bucket to sample bottles. Bucket Scooter, Tray ELC 11, SA 072823, filter 18181938.",Untreated,A,6,6   Untreated
P155741-13,Untreated_A,DI,GP,FCEB,2025-04-16T10:10:00Z,NA,NA,Chlorophyll A,0.016,ug/L,"DI 8213 through peristaltic pump tubing to bucket to sample bottles. Bucket Scooter, Tray ELC 11, SA 072823, filter 18181938.",Untreated,A,6,6   Untreated
P155741-13,Untreated_A,DI,GP,FCEB,2025-04-16T10:10:00Z,NA,NA,Chlorophyll B,0.016,ug/L,"DI 8213 through peristaltic pump tubing to bucket to sample bottles. Bucket Scooter, Tray ELC 11, SA 072823, filter 18181938.",Untreated,A,6,6   Untreated
P155741-13,Untreated_A,DI,GP,FCEB,2025-04-16T10:10:00Z,NA,NA,DOC,0.8,mg/L,"DI 8213 through peristaltic pump tubing to bucket to sample bottles. Bucket Scooter, Tray ELC 11, SA 072823, filter 18181938.",Untreated,A,6,6   Untreated
P155741-13,Untreated_A,DI,GP,FCEB,2025-04-16T10:10:00Z,NA,NA,NOX,0.005,mg/L,"DI 8213 through peristaltic pump tubing to bucket to sample bottles. Bucket Scooter, Tray ELC 11, SA 072823, filter 18181938.",Untreated,A,6,6   Untreated
P155741-13,Untreated_A,DI,GP,FCEB,2025-04-16T10:10:00Z,NA,NA,NH4,0.005,mg/L,"DI 8213 through peristaltic pump tubing to bucket to sample bottles. Bucket Scooter, Tray ELC 11, SA 072823, filter 18181938.",Untreated,A,6,6   Untreated
P155741-13,Untreated_A,DI,GP,FCEB,2025-04-16T10:10:00Z,NA,NA,TN,0.05,mg/L,"DI 8213 through peristaltic pump tubing to bucket to sample bottles. Bucket Scooter, Tray ELC 11, SA 072823, filter 18181938.",Untreated,A,6,6   Untreated
P155741-13,Untreated_A,DI,GP,FCEB,2025-04-16T10:10:00Z,NA,NA,SRP,0.002,mg/L,"DI 8213 through peristaltic pump tubing to bucket to sample bottles. Bucket Scooter, Tray ELC 11, SA 072823, filter 18181938.",Untreated,A,6,6   Untreated
P155741-13,Untreated_A,DI,GP,FCEB,2025-04-16T10:10:00Z,NA,NA,TDPO4,0.002,mg/L,"DI 8213 through peristaltic pump tubing to bucket to sample bottles. Bucket Scooter, Tray ELC 11, SA 072823, filter 18181938.",Untreated,A,6,6   Untreated
P155741-13,Untreated_A,DI,GP,FCEB,2025-04-16T10:10:00Z,NA,NA,TPO4,0.002,mg/L,"DI 8213 through peristaltic pump tubing to bucket to sample bottles. Bucket Scooter, Tray ELC 11, SA 072823, filter 18181938.",Untreated,A,6,6   Untreated
P155741-1,Untreated_A,SW,GP,SAMP,2025-04-16T10:00:00Z,0.04,NA,Pheophytin A,0.24,ug/L,NA,Untreated,A,6,6   Untreated
P155741-1,Untreated_A,SW,GP,SAMP,2025-04-16T10:00:00Z,0.04,NA,Chlorophyll A,2.67,ug/L,NA,Untreated,A,6,6   Untreated
P155741-1,Untreated_A,SW,GP,SAMP,2025-04-16T10:00:00Z,0.04,NA,Chlorophyll B,0.211,ug/L,NA,Untreated,A,6,6   Untreated
P155741-1,Untreated_A,SW,GP,SAMP,2025-04-16T10:00:00Z,0.04,NA,DOC,19.3,mg/L,NA,Untreated,A,6,6   Untreated
P155741-1,Untreated_A,SW,GP,SAMP,2025-04-16T10:00:00Z,0.04,NA,NOX,0.008,mg/L,NA,Untreated,A,6,6   Untreated
P155741-1,Untreated_A,SW,GP,SAMP,2025-04-16T10:00:00Z,0.04,NA,NH4,0.024,mg/L,NA,Untreated,A,6,6   Untreated
P155741-1,Untreated_A,SW,GP,SAMP,2025-04-16T10:00:00Z,0.04,NA,TN,1.07,mg/L,NA,Untreated,A,6,6   Untreated
P155741-1,Untreated_A,SW,GP,SAMP,2025-04-16T10:00:00Z,0.04,NA,SRP,0.012,mg/L,NA,Untreated,A,6,6   Untreated
P155741-1,Untreated_A,SW,GP,SAMP,2025-04-16T10:00:00Z,0.04,NA,TDPO4,0.035,mg/L,NA,Untreated,A,6,6   Untreated
P155741-1,Untreated_A,SW,GP,SAMP,2025-04-16T10:00:00Z,0.04,NA,TPO4,0.046,mg/L,NA,Untreated,A,6,6   Untreated
P157646-24,Burn_A,SO,COR,SAMP,2025-04-15T13:20:00Z,NA,NA,TC-SOL,17.3,%,1020.88g wet weight,Burn,A,5,5   Burn
P157646-24,Burn_A,SO,COR,SAMP,2025-04-15T13:20:00Z,NA,NA,TN-SOL,0.69,%,1020.88g wet weight,Burn,A,5,5   Burn
P157646-24,Burn_A,SO,COR,SAMP,2025-04-15T13:20:00Z,NA,NA,TCA-SOL,316350,mg/Kg,1020.88g wet weight,Burn,A,5,5   Burn
P157646-24,Burn_A,SO,COR,SAMP,2025-04-15T13:20:00Z,NA,NA,TP-SOL,517,mg/Kg,1020.88g wet weight,Burn,A,5,5   Burn
P157646-24,Burn_A,SO,COR,SAMP,2025-04-15T13:20:00Z,NA,NA,ASH,84,%,1020.88g wet weight,Burn,A,5,5   Burn
P157646-24,Burn_A,SO,COR,SAMP,2025-04-15T13:20:00Z,NA,NA,MOISTURE,87.3,%,1020.88g wet weight,Burn,A,5,5   Burn
P157646-22,Burn_A,SO,COR,SAMP,2025-04-15T13:15:00Z,NA,NA,TC-SOL,17.8,%,1389.88g wet weight,Burn,A,5,5   Burn
P157646-23,Burn_A,FLOC,COR,SAMP,2025-04-15T13:15:00Z,NA,NA,TC-SOL,29.6,%,242.0g wet weight,Burn,A,5,5   Burn
P157646-22,Burn_A,SO,COR,SAMP,2025-04-15T13:15:00Z,NA,NA,TN-SOL,0.74,%,1389.88g wet weight,Burn,A,5,5   Burn
P157646-23,Burn_A,FLOC,COR,SAMP,2025-04-15T13:15:00Z,NA,NA,TN-SOL,1.77,%,242.0g wet weight,Burn,A,5,5   Burn
P157646-22,Burn_A,SO,COR,SAMP,2025-04-15T13:15:00Z,NA,NA,TCA-SOL,313010,mg/Kg,1389.88g wet weight,Burn,A,5,5   Burn
P157646-23,Burn_A,FLOC,COR,SAMP,2025-04-15T13:15:00Z,NA,NA,TCA-SOL,189641,mg/Kg,242.0g wet weight,Burn,A,5,5   Burn
P157646-22,Burn_A,SO,COR,SAMP,2025-04-15T13:15:00Z,NA,NA,TP-SOL,521,mg/Kg,1389.88g wet weight,Burn,A,5,5   Burn
P157646-23,Burn_A,FLOC,COR,SAMP,2025-04-15T13:15:00Z,NA,NA,TP-SOL,1472,mg/Kg,242.0g wet weight,Burn,A,5,5   Burn
P157646-22,Burn_A,SO,COR,SAMP,2025-04-15T13:15:00Z,NA,NA,ASH,82.7,%,1389.88g wet weight,Burn,A,5,5   Burn
P157646-23,Burn_A,FLOC,COR,SAMP,2025-04-15T13:15:00Z,NA,NA,ASH,51.1,%,242.0g wet weight,Burn,A,5,5   Burn
P157646-22,Burn_A,SO,COR,SAMP,2025-04-15T13:15:00Z,NA,NA,MOISTURE,87.7,%,1389.88g wet weight,Burn,A,5,5   Burn
P157646-23,Burn_A,FLOC,COR,SAMP,2025-04-15T13:15:00Z,NA,NA,MOISTURE,95.7,%,242.0g wet weight,Burn,A,5,5   Burn
P157646-21,Burn_A,FLOC,COR,SAMP,2025-04-15T13:10:00Z,NA,NA,TC-SOL,31.5,%,284.7g wet weight,Burn,A,5,5   Burn
P157646-21,Burn_A,FLOC,COR,SAMP,2025-04-15T13:10:00Z,NA,NA,TN-SOL,1.94,%,284.7g wet weight,Burn,A,5,5   Burn
P157646-21,Burn_A,FLOC,COR,SAMP,2025-04-15T13:10:00Z,NA,NA,TCA-SOL,165360,mg/Kg,284.7g wet weight,Burn,A,5,5   Burn
P157646-21,Burn_A,FLOC,COR,SAMP,2025-04-15T13:10:00Z,NA,NA,TP-SOL,1574,mg/Kg,284.7g wet weight,Burn,A,5,5   Burn
P157646-21,Burn_A,FLOC,COR,SAMP,2025-04-15T13:10:00Z,NA,NA,ASH,45.7,%,284.7g wet weight,Burn,A,5,5   Burn
P157646-21,Burn_A,FLOC,COR,SAMP,2025-04-15T13:10:00Z,NA,NA,MOISTURE,96.7,%,284.7g wet weight,Burn,A,5,5   Burn
P157646-20,Burn_A,SO,COR,SAMP,2025-04-15T13:05:00Z,NA,NA,TC-SOL,17.9,%,876.88g wet weight,Burn,A,5,5   Burn
P157646-20,Burn_A,SO,COR,SAMP,2025-04-15T13:05:00Z,NA,NA,TN-SOL,0.73,%,876.88g wet weight,Burn,A,5,5   Burn
P157646-20,Burn_A,SO,COR,SAMP,2025-04-15T13:05:00Z,NA,NA,TCA-SOL,313488,mg/Kg,876.88g wet weight,Burn,A,5,5   Burn
P157646-20,Burn_A,SO,COR,SAMP,2025-04-15T13:05:00Z,NA,NA,TP-SOL,605,mg/Kg,876.88g wet weight,Burn,A,5,5   Burn
P157646-20,Burn_A,SO,COR,SAMP,2025-04-15T13:05:00Z,NA,NA,ASH,83.1,%,876.88g wet weight,Burn,A,5,5   Burn
P157646-20,Burn_A,SO,COR,SAMP,2025-04-15T13:05:00Z,NA,NA,MOISTURE,87.4,%,876.88g wet weight,Burn,A,5,5   Burn
P157646-19,Burn_A,FLOC,COR,SAMP,2025-04-15T13:00:00Z,NA,NA,TC-SOL,29.5,%,292.0g wet weight,Burn,A,5,5   Burn
P157646-19,Burn_A,FLOC,COR,SAMP,2025-04-15T13:00:00Z,NA,NA,TN-SOL,1.73,%,292.0g wet weight,Burn,A,5,5   Burn
P157646-19,Burn_A,FLOC,COR,SAMP,2025-04-15T13:00:00Z,NA,NA,TCA-SOL,192790,mg/Kg,292.0g wet weight,Burn,A,5,5   Burn
P157646-19,Burn_A,FLOC,COR,SAMP,2025-04-15T13:00:00Z,NA,NA,TP-SOL,1630,mg/Kg,292.0g wet weight,Burn,A,5,5   Burn
P157646-19,Burn_A,FLOC,COR,SAMP,2025-04-15T13:00:00Z,NA,NA,ASH,51.2,%,292.0g wet weight,Burn,A,5,5   Burn
P157646-19,Burn_A,FLOC,COR,SAMP,2025-04-15T13:00:00Z,NA,NA,MOISTURE,95.7,%,292.0g wet weight,Burn,A,5,5   Burn
P157646-18,Burn/Herbicide_A,SO,COR,SAMP,2025-04-15T12:25:00Z,NA,NA,TC-SOL,15.1,%,1373.88g wet weight. rehydrated due to leak in the core.,Burn/Herbicide,A,5,5   Burn/Herbicide
P157646-18,Burn/Herbicide_A,SO,COR,SAMP,2025-04-15T12:25:00Z,NA,NA,TN-SOL,0.49,%,1373.88g wet weight. rehydrated due to leak in the core.,Burn/Herbicide,A,5,5   Burn/Herbicide
P157646-18,Burn/Herbicide_A,SO,COR,SAMP,2025-04-15T12:25:00Z,NA,NA,TCA-SOL,344524,mg/Kg,1373.88g wet weight. rehydrated due to leak in the core.,Burn/Herbicide,A,5,5   Burn/Herbicide
P157646-18,Burn/Herbicide_A,SO,COR,SAMP,2025-04-15T12:25:00Z,NA,NA,TP-SOL,452,mg/Kg,1373.88g wet weight. rehydrated due to leak in the core.,Burn/Herbicide,A,5,5   Burn/Herbicide
P157646-18,Burn/Herbicide_A,SO,COR,SAMP,2025-04-15T12:25:00Z,NA,NA,ASH,90.1,%,1373.88g wet weight. rehydrated due to leak in the core.,Burn/Herbicide,A,5,5   Burn/Herbicide
P157646-18,Burn/Herbicide_A,SO,COR,SAMP,2025-04-15T12:25:00Z,NA,NA,MOISTURE,83.4,%,1373.88g wet weight. rehydrated due to leak in the core.,Burn/Herbicide,A,5,5   Burn/Herbicide
P157646-17,Burn/Herbicide_A,FLOC,COR,SAMP,2025-04-15T12:20:00Z,NA,NA,TC-SOL,22.8,%,214.3g wet weight. Sample was rehydrated due to a leak in the core.,Burn/Herbicide,A,5,5   Burn/Herbicide
P157646-17,Burn/Herbicide_A,FLOC,COR,SAMP,2025-04-15T12:20:00Z,NA,NA,TN-SOL,1.29,%,214.3g wet weight. Sample was rehydrated due to a leak in the core.,Burn/Herbicide,A,5,5   Burn/Herbicide
P157646-17,Burn/Herbicide_A,FLOC,COR,SAMP,2025-04-15T12:20:00Z,NA,NA,TCA-SOL,266778,mg/Kg,214.3g wet weight. Sample was rehydrated due to a leak in the core.,Burn/Herbicide,A,5,5   Burn/Herbicide
P157646-17,Burn/Herbicide_A,FLOC,COR,SAMP,2025-04-15T12:20:00Z,NA,NA,TP-SOL,1387,mg/Kg,214.3g wet weight. Sample was rehydrated due to a leak in the core.,Burn/Herbicide,A,5,5   Burn/Herbicide
P157646-17,Burn/Herbicide_A,FLOC,COR,SAMP,2025-04-15T12:20:00Z,NA,NA,ASH,69.6,%,214.3g wet weight. Sample was rehydrated due to a leak in the core.,Burn/Herbicide,A,5,5   Burn/Herbicide
P157646-17,Burn/Herbicide_A,FLOC,COR,SAMP,2025-04-15T12:20:00Z,NA,NA,MOISTURE,93.1,%,214.3g wet weight. Sample was rehydrated due to a leak in the core.,Burn/Herbicide,A,5,5   Burn/Herbicide
P157646-16,Burn/Herbicide_A,SO,COR,SAMP,2025-04-15T12:15:00Z,NA,NA,TC-SOL,16.2,%,1470.88g wet weight,Burn/Herbicide,A,5,5   Burn/Herbicide
P157646-16,Burn/Herbicide_A,SO,COR,SAMP,2025-04-15T12:15:00Z,NA,NA,TN-SOL,0.57,%,1470.88g wet weight,Burn/Herbicide,A,5,5   Burn/Herbicide
P157646-16,Burn/Herbicide_A,SO,COR,SAMP,2025-04-15T12:15:00Z,NA,NA,TCA-SOL,339458,mg/Kg,1470.88g wet weight,Burn/Herbicide,A,5,5   Burn/Herbicide
P157646-16,Burn/Herbicide_A,SO,COR,SAMP,2025-04-15T12:15:00Z,NA,NA,TP-SOL,466,mg/Kg,1470.88g wet weight,Burn/Herbicide,A,5,5   Burn/Herbicide
P157646-16,Burn/Herbicide_A,SO,COR,SAMP,2025-04-15T12:15:00Z,NA,NA,ASH,86.4,%,1470.88g wet weight,Burn/Herbicide,A,5,5   Burn/Herbicide
P157646-16,Burn/Herbicide_A,SO,COR,SAMP,2025-04-15T12:15:00Z,NA,NA,MOISTURE,85,%,1470.88g wet weight,Burn/Herbicide,A,5,5   Burn/Herbicide
P157646-15,Burn/Herbicide_A,FLOC,COR,SAMP,2025-04-15T12:10:00Z,NA,NA,TC-SOL,29.2,%,264.4g wet weight,Burn/Herbicide,A,5,5   Burn/Herbicide
P157646-15,Burn/Herbicide_A,FLOC,COR,SAMP,2025-04-15T12:10:00Z,NA,NA,TN-SOL,1.81,%,264.4g wet weight,Burn/Herbicide,A,5,5   Burn/Herbicide
P157646-15,Burn/Herbicide_A,FLOC,COR,SAMP,2025-04-15T12:10:00Z,NA,NA,TCA-SOL,207504,mg/Kg,264.4g wet weight,Burn/Herbicide,A,5,5   Burn/Herbicide
P157646-15,Burn/Herbicide_A,FLOC,COR,SAMP,2025-04-15T12:10:00Z,NA,NA,TP-SOL,1661,mg/Kg,264.4g wet weight,Burn/Herbicide,A,5,5   Burn/Herbicide
P157646-15,Burn/Herbicide_A,FLOC,COR,SAMP,2025-04-15T12:10:00Z,NA,NA,ASH,55.9,%,264.4g wet weight,Burn/Herbicide,A,5,5   Burn/Herbicide
P157646-15,Burn/Herbicide_A,FLOC,COR,SAMP,2025-04-15T12:10:00Z,NA,NA,MOISTURE,95.8,%,264.4g wet weight,Burn/Herbicide,A,5,5   Burn/Herbicide
P157646-14,Burn/Herbicide_A,SO,COR,SAMP,2025-04-15T12:05:00Z,NA,NA,TC-SOL,16,%,1372.88g wet weight,Burn/Herbicide,A,5,5   Burn/Herbicide
P157646-14,Burn/Herbicide_A,SO,COR,SAMP,2025-04-15T12:05:00Z,NA,NA,TN-SOL,0.52,%,1372.88g wet weight,Burn/Herbicide,A,5,5   Burn/Herbicide
P157646-14,Burn/Herbicide_A,SO,COR,SAMP,2025-04-15T12:05:00Z,NA,NA,TCA-SOL,339214,mg/Kg,1372.88g wet weight,Burn/Herbicide,A,5,5   Burn/Herbicide
P157646-14,Burn/Herbicide_A,SO,COR,SAMP,2025-04-15T12:05:00Z,NA,NA,TP-SOL,325,mg/Kg,1372.88g wet weight,Burn/Herbicide,A,5,5   Burn/Herbicide
P157646-14,Burn/Herbicide_A,SO,COR,SAMP,2025-04-15T12:05:00Z,NA,NA,ASH,88.1,%,1372.88g wet weight,Burn/Herbicide,A,5,5   Burn/Herbicide
P157646-14,Burn/Herbicide_A,SO,COR,SAMP,2025-04-15T12:05:00Z,NA,NA,MOISTURE,84.8,%,1372.88g wet weight,Burn/Herbicide,A,5,5   Burn/Herbicide
P157646-13,Burn/Herbicide_A,FLOC,COR,SAMP,2025-04-15T12:00:00Z,NA,NA,TC-SOL,27.7,%,256.5g wet weight,Burn/Herbicide,A,5,5   Burn/Herbicide
P157646-13,Burn/Herbicide_A,FLOC,COR,SAMP,2025-04-15T12:00:00Z,NA,NA,TN-SOL,1.59,%,256.5g wet weight,Burn/Herbicide,A,5,5   Burn/Herbicide
P157646-13,Burn/Herbicide_A,FLOC,COR,SAMP,2025-04-15T12:00:00Z,NA,NA,TCA-SOL,211617,mg/Kg,256.5g wet weight,Burn/Herbicide,A,5,5   Burn/Herbicide
P157646-13,Burn/Herbicide_A,FLOC,COR,SAMP,2025-04-15T12:00:00Z,NA,NA,TP-SOL,1328,mg/Kg,256.5g wet weight,Burn/Herbicide,A,5,5   Burn/Herbicide
P157646-13,Burn/Herbicide_A,FLOC,COR,SAMP,2025-04-15T12:00:00Z,NA,NA,ASH,56.4,%,256.5g wet weight,Burn/Herbicide,A,5,5   Burn/Herbicide
P157646-13,Burn/Herbicide_A,FLOC,COR,SAMP,2025-04-15T12:00:00Z,NA,NA,MOISTURE,95.3,%,256.5g wet weight,Burn/Herbicide,A,5,5   Burn/Herbicide
P157646-12,Herbicide_A,SO,COR,SAMP,2025-04-15T11:25:00Z,NA,NA,TC-SOL,17.8,%,1307.88g wet weight,Herbicide,A,5,5   Herbicide
P157646-12,Herbicide_A,SO,COR,SAMP,2025-04-15T11:25:00Z,NA,NA,TN-SOL,0.69,%,1307.88g wet weight,Herbicide,A,5,5   Herbicide
P157646-12,Herbicide_A,SO,COR,SAMP,2025-04-15T11:25:00Z,NA,NA,TCA-SOL,319243,mg/Kg,1307.88g wet weight,Herbicide,A,5,5   Herbicide
P157646-12,Herbicide_A,SO,COR,SAMP,2025-04-15T11:25:00Z,NA,NA,TP-SOL,651,mg/Kg,1307.88g wet weight,Herbicide,A,5,5   Herbicide
P157646-12,Herbicide_A,SO,COR,SAMP,2025-04-15T11:25:00Z,NA,NA,ASH,83.2,%,1307.88g wet weight,Herbicide,A,5,5   Herbicide
P157646-12,Herbicide_A,SO,COR,SAMP,2025-04-15T11:25:00Z,NA,NA,MOISTURE,89.2,%,1307.88g wet weight,Herbicide,A,5,5   Herbicide
P157646-11,Herbicide_A,FLOC,COR,SAMP,2025-04-15T11:20:00Z,NA,NA,TC-SOL,30.8,%,537.8g wet weight,Herbicide,A,5,5   Herbicide
P157646-11,Herbicide_A,FLOC,COR,SAMP,2025-04-15T11:20:00Z,NA,NA,TN-SOL,2.22,%,537.8g wet weight,Herbicide,A,5,5   Herbicide
P157646-11,Herbicide_A,FLOC,COR,SAMP,2025-04-15T11:20:00Z,NA,NA,TCA-SOL,179713,mg/Kg,537.8g wet weight,Herbicide,A,5,5   Herbicide
P157646-11,Herbicide_A,FLOC,COR,SAMP,2025-04-15T11:20:00Z,NA,NA,TP-SOL,1916,mg/Kg,537.8g wet weight,Herbicide,A,5,5   Herbicide
P157646-11,Herbicide_A,FLOC,COR,SAMP,2025-04-15T11:20:00Z,NA,NA,ASH,48.7,%,537.8g wet weight,Herbicide,A,5,5   Herbicide
P157646-11,Herbicide_A,FLOC,COR,SAMP,2025-04-15T11:20:00Z,NA,NA,MOISTURE,95.8,%,537.8g wet weight,Herbicide,A,5,5   Herbicide
P157646-10,Herbicide_A,SO,COR,SAMP,2025-04-15T11:15:00Z,NA,NA,TC-SOL,18.2,%,1512.88g wet weight,Herbicide,A,5,5   Herbicide
P157646-10,Herbicide_A,SO,COR,SAMP,2025-04-15T11:15:00Z,NA,NA,TN-SOL,0.75,%,1512.88g wet weight,Herbicide,A,5,5   Herbicide
P157646-10,Herbicide_A,SO,COR,SAMP,2025-04-15T11:15:00Z,NA,NA,TCA-SOL,313559,mg/Kg,1512.88g wet weight,Herbicide,A,5,5   Herbicide
P157646-10,Herbicide_A,SO,COR,SAMP,2025-04-15T11:15:00Z,NA,NA,TP-SOL,577,mg/Kg,1512.88g wet weight,Herbicide,A,5,5   Herbicide
P157646-10,Herbicide_A,SO,COR,SAMP,2025-04-15T11:15:00Z,NA,NA,ASH,82.4,%,1512.88g wet weight,Herbicide,A,5,5   Herbicide
P157646-10,Herbicide_A,SO,COR,SAMP,2025-04-15T11:15:00Z,NA,NA,MOISTURE,88.6,%,1512.88g wet weight,Herbicide,A,5,5   Herbicide
P157646-9,Herbicide_A,FLOC,COR,SAMP,2025-04-15T11:10:00Z,NA,NA,TC-SOL,28.8,%,567.1g wet weight,Herbicide,A,5,5   Herbicide
P157646-9,Herbicide_A,FLOC,COR,SAMP,2025-04-15T11:10:00Z,NA,NA,TN-SOL,2.06,%,567.1g wet weight,Herbicide,A,5,5   Herbicide
P157646-9,Herbicide_A,FLOC,COR,SAMP,2025-04-15T11:10:00Z,NA,NA,TCA-SOL,194871,mg/Kg,567.1g wet weight,Herbicide,A,5,5   Herbicide
P157646-9,Herbicide_A,FLOC,COR,SAMP,2025-04-15T11:10:00Z,NA,NA,TP-SOL,1798,mg/Kg,567.1g wet weight,Herbicide,A,5,5   Herbicide
P157646-9,Herbicide_A,FLOC,COR,SAMP,2025-04-15T11:10:00Z,NA,NA,ASH,51.9,%,567.1g wet weight,Herbicide,A,5,5   Herbicide
P157646-9,Herbicide_A,FLOC,COR,SAMP,2025-04-15T11:10:00Z,NA,NA,MOISTURE,95.7,%,567.1g wet weight,Herbicide,A,5,5   Herbicide
P157646-8,Herbicide_A,SO,COR,SAMP,2025-04-15T11:05:00Z,NA,NA,TC-SOL,18.2,%,1081.88g wet weight,Herbicide,A,5,5   Herbicide
P157646-8,Herbicide_A,SO,COR,SAMP,2025-04-15T11:05:00Z,NA,NA,TN-SOL,0.7,%,1081.88g wet weight,Herbicide,A,5,5   Herbicide
P157646-8,Herbicide_A,SO,COR,SAMP,2025-04-15T11:05:00Z,NA,NA,TCA-SOL,317992,mg/Kg,1081.88g wet weight,Herbicide,A,5,5   Herbicide
P157646-8,Herbicide_A,SO,COR,SAMP,2025-04-15T11:05:00Z,NA,NA,TP-SOL,485,mg/Kg,1081.88g wet weight,Herbicide,A,5,5   Herbicide
P157646-8,Herbicide_A,SO,COR,SAMP,2025-04-15T11:05:00Z,NA,NA,ASH,82.1,%,1081.88g wet weight,Herbicide,A,5,5   Herbicide
P157646-8,Herbicide_A,SO,COR,SAMP,2025-04-15T11:05:00Z,NA,NA,MOISTURE,86.8,%,1081.88g wet weight,Herbicide,A,5,5   Herbicide
P157646-7,Herbicide_A,FLOC,COR,SAMP,2025-04-15T11:00:00Z,NA,NA,TC-SOL,34,%,321.6g wet weight,Herbicide,A,5,5   Herbicide
P157646-7,Herbicide_A,FLOC,COR,SAMP,2025-04-15T11:00:00Z,NA,NA,TN-SOL,2.1,%,321.6g wet weight,Herbicide,A,5,5   Herbicide
P157646-7,Herbicide_A,FLOC,COR,SAMP,2025-04-15T11:00:00Z,NA,NA,TCA-SOL,143248,mg/Kg,321.6g wet weight,Herbicide,A,5,5   Herbicide
P157646-7,Herbicide_A,FLOC,COR,SAMP,2025-04-15T11:00:00Z,NA,NA,TP-SOL,1365,mg/Kg,321.6g wet weight,Herbicide,A,5,5   Herbicide
P157646-7,Herbicide_A,FLOC,COR,SAMP,2025-04-15T11:00:00Z,NA,NA,ASH,38.9,%,321.6g wet weight,Herbicide,A,5,5   Herbicide
P157646-7,Herbicide_A,FLOC,COR,SAMP,2025-04-15T11:00:00Z,NA,NA,MOISTURE,96.3,%,321.6g wet weight,Herbicide,A,5,5   Herbicide
P157646-6,Untreated_A,SO,COR,SAMP,2025-04-15T10:25:00Z,NA,NA,TC-SOL,16.7,%,727.88g wet weight,Untreated,A,5,5   Untreated
P157646-6,Untreated_A,SO,COR,SAMP,2025-04-15T10:25:00Z,NA,NA,TN-SOL,0.63,%,727.88g wet weight,Untreated,A,5,5   Untreated
P157646-6,Untreated_A,SO,COR,SAMP,2025-04-15T10:25:00Z,NA,NA,TCA-SOL,321651,mg/Kg,727.88g wet weight,Untreated,A,5,5   Untreated
P157646-6,Untreated_A,SO,COR,SAMP,2025-04-15T10:25:00Z,NA,NA,TP-SOL,363,mg/Kg,727.88g wet weight,Untreated,A,5,5   Untreated
P157646-6,Untreated_A,SO,COR,SAMP,2025-04-15T10:25:00Z,NA,NA,ASH,85.7,%,727.88g wet weight,Untreated,A,5,5   Untreated
P157646-6,Untreated_A,SO,COR,SAMP,2025-04-15T10:25:00Z,NA,NA,MOISTURE,85.8,%,727.88g wet weight,Untreated,A,5,5   Untreated
P157646-5,Untreated_A,FLOC,COR,SAMP,2025-04-15T10:20:00Z,NA,NA,TC-SOL,27.6,%,248.5g wet weight,Untreated,A,5,5   Untreated
P157646-5,Untreated_A,FLOC,COR,SAMP,2025-04-15T10:20:00Z,NA,NA,TN-SOL,1.82,%,248.5g wet weight,Untreated,A,5,5   Untreated
P157646-5,Untreated_A,FLOC,COR,SAMP,2025-04-15T10:20:00Z,NA,NA,TCA-SOL,210833,mg/Kg,248.5g wet weight,Untreated,A,5,5   Untreated
P157646-5,Untreated_A,FLOC,COR,SAMP,2025-04-15T10:20:00Z,NA,NA,TP-SOL,1459,mg/Kg,248.5g wet weight,Untreated,A,5,5   Untreated
P157646-5,Untreated_A,FLOC,COR,SAMP,2025-04-15T10:20:00Z,NA,NA,ASH,56.4,%,248.5g wet weight,Untreated,A,5,5   Untreated
P157646-5,Untreated_A,FLOC,COR,SAMP,2025-04-15T10:20:00Z,NA,NA,MOISTURE,95.7,%,248.5g wet weight,Untreated,A,5,5   Untreated
P157646-4,Untreated_A,SO,COR,SAMP,2025-04-15T10:15:00Z,NA,NA,TC-SOL,16.4,%,1359.88g wet weight,Untreated,A,5,5   Untreated
P157646-4,Untreated_A,SO,COR,SAMP,2025-04-15T10:15:00Z,NA,NA,TN-SOL,0.62,%,1359.88g wet weight,Untreated,A,5,5   Untreated
P157646-4,Untreated_A,SO,COR,SAMP,2025-04-15T10:15:00Z,NA,NA,TCA-SOL,329838,mg/Kg,1359.88g wet weight,Untreated,A,5,5   Untreated
P157646-4,Untreated_A,SO,COR,SAMP,2025-04-15T10:15:00Z,NA,NA,TP-SOL,375,mg/Kg,1359.88g wet weight,Untreated,A,5,5   Untreated
P157646-4,Untreated_A,SO,COR,SAMP,2025-04-15T10:15:00Z,NA,NA,ASH,86.7,%,1359.88g wet weight,Untreated,A,5,5   Untreated
P157646-4,Untreated_A,SO,COR,SAMP,2025-04-15T10:15:00Z,NA,NA,MOISTURE,86.1,%,1359.88g wet weight,Untreated,A,5,5   Untreated
P157646-3,Untreated_A,FLOC,COR,SAMP,2025-04-15T10:10:00Z,NA,NA,TC-SOL,27.8,%,232.1g wet weight,Untreated,A,5,5   Untreated
P157646-3,Untreated_A,FLOC,COR,SAMP,2025-04-15T10:10:00Z,NA,NA,TN-SOL,1.75,%,232.1g wet weight,Untreated,A,5,5   Untreated
P157646-3,Untreated_A,FLOC,COR,SAMP,2025-04-15T10:10:00Z,NA,NA,TCA-SOL,209632,mg/Kg,232.1g wet weight,Untreated,A,5,5   Untreated
P157646-3,Untreated_A,FLOC,COR,SAMP,2025-04-15T10:10:00Z,NA,NA,TP-SOL,1650,mg/Kg,232.1g wet weight,Untreated,A,5,5   Untreated
P157646-3,Untreated_A,FLOC,COR,SAMP,2025-04-15T10:10:00Z,NA,NA,ASH,56.4,%,232.1g wet weight,Untreated,A,5,5   Untreated
P157646-3,Untreated_A,FLOC,COR,SAMP,2025-04-15T10:10:00Z,NA,NA,MOISTURE,95.4,%,232.1g wet weight,Untreated,A,5,5   Untreated
P157646-2,Untreated_A,SO,COR,SAMP,2025-04-15T10:05:00Z,NA,NA,TC-SOL,18,%,1189.6 g wet weight,Untreated,A,5,5   Untreated
P157646-2,Untreated_A,SO,COR,SAMP,2025-04-15T10:05:00Z,NA,NA,TN-SOL,0.72,%,1189.6 g wet weight,Untreated,A,5,5   Untreated
P157646-2,Untreated_A,SO,COR,SAMP,2025-04-15T10:05:00Z,NA,NA,TCA-SOL,311838,mg/Kg,1189.6 g wet weight,Untreated,A,5,5   Untreated
P157646-2,Untreated_A,SO,COR,SAMP,2025-04-15T10:05:00Z,NA,NA,TP-SOL,584,mg/Kg,1189.6 g wet weight,Untreated,A,5,5   Untreated
P157646-2,Untreated_A,SO,COR,SAMP,2025-04-15T10:05:00Z,NA,NA,ASH,83.3,%,1189.6 g wet weight,Untreated,A,5,5   Untreated
P157646-2,Untreated_A,SO,COR,SAMP,2025-04-15T10:05:00Z,NA,NA,MOISTURE,87.5,%,1189.6 g wet weight,Untreated,A,5,5   Untreated
P157646-1,Untreated_A,FLOC,COR,SAMP,2025-04-15T10:00:00Z,NA,NA,TC-SOL,22.9,%,Wet Weight 329.6g,Untreated,A,5,5   Untreated
P157646-1,Untreated_A,FLOC,COR,SAMP,2025-04-15T10:00:00Z,NA,NA,TN-SOL,1.27,%,Wet Weight 329.6g,Untreated,A,5,5   Untreated
P157646-1,Untreated_A,FLOC,COR,SAMP,2025-04-15T10:00:00Z,NA,NA,TCA-SOL,256689,mg/Kg,Wet Weight 329.6g,Untreated,A,5,5   Untreated
P157646-1,Untreated_A,FLOC,COR,SAMP,2025-04-15T10:00:00Z,NA,NA,TP-SOL,1096,mg/Kg,Wet Weight 329.6g,Untreated,A,5,5   Untreated
P157646-1,Untreated_A,FLOC,COR,SAMP,2025-04-15T10:00:00Z,NA,NA,ASH,69.7,%,Wet Weight 329.6g,Untreated,A,5,5   Untreated
P157646-1,Untreated_A,FLOC,COR,SAMP,2025-04-15T10:00:00Z,NA,NA,MOISTURE,94.2,%,Wet Weight 329.6g,Untreated,A,5,5   Untreated
P157279-15,Herbicide_A,SW,ADT,SAMP,2025-04-14T15:15:00Z,NA,NA,TPO4,0.043,mg/L,NA,Herbicide,A,4,4   Herbicide
P157255-15,Untreated_A,SW,ADT,SAMP,2025-04-14T15:15:00Z,NA,NA,No Bottle,0,UNITS,NA,Untreated,A,4,4   Untreated
P157255-16,Untreated_A,SW,ADT,SAMP,2025-04-14T15:15:00Z,NA,NA,No Bottle,0,UNITS,NA,Untreated,A,4,4   Untreated
P157255-19,Untreated_A,DI,G,FB,2025-04-14T14:19:00Z,NA,NA,TPO4,0.002,mg/L,NA,Untreated,A,4,4   Untreated
P157279-19,Herbicide_A,DI,G,FB,2025-04-14T14:19:00Z,NA,NA,TPO4,0.002,mg/L,NA,Herbicide,A,4,4   Herbicide
P157279-14,Herbicide_A,SW,ADT,SAMP,2025-04-14T14:14:00Z,NA,NA,TPO4,0.054,mg/L,NA,Herbicide,A,4,4   Herbicide
P157255-14,Untreated_A,SW,ADT,SAMP,2025-04-14T14:14:00Z,NA,NA,No Bottle,0,UNITS,NA,Untreated,A,4,4   Untreated
P157279-13,Herbicide_A,SW,ADT,SAMP,2025-04-14T14:13:00Z,NA,NA,TPO4,0.036,mg/L,NA,Herbicide,A,4,4   Herbicide
P157255-13,Untreated_A,SW,ADT,SAMP,2025-04-14T14:13:00Z,NA,NA,No Bottle,0,UNITS,NA,Untreated,A,4,4   Untreated
P157255-12,Untreated_A,SW,ADT,SAMP,2025-04-14T14:12:00Z,NA,NA,TPO4,0.042,mg/L,NA,Untreated,A,4,4   Untreated
P157279-12,Herbicide_A,SW,ADT,SAMP,2025-04-14T14:12:00Z,NA,NA,TPO4,0.033,mg/L,NA,Herbicide,A,4,4   Herbicide
P157255-11,Untreated_A,SW,ADT,SAMP,2025-04-14T14:11:00Z,NA,NA,TPO4,0.038,mg/L,NA,Untreated,A,4,4   Untreated
P157279-11,Herbicide_A,SW,ADT,SAMP,2025-04-14T14:11:00Z,NA,NA,TPO4,0.03,mg/L,NA,Herbicide,A,4,4   Herbicide
P157255-10,Untreated_A,SW,ADT,SAMP,2025-04-14T14:10:00Z,NA,NA,TPO4,0.034,mg/L,NA,Untreated,A,4,4   Untreated
P157279-10,Herbicide_A,SW,ADT,SAMP,2025-04-14T14:10:00Z,NA,NA,TPO4,0.026,mg/L,NA,Herbicide,A,4,4   Herbicide
P157255-9,Untreated_A,SW,ADT,SAMP,2025-04-14T14:09:00Z,NA,NA,TPO4,0.035,mg/L,NA,Untreated,A,4,4   Untreated
P157279-9,Herbicide_A,SW,ADT,SAMP,2025-04-14T14:09:00Z,NA,NA,TPO4,0.025,mg/L,NA,Herbicide,A,4,4   Herbicide
P157255-8,Untreated_A,SW,ADT,SAMP,2025-04-14T14:08:00Z,NA,NA,TPO4,0.045,mg/L,NA,Untreated,A,4,4   Untreated
P157279-8,Herbicide_A,SW,ADT,SAMP,2025-04-14T14:08:00Z,NA,NA,TPO4,0.028,mg/L,NA,Herbicide,A,4,4   Herbicide
P157255-7,Untreated_A,SW,ADT,SAMP,2025-04-14T14:07:00Z,NA,NA,TPO4,0.033,mg/L,NA,Untreated,A,4,4   Untreated
P157279-7,Herbicide_A,SW,ADT,SAMP,2025-04-14T14:07:00Z,NA,NA,TPO4,0.036,mg/L,NA,Herbicide,A,4,4   Herbicide
P157255-6,Untreated_A,SW,ADT,SAMP,2025-04-14T14:06:00Z,NA,NA,TPO4,0.031,mg/L,NA,Untreated,A,4,4   Untreated
P157279-6,Herbicide_A,SW,ADT,SAMP,2025-04-14T14:06:00Z,NA,NA,TPO4,0.034,mg/L,NA,Herbicide,A,4,4   Herbicide
P157255-5,Untreated_A,SW,ADT,SAMP,2025-04-14T14:05:00Z,NA,NA,TPO4,0.033,mg/L,NA,Untreated,A,4,4   Untreated
P157279-5,Herbicide_A,SW,ADT,SAMP,2025-04-14T14:05:00Z,NA,NA,TPO4,0.029,mg/L,NA,Herbicide,A,4,4   Herbicide
P157255-4,Untreated_A,SW,ADT,SAMP,2025-04-14T14:04:00Z,NA,NA,TPO4,0.027,mg/L,NA,Untreated,A,4,4   Untreated
P157279-4,Herbicide_A,SW,ADT,SAMP,2025-04-14T14:04:00Z,NA,NA,TPO4,0.038,mg/L,NA,Herbicide,A,4,4   Herbicide
P157255-3,Untreated_A,SW,ADT,SAMP,2025-04-14T14:03:00Z,NA,NA,TPO4,0.025,mg/L,NA,Untreated,A,4,4   Untreated
P157279-3,Herbicide_A,SW,ADT,SAMP,2025-04-14T14:03:00Z,NA,NA,TPO4,0.028,mg/L,NA,Herbicide,A,4,4   Herbicide
P157255-2,Untreated_A,SW,ADT,SAMP,2025-04-14T14:02:00Z,NA,NA,TPO4,0.023,mg/L,NA,Untreated,A,4,4   Untreated
P157279-2,Herbicide_A,SW,ADT,SAMP,2025-04-14T14:02:00Z,NA,NA,TPO4,0.022,mg/L,NA,Herbicide,A,4,4   Herbicide
P157255-1,Untreated_A,SW,ADT,SAMP,2025-04-14T14:01:00Z,NA,NA,TPO4,0.025,mg/L,NA,Untreated,A,4,4   Untreated
P157279-1,Herbicide_A,SW,ADT,SAMP,2025-04-14T14:01:00Z,NA,NA,TPO4,0.04,mg/L,NA,Herbicide,A,4,4   Herbicide
P155740-12,Untreated_C,SW,GP,SAMP,2025-04-14T13:15:00Z,0.08,NA,Pheophytin A,0.336,ug/L,NA,Untreated,C,4,4   Untreated
P155740-12,Untreated_C,SW,GP,SAMP,2025-04-14T13:15:00Z,0.08,NA,Chlorophyll A,2.73,ug/L,NA,Untreated,C,4,4   Untreated
P155740-12,Untreated_C,SW,GP,SAMP,2025-04-14T13:15:00Z,0.08,NA,Chlorophyll B,0.426,ug/L,NA,Untreated,C,4,4   Untreated
P155740-12,Untreated_C,SW,GP,SAMP,2025-04-14T13:15:00Z,0.08,NA,DOC,22.1,mg/L,NA,Untreated,C,4,4   Untreated
P155740-12,Untreated_C,SW,GP,SAMP,2025-04-14T13:15:00Z,0.08,NA,NOX,0.005,mg/L,NA,Untreated,C,4,4   Untreated
P155740-12,Untreated_C,SW,GP,SAMP,2025-04-14T13:15:00Z,0.08,NA,NH4,0.033,mg/L,NA,Untreated,C,4,4   Untreated
P155740-12,Untreated_C,SW,GP,SAMP,2025-04-14T13:15:00Z,0.08,NA,TN,1.2,mg/L,NA,Untreated,C,4,4   Untreated
P155740-12,Untreated_C,SW,GP,SAMP,2025-04-14T13:15:00Z,0.08,NA,SRP,0.005,mg/L,NA,Untreated,C,4,4   Untreated
P155740-12,Untreated_C,SW,GP,SAMP,2025-04-14T13:15:00Z,0.08,NA,TDPO4,0.022,mg/L,NA,Untreated,C,4,4   Untreated
P155740-12,Untreated_C,SW,GP,SAMP,2025-04-14T13:15:00Z,0.08,NA,TPO4,0.028,mg/L,NA,Untreated,C,4,4   Untreated
P155740-11,Burn_C,SW,GP,SAMP,2025-04-14T13:00:00Z,0.09,NA,Pheophytin A,0.15,ug/L,NA,Burn,C,4,4   Burn
P155740-11,Burn_C,SW,GP,SAMP,2025-04-14T13:00:00Z,0.09,NA,Chlorophyll A,3.21,ug/L,NA,Burn,C,4,4   Burn
P155740-11,Burn_C,SW,GP,SAMP,2025-04-14T13:00:00Z,0.09,NA,Chlorophyll B,0.499,ug/L,NA,Burn,C,4,4   Burn
P155740-11,Burn_C,SW,GP,SAMP,2025-04-14T13:00:00Z,0.09,NA,DOC,19.5,mg/L,NA,Burn,C,4,4   Burn
P155740-11,Burn_C,SW,GP,SAMP,2025-04-14T13:00:00Z,0.09,NA,NOX,0.005,mg/L,NA,Burn,C,4,4   Burn
P155740-11,Burn_C,SW,GP,SAMP,2025-04-14T13:00:00Z,0.09,NA,NH4,0.027,mg/L,NA,Burn,C,4,4   Burn
P155740-11,Burn_C,SW,GP,SAMP,2025-04-14T13:00:00Z,0.09,NA,TN,1.09,mg/L,NA,Burn,C,4,4   Burn
P155740-11,Burn_C,SW,GP,SAMP,2025-04-14T13:00:00Z,0.09,NA,SRP,0.014,mg/L,NA,Burn,C,4,4   Burn
P155740-11,Burn_C,SW,GP,SAMP,2025-04-14T13:00:00Z,0.09,NA,TDPO4,0.032,mg/L,NA,Burn,C,4,4   Burn
P155740-11,Burn_C,SW,GP,SAMP,2025-04-14T13:00:00Z,0.09,NA,TPO4,0.04,mg/L,NA,Burn,C,4,4   Burn
P155740-10,Burn/Herbicide_C,SW,GP,SAMP,2025-04-14T12:45:00Z,0.1,NA,Pheophytin A,0.154,ug/L,NA,Burn/Herbicide,C,4,4   Burn/Herbicide
P155740-10,Burn/Herbicide_C,SW,GP,SAMP,2025-04-14T12:45:00Z,0.1,NA,Chlorophyll A,2.78,ug/L,NA,Burn/Herbicide,C,4,4   Burn/Herbicide
P155740-10,Burn/Herbicide_C,SW,GP,SAMP,2025-04-14T12:45:00Z,0.1,NA,Chlorophyll B,0.234,ug/L,NA,Burn/Herbicide,C,4,4   Burn/Herbicide
P155740-10,Burn/Herbicide_C,SW,GP,SAMP,2025-04-14T12:45:00Z,0.1,NA,DOC,19,mg/L,NA,Burn/Herbicide,C,4,4   Burn/Herbicide
P155740-10,Burn/Herbicide_C,SW,GP,SAMP,2025-04-14T12:45:00Z,0.1,NA,NOX,0.005,mg/L,NA,Burn/Herbicide,C,4,4   Burn/Herbicide
P155740-10,Burn/Herbicide_C,SW,GP,SAMP,2025-04-14T12:45:00Z,0.1,NA,NH4,0.019,mg/L,NA,Burn/Herbicide,C,4,4   Burn/Herbicide
P155740-10,Burn/Herbicide_C,SW,GP,SAMP,2025-04-14T12:45:00Z,0.1,NA,TN,1.02,mg/L,NA,Burn/Herbicide,C,4,4   Burn/Herbicide
P155740-10,Burn/Herbicide_C,SW,GP,SAMP,2025-04-14T12:45:00Z,0.1,NA,SRP,0.018,mg/L,NA,Burn/Herbicide,C,4,4   Burn/Herbicide
P155740-10,Burn/Herbicide_C,SW,GP,SAMP,2025-04-14T12:45:00Z,0.1,NA,TDPO4,0.035,mg/L,NA,Burn/Herbicide,C,4,4   Burn/Herbicide
P155740-10,Burn/Herbicide_C,SW,GP,SAMP,2025-04-14T12:45:00Z,0.1,NA,TPO4,0.04,mg/L,NA,Burn/Herbicide,C,4,4   Burn/Herbicide
P155740-9,Herbicide_C,SW,GP,SAMP,2025-04-14T12:30:00Z,0.07,NA,Pheophytin A,0.202,ug/L,NA,Herbicide,C,4,4   Herbicide
P155740-9,Herbicide_C,SW,GP,SAMP,2025-04-14T12:30:00Z,0.07,NA,Chlorophyll A,3.8,ug/L,NA,Herbicide,C,4,4   Herbicide
P155740-9,Herbicide_C,SW,GP,SAMP,2025-04-14T12:30:00Z,0.07,NA,Chlorophyll B,0.198,ug/L,NA,Herbicide,C,4,4   Herbicide
P155740-9,Herbicide_C,SW,GP,SAMP,2025-04-14T12:30:00Z,0.07,NA,DOC,20.1,mg/L,NA,Herbicide,C,4,4   Herbicide
P155740-9,Herbicide_C,SW,GP,SAMP,2025-04-14T12:30:00Z,0.07,NA,NOX,0.005,mg/L,NA,Herbicide,C,4,4   Herbicide
P155740-9,Herbicide_C,SW,GP,SAMP,2025-04-14T12:30:00Z,0.07,NA,NH4,0.028,mg/L,NA,Herbicide,C,4,4   Herbicide
P155740-9,Herbicide_C,SW,GP,SAMP,2025-04-14T12:30:00Z,0.07,NA,TN,1.09,mg/L,NA,Herbicide,C,4,4   Herbicide
P155740-9,Herbicide_C,SW,GP,SAMP,2025-04-14T12:30:00Z,0.07,NA,SRP,0.008,mg/L,NA,Herbicide,C,4,4   Herbicide
P155740-9,Herbicide_C,SW,GP,SAMP,2025-04-14T12:30:00Z,0.07,NA,TDPO4,0.021,mg/L,NA,Herbicide,C,4,4   Herbicide
P155740-9,Herbicide_C,SW,GP,SAMP,2025-04-14T12:30:00Z,0.07,NA,TPO4,0.033,mg/L,NA,Herbicide,C,4,4   Herbicide
P155740-8,Herbicide_B,SW,GP,SAMP,2025-04-14T12:15:00Z,0.03,NA,Pheophytin A,0.582,ug/L,NA,Herbicide,B,4,4   Herbicide
P155740-8,Herbicide_B,SW,GP,SAMP,2025-04-14T12:15:00Z,0.03,NA,Chlorophyll A,5.5,ug/L,NA,Herbicide,B,4,4   Herbicide
P155740-8,Herbicide_B,SW,GP,SAMP,2025-04-14T12:15:00Z,0.03,NA,Chlorophyll B,0.464,ug/L,NA,Herbicide,B,4,4   Herbicide
P155740-8,Herbicide_B,SW,GP,SAMP,2025-04-14T12:15:00Z,0.03,NA,DOC,22.1,mg/L,NA,Herbicide,B,4,4   Herbicide
P155740-8,Herbicide_B,SW,GP,SAMP,2025-04-14T12:15:00Z,0.03,NA,NOX,0.005,mg/L,NA,Herbicide,B,4,4   Herbicide
P155740-8,Herbicide_B,SW,GP,SAMP,2025-04-14T12:15:00Z,0.03,NA,NH4,0.028,mg/L,NA,Herbicide,B,4,4   Herbicide
P155740-8,Herbicide_B,SW,GP,SAMP,2025-04-14T12:15:00Z,0.03,NA,TN,1.31,mg/L,NA,Herbicide,B,4,4   Herbicide
P155740-8,Herbicide_B,SW,GP,SAMP,2025-04-14T12:15:00Z,0.03,NA,SRP,0.01,mg/L,NA,Herbicide,B,4,4   Herbicide
P155740-8,Herbicide_B,SW,GP,SAMP,2025-04-14T12:15:00Z,0.03,NA,TDPO4,0.027,mg/L,NA,Herbicide,B,4,4   Herbicide
P155740-8,Herbicide_B,SW,GP,SAMP,2025-04-14T12:15:00Z,0.03,NA,TPO4,0.037,mg/L,NA,Herbicide,B,4,4   Herbicide
P155740-7,Burn/Herbicide_B,SW,GP,SAMP,2025-04-14T12:00:00Z,0.11,NA,Pheophytin A,0.31,ug/L,NA,Burn/Herbicide,B,4,4   Burn/Herbicide
P155740-7,Burn/Herbicide_B,SW,GP,SAMP,2025-04-14T12:00:00Z,0.11,NA,Chlorophyll A,9.48,ug/L,NA,Burn/Herbicide,B,4,4   Burn/Herbicide
P155740-7,Burn/Herbicide_B,SW,GP,SAMP,2025-04-14T12:00:00Z,0.11,NA,Chlorophyll B,0.41,ug/L,NA,Burn/Herbicide,B,4,4   Burn/Herbicide
P155740-7,Burn/Herbicide_B,SW,GP,SAMP,2025-04-14T12:00:00Z,0.11,NA,DOC,22.3,mg/L,NA,Burn/Herbicide,B,4,4   Burn/Herbicide
P155740-7,Burn/Herbicide_B,SW,GP,SAMP,2025-04-14T12:00:00Z,0.11,NA,NOX,0.005,mg/L,NA,Burn/Herbicide,B,4,4   Burn/Herbicide
P155740-7,Burn/Herbicide_B,SW,GP,SAMP,2025-04-14T12:00:00Z,0.11,NA,NH4,0.027,mg/L,NA,Burn/Herbicide,B,4,4   Burn/Herbicide
P155740-7,Burn/Herbicide_B,SW,GP,SAMP,2025-04-14T12:00:00Z,0.11,NA,TN,1.28,mg/L,NA,Burn/Herbicide,B,4,4   Burn/Herbicide
P155740-7,Burn/Herbicide_B,SW,GP,SAMP,2025-04-14T12:00:00Z,0.11,NA,SRP,0.012,mg/L,NA,Burn/Herbicide,B,4,4   Burn/Herbicide
P155740-7,Burn/Herbicide_B,SW,GP,SAMP,2025-04-14T12:00:00Z,0.11,NA,TDPO4,0.036,mg/L,NA,Burn/Herbicide,B,4,4   Burn/Herbicide
P155740-7,Burn/Herbicide_B,SW,GP,SAMP,2025-04-14T12:00:00Z,0.11,NA,TPO4,0.043,mg/L,NA,Burn/Herbicide,B,4,4   Burn/Herbicide
P155740-6,Burn_B,SW,GP,SAMP,2025-04-14T11:45:00Z,0.1,NA,Pheophytin A,0.186,ug/L,NA,Burn,B,4,4   Burn
P155740-6,Burn_B,SW,GP,SAMP,2025-04-14T11:45:00Z,0.1,NA,Chlorophyll A,3.99,ug/L,NA,Burn,B,4,4   Burn
P155740-6,Burn_B,SW,GP,SAMP,2025-04-14T11:45:00Z,0.1,NA,Chlorophyll B,0.118,ug/L,NA,Burn,B,4,4   Burn
P155740-6,Burn_B,SW,GP,SAMP,2025-04-14T11:45:00Z,0.1,NA,DOC,20,mg/L,NA,Burn,B,4,4   Burn
P155740-6,Burn_B,SW,GP,SAMP,2025-04-14T11:45:00Z,0.1,NA,NOX,0.005,mg/L,NA,Burn,B,4,4   Burn
P155740-6,Burn_B,SW,GP,SAMP,2025-04-14T11:45:00Z,0.1,NA,NH4,0.014,mg/L,NA,Burn,B,4,4   Burn
P155740-6,Burn_B,SW,GP,SAMP,2025-04-14T11:45:00Z,0.1,NA,TN,1.07,mg/L,NA,Burn,B,4,4   Burn
P155740-6,Burn_B,SW,GP,SAMP,2025-04-14T11:45:00Z,0.1,NA,SRP,0.013,mg/L,NA,Burn,B,4,4   Burn
P155740-6,Burn_B,SW,GP,SAMP,2025-04-14T11:45:00Z,0.1,NA,TDPO4,0.032,mg/L,NA,Burn,B,4,4   Burn
P155740-6,Burn_B,SW,GP,SAMP,2025-04-14T11:45:00Z,0.1,NA,TPO4,0.036,mg/L,NA,Burn,B,4,4   Burn
P155740-5,Untreated_B,SW,GP,SAMP,2025-04-14T11:30:00Z,0.04,NA,Pheophytin A,0.17,ug/L,NA,Untreated,B,4,4   Untreated
P155740-5,Untreated_B,SW,GP,SAMP,2025-04-14T11:30:00Z,0.04,NA,Chlorophyll A,2.41,ug/L,NA,Untreated,B,4,4   Untreated
P155740-5,Untreated_B,SW,GP,SAMP,2025-04-14T11:30:00Z,0.04,NA,Chlorophyll B,0.17,ug/L,NA,Untreated,B,4,4   Untreated
P155740-5,Untreated_B,SW,GP,SAMP,2025-04-14T11:30:00Z,0.04,NA,DOC,19.1,mg/L,NA,Untreated,B,4,4   Untreated
P155740-5,Untreated_B,SW,GP,SAMP,2025-04-14T11:30:00Z,0.04,NA,NOX,0.005,mg/L,NA,Untreated,B,4,4   Untreated
P155740-5,Untreated_B,SW,GP,SAMP,2025-04-14T11:30:00Z,0.04,NA,NH4,0.048,mg/L,NA,Untreated,B,4,4   Untreated
P155740-5,Untreated_B,SW,GP,SAMP,2025-04-14T11:30:00Z,0.04,NA,TN,1.08,mg/L,NA,Untreated,B,4,4   Untreated
P155740-5,Untreated_B,SW,GP,SAMP,2025-04-14T11:30:00Z,0.04,NA,SRP,0.01,mg/L,NA,Untreated,B,4,4   Untreated
P155740-5,Untreated_B,SW,GP,SAMP,2025-04-14T11:30:00Z,0.04,NA,TDPO4,0.029,mg/L,NA,Untreated,B,4,4   Untreated
P155740-5,Untreated_B,SW,GP,SAMP,2025-04-14T11:30:00Z,0.04,NA,TPO4,0.037,mg/L,NA,Untreated,B,4,4   Untreated
P155740-4,Burn_A,SW,GP,SAMP,2025-04-14T11:15:00Z,0.06,NA,Pheophytin A,0.17,ug/L,NA,Burn,A,4,4   Burn
P155740-4,Burn_A,SW,GP,SAMP,2025-04-14T11:15:00Z,0.06,NA,Chlorophyll A,2.04,ug/L,NA,Burn,A,4,4   Burn
P155740-4,Burn_A,SW,GP,SAMP,2025-04-14T11:15:00Z,0.06,NA,Chlorophyll B,0.205,ug/L,NA,Burn,A,4,4   Burn
P155740-4,Burn_A,SW,GP,SAMP,2025-04-14T11:15:00Z,0.06,NA,DOC,20.1,mg/L,NA,Burn,A,4,4   Burn
P155740-4,Burn_A,SW,GP,SAMP,2025-04-14T11:15:00Z,0.06,NA,NOX,0.005,mg/L,NA,Burn,A,4,4   Burn
P155740-4,Burn_A,SW,GP,SAMP,2025-04-14T11:15:00Z,0.06,NA,NH4,0.026,mg/L,NA,Burn,A,4,4   Burn
P155740-4,Burn_A,SW,GP,SAMP,2025-04-14T11:15:00Z,0.06,NA,TN,1.14,mg/L,NA,Burn,A,4,4   Burn
P155740-4,Burn_A,SW,GP,SAMP,2025-04-14T11:15:00Z,0.06,NA,SRP,0.058,mg/L,NA,Burn,A,4,4   Burn
P155740-4,Burn_A,SW,GP,SAMP,2025-04-14T11:15:00Z,0.06,NA,TDPO4,0.084,mg/L,NA,Burn,A,4,4   Burn
P155740-4,Burn_A,SW,GP,SAMP,2025-04-14T11:15:00Z,0.06,NA,TPO4,0.097,mg/L,NA,Burn,A,4,4   Burn
P155740-3,Burn/Herbicide_A,SW,GP,SAMP,2025-04-14T11:00:00Z,0.1,NA,Pheophytin A,0.176,ug/L,NA,Burn/Herbicide,A,4,4   Burn/Herbicide
P155740-3,Burn/Herbicide_A,SW,GP,SAMP,2025-04-14T11:00:00Z,0.1,NA,Chlorophyll A,3.62,ug/L,NA,Burn/Herbicide,A,4,4   Burn/Herbicide
P155740-3,Burn/Herbicide_A,SW,GP,SAMP,2025-04-14T11:00:00Z,0.1,NA,Chlorophyll B,0.134,ug/L,NA,Burn/Herbicide,A,4,4   Burn/Herbicide
P155740-3,Burn/Herbicide_A,SW,GP,SAMP,2025-04-14T11:00:00Z,0.1,NA,DOC,20.6,mg/L,NA,Burn/Herbicide,A,4,4   Burn/Herbicide
P155740-3,Burn/Herbicide_A,SW,GP,SAMP,2025-04-14T11:00:00Z,0.1,NA,NOX,0.005,mg/L,NA,Burn/Herbicide,A,4,4   Burn/Herbicide
P155740-3,Burn/Herbicide_A,SW,GP,SAMP,2025-04-14T11:00:00Z,0.1,NA,NH4,0.022,mg/L,NA,Burn/Herbicide,A,4,4   Burn/Herbicide
P155740-3,Burn/Herbicide_A,SW,GP,SAMP,2025-04-14T11:00:00Z,0.1,NA,TN,1.16,mg/L,NA,Burn/Herbicide,A,4,4   Burn/Herbicide
P155740-3,Burn/Herbicide_A,SW,GP,SAMP,2025-04-14T11:00:00Z,0.1,NA,SRP,0.029,mg/L,NA,Burn/Herbicide,A,4,4   Burn/Herbicide
P155740-3,Burn/Herbicide_A,SW,GP,SAMP,2025-04-14T11:00:00Z,0.1,NA,TDPO4,0.051,mg/L,NA,Burn/Herbicide,A,4,4   Burn/Herbicide
P155740-3,Burn/Herbicide_A,SW,GP,SAMP,2025-04-14T11:00:00Z,0.1,NA,TPO4,0.058,mg/L,NA,Burn/Herbicide,A,4,4   Burn/Herbicide
P155740-2,Herbicide_A,SW,GP,SAMP,2025-04-14T10:40:00Z,0.07,NA,Pheophytin A,0.502,ug/L,NA,Herbicide,A,4,4   Herbicide
P155740-2,Herbicide_A,SW,GP,SAMP,2025-04-14T10:40:00Z,0.07,NA,Chlorophyll A,12,ug/L,NA,Herbicide,A,4,4   Herbicide
P155740-2,Herbicide_A,SW,GP,SAMP,2025-04-14T10:40:00Z,0.07,NA,Chlorophyll B,1.07,ug/L,NA,Herbicide,A,4,4   Herbicide
P155740-2,Herbicide_A,SW,GP,SAMP,2025-04-14T10:40:00Z,0.07,NA,DOC,22.1,mg/L,NA,Herbicide,A,4,4   Herbicide
P155740-2,Herbicide_A,SW,GP,SAMP,2025-04-14T10:40:00Z,0.07,NA,NOX,0.005,mg/L,NA,Herbicide,A,4,4   Herbicide
P155740-2,Herbicide_A,SW,GP,SAMP,2025-04-14T10:40:00Z,0.07,NA,NH4,0.073,mg/L,NA,Herbicide,A,4,4   Herbicide
P155740-2,Herbicide_A,SW,GP,SAMP,2025-04-14T10:40:00Z,0.07,NA,TN,1.39,mg/L,NA,Herbicide,A,4,4   Herbicide
P155740-2,Herbicide_A,SW,GP,SAMP,2025-04-14T10:40:00Z,0.07,NA,SRP,0.009,mg/L,NA,Herbicide,A,4,4   Herbicide
P155740-2,Herbicide_A,SW,GP,SAMP,2025-04-14T10:40:00Z,0.07,NA,TDPO4,0.03,mg/L,NA,Herbicide,A,4,4   Herbicide
P155740-2,Herbicide_A,SW,GP,SAMP,2025-04-14T10:40:00Z,0.07,NA,TPO4,0.046,mg/L,NA,Herbicide,A,4,4   Herbicide
P155740-13,Untreated_A,DI,GP,FCEB,2025-04-14T10:30:00Z,NA,NA,Pheophytin A,0.008,ug/L,"DI 8216 through peristaltic pump to bucket. Tray Sheba, Bucket Scooter, filter 18278596, SA lot 072823.",Untreated,A,4,4   Untreated
P155740-13,Untreated_A,DI,GP,FCEB,2025-04-14T10:30:00Z,NA,NA,Chlorophyll A,0.016,ug/L,"DI 8216 through peristaltic pump to bucket. Tray Sheba, Bucket Scooter, filter 18278596, SA lot 072823.",Untreated,A,4,4   Untreated
P155740-13,Untreated_A,DI,GP,FCEB,2025-04-14T10:30:00Z,NA,NA,Chlorophyll B,0.016,ug/L,"DI 8216 through peristaltic pump to bucket. Tray Sheba, Bucket Scooter, filter 18278596, SA lot 072823.",Untreated,A,4,4   Untreated
P155740-13,Untreated_A,DI,GP,FCEB,2025-04-14T10:30:00Z,NA,NA,DOC,0.8,mg/L,"DI 8216 through peristaltic pump to bucket. Tray Sheba, Bucket Scooter, filter 18278596, SA lot 072823.",Untreated,A,4,4   Untreated
P155740-13,Untreated_A,DI,GP,FCEB,2025-04-14T10:30:00Z,NA,NA,NOX,0.005,mg/L,"DI 8216 through peristaltic pump to bucket. Tray Sheba, Bucket Scooter, filter 18278596, SA lot 072823.",Untreated,A,4,4   Untreated
P155740-13,Untreated_A,DI,GP,FCEB,2025-04-14T10:30:00Z,NA,NA,NH4,0.005,mg/L,"DI 8216 through peristaltic pump to bucket. Tray Sheba, Bucket Scooter, filter 18278596, SA lot 072823.",Untreated,A,4,4   Untreated
P155740-13,Untreated_A,DI,GP,FCEB,2025-04-14T10:30:00Z,NA,NA,TN,0.05,mg/L,"DI 8216 through peristaltic pump to bucket. Tray Sheba, Bucket Scooter, filter 18278596, SA lot 072823.",Untreated,A,4,4   Untreated
P155740-13,Untreated_A,DI,GP,FCEB,2025-04-14T10:30:00Z,NA,NA,SRP,0.002,mg/L,"DI 8216 through peristaltic pump to bucket. Tray Sheba, Bucket Scooter, filter 18278596, SA lot 072823.",Untreated,A,4,4   Untreated
P155740-13,Untreated_A,DI,GP,FCEB,2025-04-14T10:30:00Z,NA,NA,TDPO4,0.002,mg/L,"DI 8216 through peristaltic pump to bucket. Tray Sheba, Bucket Scooter, filter 18278596, SA lot 072823.",Untreated,A,4,4   Untreated
P155740-13,Untreated_A,DI,GP,FCEB,2025-04-14T10:30:00Z,NA,NA,TPO4,0.002,mg/L,"DI 8216 through peristaltic pump to bucket. Tray Sheba, Bucket Scooter, filter 18278596, SA lot 072823.",Untreated,A,4,4   Untreated
P155740-1,Untreated_A,SW,GP,SAMP,2025-04-14T10:15:00Z,0.09,NA,Pheophytin A,0.362,ug/L,NA,Untreated,A,4,4   Untreated
P155740-1,Untreated_A,SW,GP,SAMP,2025-04-14T10:15:00Z,0.09,NA,Chlorophyll A,5.62,ug/L,NA,Untreated,A,4,4   Untreated
P155740-1,Untreated_A,SW,GP,SAMP,2025-04-14T10:15:00Z,0.09,NA,Chlorophyll B,0.429,ug/L,NA,Untreated,A,4,4   Untreated
P155740-1,Untreated_A,SW,GP,SAMP,2025-04-14T10:15:00Z,0.09,NA,DOC,19.1,mg/L,NA,Untreated,A,4,4   Untreated
P155740-1,Untreated_A,SW,GP,SAMP,2025-04-14T10:15:00Z,0.09,NA,NOX,0.006,mg/L,NA,Untreated,A,4,4   Untreated
P155740-1,Untreated_A,SW,GP,SAMP,2025-04-14T10:15:00Z,0.09,NA,NH4,0.068,mg/L,NA,Untreated,A,4,4   Untreated
P155740-1,Untreated_A,SW,GP,SAMP,2025-04-14T10:15:00Z,0.09,NA,TN,1.15,mg/L,NA,Untreated,A,4,4   Untreated
P155740-1,Untreated_A,SW,GP,SAMP,2025-04-14T10:15:00Z,0.09,NA,SRP,0.025,mg/L,NA,Untreated,A,4,4   Untreated
P155740-1,Untreated_A,SW,GP,SAMP,2025-04-14T10:15:00Z,0.09,NA,TDPO4,0.053,mg/L,NA,Untreated,A,4,4   Untreated
P155740-1,Untreated_A,SW,GP,SAMP,2025-04-14T10:15:00Z,0.09,NA,TPO4,0.062,mg/L,NA,Untreated,A,4,4   Untreated
P155442-12,Untreated_C,SW,GP,SAMP,2025-04-11T13:55:00Z,0.11,NA,Pheophytin A,0.358,ug/L,NA,Untreated,C,1,1   Untreated
P155442-12,Untreated_C,SW,GP,SAMP,2025-04-11T13:55:00Z,0.11,NA,Chlorophyll A,5.08,ug/L,NA,Untreated,C,1,1   Untreated
P155442-12,Untreated_C,SW,GP,SAMP,2025-04-11T13:55:00Z,0.11,NA,Chlorophyll B,0.502,ug/L,NA,Untreated,C,1,1   Untreated
P155442-12,Untreated_C,SW,GP,SAMP,2025-04-11T13:55:00Z,0.11,NA,DOC,19.9,mg/L,NA,Untreated,C,1,1   Untreated
P155442-12,Untreated_C,SW,GP,SAMP,2025-04-11T13:55:00Z,0.11,NA,NOX,0.005,mg/L,NA,Untreated,C,1,1   Untreated
P155442-12,Untreated_C,SW,GP,SAMP,2025-04-11T13:55:00Z,0.11,NA,NH4,0.03,mg/L,NA,Untreated,C,1,1   Untreated
P155442-12,Untreated_C,SW,GP,SAMP,2025-04-11T13:55:00Z,0.11,NA,TN,1.17,mg/L,NA,Untreated,C,1,1   Untreated
P155442-12,Untreated_C,SW,GP,SAMP,2025-04-11T13:55:00Z,0.11,NA,TDPO4,0.018,mg/L,NA,Untreated,C,1,1   Untreated
P155442-12,Untreated_C,SW,GP,SAMP,2025-04-11T13:55:00Z,0.11,NA,TPO4,0.03,mg/L,NA,Untreated,C,1,1   Untreated
P155442-12,Untreated_C,SW,GP,SAMP,2025-04-11T13:55:00Z,0.11,NA,SRP,0.008,mg/L,NA,Untreated,C,1,1   Untreated
P155442-11,Burn_C,SW,GP,SAMP,2025-04-11T13:35:00Z,0.05,NA,Pheophytin A,0.16,ug/L,NA,Burn,C,1,1   Burn
P155442-11,Burn_C,SW,GP,SAMP,2025-04-11T13:35:00Z,0.05,NA,Chlorophyll A,1.52,ug/L,NA,Burn,C,1,1   Burn
P155442-11,Burn_C,SW,GP,SAMP,2025-04-11T13:35:00Z,0.05,NA,Chlorophyll B,0.33,ug/L,NA,Burn,C,1,1   Burn
P155442-11,Burn_C,SW,GP,SAMP,2025-04-11T13:35:00Z,0.05,NA,DOC,19.6,mg/L,NA,Burn,C,1,1   Burn
P155442-11,Burn_C,SW,GP,SAMP,2025-04-11T13:35:00Z,0.05,NA,NOX,0.005,mg/L,NA,Burn,C,1,1   Burn
P155442-11,Burn_C,SW,GP,SAMP,2025-04-11T13:35:00Z,0.05,NA,NH4,0.034,mg/L,NA,Burn,C,1,1   Burn
P155442-11,Burn_C,SW,GP,SAMP,2025-04-11T13:35:00Z,0.05,NA,TN,1.08,mg/L,NA,Burn,C,1,1   Burn
P155442-11,Burn_C,SW,GP,SAMP,2025-04-11T13:35:00Z,0.05,NA,TDPO4,0.036,mg/L,NA,Burn,C,1,1   Burn
P155442-11,Burn_C,SW,GP,SAMP,2025-04-11T13:35:00Z,0.05,NA,TPO4,0.05,mg/L,NA,Burn,C,1,1   Burn
P155442-11,Burn_C,SW,GP,SAMP,2025-04-11T13:35:00Z,0.05,NA,SRP,0.018,mg/L,NA,Burn,C,1,1   Burn
P155442-10,Burn/Herbicide_C,SW,GP,SAMP,2025-04-11T13:20:00Z,0.11,NA,Pheophytin A,0.112,ug/L,NA,Burn/Herbicide,C,1,1   Burn/Herbicide
P155442-10,Burn/Herbicide_C,SW,GP,SAMP,2025-04-11T13:20:00Z,0.11,NA,Chlorophyll A,1.03,ug/L,NA,Burn/Herbicide,C,1,1   Burn/Herbicide
P155442-10,Burn/Herbicide_C,SW,GP,SAMP,2025-04-11T13:20:00Z,0.11,NA,Chlorophyll B,0.122,ug/L,NA,Burn/Herbicide,C,1,1   Burn/Herbicide
P155442-10,Burn/Herbicide_C,SW,GP,SAMP,2025-04-11T13:20:00Z,0.11,NA,DOC,18.2,mg/L,NA,Burn/Herbicide,C,1,1   Burn/Herbicide
P155442-10,Burn/Herbicide_C,SW,GP,SAMP,2025-04-11T13:20:00Z,0.11,NA,NOX,0.005,mg/L,NA,Burn/Herbicide,C,1,1   Burn/Herbicide
P155442-10,Burn/Herbicide_C,SW,GP,SAMP,2025-04-11T13:20:00Z,0.11,NA,NH4,0.034,mg/L,NA,Burn/Herbicide,C,1,1   Burn/Herbicide
P155442-10,Burn/Herbicide_C,SW,GP,SAMP,2025-04-11T13:20:00Z,0.11,NA,TN,1.03,mg/L,NA,Burn/Herbicide,C,1,1   Burn/Herbicide
P155442-10,Burn/Herbicide_C,SW,GP,SAMP,2025-04-11T13:20:00Z,0.11,NA,TDPO4,0.062,mg/L,NA,Burn/Herbicide,C,1,1   Burn/Herbicide
P155442-10,Burn/Herbicide_C,SW,GP,SAMP,2025-04-11T13:20:00Z,0.11,NA,TPO4,0.081,mg/L,NA,Burn/Herbicide,C,1,1   Burn/Herbicide
P155442-10,Burn/Herbicide_C,SW,GP,SAMP,2025-04-11T13:20:00Z,0.11,NA,SRP,0.04,mg/L,NA,Burn/Herbicide,C,1,1   Burn/Herbicide
P155442-9,Herbicide_C,SW,GP,SAMP,2025-04-11T13:00:00Z,0.08,NA,Pheophytin A,0.166,ug/L,NA,Herbicide,C,1,1   Herbicide
P155442-9,Herbicide_C,SW,GP,SAMP,2025-04-11T13:00:00Z,0.08,NA,Chlorophyll A,1.66,ug/L,NA,Herbicide,C,1,1   Herbicide
P155442-9,Herbicide_C,SW,GP,SAMP,2025-04-11T13:00:00Z,0.08,NA,Chlorophyll B,0.125,ug/L,NA,Herbicide,C,1,1   Herbicide
P155442-9,Herbicide_C,SW,GP,SAMP,2025-04-11T13:00:00Z,0.08,NA,DOC,18.5,mg/L,NA,Herbicide,C,1,1   Herbicide
P155442-9,Herbicide_C,SW,GP,SAMP,2025-04-11T13:00:00Z,0.08,NA,NOX,0.005,mg/L,NA,Herbicide,C,1,1   Herbicide
P155442-9,Herbicide_C,SW,GP,SAMP,2025-04-11T13:00:00Z,0.08,NA,NH4,0.013,mg/L,NA,Herbicide,C,1,1   Herbicide
P155442-9,Herbicide_C,SW,GP,SAMP,2025-04-11T13:00:00Z,0.08,NA,TN,1,mg/L,NA,Herbicide,C,1,1   Herbicide
P155442-9,Herbicide_C,SW,GP,SAMP,2025-04-11T13:00:00Z,0.08,NA,TDPO4,0.018,mg/L,NA,Herbicide,C,1,1   Herbicide
P155442-9,Herbicide_C,SW,GP,SAMP,2025-04-11T13:00:00Z,0.08,NA,TPO4,0.026,mg/L,NA,Herbicide,C,1,1   Herbicide
P155442-9,Herbicide_C,SW,GP,SAMP,2025-04-11T13:00:00Z,0.08,NA,SRP,0.006,mg/L,NA,Herbicide,C,1,1   Herbicide
P155442-8,Herbicide_B,SW,GP,SAMP,2025-04-11T12:45:00Z,0.08,NA,Pheophytin A,0.259,ug/L,NA,Herbicide,B,1,1   Herbicide
P155442-8,Herbicide_B,SW,GP,SAMP,2025-04-11T12:45:00Z,0.08,NA,Chlorophyll A,3.03,ug/L,NA,Herbicide,B,1,1   Herbicide
P155442-8,Herbicide_B,SW,GP,SAMP,2025-04-11T12:45:00Z,0.08,NA,Chlorophyll B,0.198,ug/L,NA,Herbicide,B,1,1   Herbicide
P155442-8,Herbicide_B,SW,GP,SAMP,2025-04-11T12:45:00Z,0.08,NA,DOC,18.6,mg/L,NA,Herbicide,B,1,1   Herbicide
P155442-8,Herbicide_B,SW,GP,SAMP,2025-04-11T12:45:00Z,0.08,NA,NOX,0.006,mg/L,NA,Herbicide,B,1,1   Herbicide
P155442-8,Herbicide_B,SW,GP,SAMP,2025-04-11T12:45:00Z,0.08,NA,NH4,0.036,mg/L,NA,Herbicide,B,1,1   Herbicide
P155442-8,Herbicide_B,SW,GP,SAMP,2025-04-11T12:45:00Z,0.08,NA,TN,1.09,mg/L,NA,Herbicide,B,1,1   Herbicide
P155442-8,Herbicide_B,SW,GP,SAMP,2025-04-11T12:45:00Z,0.08,NA,TDPO4,0.026,mg/L,NA,Herbicide,B,1,1   Herbicide
P155442-8,Herbicide_B,SW,GP,SAMP,2025-04-11T12:45:00Z,0.08,NA,TPO4,0.033,mg/L,NA,Herbicide,B,1,1   Herbicide
P155442-8,Herbicide_B,SW,GP,SAMP,2025-04-11T12:45:00Z,0.08,NA,SRP,0.01,mg/L,NA,Herbicide,B,1,1   Herbicide
P155442-7,Burn/Herbicide_B,SW,GP,SAMP,2025-04-11T12:25:00Z,0.08,NA,Pheophytin A,0.208,ug/L,NA,Burn/Herbicide,B,1,1   Burn/Herbicide
P155442-7,Burn/Herbicide_B,SW,GP,SAMP,2025-04-11T12:25:00Z,0.08,NA,Chlorophyll A,2.22,ug/L,NA,Burn/Herbicide,B,1,1   Burn/Herbicide
P155442-7,Burn/Herbicide_B,SW,GP,SAMP,2025-04-11T12:25:00Z,0.08,NA,Chlorophyll B,0.31,ug/L,NA,Burn/Herbicide,B,1,1   Burn/Herbicide
P155442-7,Burn/Herbicide_B,SW,GP,SAMP,2025-04-11T12:25:00Z,0.08,NA,DOC,18.6,mg/L,NA,Burn/Herbicide,B,1,1   Burn/Herbicide
P155442-7,Burn/Herbicide_B,SW,GP,SAMP,2025-04-11T12:25:00Z,0.08,NA,NOX,0.005,mg/L,NA,Burn/Herbicide,B,1,1   Burn/Herbicide
P155442-7,Burn/Herbicide_B,SW,GP,SAMP,2025-04-11T12:25:00Z,0.08,NA,NH4,0.034,mg/L,NA,Burn/Herbicide,B,1,1   Burn/Herbicide
P155442-7,Burn/Herbicide_B,SW,GP,SAMP,2025-04-11T12:25:00Z,0.08,NA,TN,1.09,mg/L,NA,Burn/Herbicide,B,1,1   Burn/Herbicide
P155442-7,Burn/Herbicide_B,SW,GP,SAMP,2025-04-11T12:25:00Z,0.08,NA,TDPO4,0.054,mg/L,NA,Burn/Herbicide,B,1,1   Burn/Herbicide
P155442-7,Burn/Herbicide_B,SW,GP,SAMP,2025-04-11T12:25:00Z,0.08,NA,TPO4,0.073,mg/L,NA,Burn/Herbicide,B,1,1   Burn/Herbicide
P155442-7,Burn/Herbicide_B,SW,GP,SAMP,2025-04-11T12:25:00Z,0.08,NA,SRP,0.037,mg/L,NA,Burn/Herbicide,B,1,1   Burn/Herbicide
P155442-6,Burn_B,SW,GP,SAMP,2025-04-11T12:10:00Z,0.1,NA,Pheophytin A,0.131,ug/L,NA,Burn,B,1,1   Burn
P155442-6,Burn_B,SW,GP,SAMP,2025-04-11T12:10:00Z,0.1,NA,Chlorophyll A,1.34,ug/L,NA,Burn,B,1,1   Burn
P155442-6,Burn_B,SW,GP,SAMP,2025-04-11T12:10:00Z,0.1,NA,Chlorophyll B,0.166,ug/L,NA,Burn,B,1,1   Burn
P155442-6,Burn_B,SW,GP,SAMP,2025-04-11T12:10:00Z,0.1,NA,DOC,19.6,mg/L,NA,Burn,B,1,1   Burn
P155442-6,Burn_B,SW,GP,SAMP,2025-04-11T12:10:00Z,0.1,NA,NOX,0.005,mg/L,NA,Burn,B,1,1   Burn
P155442-6,Burn_B,SW,GP,SAMP,2025-04-11T12:10:00Z,0.1,NA,NH4,0.031,mg/L,NA,Burn,B,1,1   Burn
P155442-6,Burn_B,SW,GP,SAMP,2025-04-11T12:10:00Z,0.1,NA,TN,1.05,mg/L,NA,Burn,B,1,1   Burn
P155442-6,Burn_B,SW,GP,SAMP,2025-04-11T12:10:00Z,0.1,NA,TDPO4,0.058,mg/L,NA,Burn,B,1,1   Burn
P155442-6,Burn_B,SW,GP,SAMP,2025-04-11T12:10:00Z,0.1,NA,TPO4,0.087,mg/L,NA,Burn,B,1,1   Burn
P155442-6,Burn_B,SW,GP,SAMP,2025-04-11T12:10:00Z,0.1,NA,SRP,0.037,mg/L,NA,Burn,B,1,1   Burn
P155442-5,Untreated_B,SW,GP,SAMP,2025-04-11T11:50:00Z,0.09,NA,Pheophytin A,0.112,ug/L,NA,Untreated,B,1,1   Untreated
P155442-5,Untreated_B,SW,GP,SAMP,2025-04-11T11:50:00Z,0.09,NA,Chlorophyll A,0.698,ug/L,NA,Untreated,B,1,1   Untreated
P155442-5,Untreated_B,SW,GP,SAMP,2025-04-11T11:50:00Z,0.09,NA,Chlorophyll B,0.032,ug/L,NA,Untreated,B,1,1   Untreated
P155442-5,Untreated_B,SW,GP,SAMP,2025-04-11T11:50:00Z,0.09,NA,DOC,18.6,mg/L,NA,Untreated,B,1,1   Untreated
P155442-5,Untreated_B,SW,GP,SAMP,2025-04-11T11:50:00Z,0.09,NA,NOX,0.005,mg/L,NA,Untreated,B,1,1   Untreated
P155442-5,Untreated_B,SW,GP,SAMP,2025-04-11T11:50:00Z,0.09,NA,NH4,0.022,mg/L,NA,Untreated,B,1,1   Untreated
P155442-5,Untreated_B,SW,GP,SAMP,2025-04-11T11:50:00Z,0.09,NA,TN,1.02,mg/L,NA,Untreated,B,1,1   Untreated
P155442-5,Untreated_B,SW,GP,SAMP,2025-04-11T11:50:00Z,0.09,NA,TDPO4,0.022,mg/L,NA,Untreated,B,1,1   Untreated
P155442-5,Untreated_B,SW,GP,SAMP,2025-04-11T11:50:00Z,0.09,NA,TPO4,0.031,mg/L,NA,Untreated,B,1,1   Untreated
P155442-5,Untreated_B,SW,GP,SAMP,2025-04-11T11:50:00Z,0.09,NA,SRP,0.008,mg/L,NA,Untreated,B,1,1   Untreated
P155442-4,Burn_A,SW,GP,SAMP,2025-04-11T11:25:00Z,0.06,NA,Pheophytin A,0.227,ug/L,NA,Burn,A,1,1   Burn
P155442-4,Burn_A,SW,GP,SAMP,2025-04-11T11:25:00Z,0.06,NA,Chlorophyll A,2.31,ug/L,NA,Burn,A,1,1   Burn
P155442-4,Burn_A,SW,GP,SAMP,2025-04-11T11:25:00Z,0.06,NA,Chlorophyll B,0.33,ug/L,NA,Burn,A,1,1   Burn
P155442-4,Burn_A,SW,GP,SAMP,2025-04-11T11:25:00Z,0.06,NA,DOC,19.8,mg/L,NA,Burn,A,1,1   Burn
P155442-4,Burn_A,SW,GP,SAMP,2025-04-11T11:25:00Z,0.06,NA,NOX,0.005,mg/L,NA,Burn,A,1,1   Burn
P155442-4,Burn_A,SW,GP,SAMP,2025-04-11T11:25:00Z,0.06,NA,NH4,0.017,mg/L,NA,Burn,A,1,1   Burn
P155442-4,Burn_A,SW,GP,SAMP,2025-04-11T11:25:00Z,0.06,NA,TN,1.19,mg/L,NA,Burn,A,1,1   Burn
P155442-4,Burn_A,SW,GP,SAMP,2025-04-11T11:25:00Z,0.06,NA,TDPO4,0.073,mg/L,NA,Burn,A,1,1   Burn
P155442-4,Burn_A,SW,GP,SAMP,2025-04-11T11:25:00Z,0.06,NA,TPO4,0.102,mg/L,NA,Burn,A,1,1   Burn
P155442-4,Burn_A,SW,GP,SAMP,2025-04-11T11:25:00Z,0.06,NA,SRP,0.052,mg/L,NA,Burn,A,1,1   Burn
P155442-3,Burn/Herbicide_A,SW,GP,SAMP,2025-04-11T11:05:00Z,0.09,NA,Pheophytin A,0.128,ug/L,NA,Burn/Herbicide,A,1,1   Burn/Herbicide
P155442-3,Burn/Herbicide_A,SW,GP,SAMP,2025-04-11T11:05:00Z,0.09,NA,Chlorophyll A,1.78,ug/L,NA,Burn/Herbicide,A,1,1   Burn/Herbicide
P155442-3,Burn/Herbicide_A,SW,GP,SAMP,2025-04-11T11:05:00Z,0.09,NA,Chlorophyll B,0.138,ug/L,NA,Burn/Herbicide,A,1,1   Burn/Herbicide
P155442-3,Burn/Herbicide_A,SW,GP,SAMP,2025-04-11T11:05:00Z,0.09,NA,DOC,19.6,mg/L,NA,Burn/Herbicide,A,1,1   Burn/Herbicide
P155442-3,Burn/Herbicide_A,SW,GP,SAMP,2025-04-11T11:05:00Z,0.09,NA,NOX,0.005,mg/L,NA,Burn/Herbicide,A,1,1   Burn/Herbicide
P155442-3,Burn/Herbicide_A,SW,GP,SAMP,2025-04-11T11:05:00Z,0.09,NA,NH4,0.046,mg/L,NA,Burn/Herbicide,A,1,1   Burn/Herbicide
P155442-3,Burn/Herbicide_A,SW,GP,SAMP,2025-04-11T11:05:00Z,0.09,NA,TN,1.19,mg/L,NA,Burn/Herbicide,A,1,1   Burn/Herbicide
P155442-3,Burn/Herbicide_A,SW,GP,SAMP,2025-04-11T11:05:00Z,0.09,NA,TDPO4,0.078,mg/L,NA,Burn/Herbicide,A,1,1   Burn/Herbicide
P155442-3,Burn/Herbicide_A,SW,GP,SAMP,2025-04-11T11:05:00Z,0.09,NA,TPO4,0.112,mg/L,NA,Burn/Herbicide,A,1,1   Burn/Herbicide
P155442-3,Burn/Herbicide_A,SW,GP,SAMP,2025-04-11T11:05:00Z,0.09,NA,SRP,0.052,mg/L,NA,Burn/Herbicide,A,1,1   Burn/Herbicide
P155442-2,Herbicide_A,SW,GP,SAMP,2025-04-11T10:48:00Z,0.06,NA,Pheophytin A,0.714,ug/L,NA,Herbicide,A,1,1   Herbicide
P155442-2,Herbicide_A,SW,GP,SAMP,2025-04-11T10:48:00Z,0.06,NA,Chlorophyll A,7.11,ug/L,NA,Herbicide,A,1,1   Herbicide
P155442-2,Herbicide_A,SW,GP,SAMP,2025-04-11T10:48:00Z,0.06,NA,Chlorophyll B,0.874,ug/L,NA,Herbicide,A,1,1   Herbicide
P155442-2,Herbicide_A,SW,GP,SAMP,2025-04-11T10:48:00Z,0.06,NA,DOC,21,mg/L,NA,Herbicide,A,1,1   Herbicide
P155442-2,Herbicide_A,SW,GP,SAMP,2025-04-11T10:48:00Z,0.06,NA,NOX,0.005,mg/L,NA,Herbicide,A,1,1   Herbicide
P155442-2,Herbicide_A,SW,GP,SAMP,2025-04-11T10:48:00Z,0.06,NA,NH4,0.151,mg/L,NA,Herbicide,A,1,1   Herbicide
P155442-2,Herbicide_A,SW,GP,SAMP,2025-04-11T10:48:00Z,0.06,NA,TN,1.5,mg/L,NA,Herbicide,A,1,1   Herbicide
P155442-2,Herbicide_A,SW,GP,SAMP,2025-04-11T10:48:00Z,0.06,NA,TDPO4,0.037,mg/L,NA,Herbicide,A,1,1   Herbicide
P155442-2,Herbicide_A,SW,GP,SAMP,2025-04-11T10:48:00Z,0.06,NA,TPO4,0.062,mg/L,NA,Herbicide,A,1,1   Herbicide
P155442-2,Herbicide_A,SW,GP,SAMP,2025-04-11T10:48:00Z,0.06,NA,SRP,0.017,mg/L,NA,Herbicide,A,1,1   Herbicide
P155442-13,Untreated_A,DI,GP,FCEB,2025-04-11T10:30:00Z,NA,NA,Pheophytin A,0.008,ug/L,"DI 8229 through peristaltic pump to bucket to sample bottles. Tray Rocky, bucket Nantucket, SA 072823, filter 18278596.",Untreated,A,1,1   Untreated
P155442-13,Untreated_A,DI,GP,FCEB,2025-04-11T10:30:00Z,NA,NA,Chlorophyll A,0.016,ug/L,"DI 8229 through peristaltic pump to bucket to sample bottles. Tray Rocky, bucket Nantucket, SA 072823, filter 18278596.",Untreated,A,1,1   Untreated
P155442-13,Untreated_A,DI,GP,FCEB,2025-04-11T10:30:00Z,NA,NA,Chlorophyll B,0.016,ug/L,"DI 8229 through peristaltic pump to bucket to sample bottles. Tray Rocky, bucket Nantucket, SA 072823, filter 18278596.",Untreated,A,1,1   Untreated
P155442-13,Untreated_A,DI,GP,FCEB,2025-04-11T10:30:00Z,NA,NA,DOC,0.8,mg/L,"DI 8229 through peristaltic pump to bucket to sample bottles. Tray Rocky, bucket Nantucket, SA 072823, filter 18278596.",Untreated,A,1,1   Untreated
P155442-13,Untreated_A,DI,GP,FCEB,2025-04-11T10:30:00Z,NA,NA,NOX,0.005,mg/L,"DI 8229 through peristaltic pump to bucket to sample bottles. Tray Rocky, bucket Nantucket, SA 072823, filter 18278596.",Untreated,A,1,1   Untreated
P155442-13,Untreated_A,DI,GP,FCEB,2025-04-11T10:30:00Z,NA,NA,NH4,0.005,mg/L,"DI 8229 through peristaltic pump to bucket to sample bottles. Tray Rocky, bucket Nantucket, SA 072823, filter 18278596.",Untreated,A,1,1   Untreated
P155442-13,Untreated_A,DI,GP,FCEB,2025-04-11T10:30:00Z,NA,NA,TN,0.05,mg/L,"DI 8229 through peristaltic pump to bucket to sample bottles. Tray Rocky, bucket Nantucket, SA 072823, filter 18278596.",Untreated,A,1,1   Untreated
P155442-13,Untreated_A,DI,GP,FCEB,2025-04-11T10:30:00Z,NA,NA,TDPO4,0.002,mg/L,"DI 8229 through peristaltic pump to bucket to sample bottles. Tray Rocky, bucket Nantucket, SA 072823, filter 18278596.",Untreated,A,1,1   Untreated
P155442-13,Untreated_A,DI,GP,FCEB,2025-04-11T10:30:00Z,NA,NA,TPO4,0.002,mg/L,"DI 8229 through peristaltic pump to bucket to sample bottles. Tray Rocky, bucket Nantucket, SA 072823, filter 18278596.",Untreated,A,1,1   Untreated
P155442-13,Untreated_A,DI,GP,FCEB,2025-04-11T10:30:00Z,NA,NA,SRP,0.002,mg/L,"DI 8229 through peristaltic pump to bucket to sample bottles. Tray Rocky, bucket Nantucket, SA 072823, filter 18278596.",Untreated,A,1,1   Untreated
P155442-1,Untreated_A,SW,GP,SAMP,2025-04-11T10:20:00Z,0.09,NA,Pheophytin A,0.614,ug/L,NA,Untreated,A,1,1   Untreated
P155442-1,Untreated_A,SW,GP,SAMP,2025-04-11T10:20:00Z,0.09,NA,Chlorophyll A,5.64,ug/L,NA,Untreated,A,1,1   Untreated
P155442-1,Untreated_A,SW,GP,SAMP,2025-04-11T10:20:00Z,0.09,NA,Chlorophyll B,0.602,ug/L,NA,Untreated,A,1,1   Untreated
P155442-1,Untreated_A,SW,GP,SAMP,2025-04-11T10:20:00Z,0.09,NA,DOC,21.4,mg/L,NA,Untreated,A,1,1   Untreated
P155442-1,Untreated_A,SW,GP,SAMP,2025-04-11T10:20:00Z,0.09,NA,NOX,0.005,mg/L,NA,Untreated,A,1,1   Untreated
P155442-1,Untreated_A,SW,GP,SAMP,2025-04-11T10:20:00Z,0.09,NA,NH4,0.073,mg/L,NA,Untreated,A,1,1   Untreated
P155442-1,Untreated_A,SW,GP,SAMP,2025-04-11T10:20:00Z,0.09,NA,TN,1.46,mg/L,NA,Untreated,A,1,1   Untreated
P155442-1,Untreated_A,SW,GP,SAMP,2025-04-11T10:20:00Z,0.09,NA,TDPO4,0.05,mg/L,NA,Untreated,A,1,1   Untreated
P155442-1,Untreated_A,SW,GP,SAMP,2025-04-11T10:20:00Z,0.09,NA,TPO4,0.092,mg/L,NA,Untreated,A,1,1   Untreated
P155442-1,Untreated_A,SW,GP,SAMP,2025-04-11T10:20:00Z,0.09,NA,SRP,0.026,mg/L,NA,Untreated,A,1,1   Untreated
P155441-12,Untreated_C,SW,GP,SAMP,2025-04-10T18:45:00Z,0.06,NA,Pheophytin A,1.41,ug/L,NA,Untreated,C,0,0   Untreated
P155441-12,Untreated_C,SW,GP,SAMP,2025-04-10T18:45:00Z,0.06,NA,Chlorophyll A,6.76,ug/L,NA,Untreated,C,0,0   Untreated
P155441-12,Untreated_C,SW,GP,SAMP,2025-04-10T18:45:00Z,0.06,NA,Chlorophyll B,0.805,ug/L,NA,Untreated,C,0,0   Untreated
P155441-12,Untreated_C,SW,GP,SAMP,2025-04-10T18:45:00Z,0.06,NA,DOC,18.9,mg/L,NA,Untreated,C,0,0   Untreated
P155441-12,Untreated_C,SW,GP,SAMP,2025-04-10T18:45:00Z,0.06,NA,NOX,0.005,mg/L,NA,Untreated,C,0,0   Untreated
P155441-12,Untreated_C,SW,GP,SAMP,2025-04-10T18:45:00Z,0.06,NA,NH4,0.039,mg/L,NA,Untreated,C,0,0   Untreated
P155441-12,Untreated_C,SW,GP,SAMP,2025-04-10T18:45:00Z,0.06,NA,TN,1.54,mg/L,NA,Untreated,C,0,0   Untreated
P155441-12,Untreated_C,SW,GP,SAMP,2025-04-10T18:45:00Z,0.06,NA,TDPO4,0.02,mg/L,NA,Untreated,C,0,0   Untreated
P155441-12,Untreated_C,SW,GP,SAMP,2025-04-10T18:45:00Z,0.06,NA,TPO4,0.06,mg/L,NA,Untreated,C,0,0   Untreated
P155441-12,Untreated_C,SW,GP,SAMP,2025-04-10T18:45:00Z,0.06,NA,SRP,0.006,mg/L,NA,Untreated,C,0,0   Untreated
P155441-11,Burn_C,SW,GP,SAMP,2025-04-10T18:40:00Z,0.10,NA,Pheophytin A,0.6,ug/L,NA,Burn,C,0,0   Burn
P155441-11,Burn_C,SW,GP,SAMP,2025-04-10T18:40:00Z,0.10,NA,Chlorophyll A,6.92,ug/L,NA,Burn,C,0,0   Burn
P155441-11,Burn_C,SW,GP,SAMP,2025-04-10T18:40:00Z,0.10,NA,Chlorophyll B,0.562,ug/L,NA,Burn,C,0,0   Burn
P155441-11,Burn_C,SW,GP,SAMP,2025-04-10T18:40:00Z,0.10,NA,DOC,19.6,mg/L,NA,Burn,C,0,0   Burn
P155441-11,Burn_C,SW,GP,SAMP,2025-04-10T18:40:00Z,0.10,NA,NOX,0.006,mg/L,NA,Burn,C,0,0   Burn
P155441-11,Burn_C,SW,GP,SAMP,2025-04-10T18:40:00Z,0.10,NA,NH4,0.048,mg/L,NA,Burn,C,0,0   Burn
P155441-11,Burn_C,SW,GP,SAMP,2025-04-10T18:40:00Z,0.10,NA,TN,1.36,mg/L,NA,Burn,C,0,0   Burn
P155441-11,Burn_C,SW,GP,SAMP,2025-04-10T18:40:00Z,0.10,NA,TDPO4,0.042,mg/L,NA,Burn,C,0,0   Burn
P155441-11,Burn_C,SW,GP,SAMP,2025-04-10T18:40:00Z,0.10,NA,TPO4,0.195,mg/L,NA,Burn,C,0,0   Burn
P155441-11,Burn_C,SW,GP,SAMP,2025-04-10T18:40:00Z,0.10,NA,SRP,0.023,mg/L,NA,Burn,C,0,0   Burn
P155441-10,Burn/Herbicide_C,SW,GP,SAMP,2025-04-10T18:35:00Z,0.15,NA,Pheophytin A,6.39,ug/L,NA,Burn/Herbicide,C,0,0   Burn/Herbicide
P155441-10,Burn/Herbicide_C,SW,GP,SAMP,2025-04-10T18:35:00Z,0.15,NA,Chlorophyll A,18.4,ug/L,NA,Burn/Herbicide,C,0,0   Burn/Herbicide
P155441-10,Burn/Herbicide_C,SW,GP,SAMP,2025-04-10T18:35:00Z,0.15,NA,Chlorophyll B,2.25,ug/L,NA,Burn/Herbicide,C,0,0   Burn/Herbicide
P155441-10,Burn/Herbicide_C,SW,GP,SAMP,2025-04-10T18:35:00Z,0.15,NA,DOC,19.6,mg/L,NA,Burn/Herbicide,C,0,0   Burn/Herbicide
P155441-10,Burn/Herbicide_C,SW,GP,SAMP,2025-04-10T18:35:00Z,0.15,NA,NOX,0.01,mg/L,NA,Burn/Herbicide,C,0,0   Burn/Herbicide
P155441-10,Burn/Herbicide_C,SW,GP,SAMP,2025-04-10T18:35:00Z,0.15,NA,NH4,0.203,mg/L,NA,Burn/Herbicide,C,0,0   Burn/Herbicide
P155441-10,Burn/Herbicide_C,SW,GP,SAMP,2025-04-10T18:35:00Z,0.15,NA,TN,3.51,mg/L,NA,Burn/Herbicide,C,0,0   Burn/Herbicide
P155441-10,Burn/Herbicide_C,SW,GP,SAMP,2025-04-10T18:35:00Z,0.15,NA,TDPO4,0.085,mg/L,NA,Burn/Herbicide,C,0,0   Burn/Herbicide
P155441-10,Burn/Herbicide_C,SW,GP,SAMP,2025-04-10T18:35:00Z,0.15,NA,TPO4,0.406,mg/L,NA,Burn/Herbicide,C,0,0   Burn/Herbicide
P155441-10,Burn/Herbicide_C,SW,GP,SAMP,2025-04-10T18:35:00Z,0.15,NA,SRP,0.064,mg/L,NA,Burn/Herbicide,C,0,0   Burn/Herbicide
P155441-9,Herbicide_C,SW,GP,SAMP,2025-04-10T18:25:00Z,0.11,NA,Pheophytin A,1.29,ug/L,NA,Herbicide,C,0,0   Herbicide
P155441-9,Herbicide_C,SW,GP,SAMP,2025-04-10T18:25:00Z,0.11,NA,Chlorophyll A,9.03,ug/L,NA,Herbicide,C,0,0   Herbicide
P155441-9,Herbicide_C,SW,GP,SAMP,2025-04-10T18:25:00Z,0.11,NA,Chlorophyll B,1.06,ug/L,NA,Herbicide,C,0,0   Herbicide
P155441-9,Herbicide_C,SW,GP,SAMP,2025-04-10T18:25:00Z,0.11,NA,DOC,18.1,mg/L,NA,Herbicide,C,0,0   Herbicide
P155441-9,Herbicide_C,SW,GP,SAMP,2025-04-10T18:25:00Z,0.11,NA,NOX,0.005,mg/L,NA,Herbicide,C,0,0   Herbicide
P155441-9,Herbicide_C,SW,GP,SAMP,2025-04-10T18:25:00Z,0.11,NA,NH4,0.028,mg/L,NA,Herbicide,C,0,0   Herbicide
P155441-9,Herbicide_C,SW,GP,SAMP,2025-04-10T18:25:00Z,0.11,NA,TN,1.37,mg/L,NA,Herbicide,C,0,0   Herbicide
P155441-9,Herbicide_C,SW,GP,SAMP,2025-04-10T18:25:00Z,0.11,NA,TDPO4,0.029,mg/L,NA,Herbicide,C,0,0   Herbicide
P155441-9,Herbicide_C,SW,GP,SAMP,2025-04-10T18:25:00Z,0.11,NA,TPO4,0.064,mg/L,NA,Herbicide,C,0,0   Herbicide
P155441-9,Herbicide_C,SW,GP,SAMP,2025-04-10T18:25:00Z,0.11,NA,SRP,0.011,mg/L,NA,Herbicide,C,0,0   Herbicide
P155441-8,Herbicide_B,SW,GP,SAMP,2025-04-10T18:20:00Z,0.11,NA,Pheophytin A,0.846,ug/L,NA,Herbicide,B,0,0   Herbicide
P155441-8,Herbicide_B,SW,GP,SAMP,2025-04-10T18:20:00Z,0.11,NA,Chlorophyll A,4.59,ug/L,NA,Herbicide,B,0,0   Herbicide
P155441-8,Herbicide_B,SW,GP,SAMP,2025-04-10T18:20:00Z,0.11,NA,Chlorophyll B,0.654,ug/L,NA,Herbicide,B,0,0   Herbicide
P155441-8,Herbicide_B,SW,GP,SAMP,2025-04-10T18:20:00Z,0.11,NA,DOC,18.8,mg/L,NA,Herbicide,B,0,0   Herbicide
P155441-8,Herbicide_B,SW,GP,SAMP,2025-04-10T18:20:00Z,0.11,NA,NOX,0.005,mg/L,NA,Herbicide,B,0,0   Herbicide
P155441-8,Herbicide_B,SW,GP,SAMP,2025-04-10T18:20:00Z,0.11,NA,NH4,0.027,mg/L,NA,Herbicide,B,0,0   Herbicide
P155441-8,Herbicide_B,SW,GP,SAMP,2025-04-10T18:20:00Z,0.11,NA,TN,1.49,mg/L,NA,Herbicide,B,0,0   Herbicide
P155441-8,Herbicide_B,SW,GP,SAMP,2025-04-10T18:20:00Z,0.11,NA,TDPO4,0.024,mg/L,NA,Herbicide,B,0,0   Herbicide
P155441-8,Herbicide_B,SW,GP,SAMP,2025-04-10T18:20:00Z,0.11,NA,TPO4,0.053,mg/L,NA,Herbicide,B,0,0   Herbicide
P155441-8,Herbicide_B,SW,GP,SAMP,2025-04-10T18:20:00Z,0.11,NA,SRP,0.007,mg/L,NA,Herbicide,B,0,0   Herbicide
P155441-7,Burn/Herbicide_B,SW,GP,SAMP,2025-04-10T18:10:00Z,0.15,NA,Pheophytin A,4.9,ug/L,NA,Burn/Herbicide,B,0,0   Burn/Herbicide
P155441-7,Burn/Herbicide_B,SW,GP,SAMP,2025-04-10T18:10:00Z,0.15,NA,Chlorophyll A,19.9,ug/L,NA,Burn/Herbicide,B,0,0   Burn/Herbicide
P155441-7,Burn/Herbicide_B,SW,GP,SAMP,2025-04-10T18:10:00Z,0.15,NA,Chlorophyll B,1.94,ug/L,NA,Burn/Herbicide,B,0,0   Burn/Herbicide
P155441-7,Burn/Herbicide_B,SW,GP,SAMP,2025-04-10T18:10:00Z,0.15,NA,DOC,21.8,mg/L,NA,Burn/Herbicide,B,0,0   Burn/Herbicide
P155441-7,Burn/Herbicide_B,SW,GP,SAMP,2025-04-10T18:10:00Z,0.15,NA,NOX,0.014,mg/L,NA,Burn/Herbicide,B,0,0   Burn/Herbicide
P155441-7,Burn/Herbicide_B,SW,GP,SAMP,2025-04-10T18:10:00Z,0.15,NA,NH4,0.187,mg/L,NA,Burn/Herbicide,B,0,0   Burn/Herbicide
P155441-7,Burn/Herbicide_B,SW,GP,SAMP,2025-04-10T18:10:00Z,0.15,NA,TN,1.99,mg/L,NA,Burn/Herbicide,B,0,0   Burn/Herbicide
P155441-7,Burn/Herbicide_B,SW,GP,SAMP,2025-04-10T18:10:00Z,0.15,NA,TDPO4,0.082,mg/L,NA,Burn/Herbicide,B,0,0   Burn/Herbicide
P155441-7,Burn/Herbicide_B,SW,GP,SAMP,2025-04-10T18:10:00Z,0.15,NA,TPO4,0.488,mg/L,NA,Burn/Herbicide,B,0,0   Burn/Herbicide
P155441-7,Burn/Herbicide_B,SW,GP,SAMP,2025-04-10T18:10:00Z,0.15,NA,SRP,0.054,mg/L,NA,Burn/Herbicide,B,0,0   Burn/Herbicide
P155441-6,Burn_B,SW,GP,SAMP,2025-04-10T18:05:00Z,0.14,NA,Pheophytin A,0.48,ug/L,NA,Burn,B,0,0   Burn
P155441-6,Burn_B,SW,GP,SAMP,2025-04-10T18:05:00Z,0.14,NA,Chlorophyll A,2.94,ug/L,NA,Burn,B,0,0   Burn
P155441-6,Burn_B,SW,GP,SAMP,2025-04-10T18:05:00Z,0.14,NA,Chlorophyll B,0.308,ug/L,NA,Burn,B,0,0   Burn
P155441-6,Burn_B,SW,GP,SAMP,2025-04-10T18:05:00Z,0.14,NA,DOC,19.1,mg/L,NA,Burn,B,0,0   Burn
P155441-6,Burn_B,SW,GP,SAMP,2025-04-10T18:05:00Z,0.14,NA,NOX,0.011,mg/L,NA,Burn,B,0,0   Burn
P155441-6,Burn_B,SW,GP,SAMP,2025-04-10T18:05:00Z,0.14,NA,NH4,0.086,mg/L,NA,Burn,B,0,0   Burn
P155441-6,Burn_B,SW,GP,SAMP,2025-04-10T18:05:00Z,0.14,NA,TN,1.43,mg/L,NA,Burn,B,0,0   Burn
P155441-6,Burn_B,SW,GP,SAMP,2025-04-10T18:05:00Z,0.14,NA,TDPO4,0.043,mg/L,NA,Burn,B,0,0   Burn
P155441-6,Burn_B,SW,GP,SAMP,2025-04-10T18:05:00Z,0.14,NA,TPO4,0.314,mg/L,NA,Burn,B,0,0   Burn
P155441-6,Burn_B,SW,GP,SAMP,2025-04-10T18:05:00Z,0.14,NA,SRP,0.025,mg/L,NA,Burn,B,0,0   Burn
P155441-5,Untreated_B,SW,GP,SAMP,2025-04-10T17:50:00Z,0.09,NA,Pheophytin A,0.163,ug/L,NA,Untreated,B,0,0   Untreated
P155441-5,Untreated_B,SW,GP,SAMP,2025-04-10T17:50:00Z,0.09,NA,Chlorophyll A,1.84,ug/L,NA,Untreated,B,0,0   Untreated
P155441-5,Untreated_B,SW,GP,SAMP,2025-04-10T17:50:00Z,0.09,NA,Chlorophyll B,0.114,ug/L,NA,Untreated,B,0,0   Untreated
P155441-5,Untreated_B,SW,GP,SAMP,2025-04-10T17:50:00Z,0.09,NA,DOC,18.5,mg/L,NA,Untreated,B,0,0   Untreated
P155441-5,Untreated_B,SW,GP,SAMP,2025-04-10T17:50:00Z,0.09,NA,NOX,0.005,mg/L,NA,Untreated,B,0,0   Untreated
P155441-5,Untreated_B,SW,GP,SAMP,2025-04-10T17:50:00Z,0.09,NA,NH4,0.022,mg/L,NA,Untreated,B,0,0   Untreated
P155441-5,Untreated_B,SW,GP,SAMP,2025-04-10T17:50:00Z,0.09,NA,TN,1.06,mg/L,NA,Untreated,B,0,0   Untreated
P155441-5,Untreated_B,SW,GP,SAMP,2025-04-10T17:50:00Z,0.09,NA,TDPO4,0.025,mg/L,NA,Untreated,B,0,0   Untreated
P155441-5,Untreated_B,SW,GP,SAMP,2025-04-10T17:50:00Z,0.09,NA,TPO4,0.035,mg/L,NA,Untreated,B,0,0   Untreated
P155441-5,Untreated_B,SW,GP,SAMP,2025-04-10T17:50:00Z,0.09,NA,SRP,0.008,mg/L,NA,Untreated,B,0,0   Untreated
P155441-4,Burn_A,SW,GP,SAMP,2025-04-10T17:15:00Z,0.09,NA,Pheophytin A,2.52,ug/L,NA,Burn,A,0,0   Burn
P155441-4,Burn_A,SW,GP,SAMP,2025-04-10T17:15:00Z,0.09,NA,Chlorophyll A,10.3,ug/L,NA,Burn,A,0,0   Burn
P155441-4,Burn_A,SW,GP,SAMP,2025-04-10T17:15:00Z,0.09,NA,Chlorophyll B,1.52,ug/L,NA,Burn,A,0,0   Burn
P155441-4,Burn_A,SW,GP,SAMP,2025-04-10T17:15:00Z,0.09,NA,DOC,20.5,mg/L,NA,Burn,A,0,0   Burn
P155441-4,Burn_A,SW,GP,SAMP,2025-04-10T17:15:00Z,0.09,NA,NOX,0.005,mg/L,NA,Burn,A,0,0   Burn
P155441-4,Burn_A,SW,GP,SAMP,2025-04-10T17:15:00Z,0.09,NA,NH4,0.066,mg/L,NA,Burn,A,0,0   Burn
P155441-4,Burn_A,SW,GP,SAMP,2025-04-10T17:15:00Z,0.09,NA,TN,1.98,mg/L,NA,Burn,A,0,0   Burn
P155441-4,Burn_A,SW,GP,SAMP,2025-04-10T17:15:00Z,0.09,NA,TDPO4,0.126,mg/L,NA,Burn,A,0,0   Burn
P155441-4,Burn_A,SW,GP,SAMP,2025-04-10T17:15:00Z,0.09,NA,TPO4,0.552,mg/L,NA,Burn,A,0,0   Burn
P155441-4,Burn_A,SW,GP,SAMP,2025-04-10T17:15:00Z,0.09,NA,SRP,0.072,mg/L,NA,Burn,A,0,0   Burn
P155441-3,Burn/Herbicide_A,SW,GP,SAMP,2025-04-10T16:30:00Z,0.11,NA,Pheophytin A,1.21,ug/L,NA,Burn/Herbicide,A,0,0   Burn/Herbicide
P155441-3,Burn/Herbicide_A,SW,GP,SAMP,2025-04-10T16:30:00Z,0.11,NA,Chlorophyll A,4.88,ug/L,NA,Burn/Herbicide,A,0,0   Burn/Herbicide
P155441-3,Burn/Herbicide_A,SW,GP,SAMP,2025-04-10T16:30:00Z,0.11,NA,Chlorophyll B,0.768,ug/L,NA,Burn/Herbicide,A,0,0   Burn/Herbicide
P155441-3,Burn/Herbicide_A,SW,GP,SAMP,2025-04-10T16:30:00Z,0.11,NA,DOC,20.1,mg/L,NA,Burn/Herbicide,A,0,0   Burn/Herbicide
P155441-3,Burn/Herbicide_A,SW,GP,SAMP,2025-04-10T16:30:00Z,0.11,NA,NOX,0.009,mg/L,NA,Burn/Herbicide,A,0,0   Burn/Herbicide
P155441-3,Burn/Herbicide_A,SW,GP,SAMP,2025-04-10T16:30:00Z,0.11,NA,NH4,0.152,mg/L,NA,Burn/Herbicide,A,0,0   Burn/Herbicide
P155441-3,Burn/Herbicide_A,SW,GP,SAMP,2025-04-10T16:30:00Z,0.11,NA,TN,1.83,mg/L,NA,Burn/Herbicide,A,0,0   Burn/Herbicide
P155441-3,Burn/Herbicide_A,SW,GP,SAMP,2025-04-10T16:30:00Z,0.11,NA,TDPO4,0.085,mg/L,NA,Burn/Herbicide,A,0,0   Burn/Herbicide
P155441-3,Burn/Herbicide_A,SW,GP,SAMP,2025-04-10T16:30:00Z,0.11,NA,TPO4,0.543,mg/L,NA,Burn/Herbicide,A,0,0   Burn/Herbicide
P155441-3,Burn/Herbicide_A,SW,GP,SAMP,2025-04-10T16:30:00Z,0.11,NA,SRP,0.057,mg/L,NA,Burn/Herbicide,A,0,0   Burn/Herbicide
P155441-2,Herbicide_A,SW,GP,SAMP,2025-04-10T16:00:00Z,0.07,NA,Pheophytin A,0.302,ug/L,NA,Herbicide,A,0,0   Herbicide
P155441-2,Herbicide_A,SW,GP,SAMP,2025-04-10T16:00:00Z,0.07,NA,Chlorophyll A,5.37,ug/L,NA,Herbicide,A,0,0   Herbicide
P155441-2,Herbicide_A,SW,GP,SAMP,2025-04-10T16:00:00Z,0.07,NA,Chlorophyll B,0.315,ug/L,NA,Herbicide,A,0,0   Herbicide
P155441-2,Herbicide_A,SW,GP,SAMP,2025-04-10T16:00:00Z,0.07,NA,DOC,19.3,mg/L,NA,Herbicide,A,0,0   Herbicide
P155441-2,Herbicide_A,SW,GP,SAMP,2025-04-10T16:00:00Z,0.07,NA,NOX,0.005,mg/L,NA,Herbicide,A,0,0   Herbicide
P155441-2,Herbicide_A,SW,GP,SAMP,2025-04-10T16:00:00Z,0.07,NA,NH4,0.024,mg/L,NA,Herbicide,A,0,0   Herbicide
P155441-2,Herbicide_A,SW,GP,SAMP,2025-04-10T16:00:00Z,0.07,NA,TN,1.14,mg/L,NA,Herbicide,A,0,0   Herbicide
P155441-2,Herbicide_A,SW,GP,SAMP,2025-04-10T16:00:00Z,0.07,NA,TDPO4,0.022,mg/L,NA,Herbicide,A,0,0   Herbicide
P155441-2,Herbicide_A,SW,GP,SAMP,2025-04-10T16:00:00Z,0.07,NA,TPO4,0.033,mg/L,NA,Herbicide,A,0,0   Herbicide
P155441-2,Herbicide_A,SW,GP,SAMP,2025-04-10T16:00:00Z,0.07,NA,SRP,0.004,mg/L,NA,Herbicide,A,0,0   Herbicide
P155441-13,Untreated_A,DI,GP,FCEB,2025-04-10T15:50:00Z,NA,NA,Pheophytin A,0.008,ug/L,NA,Untreated,A,0,0   Untreated
P155441-13,Untreated_A,DI,GP,FCEB,2025-04-10T15:50:00Z,NA,NA,Chlorophyll A,0.016,ug/L,NA,Untreated,A,0,0   Untreated
P155441-13,Untreated_A,DI,GP,FCEB,2025-04-10T15:50:00Z,NA,NA,Chlorophyll B,0.016,ug/L,NA,Untreated,A,0,0   Untreated
P155441-13,Untreated_A,DI,GP,FCEB,2025-04-10T15:50:00Z,NA,NA,DOC,0.8,mg/L,NA,Untreated,A,0,0   Untreated
P155441-13,Untreated_A,DI,GP,FCEB,2025-04-10T15:50:00Z,NA,NA,NOX,0.005,mg/L,NA,Untreated,A,0,0   Untreated
P155441-13,Untreated_A,DI,GP,FCEB,2025-04-10T15:50:00Z,NA,NA,NH4,0.005,mg/L,NA,Untreated,A,0,0   Untreated
P155441-13,Untreated_A,DI,GP,FCEB,2025-04-10T15:50:00Z,NA,NA,TN,0.05,mg/L,NA,Untreated,A,0,0   Untreated
P155441-13,Untreated_A,DI,GP,FCEB,2025-04-10T15:50:00Z,NA,NA,TDPO4,0.002,mg/L,NA,Untreated,A,0,0   Untreated
P155441-13,Untreated_A,DI,GP,FCEB,2025-04-10T15:50:00Z,NA,NA,TPO4,0.002,mg/L,NA,Untreated,A,0,0   Untreated
P155441-13,Untreated_A,DI,GP,FCEB,2025-04-10T15:50:00Z,NA,NA,SRP,0.002,mg/L,NA,Untreated,A,0,0   Untreated
P155441-1,Untreated_A,SW,GP,SAMP,2025-04-10T15:30:00Z,0.08,NA,Pheophytin A,0.22,ug/L,NA,Untreated,A,0,0   Untreated
P155441-1,Untreated_A,SW,GP,SAMP,2025-04-10T15:30:00Z,0.08,NA,Chlorophyll A,2.97,ug/L,NA,Untreated,A,0,0   Untreated
P155441-1,Untreated_A,SW,GP,SAMP,2025-04-10T15:30:00Z,0.08,NA,Chlorophyll B,0.188,ug/L,NA,Untreated,A,0,0   Untreated
P155441-1,Untreated_A,SW,GP,SAMP,2025-04-10T15:30:00Z,0.08,NA,DOC,18.1,mg/L,NA,Untreated,A,0,0   Untreated
P155441-1,Untreated_A,SW,GP,SAMP,2025-04-10T15:30:00Z,0.08,NA,NOX,0.005,mg/L,NA,Untreated,A,0,0   Untreated
P155441-1,Untreated_A,SW,GP,SAMP,2025-04-10T15:30:00Z,0.08,NA,NH4,0.036,mg/L,NA,Untreated,A,0,0   Untreated
P155441-1,Untreated_A,SW,GP,SAMP,2025-04-10T15:30:00Z,0.08,NA,TN,1.04,mg/L,NA,Untreated,A,0,0   Untreated
P155441-1,Untreated_A,SW,GP,SAMP,2025-04-10T15:30:00Z,0.08,NA,TDPO4,0.038,mg/L,NA,Untreated,A,0,0   Untreated
P155441-1,Untreated_A,SW,GP,SAMP,2025-04-10T15:30:00Z,0.08,NA,TPO4,0.043,mg/L,NA,Untreated,A,0,0   Untreated
P155441-1,Untreated_A,SW,GP,SAMP,2025-04-10T15:30:00Z,0.08,NA,SRP,0.014,mg/L,NA,Untreated,A,0,0   Untreated
P155506-19,Burn_A,DI,G,FB,2025-03-26T10:38:00Z,NA,NA,TPO4,0.002,mg/L,NA,Burn,A,-15,-15   Burn
P155506-14,Burn_A,SW,ADT,SAMP,2025-03-26T10:37:05Z,NA,NA,No Bottle,0,UNITS,NA,Burn,A,-15,-15   Burn
P155506-13,Burn_A,SW,ADT,SAMP,2025-03-26T10:36:00Z,NA,NA,No Bottle,0,UNITS,NA,Burn,A,-15,-15   Burn
P155506-12,Burn_A,SW,ADT,SAMP,2025-03-26T10:35:00Z,NA,NA,No Bottle,0,UNITS,NA,Burn,A,-15,-15   Burn
P155506-11,Burn_A,SW,ADT,SAMP,2025-03-26T10:34:00Z,NA,NA,No Bottle,0,UNITS,NA,Burn,A,-15,-15   Burn
P155506-10,Burn_A,SW,ADT,SAMP,2025-03-26T10:33:00Z,NA,NA,No Bottle,0,UNITS,NA,Burn,A,-15,-15   Burn
P155494-14,Untreated_A,SW,ADT,SAMP,2025-03-26T09:52:30Z,NA,NA,No Bottle,0,UNITS,"Bottle 1. Autosampler failure 3/11, no sample collected.",Untreated,A,-15,-15   Untreated
P155482-19,Herbicide_A,DI,G,FB,2025-03-26T09:19:00Z,NA,NA,TPO4,0.002,mg/L,FB- FOC DI tap,Herbicide,A,-15,-15   Herbicide
P155482-14,Herbicide_A,SW,ADT,SAMP,2025-03-26T09:14:00Z,NA,NA,TPO4,0.117,mg/L,NA,Herbicide,A,-15,-15   Herbicide
P155482-13,Herbicide_A,SW,ADT,SAMP,2025-03-26T09:13:00Z,NA,NA,TPO4,0.062,mg/L,NA,Herbicide,A,-15,-15   Herbicide
P155482-12,Herbicide_A,SW,ADT,SAMP,2025-03-26T09:12:00Z,NA,NA,TPO4,0.054,mg/L,NA,Herbicide,A,-15,-15   Herbicide
P155482-11,Herbicide_A,SW,ADT,SAMP,2025-03-26T09:11:00Z,NA,NA,TPO4,0.077,mg/L,NA,Herbicide,A,-15,-15   Herbicide
P155482-10,Herbicide_A,SW,ADT,SAMP,2025-03-26T09:10:00Z,NA,NA,TPO4,0.056,mg/L,NA,Herbicide,A,-15,-15   Herbicide
P155482-9,Herbicide_A,SW,ADT,SAMP,2025-03-26T09:09:00Z,NA,NA,TPO4,0.047,mg/L,NA,Herbicide,A,-15,-15   Herbicide
P155506-9,Burn_A,SW,ADT,SAMP,2025-03-26T09:09:00Z,NA,NA,No Bottle,0,UNITS,NA,Burn,A,-15,-15   Burn
P155506-8,Burn_A,SW,ADT,SAMP,2025-03-26T09:08:00Z,NA,NA,TPO4,0.028,mg/L,NA,Burn,A,-15,-15   Burn
P155482-8,Herbicide_A,SW,ADT,SAMP,2025-03-26T09:08:00Z,NA,NA,TPO4,0.034,mg/L,NA,Herbicide,A,-15,-15   Herbicide
P155506-7,Burn_A,SW,ADT,SAMP,2025-03-26T09:07:00Z,NA,NA,TPO4,0.03,mg/L,NA,Burn,A,-15,-15   Burn
P155482-7,Herbicide_A,SW,ADT,SAMP,2025-03-26T09:07:00Z,NA,NA,TPO4,0.083,mg/L,NA,Herbicide,A,-15,-15   Herbicide
P155506-6,Burn_A,SW,ADT,SAMP,2025-03-26T09:06:00Z,NA,NA,TPO4,0.028,mg/L,NA,Burn,A,-15,-15   Burn
P155482-6,Herbicide_A,SW,ADT,SAMP,2025-03-26T09:06:00Z,NA,NA,TPO4,0.122,mg/L,NA,Herbicide,A,-15,-15   Herbicide
P155506-5,Burn_A,SW,ADT,SAMP,2025-03-26T09:05:00Z,NA,NA,TPO4,0.027,mg/L,NA,Burn,A,-15,-15   Burn
P155482-5,Herbicide_A,SW,ADT,SAMP,2025-03-26T09:05:00Z,NA,NA,TPO4,0.087,mg/L,NA,Herbicide,A,-15,-15   Herbicide
P155506-4,Burn_A,SW,ADT,SAMP,2025-03-26T09:04:00Z,NA,NA,TPO4,0.023,mg/L,NA,Burn,A,-15,-15   Burn
P155482-4,Herbicide_A,SW,ADT,SAMP,2025-03-26T09:04:00Z,NA,NA,TPO4,0.085,mg/L,NA,Herbicide,A,-15,-15   Herbicide
P155506-3,Burn_A,SW,ADT,SAMP,2025-03-26T09:03:00Z,NA,NA,TPO4,0.025,mg/L,NA,Burn,A,-15,-15   Burn
P155482-3,Herbicide_A,SW,ADT,SAMP,2025-03-26T09:03:00Z,NA,NA,TPO4,0.06,mg/L,NA,Herbicide,A,-15,-15   Herbicide
P155506-2,Burn_A,SW,ADT,SAMP,2025-03-26T09:02:00Z,NA,NA,TPO4,0.027,mg/L,NA,Burn,A,-15,-15   Burn
P155482-2,Herbicide_A,SW,ADT,SAMP,2025-03-26T09:02:00Z,NA,NA,TPO4,0.139,mg/L,NA,Herbicide,A,-15,-15   Herbicide
P155506-1,Burn_A,SW,ADT,SAMP,2025-03-26T09:01:00Z,NA,NA,TPO4,0.023,mg/L,NA,Burn,A,-15,-15   Burn
P155482-1,Herbicide_A,SW,ADT,SAMP,2025-03-26T09:01:00Z,NA,NA,TPO4,0.021,mg/L,NA,Herbicide,A,-15,-15   Herbicide
P155731-19,Burn/Herbicide_A,DI,G,FB,2025-03-26T08:19:00Z,NA,NA,TPO4,0.002,mg/L,NA,Burn/Herbicide,A,-15,-15   Burn/Herbicide
P155494-19,Untreated_A,DI,G,FB,2025-03-26T08:19:00Z,NA,NA,TPO4,0.002,mg/L,FB- FOC DI tap,Untreated,A,-15,-15   Untreated
P155731-14,Burn/Herbicide_A,SW,ADT,SAMP,2025-03-26T08:14:00Z,NA,NA,TPO4,0.021,mg/L,NA,Burn/Herbicide,A,-15,-15   Burn/Herbicide
P155731-13,Burn/Herbicide_A,SW,ADT,SAMP,2025-03-26T08:13:00Z,NA,NA,TPO4,0.02,mg/L,NA,Burn/Herbicide,A,-15,-15   Burn/Herbicide
P155494-13,Untreated_A,SW,ADT,SAMP,2025-03-26T08:13:00Z,NA,NA,TPO4,0.026,mg/L,NA,Untreated,A,-15,-15   Untreated
P155731-12,Burn/Herbicide_A,SW,ADT,SAMP,2025-03-26T08:12:00Z,NA,NA,TPO4,0.018,mg/L,NA,Burn/Herbicide,A,-15,-15   Burn/Herbicide
P155494-12,Untreated_A,SW,ADT,SAMP,2025-03-26T08:12:00Z,NA,NA,TPO4,0.023,mg/L,NA,Untreated,A,-15,-15   Untreated
P155731-11,Burn/Herbicide_A,SW,ADT,SAMP,2025-03-26T08:11:00Z,NA,NA,TPO4,0.023,mg/L,NA,Burn/Herbicide,A,-15,-15   Burn/Herbicide
P155494-11,Untreated_A,SW,ADT,SAMP,2025-03-26T08:11:00Z,NA,NA,TPO4,0.021,mg/L,NA,Untreated,A,-15,-15   Untreated
P155731-10,Burn/Herbicide_A,SW,ADT,SAMP,2025-03-26T08:10:00Z,NA,NA,TPO4,0.021,mg/L,NA,Burn/Herbicide,A,-15,-15   Burn/Herbicide
P155494-10,Untreated_A,SW,ADT,SAMP,2025-03-26T08:10:00Z,NA,NA,TPO4,0.028,mg/L,NA,Untreated,A,-15,-15   Untreated
P155731-9,Burn/Herbicide_A,SW,ADT,SAMP,2025-03-26T08:09:00Z,NA,NA,TPO4,0.02,mg/L,NA,Burn/Herbicide,A,-15,-15   Burn/Herbicide
P155494-9,Untreated_A,SW,ADT,SAMP,2025-03-26T08:09:00Z,NA,NA,TPO4,0.024,mg/L,NA,Untreated,A,-15,-15   Untreated
P155731-8,Burn/Herbicide_A,SW,ADT,SAMP,2025-03-26T08:08:00Z,NA,NA,TPO4,0.021,mg/L,NA,Burn/Herbicide,A,-15,-15   Burn/Herbicide
P155494-8,Untreated_A,SW,ADT,SAMP,2025-03-26T08:08:00Z,NA,NA,TPO4,0.026,mg/L,NA,Untreated,A,-15,-15   Untreated
P155731-7,Burn/Herbicide_A,SW,ADT,SAMP,2025-03-26T08:07:00Z,NA,NA,TPO4,0.028,mg/L,NA,Burn/Herbicide,A,-15,-15   Burn/Herbicide
P155494-7,Untreated_A,SW,ADT,SAMP,2025-03-26T08:07:00Z,NA,NA,TPO4,0.024,mg/L,NA,Untreated,A,-15,-15   Untreated
P155731-6,Burn/Herbicide_A,SW,ADT,SAMP,2025-03-26T08:06:00Z,NA,NA,TPO4,0.026,mg/L,NA,Burn/Herbicide,A,-15,-15   Burn/Herbicide
P155494-6,Untreated_A,SW,ADT,SAMP,2025-03-26T08:06:00Z,NA,NA,TPO4,0.035,mg/L,NA,Untreated,A,-15,-15   Untreated
P155731-5,Burn/Herbicide_A,SW,ADT,SAMP,2025-03-26T08:05:00Z,NA,NA,TPO4,0.023,mg/L,NA,Burn/Herbicide,A,-15,-15   Burn/Herbicide
P155494-5,Untreated_A,SW,ADT,SAMP,2025-03-26T08:05:00Z,NA,NA,TPO4,0.029,mg/L,NA,Untreated,A,-15,-15   Untreated
P155731-4,Burn/Herbicide_A,SW,ADT,SAMP,2025-03-26T08:04:00Z,NA,NA,TPO4,0.021,mg/L,NA,Burn/Herbicide,A,-15,-15   Burn/Herbicide
P155494-4,Untreated_A,SW,ADT,SAMP,2025-03-26T08:04:00Z,NA,NA,TPO4,0.026,mg/L,NA,Untreated,A,-15,-15   Untreated
P155731-3,Burn/Herbicide_A,SW,ADT,SAMP,2025-03-26T08:03:00Z,NA,NA,TPO4,0.019,mg/L,NA,Burn/Herbicide,A,-15,-15   Burn/Herbicide
P155494-3,Untreated_A,SW,ADT,SAMP,2025-03-26T08:03:00Z,NA,NA,TPO4,0.024,mg/L,NA,Untreated,A,-15,-15   Untreated
P155731-2,Burn/Herbicide_A,SW,ADT,SAMP,2025-03-26T08:02:00Z,NA,NA,TPO4,0.019,mg/L,NA,Burn/Herbicide,A,-15,-15   Burn/Herbicide
P155494-2,Untreated_A,SW,ADT,SAMP,2025-03-26T08:02:00Z,NA,NA,TPO4,0.023,mg/L,NA,Untreated,A,-15,-15   Untreated
P155731-1,Burn/Herbicide_A,SW,ADT,SAMP,2025-03-26T08:01:00Z,NA,NA,TPO4,0.021,mg/L,NA,Burn/Herbicide,A,-15,-15   Burn/Herbicide
P155494-1,Untreated_A,SW,ADT,SAMP,2025-03-26T08:01:00Z,NA,NA,TPO4,0.03,mg/L,NA,Untreated,A,-15,-15   Untreated
P155440-12,Untreated_C,SW,GP,SAMP,2025-03-25T13:22:00Z,0.1,NA,Pheophytin A,0.219,ug/L,NA,Untreated,C,-16,-16   Untreated
P155440-12,Untreated_C,SW,GP,SAMP,2025-03-25T13:22:00Z,0.1,NA,Chlorophyll A,1.47,ug/L,NA,Untreated,C,-16,-16   Untreated
P155440-12,Untreated_C,SW,GP,SAMP,2025-03-25T13:22:00Z,0.1,NA,Chlorophyll B,0.176,ug/L,NA,Untreated,C,-16,-16   Untreated
P155440-12,Untreated_C,SW,GP,SAMP,2025-03-25T13:22:00Z,0.1,NA,DOC,17.8,mg/L,NA,Untreated,C,-16,-16   Untreated
P155440-12,Untreated_C,SW,GP,SAMP,2025-03-25T13:22:00Z,0.1,NA,NOX,0.005,mg/L,NA,Untreated,C,-16,-16   Untreated
P155440-12,Untreated_C,SW,GP,SAMP,2025-03-25T13:22:00Z,0.1,NA,NH4,0.032,mg/L,NA,Untreated,C,-16,-16   Untreated
P155440-12,Untreated_C,SW,GP,SAMP,2025-03-25T13:22:00Z,0.1,NA,TN,1.03,mg/L,NA,Untreated,C,-16,-16   Untreated
P155440-12,Untreated_C,SW,GP,SAMP,2025-03-25T13:22:00Z,0.1,NA,SRP,0.005,mg/L,NA,Untreated,C,-16,-16   Untreated
P155440-12,Untreated_C,SW,GP,SAMP,2025-03-25T13:22:00Z,0.1,NA,TDPO4,0.014,mg/L,NA,Untreated,C,-16,-16   Untreated
P155440-12,Untreated_C,SW,GP,SAMP,2025-03-25T13:22:00Z,0.1,NA,TPO4,0.02,mg/L,NA,Untreated,C,-16,-16   Untreated
P155440-11,Burn_C,SW,GP,SAMP,2025-03-25T13:10:00Z,0.08,NA,Pheophytin A,0.221,ug/L,NA,Burn,C,-16,-16   Burn
P155440-11,Burn_C,SW,GP,SAMP,2025-03-25T13:10:00Z,0.08,NA,Chlorophyll A,1.42,ug/L,NA,Burn,C,-16,-16   Burn
P155440-11,Burn_C,SW,GP,SAMP,2025-03-25T13:10:00Z,0.08,NA,Chlorophyll B,0.168,ug/L,NA,Burn,C,-16,-16   Burn
P155440-11,Burn_C,SW,GP,SAMP,2025-03-25T13:10:00Z,0.08,NA,DOC,17.9,mg/L,NA,Burn,C,-16,-16   Burn
P155440-11,Burn_C,SW,GP,SAMP,2025-03-25T13:10:00Z,0.08,NA,NOX,0.009,mg/L,NA,Burn,C,-16,-16   Burn
P155440-11,Burn_C,SW,GP,SAMP,2025-03-25T13:10:00Z,0.08,NA,NH4,0.034,mg/L,NA,Burn,C,-16,-16   Burn
P155440-11,Burn_C,SW,GP,SAMP,2025-03-25T13:10:00Z,0.08,NA,TN,1.03,mg/L,NA,Burn,C,-16,-16   Burn
P155440-11,Burn_C,SW,GP,SAMP,2025-03-25T13:10:00Z,0.08,NA,SRP,0.007,mg/L,NA,Burn,C,-16,-16   Burn
P155440-11,Burn_C,SW,GP,SAMP,2025-03-25T13:10:00Z,0.08,NA,TDPO4,0.016,mg/L,NA,Burn,C,-16,-16   Burn
P155440-11,Burn_C,SW,GP,SAMP,2025-03-25T13:10:00Z,0.08,NA,TPO4,0.022,mg/L,NA,Burn,C,-16,-16   Burn
P155440-10,Burn/Herbicide_C,SW,GP,SAMP,2025-03-25T12:54:00Z,0.14,NA,Pheophytin A,0.176,ug/L,NA,Burn/Herbicide,C,-16,-16   Burn/Herbicide
P155440-10,Burn/Herbicide_C,SW,GP,SAMP,2025-03-25T12:54:00Z,0.14,NA,Chlorophyll A,0.992,ug/L,NA,Burn/Herbicide,C,-16,-16   Burn/Herbicide
P155440-10,Burn/Herbicide_C,SW,GP,SAMP,2025-03-25T12:54:00Z,0.14,NA,Chlorophyll B,0.109,ug/L,NA,Burn/Herbicide,C,-16,-16   Burn/Herbicide
P155440-10,Burn/Herbicide_C,SW,GP,SAMP,2025-03-25T12:54:00Z,0.14,NA,DOC,18.7,mg/L,NA,Burn/Herbicide,C,-16,-16   Burn/Herbicide
P155440-10,Burn/Herbicide_C,SW,GP,SAMP,2025-03-25T12:54:00Z,0.14,NA,NOX,0.005,mg/L,NA,Burn/Herbicide,C,-16,-16   Burn/Herbicide
P155440-10,Burn/Herbicide_C,SW,GP,SAMP,2025-03-25T12:54:00Z,0.14,NA,NH4,0.028,mg/L,NA,Burn/Herbicide,C,-16,-16   Burn/Herbicide
P155440-10,Burn/Herbicide_C,SW,GP,SAMP,2025-03-25T12:54:00Z,0.14,NA,TN,1.05,mg/L,NA,Burn/Herbicide,C,-16,-16   Burn/Herbicide
P155440-10,Burn/Herbicide_C,SW,GP,SAMP,2025-03-25T12:54:00Z,0.14,NA,SRP,0.004,mg/L,NA,Burn/Herbicide,C,-16,-16   Burn/Herbicide
P155440-10,Burn/Herbicide_C,SW,GP,SAMP,2025-03-25T12:54:00Z,0.14,NA,TDPO4,0.015,mg/L,NA,Burn/Herbicide,C,-16,-16   Burn/Herbicide
P155440-10,Burn/Herbicide_C,SW,GP,SAMP,2025-03-25T12:54:00Z,0.14,NA,TPO4,0.017,mg/L,NA,Burn/Herbicide,C,-16,-16   Burn/Herbicide
P155440-9,Herbicide_C,SW,GP,SAMP,2025-03-25T12:39:00Z,0.12,NA,Pheophytin A,0.088,ug/L,NA,Herbicide,C,-16,-16   Herbicide
P155440-9,Herbicide_C,SW,GP,SAMP,2025-03-25T12:39:00Z,0.12,NA,Chlorophyll A,1.31,ug/L,NA,Herbicide,C,-16,-16   Herbicide
P155440-9,Herbicide_C,SW,GP,SAMP,2025-03-25T12:39:00Z,0.12,NA,Chlorophyll B,0.163,ug/L,NA,Herbicide,C,-16,-16   Herbicide
P155440-9,Herbicide_C,SW,GP,SAMP,2025-03-25T12:39:00Z,0.12,NA,DOC,17.5,mg/L,NA,Herbicide,C,-16,-16   Herbicide
P155440-9,Herbicide_C,SW,GP,SAMP,2025-03-25T12:39:00Z,0.12,NA,NOX,0.008,mg/L,NA,Herbicide,C,-16,-16   Herbicide
P155440-9,Herbicide_C,SW,GP,SAMP,2025-03-25T12:39:00Z,0.12,NA,NH4,0.024,mg/L,NA,Herbicide,C,-16,-16   Herbicide
P155440-9,Herbicide_C,SW,GP,SAMP,2025-03-25T12:39:00Z,0.12,NA,TN,0.989,mg/L,NA,Herbicide,C,-16,-16   Herbicide
P155440-9,Herbicide_C,SW,GP,SAMP,2025-03-25T12:39:00Z,0.12,NA,SRP,0.009,mg/L,NA,Herbicide,C,-16,-16   Herbicide
P155440-9,Herbicide_C,SW,GP,SAMP,2025-03-25T12:39:00Z,0.12,NA,TDPO4,0.016,mg/L,NA,Herbicide,C,-16,-16   Herbicide
P155440-9,Herbicide_C,SW,GP,SAMP,2025-03-25T12:39:00Z,0.12,NA,TPO4,0.022,mg/L,NA,Herbicide,C,-16,-16   Herbicide
P155440-8,Herbicide_B,SW,GP,SAMP,2025-03-25T12:22:00Z,0.1,NA,Pheophytin A,0.157,ug/L,NA,Herbicide,B,-16,-16   Herbicide
P155440-8,Herbicide_B,SW,GP,SAMP,2025-03-25T12:22:00Z,0.1,NA,Chlorophyll A,1.26,ug/L,NA,Herbicide,B,-16,-16   Herbicide
P155440-8,Herbicide_B,SW,GP,SAMP,2025-03-25T12:22:00Z,0.1,NA,Chlorophyll B,0.176,ug/L,NA,Herbicide,B,-16,-16   Herbicide
P155440-8,Herbicide_B,SW,GP,SAMP,2025-03-25T12:22:00Z,0.1,NA,DOC,17.5,mg/L,NA,Herbicide,B,-16,-16   Herbicide
P155440-8,Herbicide_B,SW,GP,SAMP,2025-03-25T12:22:00Z,0.1,NA,NOX,0.008,mg/L,NA,Herbicide,B,-16,-16   Herbicide
P155440-8,Herbicide_B,SW,GP,SAMP,2025-03-25T12:22:00Z,0.1,NA,NH4,0.033,mg/L,NA,Herbicide,B,-16,-16   Herbicide
P155440-8,Herbicide_B,SW,GP,SAMP,2025-03-25T12:22:00Z,0.1,NA,TN,1.03,mg/L,NA,Herbicide,B,-16,-16   Herbicide
P155440-8,Herbicide_B,SW,GP,SAMP,2025-03-25T12:22:00Z,0.1,NA,SRP,0.009,mg/L,NA,Herbicide,B,-16,-16   Herbicide
P155440-8,Herbicide_B,SW,GP,SAMP,2025-03-25T12:22:00Z,0.1,NA,TDPO4,0.018,mg/L,NA,Herbicide,B,-16,-16   Herbicide
P155440-8,Herbicide_B,SW,GP,SAMP,2025-03-25T12:22:00Z,0.1,NA,TPO4,0.024,mg/L,NA,Herbicide,B,-16,-16   Herbicide
P155440-7,Burn/Herbicide_B,SW,GP,SAMP,2025-03-25T12:07:00Z,0.16,NA,Pheophytin A,0.213,ug/L,NA,Burn/Herbicide,B,-16,-16   Burn/Herbicide
P155440-7,Burn/Herbicide_B,SW,GP,SAMP,2025-03-25T12:07:00Z,0.16,NA,Chlorophyll A,1.26,ug/L,NA,Burn/Herbicide,B,-16,-16   Burn/Herbicide
P155440-7,Burn/Herbicide_B,SW,GP,SAMP,2025-03-25T12:07:00Z,0.16,NA,Chlorophyll B,0.176,ug/L,NA,Burn/Herbicide,B,-16,-16   Burn/Herbicide
P155440-7,Burn/Herbicide_B,SW,GP,SAMP,2025-03-25T12:07:00Z,0.16,NA,DOC,17.6,mg/L,NA,Burn/Herbicide,B,-16,-16   Burn/Herbicide
P155440-7,Burn/Herbicide_B,SW,GP,SAMP,2025-03-25T12:07:00Z,0.16,NA,NOX,0.006,mg/L,NA,Burn/Herbicide,B,-16,-16   Burn/Herbicide
P155440-7,Burn/Herbicide_B,SW,GP,SAMP,2025-03-25T12:07:00Z,0.16,NA,NH4,0.026,mg/L,NA,Burn/Herbicide,B,-16,-16   Burn/Herbicide
P155440-7,Burn/Herbicide_B,SW,GP,SAMP,2025-03-25T12:07:00Z,0.16,NA,TN,1.01,mg/L,NA,Burn/Herbicide,B,-16,-16   Burn/Herbicide
P155440-7,Burn/Herbicide_B,SW,GP,SAMP,2025-03-25T12:07:00Z,0.16,NA,SRP,0.007,mg/L,NA,Burn/Herbicide,B,-16,-16   Burn/Herbicide
P155440-7,Burn/Herbicide_B,SW,GP,SAMP,2025-03-25T12:07:00Z,0.16,NA,TDPO4,0.015,mg/L,NA,Burn/Herbicide,B,-16,-16   Burn/Herbicide
P155440-7,Burn/Herbicide_B,SW,GP,SAMP,2025-03-25T12:07:00Z,0.16,NA,TPO4,0.02,mg/L,NA,Burn/Herbicide,B,-16,-16   Burn/Herbicide
P155440-6,Burn_B,SW,GP,SAMP,2025-03-25T11:51:00Z,0.1,NA,Pheophytin A,0.216,ug/L,NA,Burn,B,-16,-16   Burn
P155440-6,Burn_B,SW,GP,SAMP,2025-03-25T11:51:00Z,0.1,NA,Chlorophyll A,1.59,ug/L,NA,Burn,B,-16,-16   Burn
P155440-6,Burn_B,SW,GP,SAMP,2025-03-25T11:51:00Z,0.1,NA,Chlorophyll B,0.176,ug/L,NA,Burn,B,-16,-16   Burn
P155440-6,Burn_B,SW,GP,SAMP,2025-03-25T11:51:00Z,0.1,NA,DOC,17.6,mg/L,NA,Burn,B,-16,-16   Burn
P155440-6,Burn_B,SW,GP,SAMP,2025-03-25T11:51:00Z,0.1,NA,NOX,0.007,mg/L,NA,Burn,B,-16,-16   Burn
P155440-6,Burn_B,SW,GP,SAMP,2025-03-25T11:51:00Z,0.1,NA,NH4,0.028,mg/L,NA,Burn,B,-16,-16   Burn
P155440-6,Burn_B,SW,GP,SAMP,2025-03-25T11:51:00Z,0.1,NA,TN,1.02,mg/L,NA,Burn,B,-16,-16   Burn
P155440-6,Burn_B,SW,GP,SAMP,2025-03-25T11:51:00Z,0.1,NA,SRP,0.007,mg/L,NA,Burn,B,-16,-16   Burn
P155440-6,Burn_B,SW,GP,SAMP,2025-03-25T11:51:00Z,0.1,NA,TDPO4,0.016,mg/L,NA,Burn,B,-16,-16   Burn
P155440-6,Burn_B,SW,GP,SAMP,2025-03-25T11:51:00Z,0.1,NA,TPO4,0.024,mg/L,NA,Burn,B,-16,-16   Burn
P155440-5,Untreated_B,SW,GP,SAMP,2025-03-25T11:35:00Z,0.11,NA,Pheophytin A,0.149,ug/L,NA,Untreated,B,-16,-16   Untreated
P155440-5,Untreated_B,SW,GP,SAMP,2025-03-25T11:35:00Z,0.11,NA,Chlorophyll A,1.18,ug/L,NA,Untreated,B,-16,-16   Untreated
P155440-5,Untreated_B,SW,GP,SAMP,2025-03-25T11:35:00Z,0.11,NA,Chlorophyll B,0.115,ug/L,NA,Untreated,B,-16,-16   Untreated
P155440-5,Untreated_B,SW,GP,SAMP,2025-03-25T11:35:00Z,0.11,NA,DOC,17.2,mg/L,NA,Untreated,B,-16,-16   Untreated
P155440-5,Untreated_B,SW,GP,SAMP,2025-03-25T11:35:00Z,0.11,NA,NOX,0.008,mg/L,NA,Untreated,B,-16,-16   Untreated
P155440-5,Untreated_B,SW,GP,SAMP,2025-03-25T11:35:00Z,0.11,NA,NH4,0.026,mg/L,NA,Untreated,B,-16,-16   Untreated
P155440-5,Untreated_B,SW,GP,SAMP,2025-03-25T11:35:00Z,0.11,NA,TN,0.992,mg/L,NA,Untreated,B,-16,-16   Untreated
P155440-5,Untreated_B,SW,GP,SAMP,2025-03-25T11:35:00Z,0.11,NA,SRP,0.009,mg/L,NA,Untreated,B,-16,-16   Untreated
P155440-5,Untreated_B,SW,GP,SAMP,2025-03-25T11:35:00Z,0.11,NA,TDPO4,0.018,mg/L,NA,Untreated,B,-16,-16   Untreated
P155440-5,Untreated_B,SW,GP,SAMP,2025-03-25T11:35:00Z,0.11,NA,TPO4,0.025,mg/L,NA,Untreated,B,-16,-16   Untreated
P155440-4,Burn_A,SW,GP,SAMP,2025-03-25T11:11:00Z,0.09,NA,Pheophytin A,0.117,ug/L,NA,Burn,A,-16,-16   Burn
P155440-4,Burn_A,SW,GP,SAMP,2025-03-25T11:11:00Z,0.09,NA,Chlorophyll A,0.813,ug/L,NA,Burn,A,-16,-16   Burn
P155440-4,Burn_A,SW,GP,SAMP,2025-03-25T11:11:00Z,0.09,NA,Chlorophyll B,0.091,ug/L,NA,Burn,A,-16,-16   Burn
P155440-4,Burn_A,SW,GP,SAMP,2025-03-25T11:11:00Z,0.09,NA,DOC,17.4,mg/L,NA,Burn,A,-16,-16   Burn
P155440-4,Burn_A,SW,GP,SAMP,2025-03-25T11:11:00Z,0.09,NA,NOX,0.008,mg/L,NA,Burn,A,-16,-16   Burn
P155440-4,Burn_A,SW,GP,SAMP,2025-03-25T11:11:00Z,0.09,NA,NH4,0.021,mg/L,NA,Burn,A,-16,-16   Burn
P155440-4,Burn_A,SW,GP,SAMP,2025-03-25T11:11:00Z,0.09,NA,TN,0.994,mg/L,NA,Burn,A,-16,-16   Burn
P155440-4,Burn_A,SW,GP,SAMP,2025-03-25T11:11:00Z,0.09,NA,SRP,0.009,mg/L,NA,Burn,A,-16,-16   Burn
P155440-4,Burn_A,SW,GP,SAMP,2025-03-25T11:11:00Z,0.09,NA,TDPO4,0.018,mg/L,NA,Burn,A,-16,-16   Burn
P155440-4,Burn_A,SW,GP,SAMP,2025-03-25T11:11:00Z,0.09,NA,TPO4,0.023,mg/L,NA,Burn,A,-16,-16   Burn
P155440-3,Burn/Herbicide_A,SW,GP,SAMP,2025-03-25T10:43:00Z,0.14,NA,Pheophytin A,0.08,ug/L,NA,Burn/Herbicide,A,-16,-16   Burn/Herbicide
P155440-3,Burn/Herbicide_A,SW,GP,SAMP,2025-03-25T10:43:00Z,0.14,NA,Chlorophyll A,0.712,ug/L,NA,Burn/Herbicide,A,-16,-16   Burn/Herbicide
P155440-3,Burn/Herbicide_A,SW,GP,SAMP,2025-03-25T10:43:00Z,0.14,NA,Chlorophyll B,0.027,ug/L,NA,Burn/Herbicide,A,-16,-16   Burn/Herbicide
P155440-3,Burn/Herbicide_A,SW,GP,SAMP,2025-03-25T10:43:00Z,0.14,NA,DOC,17,mg/L,NA,Burn/Herbicide,A,-16,-16   Burn/Herbicide
P155440-3,Burn/Herbicide_A,SW,GP,SAMP,2025-03-25T10:43:00Z,0.14,NA,NOX,0.007,mg/L,NA,Burn/Herbicide,A,-16,-16   Burn/Herbicide
P155440-3,Burn/Herbicide_A,SW,GP,SAMP,2025-03-25T10:43:00Z,0.14,NA,NH4,0.018,mg/L,NA,Burn/Herbicide,A,-16,-16   Burn/Herbicide
P155440-3,Burn/Herbicide_A,SW,GP,SAMP,2025-03-25T10:43:00Z,0.14,NA,TN,0.96,mg/L,NA,Burn/Herbicide,A,-16,-16   Burn/Herbicide
P155440-3,Burn/Herbicide_A,SW,GP,SAMP,2025-03-25T10:43:00Z,0.14,NA,SRP,0.008,mg/L,NA,Burn/Herbicide,A,-16,-16   Burn/Herbicide
P155440-3,Burn/Herbicide_A,SW,GP,SAMP,2025-03-25T10:43:00Z,0.14,NA,TDPO4,0.017,mg/L,NA,Burn/Herbicide,A,-16,-16   Burn/Herbicide
P155440-3,Burn/Herbicide_A,SW,GP,SAMP,2025-03-25T10:43:00Z,0.14,NA,TPO4,0.022,mg/L,NA,Burn/Herbicide,A,-16,-16   Burn/Herbicide
P155440-2,Herbicide_A,SW,GP,SAMP,2025-03-25T10:23:00Z,0.11,NA,Pheophytin A,0.173,ug/L,NA,Herbicide,A,-16,-16   Herbicide
P155440-2,Herbicide_A,SW,GP,SAMP,2025-03-25T10:23:00Z,0.11,NA,Chlorophyll A,1.14,ug/L,NA,Herbicide,A,-16,-16   Herbicide
P155440-2,Herbicide_A,SW,GP,SAMP,2025-03-25T10:23:00Z,0.11,NA,Chlorophyll B,0.144,ug/L,NA,Herbicide,A,-16,-16   Herbicide
P155440-2,Herbicide_A,SW,GP,SAMP,2025-03-25T10:23:00Z,0.11,NA,DOC,18.4,mg/L,NA,Herbicide,A,-16,-16   Herbicide
P155440-2,Herbicide_A,SW,GP,SAMP,2025-03-25T10:23:00Z,0.11,NA,NOX,0.005,mg/L,NA,Herbicide,A,-16,-16   Herbicide
P155440-2,Herbicide_A,SW,GP,SAMP,2025-03-25T10:23:00Z,0.11,NA,NH4,0.024,mg/L,NA,Herbicide,A,-16,-16   Herbicide
P155440-2,Herbicide_A,SW,GP,SAMP,2025-03-25T10:23:00Z,0.11,NA,TN,0.994,mg/L,NA,Herbicide,A,-16,-16   Herbicide
P155440-2,Herbicide_A,SW,GP,SAMP,2025-03-25T10:23:00Z,0.11,NA,SRP,0.005,mg/L,NA,Herbicide,A,-16,-16   Herbicide
P155440-2,Herbicide_A,SW,GP,SAMP,2025-03-25T10:23:00Z,0.11,NA,TDPO4,0.016,mg/L,NA,Herbicide,A,-16,-16   Herbicide
P155440-2,Herbicide_A,SW,GP,SAMP,2025-03-25T10:23:00Z,0.11,NA,TPO4,0.023,mg/L,NA,Herbicide,A,-16,-16   Herbicide
P155440-13,Untreated_A,DI,GP,FCEB,2025-03-25T10:07:00Z,NA,NA,Pheophytin A,0.008,ug/L,"DI 8186 through peristaltic pump tubing to bucket to sample bottles. Tray Flyers, bucket Kracker, filter lot 18197628, SA lot 072328.",Untreated,A,-16,-16   Untreated
P155440-13,Untreated_A,DI,GP,FCEB,2025-03-25T10:07:00Z,NA,NA,Chlorophyll A,0.016,ug/L,"DI 8186 through peristaltic pump tubing to bucket to sample bottles. Tray Flyers, bucket Kracker, filter lot 18197628, SA lot 072328.",Untreated,A,-16,-16   Untreated
P155440-13,Untreated_A,DI,GP,FCEB,2025-03-25T10:07:00Z,NA,NA,Chlorophyll B,0.016,ug/L,"DI 8186 through peristaltic pump tubing to bucket to sample bottles. Tray Flyers, bucket Kracker, filter lot 18197628, SA lot 072328.",Untreated,A,-16,-16   Untreated
P155440-13,Untreated_A,DI,GP,FCEB,2025-03-25T10:07:00Z,NA,NA,DOC,0.8,mg/L,"DI 8186 through peristaltic pump tubing to bucket to sample bottles. Tray Flyers, bucket Kracker, filter lot 18197628, SA lot 072328.",Untreated,A,-16,-16   Untreated
P155440-13,Untreated_A,DI,GP,FCEB,2025-03-25T10:07:00Z,NA,NA,NOX,0.005,mg/L,"DI 8186 through peristaltic pump tubing to bucket to sample bottles. Tray Flyers, bucket Kracker, filter lot 18197628, SA lot 072328.",Untreated,A,-16,-16   Untreated
P155440-13,Untreated_A,DI,GP,FCEB,2025-03-25T10:07:00Z,NA,NA,NH4,0.005,mg/L,"DI 8186 through peristaltic pump tubing to bucket to sample bottles. Tray Flyers, bucket Kracker, filter lot 18197628, SA lot 072328.",Untreated,A,-16,-16   Untreated
P155440-13,Untreated_A,DI,GP,FCEB,2025-03-25T10:07:00Z,NA,NA,TN,0.05,mg/L,"DI 8186 through peristaltic pump tubing to bucket to sample bottles. Tray Flyers, bucket Kracker, filter lot 18197628, SA lot 072328.",Untreated,A,-16,-16   Untreated
P155440-13,Untreated_A,DI,GP,FCEB,2025-03-25T10:07:00Z,NA,NA,SRP,0.002,mg/L,"DI 8186 through peristaltic pump tubing to bucket to sample bottles. Tray Flyers, bucket Kracker, filter lot 18197628, SA lot 072328.",Untreated,A,-16,-16   Untreated
P155440-13,Untreated_A,DI,GP,FCEB,2025-03-25T10:07:00Z,NA,NA,TDPO4,0.002,mg/L,"DI 8186 through peristaltic pump tubing to bucket to sample bottles. Tray Flyers, bucket Kracker, filter lot 18197628, SA lot 072328.",Untreated,A,-16,-16   Untreated
P155440-13,Untreated_A,DI,GP,FCEB,2025-03-25T10:07:00Z,NA,NA,TPO4,0.002,mg/L,"DI 8186 through peristaltic pump tubing to bucket to sample bottles. Tray Flyers, bucket Kracker, filter lot 18197628, SA lot 072328.",Untreated,A,-16,-16   Untreated
P155440-1,Untreated_A,SW,GP,SAMP,2025-03-25T09:45:00Z,0.15,NA,Pheophytin A,0.144,ug/L,NA,Untreated,A,-16,-16   Untreated
P155440-1,Untreated_A,SW,GP,SAMP,2025-03-25T09:45:00Z,0.15,NA,Chlorophyll A,1.44,ug/L,NA,Untreated,A,-16,-16   Untreated
P155440-1,Untreated_A,SW,GP,SAMP,2025-03-25T09:45:00Z,0.15,NA,Chlorophyll B,0.165,ug/L,NA,Untreated,A,-16,-16   Untreated
P155440-1,Untreated_A,SW,GP,SAMP,2025-03-25T09:45:00Z,0.15,NA,DOC,18.1,mg/L,NA,Untreated,A,-16,-16   Untreated
P155440-1,Untreated_A,SW,GP,SAMP,2025-03-25T09:45:00Z,0.15,NA,NOX,0.015,mg/L,NA,Untreated,A,-16,-16   Untreated
P155440-1,Untreated_A,SW,GP,SAMP,2025-03-25T09:45:00Z,0.15,NA,NH4,0.034,mg/L,NA,Untreated,A,-16,-16   Untreated
P155440-1,Untreated_A,SW,GP,SAMP,2025-03-25T09:45:00Z,0.15,NA,TN,1.01,mg/L,NA,Untreated,A,-16,-16   Untreated
P155440-1,Untreated_A,SW,GP,SAMP,2025-03-25T09:45:00Z,0.15,NA,SRP,0.013,mg/L,NA,Untreated,A,-16,-16   Untreated
P155440-1,Untreated_A,SW,GP,SAMP,2025-03-25T09:45:00Z,0.15,NA,TDPO4,0.021,mg/L,NA,Untreated,A,-16,-16   Untreated
P155440-1,Untreated_A,SW,GP,SAMP,2025-03-25T09:45:00Z,0.15,NA,TPO4,0.028,mg/L,NA,Untreated,A,-16,-16   Untreated
P155505-19,Burn_A,DI,G,FB,2025-03-11T15:46:00Z,NA,NA,TPO4,0.002,mg/L,NA,Burn,A,-30,-30   Burn
P155730-19,Burn/Herbicide_A,DI,G,FB,2025-03-11T15:19:00Z,NA,NA,TPO4,0.002,mg/L,NA,Burn/Herbicide,A,-30,-30   Burn/Herbicide
P155730-13,Burn/Herbicide_A,SW,ADT,SAMP,2025-03-11T15:15:00Z,NA,NA,No Bottle,0,UNITS,NA,Burn/Herbicide,A,-30,-30   Burn/Herbicide
P155481-19,Herbicide_A,DI,G,FB,2025-03-11T12:19:00Z,NA,NA,TPO4,0.002,mg/L,DI water from FOC lab.,Herbicide,A,-30,-30   Herbicide
P155481-13,Herbicide_A,SW,ADT,SAMP,2025-03-11T12:13:00Z,NA,NA,TPO4,0.025,mg/L,NA,Herbicide,A,-30,-30   Herbicide
P155481-12,Herbicide_A,SW,ADT,SAMP,2025-03-11T12:12:00Z,NA,NA,TPO4,0.019,mg/L,NA,Herbicide,A,-30,-30   Herbicide
P155481-11,Herbicide_A,SW,ADT,SAMP,2025-03-11T12:11:00Z,NA,NA,TPO4,0.02,mg/L,NA,Herbicide,A,-30,-30   Herbicide
P155481-10,Herbicide_A,SW,ADT,SAMP,2025-03-11T12:10:00Z,NA,NA,TPO4,0.02,mg/L,NA,Herbicide,A,-30,-30   Herbicide
P155481-9,Herbicide_A,SW,ADT,SAMP,2025-03-11T12:09:00Z,NA,NA,TPO4,0.022,mg/L,NA,Herbicide,A,-30,-30   Herbicide
P155481-8,Herbicide_A,SW,ADT,SAMP,2025-03-11T12:08:00Z,NA,NA,TPO4,0.022,mg/L,NA,Herbicide,A,-30,-30   Herbicide
P155481-7,Herbicide_A,SW,ADT,SAMP,2025-03-11T12:07:00Z,NA,NA,TPO4,0.023,mg/L,NA,Herbicide,A,-30,-30   Herbicide
P155481-6,Herbicide_A,SW,ADT,SAMP,2025-03-11T12:06:00Z,NA,NA,TPO4,0.023,mg/L,NA,Herbicide,A,-30,-30   Herbicide
P155481-5,Herbicide_A,SW,ADT,SAMP,2025-03-11T12:05:00Z,NA,NA,TPO4,0.022,mg/L,NA,Herbicide,A,-30,-30   Herbicide
P155481-4,Herbicide_A,SW,ADT,SAMP,2025-03-11T12:04:00Z,NA,NA,TPO4,0.023,mg/L,NA,Herbicide,A,-30,-30   Herbicide
P155481-3,Herbicide_A,SW,ADT,SAMP,2025-03-11T12:03:00Z,NA,NA,No Bottle,0,UNITS,No Bottle. Autosampler malfunction.,Herbicide,A,-30,-30   Herbicide
P155481-2,Herbicide_A,SW,ADT,SAMP,2025-03-11T12:02:00Z,NA,NA,No Bottle,0,UNITS,No bottle. Autosampler malfunction.,Herbicide,A,-30,-30   Herbicide
P155481-1,Herbicide_A,SW,ADT,SAMP,2025-03-11T12:01:00Z,NA,NA,No Bottle,0,UNITS,No bottle. Autosampler malfunction.,Herbicide,A,-30,-30   Herbicide
P155730-12,Burn/Herbicide_A,SW,ADT,SAMP,2025-03-11T11:12:00Z,NA,NA,TPO4,0.024,mg/L,NA,Burn/Herbicide,A,-30,-30   Burn/Herbicide
P155730-11,Burn/Herbicide_A,SW,ADT,SAMP,2025-03-11T11:11:00Z,NA,NA,TPO4,0.02,mg/L,NA,Burn/Herbicide,A,-30,-30   Burn/Herbicide
P155730-10,Burn/Herbicide_A,SW,ADT,SAMP,2025-03-11T11:10:00Z,NA,NA,TPO4,0.022,mg/L,NA,Burn/Herbicide,A,-30,-30   Burn/Herbicide
P155730-9,Burn/Herbicide_A,SW,ADT,SAMP,2025-03-11T11:09:00Z,NA,NA,TPO4,0.024,mg/L,NA,Burn/Herbicide,A,-30,-30   Burn/Herbicide
P155730-8,Burn/Herbicide_A,SW,ADT,SAMP,2025-03-11T11:08:00Z,NA,NA,TPO4,0.027,mg/L,NA,Burn/Herbicide,A,-30,-30   Burn/Herbicide
P155730-7,Burn/Herbicide_A,SW,ADT,SAMP,2025-03-11T11:07:00Z,NA,NA,TPO4,0.026,mg/L,NA,Burn/Herbicide,A,-30,-30   Burn/Herbicide
P155730-6,Burn/Herbicide_A,SW,ADT,SAMP,2025-03-11T11:06:00Z,NA,NA,TPO4,0.024,mg/L,NA,Burn/Herbicide,A,-30,-30   Burn/Herbicide
P155730-5,Burn/Herbicide_A,SW,ADT,SAMP,2025-03-11T11:05:00Z,NA,NA,TPO4,0.024,mg/L,NA,Burn/Herbicide,A,-30,-30   Burn/Herbicide
P155730-4,Burn/Herbicide_A,SW,ADT,SAMP,2025-03-11T11:04:00Z,NA,NA,TPO4,0.021,mg/L,NA,Burn/Herbicide,A,-30,-30   Burn/Herbicide
P155730-3,Burn/Herbicide_A,SW,ADT,SAMP,2025-03-11T11:03:00Z,NA,NA,TPO4,0.023,mg/L,NA,Burn/Herbicide,A,-30,-30   Burn/Herbicide
P155730-2,Burn/Herbicide_A,SW,ADT,SAMP,2025-03-11T11:02:00Z,NA,NA,TPO4,0.028,mg/L,NA,Burn/Herbicide,A,-30,-30   Burn/Herbicide
P155730-1,Burn/Herbicide_A,SW,ADT,SAMP,2025-03-11T11:01:00Z,NA,NA,TPO4,0.023,mg/L,NA,Burn/Herbicide,A,-30,-30   Burn/Herbicide
P155505-13,Burn_A,SW,ADT,SAMP,2025-03-11T10:13:00Z,NA,NA,No Bottle,0,UNITS,NA,Burn,A,-30,-30   Burn
P155505-12,Burn_A,SW,ADT,SAMP,2025-03-11T10:12:00Z,NA,NA,TPO4,0.025,mg/L,NA,Burn,A,-30,-30   Burn
P155505-11,Burn_A,SW,ADT,SAMP,2025-03-11T10:11:00Z,NA,NA,TPO4,0.039,mg/L,NA,Burn,A,-30,-30   Burn
P155505-10,Burn_A,SW,ADT,SAMP,2025-03-11T10:10:00Z,NA,NA,TPO4,0.018,mg/L,NA,Burn,A,-30,-30   Burn
P155505-9,Burn_A,SW,ADT,SAMP,2025-03-11T10:09:00Z,NA,NA,TPO4,0.017,mg/L,NA,Burn,A,-30,-30   Burn
P155505-8,Burn_A,SW,ADT,SAMP,2025-03-11T10:08:00Z,NA,NA,TPO4,0.023,mg/L,NA,Burn,A,-30,-30   Burn
P155505-7,Burn_A,SW,ADT,SAMP,2025-03-11T10:07:00Z,NA,NA,TPO4,0.03,mg/L,NA,Burn,A,-30,-30   Burn
P155505-6,Burn_A,SW,ADT,SAMP,2025-03-11T10:06:00Z,NA,NA,TPO4,0.027,mg/L,NA,Burn,A,-30,-30   Burn
P155505-5,Burn_A,SW,ADT,SAMP,2025-03-11T10:05:00Z,NA,NA,TPO4,0.026,mg/L,NA,Burn,A,-30,-30   Burn
P155505-4,Burn_A,SW,ADT,SAMP,2025-03-11T10:04:00Z,NA,NA,TPO4,0.019,mg/L,NA,Burn,A,-30,-30   Burn
P155505-3,Burn_A,SW,ADT,SAMP,2025-03-11T10:03:00Z,NA,NA,TPO4,0.018,mg/L,NA,Burn,A,-30,-30   Burn
P155505-2,Burn_A,SW,ADT,SAMP,2025-03-11T10:02:00Z,NA,NA,TPO4,0.019,mg/L,NA,Burn,A,-30,-30   Burn
P155505-1,Burn_A,SW,ADT,SAMP,2025-03-11T10:01:00Z,NA,NA,TPO4,0.016,mg/L,NA,Burn,A,-30,-30   Burn
P155493-19,Untreated_A,DI,G,FB,2025-03-11T09:19:00Z,NA,NA,TPO4,0.002,mg/L,DI water from FOC lab.,Untreated,A,-30,-30   Untreated
P155493-13,Untreated_A,SW,ADT,SAMP,2025-03-11T09:13:00Z,NA,NA,No Bottle,0,UNITS,No bottle. Autosampler malfunction.,Untreated,A,-30,-30   Untreated
P155493-12,Untreated_A,SW,ADT,SAMP,2025-03-11T09:12:00Z,NA,NA,No Bottle,0,UNITS,No bottle. Autosampler malfunction.,Untreated,A,-30,-30   Untreated
P155493-11,Untreated_A,SW,ADT,SAMP,2025-03-11T09:11:00Z,NA,NA,No Bottle,0,UNITS,No bottle. Autosampler malfunction.,Untreated,A,-30,-30   Untreated
P155493-10,Untreated_A,SW,ADT,SAMP,2025-03-11T09:10:00Z,NA,NA,No Bottle,0,UNITS,No bottle. Autosampler malfunction.,Untreated,A,-30,-30   Untreated
P155493-9,Untreated_A,SW,ADT,SAMP,2025-03-11T09:09:00Z,NA,NA,No Bottle,0,UNITS,No bottle. Autosampler malfunction.,Untreated,A,-30,-30   Untreated
P155493-8,Untreated_A,SW,ADT,SAMP,2025-03-11T09:08:00Z,NA,NA,No Bottle,0,UNITS,No bottle. Autosampler malfunction.,Untreated,A,-30,-30   Untreated
P155493-7,Untreated_A,SW,ADT,SAMP,2025-03-11T09:07:00Z,NA,NA,No Bottle,0,UNITS,No bottle. Autosampler malfunction.,Untreated,A,-30,-30   Untreated
P155493-6,Untreated_A,SW,ADT,SAMP,2025-03-11T09:06:00Z,NA,NA,No Bottle,0,UNITS,No bottle. Autosampler malfunction.,Untreated,A,-30,-30   Untreated
P155493-5,Untreated_A,SW,ADT,SAMP,2025-03-11T09:05:00Z,NA,NA,No Bottle,0,UNITS,No bottle. Autosampler malfunction.,Untreated,A,-30,-30   Untreated
P155493-4,Untreated_A,SW,ADT,SAMP,2025-03-11T09:04:00Z,NA,NA,No Bottle,0,UNITS,No bottle. Autosampler malfunction.,Untreated,A,-30,-30   Untreated
P155493-3,Untreated_A,SW,ADT,SAMP,2025-03-11T09:03:00Z,NA,NA,No Bottle,0,UNITS,No bottle. Autosampler malfunction.,Untreated,A,-30,-30   Untreated
P155493-2,Untreated_A,SW,ADT,SAMP,2025-03-11T09:02:00Z,NA,NA,No Bottle,0,UNITS,No bottle. Autosampler malfunction.,Untreated,A,-30,-30   Untreated
P155493-1,Untreated_A,SW,ADT,SAMP,2025-03-11T09:01:00Z,NA,NA,TPO4,0.028,mg/L,NA,Untreated,A,-30,-30   Untreated
P155504-15,Burn_A,SW,ADT,SAMP,2025-02-27T10:21:56Z,NA,NA,No Bottle,0,UNITS,NA,Burn,A,-42,-42   Burn
P155504-14,Burn_A,SW,ADT,SAMP,2025-02-27T10:21:00Z,NA,NA,No Bottle,0,UNITS,NA,Burn,A,-42,-42   Burn
P155504-13,Burn_A,SW,ADT,SAMP,2025-02-27T10:20:57Z,NA,NA,No Bottle,0,UNITS,NA,Burn,A,-42,-42   Burn
P155504-11,Burn_A,SW,ADT,SAMP,2025-02-27T10:20:15Z,NA,NA,No Bottle,0,UNITS,NA,Burn,A,-42,-42   Burn
P155504-12,Burn_A,SW,ADT,SAMP,2025-02-27T10:20:00Z,NA,NA,No Bottle,0,UNITS,NA,Burn,A,-42,-42   Burn
P155504-10,Burn_A,SW,ADT,SAMP,2025-02-27T10:19:56Z,NA,NA,No Bottle,0,UNITS,NA,Burn,A,-42,-42   Burn
P155504-9,Burn_A,SW,ADT,SAMP,2025-02-27T10:19:00Z,NA,NA,No Bottle,0,UNITS,NA,Burn,A,-42,-42   Burn
P155504-7,Burn_A,SW,ADT,SAMP,2025-02-27T10:18:44Z,NA,NA,No Bottle,0,UNITS,NA,Burn,A,-42,-42   Burn
P155504-5,Burn_A,SW,ADT,SAMP,2025-02-27T10:18:08Z,NA,NA,No Bottle,0,UNITS,NA,Burn,A,-42,-42   Burn
P155504-8,Burn_A,SW,ADT,SAMP,2025-02-27T10:18:00Z,NA,NA,No Bottle,0,UNITS,NA,Burn,A,-42,-42   Burn
P155504-6,Burn_A,SW,ADT,SAMP,2025-02-27T10:18:00Z,NA,NA,No Bottle,0,UNITS,NA,Burn,A,-42,-42   Burn
P155504-4,Burn_A,SW,ADT,SAMP,2025-02-27T10:17:48Z,NA,NA,No Bottle,0,UNITS,NA,Burn,A,-42,-42   Burn
P155504-3,Burn_A,SW,ADT,SAMP,2025-02-27T10:17:29Z,NA,NA,No Bottle,0,UNITS,NA,Burn,A,-42,-42   Burn
P155504-2,Burn_A,SW,ADT,SAMP,2025-02-27T10:16:33Z,NA,NA,No Bottle,0,UNITS,NA,Burn,A,-42,-42   Burn
P155504-1,Burn_A,SW,ADT,SAMP,2025-02-27T10:15:22Z,NA,NA,No Bottle,0,UNITS,NA,Burn,A,-42,-42   Burn
P155492-19,Untreated_A,DI,G,FB,2025-02-27T09:59:00Z,NA,NA,TPO4,0.002,mg/L,NA,Untreated,A,-42,-42   Untreated
P155480-19,Herbicide_A,DI,G,FB,2025-02-27T09:19:00Z,NA,NA,TPO4,0.002,mg/L,field blank- FOC DI tap,Herbicide,A,-42,-42   Herbicide
P155480-15,Herbicide_A,SW,ADT,SAMP,2025-02-27T09:15:00Z,NA,NA,TPO4,0.026,mg/L,Partial bottle- intake out of water.,Herbicide,A,-42,-42   Herbicide
P155480-14,Herbicide_A,SW,ADT,SAMP,2025-02-27T09:14:00Z,NA,NA,TPO4,0.03,mg/L,NA,Herbicide,A,-42,-42   Herbicide
P155480-13,Herbicide_A,SW,ADT,SAMP,2025-02-27T09:13:00Z,NA,NA,TPO4,0.022,mg/L,NA,Herbicide,A,-42,-42   Herbicide
P155480-12,Herbicide_A,SW,ADT,SAMP,2025-02-27T09:12:00Z,NA,NA,TPO4,0.021,mg/L,NA,Herbicide,A,-42,-42   Herbicide
P155480-11,Herbicide_A,SW,ADT,SAMP,2025-02-27T09:11:00Z,NA,NA,TPO4,0.022,mg/L,NA,Herbicide,A,-42,-42   Herbicide
P155480-10,Herbicide_A,SW,ADT,SAMP,2025-02-27T09:10:00Z,NA,NA,TPO4,0.025,mg/L,NA,Herbicide,A,-42,-42   Herbicide
P155480-9,Herbicide_A,SW,ADT,SAMP,2025-02-27T09:09:00Z,NA,NA,TPO4,0.027,mg/L,NA,Herbicide,A,-42,-42   Herbicide
P155480-8,Herbicide_A,SW,ADT,SAMP,2025-02-27T09:08:00Z,NA,NA,TPO4,0.026,mg/L,NA,Herbicide,A,-42,-42   Herbicide
P155480-7,Herbicide_A,SW,ADT,SAMP,2025-02-27T09:07:00Z,NA,NA,TPO4,0.025,mg/L,NA,Herbicide,A,-42,-42   Herbicide
P155480-6,Herbicide_A,SW,ADT,SAMP,2025-02-27T09:06:00Z,NA,NA,TPO4,0.026,mg/L,NA,Herbicide,A,-42,-42   Herbicide
P155480-5,Herbicide_A,SW,ADT,SAMP,2025-02-27T09:05:00Z,NA,NA,TPO4,0.028,mg/L,NA,Herbicide,A,-42,-42   Herbicide
P155480-4,Herbicide_A,SW,ADT,SAMP,2025-02-27T09:04:00Z,NA,NA,TPO4,0.031,mg/L,NA,Herbicide,A,-42,-42   Herbicide
P155480-3,Herbicide_A,SW,ADT,SAMP,2025-02-27T09:03:00Z,NA,NA,TPO4,0.032,mg/L,NA,Herbicide,A,-42,-42   Herbicide
P155480-2,Herbicide_A,SW,ADT,SAMP,2025-02-27T09:02:00Z,NA,NA,TPO4,0.026,mg/L,NA,Herbicide,A,-42,-42   Herbicide
P155480-1,Herbicide_A,SW,ADT,SAMP,2025-02-27T09:01:00Z,NA,NA,TPO4,0.042,mg/L,NA,Herbicide,A,-42,-42   Herbicide
P155729-19,Burn/Herbicide_A,DI,G,FB,2025-02-27T08:19:00Z,NA,NA,TPO4,0.002,mg/L,Field blank- FOC DI tap,Burn/Herbicide,A,-42,-42   Burn/Herbicide
P155492-15,Untreated_A,SW,ADT,SAMP,2025-02-27T08:15:00Z,NA,NA,TPO4,0.027,mg/L,NA,Untreated,A,-42,-42   Untreated
P155729-15,Burn/Herbicide_A,SW,ADT,SAMP,2025-02-27T08:15:00Z,NA,NA,TPO4,0.028,mg/L,NA,Burn/Herbicide,A,-42,-42   Burn/Herbicide
P155492-14,Untreated_A,SW,ADT,SAMP,2025-02-27T08:14:00Z,NA,NA,TPO4,0.031,mg/L,NA,Untreated,A,-42,-42   Untreated
P155729-14,Burn/Herbicide_A,SW,ADT,SAMP,2025-02-27T08:14:00Z,NA,NA,TPO4,0.025,mg/L,NA,Burn/Herbicide,A,-42,-42   Burn/Herbicide
P155492-13,Untreated_A,SW,ADT,SAMP,2025-02-27T08:13:00Z,NA,NA,TPO4,0.023,mg/L,NA,Untreated,A,-42,-42   Untreated
P155729-13,Burn/Herbicide_A,SW,ADT,SAMP,2025-02-27T08:13:00Z,NA,NA,TPO4,0.021,mg/L,NA,Burn/Herbicide,A,-42,-42   Burn/Herbicide
P155492-12,Untreated_A,SW,ADT,SAMP,2025-02-27T08:12:00Z,NA,NA,TPO4,0.025,mg/L,NA,Untreated,A,-42,-42   Untreated
P155729-12,Burn/Herbicide_A,SW,ADT,SAMP,2025-02-27T08:12:00Z,NA,NA,TPO4,0.021,mg/L,NA,Burn/Herbicide,A,-42,-42   Burn/Herbicide
P155492-11,Untreated_A,SW,ADT,SAMP,2025-02-27T08:11:00Z,NA,NA,TPO4,0.027,mg/L,NA,Untreated,A,-42,-42   Untreated
P155729-11,Burn/Herbicide_A,SW,ADT,SAMP,2025-02-27T08:11:00Z,NA,NA,TPO4,0.022,mg/L,NA,Burn/Herbicide,A,-42,-42   Burn/Herbicide
P155492-10,Untreated_A,SW,ADT,SAMP,2025-02-27T08:10:00Z,NA,NA,TPO4,0.03,mg/L,NA,Untreated,A,-42,-42   Untreated
P155729-10,Burn/Herbicide_A,SW,ADT,SAMP,2025-02-27T08:10:00Z,NA,NA,TPO4,0.026,mg/L,NA,Burn/Herbicide,A,-42,-42   Burn/Herbicide
P155492-9,Untreated_A,SW,ADT,SAMP,2025-02-27T08:09:00Z,NA,NA,TPO4,0.032,mg/L,NA,Untreated,A,-42,-42   Untreated
P155729-9,Burn/Herbicide_A,SW,ADT,SAMP,2025-02-27T08:09:00Z,NA,NA,TPO4,0.034,mg/L,NA,Burn/Herbicide,A,-42,-42   Burn/Herbicide
P155492-8,Untreated_A,SW,ADT,SAMP,2025-02-27T08:08:00Z,NA,NA,TPO4,0.034,mg/L,NA,Untreated,A,-42,-42   Untreated
P155729-8,Burn/Herbicide_A,SW,ADT,SAMP,2025-02-27T08:08:00Z,NA,NA,TPO4,0.031,mg/L,NA,Burn/Herbicide,A,-42,-42   Burn/Herbicide
P155492-7,Untreated_A,SW,ADT,SAMP,2025-02-27T08:07:00Z,NA,NA,TPO4,0.031,mg/L,NA,Untreated,A,-42,-42   Untreated
P155729-7,Burn/Herbicide_A,SW,ADT,SAMP,2025-02-27T08:07:00Z,NA,NA,TPO4,0.027,mg/L,NA,Burn/Herbicide,A,-42,-42   Burn/Herbicide
P155492-6,Untreated_A,SW,ADT,SAMP,2025-02-27T08:06:00Z,NA,NA,TPO4,0.032,mg/L,NA,Untreated,A,-42,-42   Untreated
P155729-6,Burn/Herbicide_A,SW,ADT,SAMP,2025-02-27T08:06:00Z,NA,NA,TPO4,0.03,mg/L,NA,Burn/Herbicide,A,-42,-42   Burn/Herbicide
P155492-5,Untreated_A,SW,ADT,SAMP,2025-02-27T08:05:00Z,NA,NA,TPO4,0.031,mg/L,NA,Untreated,A,-42,-42   Untreated
P155729-5,Burn/Herbicide_A,SW,ADT,SAMP,2025-02-27T08:05:00Z,NA,NA,TPO4,0.03,mg/L,NA,Burn/Herbicide,A,-42,-42   Burn/Herbicide
P155492-4,Untreated_A,SW,ADT,SAMP,2025-02-27T08:04:00Z,NA,NA,TPO4,0.034,mg/L,NA,Untreated,A,-42,-42   Untreated
P155729-4,Burn/Herbicide_A,SW,ADT,SAMP,2025-02-27T08:04:00Z,NA,NA,TPO4,0.035,mg/L,NA,Burn/Herbicide,A,-42,-42   Burn/Herbicide
P155492-3,Untreated_A,SW,ADT,SAMP,2025-02-27T08:03:00Z,NA,NA,TPO4,0.036,mg/L,NA,Untreated,A,-42,-42   Untreated
P155729-3,Burn/Herbicide_A,SW,ADT,SAMP,2025-02-27T08:03:00Z,NA,NA,TPO4,0.041,mg/L,NA,Burn/Herbicide,A,-42,-42   Burn/Herbicide
P155492-2,Untreated_A,SW,ADT,SAMP,2025-02-27T08:02:00Z,NA,NA,TPO4,0.035,mg/L,NA,Untreated,A,-42,-42   Untreated
P155729-2,Burn/Herbicide_A,SW,ADT,SAMP,2025-02-27T08:02:00Z,NA,NA,TPO4,0.038,mg/L,NA,Burn/Herbicide,A,-42,-42   Burn/Herbicide
P155492-1,Untreated_A,SW,ADT,SAMP,2025-02-27T08:01:00Z,NA,NA,TPO4,0.038,mg/L,NA,Untreated,A,-42,-42   Untreated
P155729-1,Burn/Herbicide_A,SW,ADT,SAMP,2025-02-27T08:01:00Z,NA,NA,TPO4,0.038,mg/L,NA,Burn/Herbicide,A,-42,-42   Burn/Herbicide
P155439-12,Untreated_C,SW,GP,SAMP,2025-02-26T13:50:00Z,0.11,NA,Pheophytin A,0.219,ug/L,NA,Untreated,C,-43,-43   Untreated
P155439-12,Untreated_C,SW,GP,SAMP,2025-02-26T13:50:00Z,0.11,NA,Chlorophyll A,1.58,ug/L,NA,Untreated,C,-43,-43   Untreated
P155439-12,Untreated_C,SW,GP,SAMP,2025-02-26T13:50:00Z,0.11,NA,Chlorophyll B,0.195,ug/L,NA,Untreated,C,-43,-43   Untreated
P155439-12,Untreated_C,SW,GP,SAMP,2025-02-26T13:50:00Z,0.11,NA,DOC,17.8,mg/L,NA,Untreated,C,-43,-43   Untreated
P155439-12,Untreated_C,SW,GP,SAMP,2025-02-26T13:50:00Z,0.11,NA,NOX,0.005,mg/L,NA,Untreated,C,-43,-43   Untreated
P155439-12,Untreated_C,SW,GP,SAMP,2025-02-26T13:50:00Z,0.11,NA,NH4,0.027,mg/L,NA,Untreated,C,-43,-43   Untreated
P155439-12,Untreated_C,SW,GP,SAMP,2025-02-26T13:50:00Z,0.11,NA,TN,1.02,mg/L,NA,Untreated,C,-43,-43   Untreated
P155439-12,Untreated_C,SW,GP,SAMP,2025-02-26T13:50:00Z,0.11,NA,SRP,0.007,mg/L,NA,Untreated,C,-43,-43   Untreated
P155439-12,Untreated_C,SW,GP,SAMP,2025-02-26T13:50:00Z,0.11,NA,TDPO4,0.019,mg/L,NA,Untreated,C,-43,-43   Untreated
P155439-12,Untreated_C,SW,GP,SAMP,2025-02-26T13:50:00Z,0.11,NA,TPO4,0.024,mg/L,NA,Untreated,C,-43,-43   Untreated
P155439-11,Burn_C,SW,GP,SAMP,2025-02-26T13:35:00Z,0.14,NA,Pheophytin A,0.216,ug/L,NA,Burn,C,-43,-43   Burn
P155439-11,Burn_C,SW,GP,SAMP,2025-02-26T13:35:00Z,0.14,NA,Chlorophyll A,2.17,ug/L,NA,Burn,C,-43,-43   Burn
P155439-11,Burn_C,SW,GP,SAMP,2025-02-26T13:35:00Z,0.14,NA,Chlorophyll B,0.229,ug/L,NA,Burn,C,-43,-43   Burn
P155439-11,Burn_C,SW,GP,SAMP,2025-02-26T13:35:00Z,0.14,NA,DOC,18,mg/L,NA,Burn,C,-43,-43   Burn
P155439-11,Burn_C,SW,GP,SAMP,2025-02-26T13:35:00Z,0.14,NA,NOX,0.005,mg/L,NA,Burn,C,-43,-43   Burn
P155439-11,Burn_C,SW,GP,SAMP,2025-02-26T13:35:00Z,0.14,NA,NH4,0.026,mg/L,NA,Burn,C,-43,-43   Burn
P155439-11,Burn_C,SW,GP,SAMP,2025-02-26T13:35:00Z,0.14,NA,TN,1.06,mg/L,NA,Burn,C,-43,-43   Burn
P155439-11,Burn_C,SW,GP,SAMP,2025-02-26T13:35:00Z,0.14,NA,SRP,0.007,mg/L,NA,Burn,C,-43,-43   Burn
P155439-11,Burn_C,SW,GP,SAMP,2025-02-26T13:35:00Z,0.14,NA,TDPO4,0.017,mg/L,NA,Burn,C,-43,-43   Burn
P155439-11,Burn_C,SW,GP,SAMP,2025-02-26T13:35:00Z,0.14,NA,TPO4,0.023,mg/L,NA,Burn,C,-43,-43   Burn
P155439-10,Burn/Herbicide_C,SW,GP,SAMP,2025-02-26T13:21:00Z,0.15,NA,Pheophytin A,0.139,ug/L,NA,Burn/Herbicide,C,-43,-43   Burn/Herbicide
P155439-10,Burn/Herbicide_C,SW,GP,SAMP,2025-02-26T13:21:00Z,0.15,NA,Chlorophyll A,1.31,ug/L,NA,Burn/Herbicide,C,-43,-43   Burn/Herbicide
P155439-10,Burn/Herbicide_C,SW,GP,SAMP,2025-02-26T13:21:00Z,0.15,NA,Chlorophyll B,0.128,ug/L,NA,Burn/Herbicide,C,-43,-43   Burn/Herbicide
P155439-10,Burn/Herbicide_C,SW,GP,SAMP,2025-02-26T13:21:00Z,0.15,NA,DOC,18.4,mg/L,NA,Burn/Herbicide,C,-43,-43   Burn/Herbicide
P155439-10,Burn/Herbicide_C,SW,GP,SAMP,2025-02-26T13:21:00Z,0.15,NA,NOX,0.005,mg/L,NA,Burn/Herbicide,C,-43,-43   Burn/Herbicide
P155439-10,Burn/Herbicide_C,SW,GP,SAMP,2025-02-26T13:21:00Z,0.15,NA,NH4,0.022,mg/L,NA,Burn/Herbicide,C,-43,-43   Burn/Herbicide
P155439-10,Burn/Herbicide_C,SW,GP,SAMP,2025-02-26T13:21:00Z,0.15,NA,TN,1.03,mg/L,NA,Burn/Herbicide,C,-43,-43   Burn/Herbicide
P155439-10,Burn/Herbicide_C,SW,GP,SAMP,2025-02-26T13:21:00Z,0.15,NA,SRP,0.007,mg/L,NA,Burn/Herbicide,C,-43,-43   Burn/Herbicide
P155439-10,Burn/Herbicide_C,SW,GP,SAMP,2025-02-26T13:21:00Z,0.15,NA,TDPO4,0.018,mg/L,NA,Burn/Herbicide,C,-43,-43   Burn/Herbicide
P155439-10,Burn/Herbicide_C,SW,GP,SAMP,2025-02-26T13:21:00Z,0.15,NA,TPO4,0.023,mg/L,NA,Burn/Herbicide,C,-43,-43   Burn/Herbicide
P155439-9,Herbicide_C,SW,GP,SAMP,2025-02-26T13:06:00Z,0.1,NA,Pheophytin A,0.067,ug/L,NA,Herbicide,C,-43,-43   Herbicide
P155439-9,Herbicide_C,SW,GP,SAMP,2025-02-26T13:06:00Z,0.1,NA,Chlorophyll A,0.741,ug/L,NA,Herbicide,C,-43,-43   Herbicide
P155439-9,Herbicide_C,SW,GP,SAMP,2025-02-26T13:06:00Z,0.1,NA,Chlorophyll B,0.085,ug/L,NA,Herbicide,C,-43,-43   Herbicide
P155439-9,Herbicide_C,SW,GP,SAMP,2025-02-26T13:06:00Z,0.1,NA,DOC,17.2,mg/L,NA,Herbicide,C,-43,-43   Herbicide
P155439-9,Herbicide_C,SW,GP,SAMP,2025-02-26T13:06:00Z,0.1,NA,NOX,0.005,mg/L,NA,Herbicide,C,-43,-43   Herbicide
P155439-9,Herbicide_C,SW,GP,SAMP,2025-02-26T13:06:00Z,0.1,NA,NH4,0.018,mg/L,NA,Herbicide,C,-43,-43   Herbicide
P155439-9,Herbicide_C,SW,GP,SAMP,2025-02-26T13:06:00Z,0.1,NA,TN,1,mg/L,NA,Herbicide,C,-43,-43   Herbicide
P155439-9,Herbicide_C,SW,GP,SAMP,2025-02-26T13:06:00Z,0.1,NA,SRP,0.007,mg/L,NA,Herbicide,C,-43,-43   Herbicide
P155439-9,Herbicide_C,SW,GP,SAMP,2025-02-26T13:06:00Z,0.1,NA,TDPO4,0.017,mg/L,NA,Herbicide,C,-43,-43   Herbicide
P155439-9,Herbicide_C,SW,GP,SAMP,2025-02-26T13:06:00Z,0.1,NA,TPO4,0.022,mg/L,NA,Herbicide,C,-43,-43   Herbicide
P155439-8,Herbicide_B,SW,GP,SAMP,2025-02-26T12:50:00Z,0.1,NA,Pheophytin A,0.165,ug/L,NA,Herbicide,B,-43,-43   Herbicide
P155439-8,Herbicide_B,SW,GP,SAMP,2025-02-26T12:50:00Z,0.1,NA,Chlorophyll A,1.06,ug/L,NA,Herbicide,B,-43,-43   Herbicide
P155439-8,Herbicide_B,SW,GP,SAMP,2025-02-26T12:50:00Z,0.1,NA,Chlorophyll B,0.128,ug/L,NA,Herbicide,B,-43,-43   Herbicide
P155439-8,Herbicide_B,SW,GP,SAMP,2025-02-26T12:50:00Z,0.1,NA,DOC,18.1,mg/L,NA,Herbicide,B,-43,-43   Herbicide
P155439-8,Herbicide_B,SW,GP,SAMP,2025-02-26T12:50:00Z,0.1,NA,NOX,0.005,mg/L,NA,Herbicide,B,-43,-43   Herbicide
P155439-8,Herbicide_B,SW,GP,SAMP,2025-02-26T12:50:00Z,0.1,NA,NH4,0.023,mg/L,NA,Herbicide,B,-43,-43   Herbicide
P155439-8,Herbicide_B,SW,GP,SAMP,2025-02-26T12:50:00Z,0.1,NA,TN,1.04,mg/L,NA,Herbicide,B,-43,-43   Herbicide
P155439-8,Herbicide_B,SW,GP,SAMP,2025-02-26T12:50:00Z,0.1,NA,SRP,0.012,mg/L,NA,Herbicide,B,-43,-43   Herbicide
P155439-8,Herbicide_B,SW,GP,SAMP,2025-02-26T12:50:00Z,0.1,NA,TDPO4,0.023,mg/L,NA,Herbicide,B,-43,-43   Herbicide
P155439-8,Herbicide_B,SW,GP,SAMP,2025-02-26T12:50:00Z,0.1,NA,TPO4,0.026,mg/L,NA,Herbicide,B,-43,-43   Herbicide
P155439-7,Burn/Herbicide_B,SW,GP,SAMP,2025-02-26T12:35:00Z,0.12,NA,Pheophytin A,0.189,ug/L,NA,Burn/Herbicide,B,-43,-43   Burn/Herbicide
P155439-7,Burn/Herbicide_B,SW,GP,SAMP,2025-02-26T12:35:00Z,0.12,NA,Chlorophyll A,1.1,ug/L,NA,Burn/Herbicide,B,-43,-43   Burn/Herbicide
P155439-7,Burn/Herbicide_B,SW,GP,SAMP,2025-02-26T12:35:00Z,0.12,NA,Chlorophyll B,0.139,ug/L,NA,Burn/Herbicide,B,-43,-43   Burn/Herbicide
P155439-7,Burn/Herbicide_B,SW,GP,SAMP,2025-02-26T12:35:00Z,0.12,NA,DOC,17.4,mg/L,NA,Burn/Herbicide,B,-43,-43   Burn/Herbicide
P155439-7,Burn/Herbicide_B,SW,GP,SAMP,2025-02-26T12:35:00Z,0.12,NA,NOX,0.005,mg/L,NA,Burn/Herbicide,B,-43,-43   Burn/Herbicide
P155439-7,Burn/Herbicide_B,SW,GP,SAMP,2025-02-26T12:35:00Z,0.12,NA,NH4,0.023,mg/L,NA,Burn/Herbicide,B,-43,-43   Burn/Herbicide
P155439-7,Burn/Herbicide_B,SW,GP,SAMP,2025-02-26T12:35:00Z,0.12,NA,TN,1.02,mg/L,NA,Burn/Herbicide,B,-43,-43   Burn/Herbicide
P155439-7,Burn/Herbicide_B,SW,GP,SAMP,2025-02-26T12:35:00Z,0.12,NA,SRP,0.009,mg/L,NA,Burn/Herbicide,B,-43,-43   Burn/Herbicide
P155439-7,Burn/Herbicide_B,SW,GP,SAMP,2025-02-26T12:35:00Z,0.12,NA,TDPO4,0.018,mg/L,NA,Burn/Herbicide,B,-43,-43   Burn/Herbicide
P155439-7,Burn/Herbicide_B,SW,GP,SAMP,2025-02-26T12:35:00Z,0.12,NA,TPO4,0.023,mg/L,NA,Burn/Herbicide,B,-43,-43   Burn/Herbicide
P155439-6,Burn_B,SW,GP,SAMP,2025-02-26T12:20:00Z,0.11,NA,Pheophytin A,0.136,ug/L,NA,Burn,B,-43,-43   Burn
P155439-6,Burn_B,SW,GP,SAMP,2025-02-26T12:20:00Z,0.11,NA,Chlorophyll A,0.877,ug/L,NA,Burn,B,-43,-43   Burn
P155439-6,Burn_B,SW,GP,SAMP,2025-02-26T12:20:00Z,0.11,NA,Chlorophyll B,0.107,ug/L,NA,Burn,B,-43,-43   Burn
P155439-6,Burn_B,SW,GP,SAMP,2025-02-26T12:20:00Z,0.11,NA,DOC,17.5,mg/L,NA,Burn,B,-43,-43   Burn
P155439-6,Burn_B,SW,GP,SAMP,2025-02-26T12:20:00Z,0.11,NA,NOX,0.005,mg/L,NA,Burn,B,-43,-43   Burn
P155439-6,Burn_B,SW,GP,SAMP,2025-02-26T12:20:00Z,0.11,NA,NH4,0.024,mg/L,NA,Burn,B,-43,-43   Burn
P155439-6,Burn_B,SW,GP,SAMP,2025-02-26T12:20:00Z,0.11,NA,TN,0.975,mg/L,NA,Burn,B,-43,-43   Burn
P155439-6,Burn_B,SW,GP,SAMP,2025-02-26T12:20:00Z,0.11,NA,SRP,0.011,mg/L,NA,Burn,B,-43,-43   Burn
P155439-6,Burn_B,SW,GP,SAMP,2025-02-26T12:20:00Z,0.11,NA,TDPO4,0.02,mg/L,NA,Burn,B,-43,-43   Burn
P155439-6,Burn_B,SW,GP,SAMP,2025-02-26T12:20:00Z,0.11,NA,TPO4,0.024,mg/L,NA,Burn,B,-43,-43   Burn
P155439-5,Untreated_B,SW,GP,SAMP,2025-02-26T12:03:00Z,0.06,NA,Pheophytin A,0.088,ug/L,NA,Untreated,B,-43,-43   Untreated
P155439-5,Untreated_B,SW,GP,SAMP,2025-02-26T12:03:00Z,0.06,NA,Chlorophyll A,0.843,ug/L,NA,Untreated,B,-43,-43   Untreated
P155439-5,Untreated_B,SW,GP,SAMP,2025-02-26T12:03:00Z,0.06,NA,Chlorophyll B,0.08,ug/L,NA,Untreated,B,-43,-43   Untreated
P155439-5,Untreated_B,SW,GP,SAMP,2025-02-26T12:03:00Z,0.06,NA,DOC,16.8,mg/L,NA,Untreated,B,-43,-43   Untreated
P155439-5,Untreated_B,SW,GP,SAMP,2025-02-26T12:03:00Z,0.06,NA,NOX,0.005,mg/L,NA,Untreated,B,-43,-43   Untreated
P155439-5,Untreated_B,SW,GP,SAMP,2025-02-26T12:03:00Z,0.06,NA,NH4,0.021,mg/L,NA,Untreated,B,-43,-43   Untreated
P155439-5,Untreated_B,SW,GP,SAMP,2025-02-26T12:03:00Z,0.06,NA,TN,0.974,mg/L,NA,Untreated,B,-43,-43   Untreated
P155439-5,Untreated_B,SW,GP,SAMP,2025-02-26T12:03:00Z,0.06,NA,SRP,0.013,mg/L,NA,Untreated,B,-43,-43   Untreated
P155439-5,Untreated_B,SW,GP,SAMP,2025-02-26T12:03:00Z,0.06,NA,TDPO4,0.02,mg/L,NA,Untreated,B,-43,-43   Untreated
P155439-5,Untreated_B,SW,GP,SAMP,2025-02-26T12:03:00Z,0.06,NA,TPO4,0.028,mg/L,NA,Untreated,B,-43,-43   Untreated
P155439-4,Burn_A,SW,GP,SAMP,2025-02-26T11:33:00Z,0.08,NA,Pheophytin A,0.093,ug/L,NA,Burn,A,-43,-43   Burn
P155439-4,Burn_A,SW,GP,SAMP,2025-02-26T11:33:00Z,0.08,NA,Chlorophyll A,0.952,ug/L,NA,Burn,A,-43,-43   Burn
P155439-4,Burn_A,SW,GP,SAMP,2025-02-26T11:33:00Z,0.08,NA,Chlorophyll B,0.072,ug/L,NA,Burn,A,-43,-43   Burn
P155439-4,Burn_A,SW,GP,SAMP,2025-02-26T11:33:00Z,0.08,NA,DOC,16.8,mg/L,NA,Burn,A,-43,-43   Burn
P155439-4,Burn_A,SW,GP,SAMP,2025-02-26T11:33:00Z,0.08,NA,NOX,0.005,mg/L,NA,Burn,A,-43,-43   Burn
P155439-4,Burn_A,SW,GP,SAMP,2025-02-26T11:33:00Z,0.08,NA,NH4,0.019,mg/L,NA,Burn,A,-43,-43   Burn
P155439-4,Burn_A,SW,GP,SAMP,2025-02-26T11:33:00Z,0.08,NA,TN,0.981,mg/L,NA,Burn,A,-43,-43   Burn
P155439-4,Burn_A,SW,GP,SAMP,2025-02-26T11:33:00Z,0.08,NA,SRP,0.009,mg/L,NA,Burn,A,-43,-43   Burn
P155439-4,Burn_A,SW,GP,SAMP,2025-02-26T11:33:00Z,0.08,NA,TDPO4,0.02,mg/L,NA,Burn,A,-43,-43   Burn
P155439-4,Burn_A,SW,GP,SAMP,2025-02-26T11:33:00Z,0.08,NA,TPO4,0.024,mg/L,NA,Burn,A,-43,-43   Burn
P155439-3,Burn/Herbicide_A,SW,GP,SAMP,2025-02-26T11:10:00Z,0.07,NA,Pheophytin A,0.083,ug/L,NA,Burn/Herbicide,A,-43,-43   Burn/Herbicide
P155439-3,Burn/Herbicide_A,SW,GP,SAMP,2025-02-26T11:10:00Z,0.07,NA,Chlorophyll A,1.05,ug/L,NA,Burn/Herbicide,A,-43,-43   Burn/Herbicide
P155439-3,Burn/Herbicide_A,SW,GP,SAMP,2025-02-26T11:10:00Z,0.07,NA,Chlorophyll B,0.12,ug/L,NA,Burn/Herbicide,A,-43,-43   Burn/Herbicide
P155439-3,Burn/Herbicide_A,SW,GP,SAMP,2025-02-26T11:10:00Z,0.07,NA,DOC,17,mg/L,NA,Burn/Herbicide,A,-43,-43   Burn/Herbicide
P155439-3,Burn/Herbicide_A,SW,GP,SAMP,2025-02-26T11:10:00Z,0.07,NA,NOX,0.005,mg/L,NA,Burn/Herbicide,A,-43,-43   Burn/Herbicide
P155439-3,Burn/Herbicide_A,SW,GP,SAMP,2025-02-26T11:10:00Z,0.07,NA,NH4,0.018,mg/L,NA,Burn/Herbicide,A,-43,-43   Burn/Herbicide
P155439-3,Burn/Herbicide_A,SW,GP,SAMP,2025-02-26T11:10:00Z,0.07,NA,TN,0.957,mg/L,NA,Burn/Herbicide,A,-43,-43   Burn/Herbicide
P155439-3,Burn/Herbicide_A,SW,GP,SAMP,2025-02-26T11:10:00Z,0.07,NA,SRP,0.009,mg/L,NA,Burn/Herbicide,A,-43,-43   Burn/Herbicide
P155439-3,Burn/Herbicide_A,SW,GP,SAMP,2025-02-26T11:10:00Z,0.07,NA,TDPO4,0.018,mg/L,NA,Burn/Herbicide,A,-43,-43   Burn/Herbicide
P155439-3,Burn/Herbicide_A,SW,GP,SAMP,2025-02-26T11:10:00Z,0.07,NA,TPO4,0.023,mg/L,NA,Burn/Herbicide,A,-43,-43   Burn/Herbicide
P155439-2,Herbicide_A,SW,GP,SAMP,2025-02-26T10:38:00Z,0.09,NA,Pheophytin A,0.181,ug/L,NA,Herbicide,A,-43,-43   Herbicide
P155439-2,Herbicide_A,SW,GP,SAMP,2025-02-26T10:38:00Z,0.09,NA,Chlorophyll A,1.56,ug/L,NA,Herbicide,A,-43,-43   Herbicide
P155439-2,Herbicide_A,SW,GP,SAMP,2025-02-26T10:38:00Z,0.09,NA,Chlorophyll B,0.216,ug/L,NA,Herbicide,A,-43,-43   Herbicide
P155439-2,Herbicide_A,SW,GP,SAMP,2025-02-26T10:38:00Z,0.09,NA,DOC,17.2,mg/L,NA,Herbicide,A,-43,-43   Herbicide
P155439-2,Herbicide_A,SW,GP,SAMP,2025-02-26T10:38:00Z,0.09,NA,NOX,0.005,mg/L,NA,Herbicide,A,-43,-43   Herbicide
P155439-2,Herbicide_A,SW,GP,SAMP,2025-02-26T10:38:00Z,0.09,NA,NH4,0.024,mg/L,NA,Herbicide,A,-43,-43   Herbicide
P155439-2,Herbicide_A,SW,GP,SAMP,2025-02-26T10:38:00Z,0.09,NA,TN,0.991,mg/L,NA,Herbicide,A,-43,-43   Herbicide
P155439-2,Herbicide_A,SW,GP,SAMP,2025-02-26T10:38:00Z,0.09,NA,SRP,0.004,mg/L,NA,Herbicide,A,-43,-43   Herbicide
P155439-2,Herbicide_A,SW,GP,SAMP,2025-02-26T10:38:00Z,0.09,NA,TDPO4,0.015,mg/L,NA,Herbicide,A,-43,-43   Herbicide
P155439-2,Herbicide_A,SW,GP,SAMP,2025-02-26T10:38:00Z,0.09,NA,TPO4,0.021,mg/L,NA,Herbicide,A,-43,-43   Herbicide
P155439-13,Untreated_A,DI,GP,FCEB,2025-02-26T10:20:00Z,NA,NA,Pheophytin A,0.008,ug/L,"DI 8174 through peristaltic pump tubing to bucket to sample bottles. Tray 3, bucket Chimichanga, filter G8825136, SA 072823. Ash in the air from nearby burn.",Untreated,A,-43,-43   Untreated
P155439-13,Untreated_A,DI,GP,FCEB,2025-02-26T10:20:00Z,NA,NA,Chlorophyll A,0.016,ug/L,"DI 8174 through peristaltic pump tubing to bucket to sample bottles. Tray 3, bucket Chimichanga, filter G8825136, SA 072823. Ash in the air from nearby burn.",Untreated,A,-43,-43   Untreated
P155439-13,Untreated_A,DI,GP,FCEB,2025-02-26T10:20:00Z,NA,NA,Chlorophyll B,0.016,ug/L,"DI 8174 through peristaltic pump tubing to bucket to sample bottles. Tray 3, bucket Chimichanga, filter G8825136, SA 072823. Ash in the air from nearby burn.",Untreated,A,-43,-43   Untreated
P155439-13,Untreated_A,DI,GP,FCEB,2025-02-26T10:20:00Z,NA,NA,DOC,0.8,mg/L,"DI 8174 through peristaltic pump tubing to bucket to sample bottles. Tray 3, bucket Chimichanga, filter G8825136, SA 072823. Ash in the air from nearby burn.",Untreated,A,-43,-43   Untreated
P155439-13,Untreated_A,DI,GP,FCEB,2025-02-26T10:20:00Z,NA,NA,NOX,0.005,mg/L,"DI 8174 through peristaltic pump tubing to bucket to sample bottles. Tray 3, bucket Chimichanga, filter G8825136, SA 072823. Ash in the air from nearby burn.",Untreated,A,-43,-43   Untreated
P155439-13,Untreated_A,DI,GP,FCEB,2025-02-26T10:20:00Z,NA,NA,NH4,0.005,mg/L,"DI 8174 through peristaltic pump tubing to bucket to sample bottles. Tray 3, bucket Chimichanga, filter G8825136, SA 072823. Ash in the air from nearby burn.",Untreated,A,-43,-43   Untreated
P155439-13,Untreated_A,DI,GP,FCEB,2025-02-26T10:20:00Z,NA,NA,TN,0.05,mg/L,"DI 8174 through peristaltic pump tubing to bucket to sample bottles. Tray 3, bucket Chimichanga, filter G8825136, SA 072823. Ash in the air from nearby burn.",Untreated,A,-43,-43   Untreated
P155439-13,Untreated_A,DI,GP,FCEB,2025-02-26T10:20:00Z,NA,NA,SRP,0.002,mg/L,"DI 8174 through peristaltic pump tubing to bucket to sample bottles. Tray 3, bucket Chimichanga, filter G8825136, SA 072823. Ash in the air from nearby burn.",Untreated,A,-43,-43   Untreated
P155439-13,Untreated_A,DI,GP,FCEB,2025-02-26T10:20:00Z,NA,NA,TDPO4,0.002,mg/L,"DI 8174 through peristaltic pump tubing to bucket to sample bottles. Tray 3, bucket Chimichanga, filter G8825136, SA 072823. Ash in the air from nearby burn.",Untreated,A,-43,-43   Untreated
P155439-13,Untreated_A,DI,GP,FCEB,2025-02-26T10:20:00Z,NA,NA,TPO4,0.002,mg/L,"DI 8174 through peristaltic pump tubing to bucket to sample bottles. Tray 3, bucket Chimichanga, filter G8825136, SA 072823. Ash in the air from nearby burn.",Untreated,A,-43,-43   Untreated
P155439-1,Untreated_A,SW,GP,SAMP,2025-02-26T10:05:00Z,0.09,NA,Pheophytin A,0.104,ug/L,Ash in the air from nearby burn.,Untreated,A,-43,-43   Untreated
P155439-1,Untreated_A,SW,GP,SAMP,2025-02-26T10:05:00Z,0.09,NA,Chlorophyll A,0.995,ug/L,Ash in the air from nearby burn.,Untreated,A,-43,-43   Untreated
P155439-1,Untreated_A,SW,GP,SAMP,2025-02-26T10:05:00Z,0.09,NA,Chlorophyll B,0.144,ug/L,Ash in the air from nearby burn.,Untreated,A,-43,-43   Untreated
P155439-1,Untreated_A,SW,GP,SAMP,2025-02-26T10:05:00Z,0.09,NA,DOC,17.1,mg/L,Ash in the air from nearby burn.,Untreated,A,-43,-43   Untreated
P155439-1,Untreated_A,SW,GP,SAMP,2025-02-26T10:05:00Z,0.09,NA,NOX,0.006,mg/L,Ash in the air from nearby burn.,Untreated,A,-43,-43   Untreated
P155439-1,Untreated_A,SW,GP,SAMP,2025-02-26T10:05:00Z,0.09,NA,NH4,0.022,mg/L,Ash in the air from nearby burn.,Untreated,A,-43,-43   Untreated
P155439-1,Untreated_A,SW,GP,SAMP,2025-02-26T10:05:00Z,0.09,NA,TN,0.961,mg/L,Ash in the air from nearby burn.,Untreated,A,-43,-43   Untreated
P155439-1,Untreated_A,SW,GP,SAMP,2025-02-26T10:05:00Z,0.09,NA,SRP,0.009,mg/L,Ash in the air from nearby burn.,Untreated,A,-43,-43   Untreated
P155439-1,Untreated_A,SW,GP,SAMP,2025-02-26T10:05:00Z,0.09,NA,TDPO4,0.022,mg/L,Ash in the air from nearby burn.,Untreated,A,-43,-43   Untreated
P155439-1,Untreated_A,SW,GP,SAMP,2025-02-26T10:05:00Z,0.09,NA,TPO4,0.026,mg/L,Ash in the air from nearby burn.,Untreated,A,-43,-43   Untreated
P155503-14,Burn_A,SW,ADT,SAMP,2025-02-11T14:44:42Z,NA,NA,No Bottle,0,UNITS,"No bottle, no samples collected. Autosampler failure.",Burn,A,-58,-58   Burn
P155503-13,Burn_A,SW,ADT,SAMP,2025-02-11T14:44:13Z,NA,NA,No Bottle,0,UNITS,"No bottle, no samples collected. Autosampler failure.",Burn,A,-58,-58   Burn
P155503-12,Burn_A,SW,ADT,SAMP,2025-02-11T14:43:39Z,NA,NA,No Bottle,0,UNITS,"No bottle, no samples collected. Autosampler failure.",Burn,A,-58,-58   Burn
P155503-11,Burn_A,SW,ADT,SAMP,2025-02-11T14:43:10Z,NA,NA,No Bottle,0,UNITS,"No bottle, no samples collected. Autosampler failure.",Burn,A,-58,-58   Burn
P155503-10,Burn_A,SW,ADT,SAMP,2025-02-11T14:42:35Z,NA,NA,No Bottle,0,UNITS,"No bottle, no samples collected. Autosampler failure.",Burn,A,-58,-58   Burn
P155503-9,Burn_A,SW,ADT,SAMP,2025-02-11T14:41:54Z,NA,NA,No Bottle,0,UNITS,"No bottle, no samples collected. Autosampler failure.",Burn,A,-58,-58   Burn
P155503-8,Burn_A,SW,ADT,SAMP,2025-02-11T14:39:11Z,NA,NA,No Bottle,0,UNITS,"No bottle, no samples collected. Autosampler failure.",Burn,A,-58,-58   Burn
P155503-7,Burn_A,SW,ADT,SAMP,2025-02-11T14:38:11Z,NA,NA,No Bottle,0,UNITS,"No bottle, no samples collected. Autosampler failure.",Burn,A,-58,-58   Burn
P155503-6,Burn_A,SW,ADT,SAMP,2025-02-11T14:37:17Z,NA,NA,No Bottle,0,UNITS,"No bottle, no samples collected. Autosampler failure.",Burn,A,-58,-58   Burn
P155503-5,Burn_A,SW,ADT,SAMP,2025-02-11T14:36:38Z,NA,NA,No Bottle,0,UNITS,"No bottle, no samples collected. Autosampler failure.",Burn,A,-58,-58   Burn
P155503-4,Burn_A,SW,ADT,SAMP,2025-02-11T14:29:28Z,NA,NA,No Bottle,0,UNITS,"No bottle, no samples collected. Autosampler failure.",Burn,A,-58,-58   Burn
P155503-3,Burn_A,SW,ADT,SAMP,2025-02-11T14:28:09Z,NA,NA,No Bottle,0,UNITS,"No bottle, no samples collected. Autosampler failure.",Burn,A,-58,-58   Burn
P155503-2,Burn_A,SW,ADT,SAMP,2025-02-11T14:27:06Z,NA,NA,No Bottle,0,UNITS,"No bottle, no samples collected. Autosampler failure.",Burn,A,-58,-58   Burn
P155503-1,Burn_A,SW,ADT,SAMP,2025-02-11T14:26:06Z,NA,NA,No Bottle,0,UNITS,"No bottle, no samples collected. Autosampler failure.",Burn,A,-58,-58   Burn
P155728-19,Burn/Herbicide_A,DI,GP,FB,2025-02-11T11:19:00Z,NA,NA,TPO4,0.002,mg/L,NA,Burn/Herbicide,A,-58,-58   Burn/Herbicide
P155728-14,Burn/Herbicide_A,SW,ADT,SAMP,2025-02-11T11:14:00Z,NA,NA,TPO4,0.039,mg/L,NA,Burn/Herbicide,A,-58,-58   Burn/Herbicide
P155728-13,Burn/Herbicide_A,SW,ADT,SAMP,2025-02-11T11:13:00Z,NA,NA,TPO4,0.034,mg/L,NA,Burn/Herbicide,A,-58,-58   Burn/Herbicide
P155728-12,Burn/Herbicide_A,SW,ADT,SAMP,2025-02-11T11:12:00Z,NA,NA,TPO4,0.03,mg/L,NA,Burn/Herbicide,A,-58,-58   Burn/Herbicide
P155728-11,Burn/Herbicide_A,SW,ADT,SAMP,2025-02-11T11:11:00Z,NA,NA,TPO4,0.031,mg/L,NA,Burn/Herbicide,A,-58,-58   Burn/Herbicide
P155728-10,Burn/Herbicide_A,SW,ADT,SAMP,2025-02-11T11:10:00Z,NA,NA,TPO4,0.032,mg/L,NA,Burn/Herbicide,A,-58,-58   Burn/Herbicide
P155728-9,Burn/Herbicide_A,SW,ADT,SAMP,2025-02-11T11:09:00Z,NA,NA,TPO4,0.036,mg/L,NA,Burn/Herbicide,A,-58,-58   Burn/Herbicide
P155728-8,Burn/Herbicide_A,SW,ADT,SAMP,2025-02-11T11:08:00Z,NA,NA,TPO4,0.039,mg/L,NA,Burn/Herbicide,A,-58,-58   Burn/Herbicide
P155728-7,Burn/Herbicide_A,SW,ADT,SAMP,2025-02-11T11:07:00Z,NA,NA,TPO4,0.032,mg/L,NA,Burn/Herbicide,A,-58,-58   Burn/Herbicide
P155728-6,Burn/Herbicide_A,SW,ADT,SAMP,2025-02-11T11:06:00Z,NA,NA,TPO4,0.042,mg/L,NA,Burn/Herbicide,A,-58,-58   Burn/Herbicide
P155728-5,Burn/Herbicide_A,SW,ADT,SAMP,2025-02-11T11:05:00Z,NA,NA,TPO4,0.025,mg/L,NA,Burn/Herbicide,A,-58,-58   Burn/Herbicide
P155728-4,Burn/Herbicide_A,SW,ADT,SAMP,2025-02-11T11:04:00Z,NA,NA,TPO4,0.02,mg/L,NA,Burn/Herbicide,A,-58,-58   Burn/Herbicide
P155728-3,Burn/Herbicide_A,SW,ADT,SAMP,2025-02-11T11:03:00Z,NA,NA,TPO4,0.02,mg/L,NA,Burn/Herbicide,A,-58,-58   Burn/Herbicide
P155728-2,Burn/Herbicide_A,SW,ADT,SAMP,2025-02-11T11:02:00Z,NA,NA,TPO4,0.02,mg/L,NA,Burn/Herbicide,A,-58,-58   Burn/Herbicide
P155728-1,Burn/Herbicide_A,SW,ADT,SAMP,2025-02-11T11:01:00Z,NA,NA,TPO4,0.025,mg/L,NA,Burn/Herbicide,A,-58,-58   Burn/Herbicide
P155479-19,Herbicide_A,DI,GP,FB,2025-02-11T10:19:00Z,NA,NA,TPO4,0.002,mg/L,FB- FOC DI tap water.,Herbicide,A,-58,-58   Herbicide
P155479-14,Herbicide_A,SW,ADT,SAMP,2025-02-11T10:14:00Z,NA,NA,TPO4,0.027,mg/L,NA,Herbicide,A,-58,-58   Herbicide
P155479-13,Herbicide_A,SW,ADT,SAMP,2025-02-11T10:13:00Z,NA,NA,TPO4,0.024,mg/L,NA,Herbicide,A,-58,-58   Herbicide
P155479-12,Herbicide_A,SW,ADT,SAMP,2025-02-11T10:12:00Z,NA,NA,TPO4,0.023,mg/L,NA,Herbicide,A,-58,-58   Herbicide
P155479-11,Herbicide_A,SW,ADT,SAMP,2025-02-11T10:11:00Z,NA,NA,TPO4,0.024,mg/L,NA,Herbicide,A,-58,-58   Herbicide
P155479-10,Herbicide_A,SW,ADT,SAMP,2025-02-11T10:10:00Z,NA,NA,TPO4,0.024,mg/L,NA,Herbicide,A,-58,-58   Herbicide
P155479-9,Herbicide_A,SW,ADT,SAMP,2025-02-11T10:09:00Z,NA,NA,TPO4,0.026,mg/L,NA,Herbicide,A,-58,-58   Herbicide
P155479-8,Herbicide_A,SW,ADT,SAMP,2025-02-11T10:08:00Z,NA,NA,TPO4,0.034,mg/L,NA,Herbicide,A,-58,-58   Herbicide
P155479-7,Herbicide_A,SW,ADT,SAMP,2025-02-11T10:07:00Z,NA,NA,TPO4,0.053,mg/L,NA,Herbicide,A,-58,-58   Herbicide
P155479-6,Herbicide_A,SW,ADT,SAMP,2025-02-11T10:06:00Z,NA,NA,TPO4,0.022,mg/L,NA,Herbicide,A,-58,-58   Herbicide
P155479-5,Herbicide_A,SW,ADT,SAMP,2025-02-11T10:05:00Z,NA,NA,TPO4,0.02,mg/L,NA,Herbicide,A,-58,-58   Herbicide
P155479-4,Herbicide_A,SW,ADT,SAMP,2025-02-11T10:04:00Z,NA,NA,TPO4,0.022,mg/L,NA,Herbicide,A,-58,-58   Herbicide
P155479-3,Herbicide_A,SW,ADT,SAMP,2025-02-11T10:03:00Z,NA,NA,TPO4,0.018,mg/L,NA,Herbicide,A,-58,-58   Herbicide
P155479-2,Herbicide_A,SW,ADT,SAMP,2025-02-11T10:02:00Z,NA,NA,TPO4,0.019,mg/L,NA,Herbicide,A,-58,-58   Herbicide
P155479-1,Herbicide_A,SW,ADT,SAMP,2025-02-11T10:01:00Z,NA,NA,TPO4,0.019,mg/L,NA,Herbicide,A,-58,-58   Herbicide
P155491-19,Untreated_A,DI,GP,FB,2025-02-11T09:19:00Z,NA,NA,TPO4,0.002,mg/L,NA,Untreated,A,-58,-58   Untreated
P155491-14,Untreated_A,SW,ADT,SAMP,2025-02-11T09:14:00Z,NA,NA,TPO4,0.039,mg/L,NA,Untreated,A,-58,-58   Untreated
P155491-13,Untreated_A,SW,ADT,SAMP,2025-02-11T09:13:00Z,NA,NA,TPO4,0.037,mg/L,NA,Untreated,A,-58,-58   Untreated
P155491-12,Untreated_A,SW,ADT,SAMP,2025-02-11T09:12:00Z,NA,NA,TPO4,0.035,mg/L,NA,Untreated,A,-58,-58   Untreated
P155491-11,Untreated_A,SW,ADT,SAMP,2025-02-11T09:11:00Z,NA,NA,TPO4,0.04,mg/L,NA,Untreated,A,-58,-58   Untreated
P155491-10,Untreated_A,SW,ADT,SAMP,2025-02-11T09:10:00Z,NA,NA,TPO4,0.036,mg/L,NA,Untreated,A,-58,-58   Untreated
P155491-9,Untreated_A,SW,ADT,SAMP,2025-02-11T09:09:00Z,NA,NA,TPO4,0.039,mg/L,NA,Untreated,A,-58,-58   Untreated
P155491-8,Untreated_A,SW,ADT,SAMP,2025-02-11T09:08:00Z,NA,NA,TPO4,0.042,mg/L,NA,Untreated,A,-58,-58   Untreated
P155491-7,Untreated_A,SW,ADT,SAMP,2025-02-11T09:07:00Z,NA,NA,TPO4,0.035,mg/L,NA,Untreated,A,-58,-58   Untreated
P155491-6,Untreated_A,SW,ADT,SAMP,2025-02-11T09:06:00Z,NA,NA,TPO4,0.029,mg/L,NA,Untreated,A,-58,-58   Untreated
P155491-5,Untreated_A,SW,ADT,SAMP,2025-02-11T09:05:00Z,NA,NA,TPO4,0.027,mg/L,NA,Untreated,A,-58,-58   Untreated
P155491-4,Untreated_A,SW,ADT,SAMP,2025-02-11T09:04:00Z,NA,NA,TPO4,0.024,mg/L,NA,Untreated,A,-58,-58   Untreated
P155491-3,Untreated_A,SW,ADT,SAMP,2025-02-11T09:03:00Z,NA,NA,TPO4,0.022,mg/L,NA,Untreated,A,-58,-58   Untreated
P155491-2,Untreated_A,SW,ADT,SAMP,2025-02-11T09:02:00Z,NA,NA,TPO4,0.02,mg/L,NA,Untreated,A,-58,-58   Untreated
P155491-1,Untreated_A,SW,ADT,SAMP,2025-02-11T09:01:00Z,NA,NA,TPO4,0.02,mg/L,NA,Untreated,A,-58,-58   Untreated
P156548-13,Burn_A,SW,ADT,SAMP,2025-01-29T12:57:00Z,NA,NA,No Bottle,0,UNITS,"No bottle, no samples collected. Autosampler power failure.",Burn,A,-71,-71   Burn
P156548-11,Burn_A,SW,ADT,SAMP,2025-01-29T12:56:00Z,NA,NA,No Bottle,0,UNITS,"No bottle, no samples collected. Autosampler power failure.",Burn,A,-71,-71   Burn
P156548-12,Burn_A,SW,ADT,SAMP,2025-01-29T12:56:00Z,NA,NA,No Bottle,0,UNITS,"No bottle, no samples collected. Autosampler power failure.",Burn,A,-71,-71   Burn
P156548-8,Burn_A,SW,ADT,SAMP,2025-01-29T12:55:00Z,NA,NA,No Bottle,0,UNITS,"No bottle, no samples collected. Autosampler power failure.",Burn,A,-71,-71   Burn
P156548-9,Burn_A,SW,ADT,SAMP,2025-01-29T12:55:00Z,NA,NA,No Bottle,0,UNITS,"No bottle, no samples collected. Autosampler power failure.",Burn,A,-71,-71   Burn
P156548-10,Burn_A,SW,ADT,SAMP,2025-01-29T12:55:00Z,NA,NA,No Bottle,0,UNITS,"No bottle, no samples collected. Autosampler power failure.",Burn,A,-71,-71   Burn
P156548-5,Burn_A,SW,ADT,SAMP,2025-01-29T12:54:00Z,NA,NA,No Bottle,0,UNITS,"No bottle, no samples collected. Autosampler power failure.",Burn,A,-71,-71   Burn
P156548-6,Burn_A,SW,ADT,SAMP,2025-01-29T12:54:00Z,NA,NA,No Bottle,0,UNITS,"No bottle, no samples collected. Autosampler power failure.",Burn,A,-71,-71   Burn
P156548-7,Burn_A,SW,ADT,SAMP,2025-01-29T12:54:00Z,NA,NA,No Bottle,0,UNITS,"No bottle, no samples collected. Autosampler power failure.",Burn,A,-71,-71   Burn
P156548-2,Burn_A,SW,ADT,SAMP,2025-01-29T12:53:00Z,NA,NA,No Bottle,0,UNITS,"No bottle, no samples collected. Autosampler power failure.",Burn,A,-71,-71   Burn
P156548-3,Burn_A,SW,ADT,SAMP,2025-01-29T12:53:00Z,NA,NA,No Bottle,0,UNITS,"No bottle, no samples collected. Autosampler power failure.",Burn,A,-71,-71   Burn
P156548-4,Burn_A,SW,ADT,SAMP,2025-01-29T12:53:00Z,NA,NA,No Bottle,0,UNITS,"No bottle, no samples collected. Autosampler power failure.",Burn,A,-71,-71   Burn
P156548-1,Burn_A,SW,ADT,SAMP,2025-01-29T12:51:00Z,NA,NA,No Bottle,0,UNITS,"No bottle, no samples collected. Autosampler power failure.",Burn,A,-71,-71   Burn
P156552-19,Herbicide_A,DI,GP,FB,2025-01-29T12:50:00Z,NA,NA,TPO4,0.002,mg/L,NA,Herbicide,A,-71,-71   Herbicide
P156552-13,Herbicide_A,SW,ADT,SAMP,2025-01-29T12:48:00Z,NA,NA,TPO4,0.02,mg/L,NA,Herbicide,A,-71,-71   Herbicide
P156552-11,Herbicide_A,SW,ADT,SAMP,2025-01-29T12:47:00Z,NA,NA,TPO4,0.016,mg/L,NA,Herbicide,A,-71,-71   Herbicide
P156552-12,Herbicide_A,SW,ADT,SAMP,2025-01-29T12:47:00Z,NA,NA,TPO4,0.018,mg/L,NA,Herbicide,A,-71,-71   Herbicide
P156552-9,Herbicide_A,SW,ADT,SAMP,2025-01-29T12:46:00Z,NA,NA,TPO4,0.02,mg/L,NA,Herbicide,A,-71,-71   Herbicide
P156552-10,Herbicide_A,SW,ADT,SAMP,2025-01-29T12:46:00Z,NA,NA,TPO4,0.02,mg/L,NA,Herbicide,A,-71,-71   Herbicide
P156552-7,Herbicide_A,SW,ADT,SAMP,2025-01-29T12:45:00Z,NA,NA,TPO4,0.018,mg/L,NA,Herbicide,A,-71,-71   Herbicide
P156552-8,Herbicide_A,SW,ADT,SAMP,2025-01-29T12:45:00Z,NA,NA,TPO4,0.022,mg/L,NA,Herbicide,A,-71,-71   Herbicide
P156552-5,Herbicide_A,SW,ADT,SAMP,2025-01-29T12:44:00Z,NA,NA,TPO4,0.031,mg/L,NA,Herbicide,A,-71,-71   Herbicide
P156552-6,Herbicide_A,SW,ADT,SAMP,2025-01-29T12:44:00Z,NA,NA,TPO4,0.023,mg/L,NA,Herbicide,A,-71,-71   Herbicide
P156552-3,Herbicide_A,SW,ADT,SAMP,2025-01-29T12:43:00Z,NA,NA,TPO4,0.026,mg/L,NA,Herbicide,A,-71,-71   Herbicide
P156552-4,Herbicide_A,SW,ADT,SAMP,2025-01-29T12:43:00Z,NA,NA,TPO4,0.056,mg/L,NA,Herbicide,A,-71,-71   Herbicide
P156552-2,Herbicide_A,SW,ADT,SAMP,2025-01-29T12:42:00Z,NA,NA,TPO4,0.016,mg/L,NA,Herbicide,A,-71,-71   Herbicide
P156552-1,Herbicide_A,SW,ADT,SAMP,2025-01-29T12:40:00Z,NA,NA,TPO4,0.015,mg/L,NA,Herbicide,A,-71,-71   Herbicide
P156554-19,Untreated_A,DI,G,FB,2025-01-29T10:19:00Z,NA,NA,TPO4,0.002,mg/L,FB-FOC DI tap.,Untreated,A,-71,-71   Untreated
P156554-13,Untreated_A,SW,ADT,SAMP,2025-01-29T10:13:00Z,NA,NA,TPO4,0.021,mg/L,NA,Untreated,A,-71,-71   Untreated
P156554-12,Untreated_A,SW,ADT,SAMP,2025-01-29T10:12:00Z,NA,NA,TPO4,0.021,mg/L,NA,Untreated,A,-71,-71   Untreated
P156554-11,Untreated_A,SW,ADT,SAMP,2025-01-29T10:11:00Z,NA,NA,TPO4,0.028,mg/L,NA,Untreated,A,-71,-71   Untreated
P156554-10,Untreated_A,SW,ADT,SAMP,2025-01-29T10:10:00Z,NA,NA,TPO4,0.029,mg/L,NA,Untreated,A,-71,-71   Untreated
P156554-9,Untreated_A,SW,ADT,SAMP,2025-01-29T10:09:00Z,NA,NA,TPO4,0.035,mg/L,NA,Untreated,A,-71,-71   Untreated
P156554-8,Untreated_A,SW,ADT,SAMP,2025-01-29T10:08:00Z,NA,NA,TPO4,0.06,mg/L,NA,Untreated,A,-71,-71   Untreated
P156554-7,Untreated_A,SW,ADT,SAMP,2025-01-29T10:07:00Z,NA,NA,TPO4,0.029,mg/L,NA,Untreated,A,-71,-71   Untreated
P156554-6,Untreated_A,SW,ADT,SAMP,2025-01-29T10:06:00Z,NA,NA,TPO4,0.027,mg/L,NA,Untreated,A,-71,-71   Untreated
P156554-5,Untreated_A,SW,ADT,SAMP,2025-01-29T10:05:00Z,NA,NA,TPO4,0.037,mg/L,NA,Untreated,A,-71,-71   Untreated
P156554-4,Untreated_A,SW,ADT,SAMP,2025-01-29T10:04:00Z,NA,NA,TPO4,0.025,mg/L,NA,Untreated,A,-71,-71   Untreated
P156554-3,Untreated_A,SW,ADT,SAMP,2025-01-29T10:03:00Z,NA,NA,TPO4,0.021,mg/L,NA,Untreated,A,-71,-71   Untreated
P156554-2,Untreated_A,SW,ADT,SAMP,2025-01-29T10:02:00Z,NA,NA,TPO4,0.024,mg/L,NA,Untreated,A,-71,-71   Untreated
P156554-1,Untreated_A,SW,ADT,SAMP,2025-01-29T10:01:00Z,NA,NA,TPO4,0.025,mg/L,NA,Untreated,A,-71,-71   Untreated
P156550-19,Burn/Herbicide_A,DI,GP,FB,2025-01-29T09:19:00Z,NA,NA,TPO4,0.002,mg/L,NA,Burn/Herbicide,A,-71,-71   Burn/Herbicide
P156550-13,Burn/Herbicide_A,SW,ADT,SAMP,2025-01-29T09:13:00Z,NA,NA,TPO4,0.017,mg/L,NA,Burn/Herbicide,A,-71,-71   Burn/Herbicide
P156550-12,Burn/Herbicide_A,SW,ADT,SAMP,2025-01-29T09:12:00Z,NA,NA,TPO4,0.02,mg/L,NA,Burn/Herbicide,A,-71,-71   Burn/Herbicide
P156550-11,Burn/Herbicide_A,SW,ADT,SAMP,2025-01-29T09:11:00Z,NA,NA,TPO4,0.021,mg/L,NA,Burn/Herbicide,A,-71,-71   Burn/Herbicide
P156550-10,Burn/Herbicide_A,SW,ADT,SAMP,2025-01-29T09:10:00Z,NA,NA,TPO4,0.022,mg/L,NA,Burn/Herbicide,A,-71,-71   Burn/Herbicide
P156550-9,Burn/Herbicide_A,SW,ADT,SAMP,2025-01-29T09:09:00Z,NA,NA,TPO4,0.024,mg/L,NA,Burn/Herbicide,A,-71,-71   Burn/Herbicide
P156550-8,Burn/Herbicide_A,SW,ADT,SAMP,2025-01-29T09:08:00Z,NA,NA,TPO4,0.025,mg/L,NA,Burn/Herbicide,A,-71,-71   Burn/Herbicide
P156550-7,Burn/Herbicide_A,SW,ADT,SAMP,2025-01-29T09:07:00Z,NA,NA,TPO4,0.024,mg/L,NA,Burn/Herbicide,A,-71,-71   Burn/Herbicide
P156550-6,Burn/Herbicide_A,SW,ADT,SAMP,2025-01-29T09:06:00Z,NA,NA,TPO4,0.034,mg/L,NA,Burn/Herbicide,A,-71,-71   Burn/Herbicide
P156550-5,Burn/Herbicide_A,SW,ADT,SAMP,2025-01-29T09:05:00Z,NA,NA,TPO4,0.079,mg/L,NA,Burn/Herbicide,A,-71,-71   Burn/Herbicide
P156550-4,Burn/Herbicide_A,SW,ADT,SAMP,2025-01-29T09:04:00Z,NA,NA,TPO4,0.042,mg/L,NA,Burn/Herbicide,A,-71,-71   Burn/Herbicide
P156550-3,Burn/Herbicide_A,SW,ADT,SAMP,2025-01-29T09:03:00Z,NA,NA,TPO4,0.033,mg/L,NA,Burn/Herbicide,A,-71,-71   Burn/Herbicide
P156550-2,Burn/Herbicide_A,SW,ADT,SAMP,2025-01-29T09:02:00Z,NA,NA,TPO4,0.018,mg/L,NA,Burn/Herbicide,A,-71,-71   Burn/Herbicide
P156550-1,Burn/Herbicide_A,SW,ADT,SAMP,2025-01-29T09:01:00Z,NA,NA,TPO4,0.016,mg/L,NA,Burn/Herbicide,A,-71,-71   Burn/Herbicide
P155444-12,Untreated_C,SW,GP,SAMP,2025-01-28T14:05:00Z,0.2,NA,Pheophytin A,0.132,ug/L,NA,Untreated,C,-72,-72   Untreated
P155444-12,Untreated_C,SW,GP,SAMP,2025-01-28T14:05:00Z,0.2,NA,Chlorophyll A,1.52,ug/L,NA,Untreated,C,-72,-72   Untreated
P155444-12,Untreated_C,SW,GP,SAMP,2025-01-28T14:05:00Z,0.2,NA,Chlorophyll B,0.136,ug/L,NA,Untreated,C,-72,-72   Untreated
P155444-12,Untreated_C,SW,GP,SAMP,2025-01-28T14:05:00Z,0.2,NA,NOX,0.005,mg/L,NA,Untreated,C,-72,-72   Untreated
P155444-12,Untreated_C,SW,GP,SAMP,2025-01-28T14:05:00Z,0.2,NA,NH4,0.021,mg/L,NA,Untreated,C,-72,-72   Untreated
P155444-12,Untreated_C,SW,GP,SAMP,2025-01-28T14:05:00Z,0.2,NA,DOC,32.3,mg/L,NA,Untreated,C,-72,-72   Untreated
P155444-12,Untreated_C,SW,GP,SAMP,2025-01-28T14:05:00Z,0.2,NA,TN,1.7,mg/L,NA,Untreated,C,-72,-72   Untreated
P155444-12,Untreated_C,SW,GP,SAMP,2025-01-28T14:05:00Z,0.2,NA,SRP,0.007,mg/L,NA,Untreated,C,-72,-72   Untreated
P155444-12,Untreated_C,SW,GP,SAMP,2025-01-28T14:05:00Z,0.2,NA,TDPO4,0.016,mg/L,NA,Untreated,C,-72,-72   Untreated
P155444-12,Untreated_C,SW,GP,SAMP,2025-01-28T14:05:00Z,0.2,NA,TPO4,0.025,mg/L,NA,Untreated,C,-72,-72   Untreated
P155444-11,Burn_C,SW,GP,SAMP,2025-01-28T13:47:00Z,0.12,NA,Pheophytin A,0.152,ug/L,NA,Burn,C,-72,-72   Burn
P155444-11,Burn_C,SW,GP,SAMP,2025-01-28T13:47:00Z,0.12,NA,Chlorophyll A,0.612,ug/L,NA,Burn,C,-72,-72   Burn
P155444-11,Burn_C,SW,GP,SAMP,2025-01-28T13:47:00Z,0.12,NA,Chlorophyll B,0.04,ug/L,NA,Burn,C,-72,-72   Burn
P155444-11,Burn_C,SW,GP,SAMP,2025-01-28T13:47:00Z,0.12,NA,NOX,0.007,mg/L,NA,Burn,C,-72,-72   Burn
P155444-11,Burn_C,SW,GP,SAMP,2025-01-28T13:47:00Z,0.12,NA,NH4,0.028,mg/L,NA,Burn,C,-72,-72   Burn
P155444-11,Burn_C,SW,GP,SAMP,2025-01-28T13:47:00Z,0.12,NA,DOC,32.5,mg/L,NA,Burn,C,-72,-72   Burn
P155444-11,Burn_C,SW,GP,SAMP,2025-01-28T13:47:00Z,0.12,NA,TN,1.7,mg/L,NA,Burn,C,-72,-72   Burn
P155444-11,Burn_C,SW,GP,SAMP,2025-01-28T13:47:00Z,0.12,NA,SRP,0.006,mg/L,NA,Burn,C,-72,-72   Burn
P155444-11,Burn_C,SW,GP,SAMP,2025-01-28T13:47:00Z,0.12,NA,TDPO4,0.014,mg/L,NA,Burn,C,-72,-72   Burn
P155444-11,Burn_C,SW,GP,SAMP,2025-01-28T13:47:00Z,0.12,NA,TPO4,0.02,mg/L,NA,Burn,C,-72,-72   Burn
P155444-10,Burn/Herbicide_C,SW,GP,SAMP,2025-01-28T13:32:00Z,0.14,NA,Pheophytin A,0.176,ug/L,NA,Burn/Herbicide,C,-72,-72   Burn/Herbicide
P155444-10,Burn/Herbicide_C,SW,GP,SAMP,2025-01-28T13:32:00Z,0.14,NA,Chlorophyll A,0.688,ug/L,NA,Burn/Herbicide,C,-72,-72   Burn/Herbicide
P155444-10,Burn/Herbicide_C,SW,GP,SAMP,2025-01-28T13:32:00Z,0.14,NA,Chlorophyll B,0.04,ug/L,NA,Burn/Herbicide,C,-72,-72   Burn/Herbicide
P155444-10,Burn/Herbicide_C,SW,GP,SAMP,2025-01-28T13:32:00Z,0.14,NA,NOX,0.005,mg/L,NA,Burn/Herbicide,C,-72,-72   Burn/Herbicide
P155444-10,Burn/Herbicide_C,SW,GP,SAMP,2025-01-28T13:32:00Z,0.14,NA,NH4,0.024,mg/L,NA,Burn/Herbicide,C,-72,-72   Burn/Herbicide
P155444-10,Burn/Herbicide_C,SW,GP,SAMP,2025-01-28T13:32:00Z,0.14,NA,DOC,32.3,mg/L,NA,Burn/Herbicide,C,-72,-72   Burn/Herbicide
P155444-10,Burn/Herbicide_C,SW,GP,SAMP,2025-01-28T13:32:00Z,0.14,NA,TN,1.7,mg/L,NA,Burn/Herbicide,C,-72,-72   Burn/Herbicide
P155444-10,Burn/Herbicide_C,SW,GP,SAMP,2025-01-28T13:32:00Z,0.14,NA,SRP,0.007,mg/L,NA,Burn/Herbicide,C,-72,-72   Burn/Herbicide
P155444-10,Burn/Herbicide_C,SW,GP,SAMP,2025-01-28T13:32:00Z,0.14,NA,TDPO4,0.016,mg/L,NA,Burn/Herbicide,C,-72,-72   Burn/Herbicide
P155444-10,Burn/Herbicide_C,SW,GP,SAMP,2025-01-28T13:32:00Z,0.14,NA,TPO4,0.022,mg/L,NA,Burn/Herbicide,C,-72,-72   Burn/Herbicide
P155444-9,Herbicide_C,SW,GP,SAMP,2025-01-28T13:15:00Z,0.14,NA,Pheophytin A,0.064,ug/L,NA,Herbicide,C,-72,-72   Herbicide
P155444-9,Herbicide_C,SW,GP,SAMP,2025-01-28T13:15:00Z,0.14,NA,Chlorophyll A,0.6,ug/L,NA,Herbicide,C,-72,-72   Herbicide
P155444-9,Herbicide_C,SW,GP,SAMP,2025-01-28T13:15:00Z,0.14,NA,Chlorophyll B,0.04,ug/L,NA,Herbicide,C,-72,-72   Herbicide
P155444-9,Herbicide_C,SW,GP,SAMP,2025-01-28T13:15:00Z,0.14,NA,NOX,0.005,mg/L,NA,Herbicide,C,-72,-72   Herbicide
P155444-9,Herbicide_C,SW,GP,SAMP,2025-01-28T13:15:00Z,0.14,NA,NH4,0.035,mg/L,NA,Herbicide,C,-72,-72   Herbicide
P155444-9,Herbicide_C,SW,GP,SAMP,2025-01-28T13:15:00Z,0.14,NA,DOC,31.4,mg/L,NA,Herbicide,C,-72,-72   Herbicide
P155444-9,Herbicide_C,SW,GP,SAMP,2025-01-28T13:15:00Z,0.14,NA,TN,1.64,mg/L,NA,Herbicide,C,-72,-72   Herbicide
P155444-9,Herbicide_C,SW,GP,SAMP,2025-01-28T13:15:00Z,0.14,NA,SRP,0.005,mg/L,NA,Herbicide,C,-72,-72   Herbicide
P155444-9,Herbicide_C,SW,GP,SAMP,2025-01-28T13:15:00Z,0.14,NA,TDPO4,0.014,mg/L,NA,Herbicide,C,-72,-72   Herbicide
P155444-9,Herbicide_C,SW,GP,SAMP,2025-01-28T13:15:00Z,0.14,NA,TPO4,0.018,mg/L,NA,Herbicide,C,-72,-72   Herbicide
P155444-8,Herbicide_B,SW,GP,SAMP,2025-01-28T12:55:00Z,0.09,NA,Pheophytin A,0.104,ug/L,NA,Herbicide,B,-72,-72   Herbicide
P155444-8,Herbicide_B,SW,GP,SAMP,2025-01-28T12:55:00Z,0.09,NA,Chlorophyll A,0.992,ug/L,NA,Herbicide,B,-72,-72   Herbicide
P155444-8,Herbicide_B,SW,GP,SAMP,2025-01-28T12:55:00Z,0.09,NA,Chlorophyll B,0.04,ug/L,NA,Herbicide,B,-72,-72   Herbicide
P155444-8,Herbicide_B,SW,GP,SAMP,2025-01-28T12:55:00Z,0.09,NA,NOX,0.005,mg/L,NA,Herbicide,B,-72,-72   Herbicide
P155444-8,Herbicide_B,SW,GP,SAMP,2025-01-28T12:55:00Z,0.09,NA,NH4,0.024,mg/L,NA,Herbicide,B,-72,-72   Herbicide
P155444-8,Herbicide_B,SW,GP,SAMP,2025-01-28T12:55:00Z,0.09,NA,DOC,32,mg/L,NA,Herbicide,B,-72,-72   Herbicide
P155444-8,Herbicide_B,SW,GP,SAMP,2025-01-28T12:55:00Z,0.09,NA,TN,1.69,mg/L,NA,Herbicide,B,-72,-72   Herbicide
P155444-8,Herbicide_B,SW,GP,SAMP,2025-01-28T12:55:00Z,0.09,NA,SRP,0.007,mg/L,NA,Herbicide,B,-72,-72   Herbicide
P155444-8,Herbicide_B,SW,GP,SAMP,2025-01-28T12:55:00Z,0.09,NA,TDPO4,0.017,mg/L,NA,Herbicide,B,-72,-72   Herbicide
P155444-8,Herbicide_B,SW,GP,SAMP,2025-01-28T12:55:00Z,0.09,NA,TPO4,0.021,mg/L,NA,Herbicide,B,-72,-72   Herbicide
P155444-7,Burn/Herbicide_B,SW,GP,SAMP,2025-01-28T12:40:00Z,0.11,NA,Pheophytin A,0.152,ug/L,NA,Burn/Herbicide,B,-72,-72   Burn/Herbicide
P155444-7,Burn/Herbicide_B,SW,GP,SAMP,2025-01-28T12:40:00Z,0.11,NA,Chlorophyll A,0.952,ug/L,NA,Burn/Herbicide,B,-72,-72   Burn/Herbicide
P155444-7,Burn/Herbicide_B,SW,GP,SAMP,2025-01-28T12:40:00Z,0.11,NA,Chlorophyll B,0.04,ug/L,NA,Burn/Herbicide,B,-72,-72   Burn/Herbicide
P155444-7,Burn/Herbicide_B,SW,GP,SAMP,2025-01-28T12:40:00Z,0.11,NA,NOX,0.005,mg/L,NA,Burn/Herbicide,B,-72,-72   Burn/Herbicide
P155444-7,Burn/Herbicide_B,SW,GP,SAMP,2025-01-28T12:40:00Z,0.11,NA,NH4,0.023,mg/L,NA,Burn/Herbicide,B,-72,-72   Burn/Herbicide
P155444-7,Burn/Herbicide_B,SW,GP,SAMP,2025-01-28T12:40:00Z,0.11,NA,DOC,31.8,mg/L,NA,Burn/Herbicide,B,-72,-72   Burn/Herbicide
P155444-7,Burn/Herbicide_B,SW,GP,SAMP,2025-01-28T12:40:00Z,0.11,NA,TN,1.7,mg/L,NA,Burn/Herbicide,B,-72,-72   Burn/Herbicide
P155444-7,Burn/Herbicide_B,SW,GP,SAMP,2025-01-28T12:40:00Z,0.11,NA,SRP,0.007,mg/L,NA,Burn/Herbicide,B,-72,-72   Burn/Herbicide
P155444-7,Burn/Herbicide_B,SW,GP,SAMP,2025-01-28T12:40:00Z,0.11,NA,TDPO4,0.018,mg/L,NA,Burn/Herbicide,B,-72,-72   Burn/Herbicide
P155444-7,Burn/Herbicide_B,SW,GP,SAMP,2025-01-28T12:40:00Z,0.11,NA,TPO4,0.022,mg/L,NA,Burn/Herbicide,B,-72,-72   Burn/Herbicide
P155444-6,Burn_B,SW,GP,SAMP,2025-01-28T12:20:00Z,0.12,NA,Pheophytin A,0.112,ug/L,NA,Burn,B,-72,-72   Burn
P155444-6,Burn_B,SW,GP,SAMP,2025-01-28T12:20:00Z,0.12,NA,Chlorophyll A,0.704,ug/L,NA,Burn,B,-72,-72   Burn
P155444-6,Burn_B,SW,GP,SAMP,2025-01-28T12:20:00Z,0.12,NA,Chlorophyll B,0.04,ug/L,NA,Burn,B,-72,-72   Burn
P155444-6,Burn_B,SW,GP,SAMP,2025-01-28T12:20:00Z,0.12,NA,NOX,0.005,mg/L,NA,Burn,B,-72,-72   Burn
P155444-6,Burn_B,SW,GP,SAMP,2025-01-28T12:20:00Z,0.12,NA,NH4,0.02,mg/L,NA,Burn,B,-72,-72   Burn
P155444-6,Burn_B,SW,GP,SAMP,2025-01-28T12:20:00Z,0.12,NA,DOC,31.9,mg/L,NA,Burn,B,-72,-72   Burn
P155444-6,Burn_B,SW,GP,SAMP,2025-01-28T12:20:00Z,0.12,NA,TN,1.68,mg/L,NA,Burn,B,-72,-72   Burn
P155444-6,Burn_B,SW,GP,SAMP,2025-01-28T12:20:00Z,0.12,NA,SRP,0.005,mg/L,NA,Burn,B,-72,-72   Burn
P155444-6,Burn_B,SW,GP,SAMP,2025-01-28T12:20:00Z,0.12,NA,TDPO4,0.016,mg/L,NA,Burn,B,-72,-72   Burn
P155444-6,Burn_B,SW,GP,SAMP,2025-01-28T12:20:00Z,0.12,NA,TPO4,0.022,mg/L,NA,Burn,B,-72,-72   Burn
P155444-5,Untreated_B,SW,GP,SAMP,2025-01-28T12:00:00Z,0.16,NA,Pheophytin A,0.116,ug/L,Ash from nearby burn in the air,Untreated,B,-72,-72   Untreated
P155444-5,Untreated_B,SW,GP,SAMP,2025-01-28T12:00:00Z,0.16,NA,Chlorophyll A,1.06,ug/L,Ash from nearby burn in the air,Untreated,B,-72,-72   Untreated
P155444-5,Untreated_B,SW,GP,SAMP,2025-01-28T12:00:00Z,0.16,NA,Chlorophyll B,0.04,ug/L,Ash from nearby burn in the air,Untreated,B,-72,-72   Untreated
P155444-5,Untreated_B,SW,GP,SAMP,2025-01-28T12:00:00Z,0.16,NA,NOX,0.005,mg/L,Ash from nearby burn in the air,Untreated,B,-72,-72   Untreated
P155444-5,Untreated_B,SW,GP,SAMP,2025-01-28T12:00:00Z,0.16,NA,NH4,0.022,mg/L,Ash from nearby burn in the air,Untreated,B,-72,-72   Untreated
P155444-5,Untreated_B,SW,GP,SAMP,2025-01-28T12:00:00Z,0.16,NA,DOC,31.9,mg/L,Ash from nearby burn in the air,Untreated,B,-72,-72   Untreated
P155444-5,Untreated_B,SW,GP,SAMP,2025-01-28T12:00:00Z,0.16,NA,TN,1.74,mg/L,Ash from nearby burn in the air,Untreated,B,-72,-72   Untreated
P155444-5,Untreated_B,SW,GP,SAMP,2025-01-28T12:00:00Z,0.16,NA,SRP,0.008,mg/L,Ash from nearby burn in the air,Untreated,B,-72,-72   Untreated
P155444-5,Untreated_B,SW,GP,SAMP,2025-01-28T12:00:00Z,0.16,NA,TDPO4,0.019,mg/L,Ash from nearby burn in the air,Untreated,B,-72,-72   Untreated
P155444-5,Untreated_B,SW,GP,SAMP,2025-01-28T12:00:00Z,0.16,NA,TPO4,0.026,mg/L,Ash from nearby burn in the air,Untreated,B,-72,-72   Untreated
P155444-4,Burn_A,SW,GP,SAMP,2025-01-28T11:35:00Z,0.17,NA,Pheophytin A,0.088,ug/L,NA,Burn,A,-72,-72   Burn
P155444-4,Burn_A,SW,GP,SAMP,2025-01-28T11:35:00Z,0.17,NA,Chlorophyll A,0.56,ug/L,NA,Burn,A,-72,-72   Burn
P155444-4,Burn_A,SW,GP,SAMP,2025-01-28T11:35:00Z,0.17,NA,Chlorophyll B,0.04,ug/L,NA,Burn,A,-72,-72   Burn
P155444-4,Burn_A,SW,GP,SAMP,2025-01-28T11:35:00Z,0.17,NA,NOX,0.005,mg/L,NA,Burn,A,-72,-72   Burn
P155444-4,Burn_A,SW,GP,SAMP,2025-01-28T11:35:00Z,0.17,NA,NH4,0.028,mg/L,NA,Burn,A,-72,-72   Burn
P155444-4,Burn_A,SW,GP,SAMP,2025-01-28T11:35:00Z,0.17,NA,DOC,32,mg/L,NA,Burn,A,-72,-72   Burn
P155444-4,Burn_A,SW,GP,SAMP,2025-01-28T11:35:00Z,0.17,NA,TN,1.69,mg/L,NA,Burn,A,-72,-72   Burn
P155444-4,Burn_A,SW,GP,SAMP,2025-01-28T11:35:00Z,0.17,NA,SRP,0.014,mg/L,NA,Burn,A,-72,-72   Burn
P155444-4,Burn_A,SW,GP,SAMP,2025-01-28T11:35:00Z,0.17,NA,TDPO4,0.018,mg/L,NA,Burn,A,-72,-72   Burn
P155444-4,Burn_A,SW,GP,SAMP,2025-01-28T11:35:00Z,0.17,NA,TPO4,0.023,mg/L,NA,Burn,A,-72,-72   Burn
P155444-3,Burn/Herbicide_A,SW,GP,SAMP,2025-01-28T11:11:00Z,0.23,NA,Pheophytin A,0.064,ug/L,NA,Burn/Herbicide,A,-72,-72   Burn/Herbicide
P155444-3,Burn/Herbicide_A,SW,GP,SAMP,2025-01-28T11:11:00Z,0.23,NA,Chlorophyll A,0.652,ug/L,NA,Burn/Herbicide,A,-72,-72   Burn/Herbicide
P155444-3,Burn/Herbicide_A,SW,GP,SAMP,2025-01-28T11:11:00Z,0.23,NA,Chlorophyll B,0.04,ug/L,NA,Burn/Herbicide,A,-72,-72   Burn/Herbicide
P155444-3,Burn/Herbicide_A,SW,GP,SAMP,2025-01-28T11:11:00Z,0.23,NA,NOX,0.005,mg/L,NA,Burn/Herbicide,A,-72,-72   Burn/Herbicide
P155444-3,Burn/Herbicide_A,SW,GP,SAMP,2025-01-28T11:11:00Z,0.23,NA,NH4,0.041,mg/L,NA,Burn/Herbicide,A,-72,-72   Burn/Herbicide
P155444-3,Burn/Herbicide_A,SW,GP,SAMP,2025-01-28T11:11:00Z,0.23,NA,DOC,31.9,mg/L,NA,Burn/Herbicide,A,-72,-72   Burn/Herbicide
P155444-3,Burn/Herbicide_A,SW,GP,SAMP,2025-01-28T11:11:00Z,0.23,NA,TN,1.68,mg/L,NA,Burn/Herbicide,A,-72,-72   Burn/Herbicide
P155444-3,Burn/Herbicide_A,SW,GP,SAMP,2025-01-28T11:11:00Z,0.23,NA,SRP,0.007,mg/L,NA,Burn/Herbicide,A,-72,-72   Burn/Herbicide
P155444-3,Burn/Herbicide_A,SW,GP,SAMP,2025-01-28T11:11:00Z,0.23,NA,TDPO4,0.017,mg/L,NA,Burn/Herbicide,A,-72,-72   Burn/Herbicide
P155444-3,Burn/Herbicide_A,SW,GP,SAMP,2025-01-28T11:11:00Z,0.23,NA,TPO4,0.02,mg/L,NA,Burn/Herbicide,A,-72,-72   Burn/Herbicide
P155444-2,Herbicide_A,SW,GP,SAMP,2025-01-28T10:50:00Z,0.23,NA,Pheophytin A,0.1,ug/L,NA,Herbicide,A,-72,-72   Herbicide
P155444-2,Herbicide_A,SW,GP,SAMP,2025-01-28T10:50:00Z,0.23,NA,Chlorophyll A,0.928,ug/L,NA,Herbicide,A,-72,-72   Herbicide
P155444-2,Herbicide_A,SW,GP,SAMP,2025-01-28T10:50:00Z,0.23,NA,Chlorophyll B,0.04,ug/L,NA,Herbicide,A,-72,-72   Herbicide
P155444-2,Herbicide_A,SW,GP,SAMP,2025-01-28T10:50:00Z,0.23,NA,NOX,0.007,mg/L,NA,Herbicide,A,-72,-72   Herbicide
P155444-2,Herbicide_A,SW,GP,SAMP,2025-01-28T10:50:00Z,0.23,NA,NH4,0.033,mg/L,NA,Herbicide,A,-72,-72   Herbicide
P155444-2,Herbicide_A,SW,GP,SAMP,2025-01-28T10:50:00Z,0.23,NA,DOC,31.6,mg/L,NA,Herbicide,A,-72,-72   Herbicide
P155444-2,Herbicide_A,SW,GP,SAMP,2025-01-28T10:50:00Z,0.23,NA,TN,1.68,mg/L,NA,Herbicide,A,-72,-72   Herbicide
P155444-2,Herbicide_A,SW,GP,SAMP,2025-01-28T10:50:00Z,0.23,NA,SRP,0.008,mg/L,NA,Herbicide,A,-72,-72   Herbicide
P155444-2,Herbicide_A,SW,GP,SAMP,2025-01-28T10:50:00Z,0.23,NA,TDPO4,0.018,mg/L,NA,Herbicide,A,-72,-72   Herbicide
P155444-2,Herbicide_A,SW,GP,SAMP,2025-01-28T10:50:00Z,0.23,NA,TPO4,0.021,mg/L,NA,Herbicide,A,-72,-72   Herbicide
P155444-13,Untreated_A,DI,GP,FCEB,2025-01-28T10:30:00Z,NA,NA,Pheophytin A,0.008,ug/L,"DI 8174 through peristaltic pump tubing to bucket to sample bottles. Bucket Dexter, tray Wild Bill, SA lot 072823, filter lot 81724837.",Untreated,A,-72,-72   Untreated
P155444-13,Untreated_A,DI,GP,FCEB,2025-01-28T10:30:00Z,NA,NA,Chlorophyll A,0.016,ug/L,"DI 8174 through peristaltic pump tubing to bucket to sample bottles. Bucket Dexter, tray Wild Bill, SA lot 072823, filter lot 81724837.",Untreated,A,-72,-72   Untreated
P155444-13,Untreated_A,DI,GP,FCEB,2025-01-28T10:30:00Z,NA,NA,Chlorophyll B,0.016,ug/L,"DI 8174 through peristaltic pump tubing to bucket to sample bottles. Bucket Dexter, tray Wild Bill, SA lot 072823, filter lot 81724837.",Untreated,A,-72,-72   Untreated
P155444-13,Untreated_A,DI,GP,FCEB,2025-01-28T10:30:00Z,NA,NA,NOX,0.005,mg/L,"DI 8174 through peristaltic pump tubing to bucket to sample bottles. Bucket Dexter, tray Wild Bill, SA lot 072823, filter lot 81724837.",Untreated,A,-72,-72   Untreated
P155444-13,Untreated_A,DI,GP,FCEB,2025-01-28T10:30:00Z,NA,NA,NH4,0.005,mg/L,"DI 8174 through peristaltic pump tubing to bucket to sample bottles. Bucket Dexter, tray Wild Bill, SA lot 072823, filter lot 81724837.",Untreated,A,-72,-72   Untreated
P155444-13,Untreated_A,DI,GP,FCEB,2025-01-28T10:30:00Z,NA,NA,TN,0.05,mg/L,"DI 8174 through peristaltic pump tubing to bucket to sample bottles. Bucket Dexter, tray Wild Bill, SA lot 072823, filter lot 81724837.",Untreated,A,-72,-72   Untreated
P155444-13,Untreated_A,DI,GP,FCEB,2025-01-28T10:30:00Z,NA,NA,DOC,0.8,mg/L,"DI 8174 through peristaltic pump tubing to bucket to sample bottles. Bucket Dexter, tray Wild Bill, SA lot 072823, filter lot 81724837.",Untreated,A,-72,-72   Untreated
P155444-13,Untreated_A,DI,GP,FCEB,2025-01-28T10:30:00Z,NA,NA,TDPO4,0.002,mg/L,"DI 8174 through peristaltic pump tubing to bucket to sample bottles. Bucket Dexter, tray Wild Bill, SA lot 072823, filter lot 81724837.",Untreated,A,-72,-72   Untreated
P155444-13,Untreated_A,DI,GP,FCEB,2025-01-28T10:30:00Z,NA,NA,SRP,0.002,mg/L,"DI 8174 through peristaltic pump tubing to bucket to sample bottles. Bucket Dexter, tray Wild Bill, SA lot 072823, filter lot 81724837.",Untreated,A,-72,-72   Untreated
P155444-13,Untreated_A,DI,GP,FCEB,2025-01-28T10:30:00Z,NA,NA,TPO4,0.002,mg/L,"DI 8174 through peristaltic pump tubing to bucket to sample bottles. Bucket Dexter, tray Wild Bill, SA lot 072823, filter lot 81724837.",Untreated,A,-72,-72   Untreated
P155444-1,Untreated_A,SW,GP,SAMP,2025-01-28T10:15:00Z,0.19,NA,Pheophytin A,0.06,ug/L,NA,Untreated,A,-72,-72   Untreated
P155444-1,Untreated_A,SW,GP,SAMP,2025-01-28T10:15:00Z,0.19,NA,Chlorophyll A,0.996,ug/L,NA,Untreated,A,-72,-72   Untreated
P155444-1,Untreated_A,SW,GP,SAMP,2025-01-28T10:15:00Z,0.19,NA,Chlorophyll B,0.04,ug/L,NA,Untreated,A,-72,-72   Untreated
P155444-1,Untreated_A,SW,GP,SAMP,2025-01-28T10:15:00Z,0.19,NA,NOX,0.01,mg/L,NA,Untreated,A,-72,-72   Untreated
P155444-1,Untreated_A,SW,GP,SAMP,2025-01-28T10:15:00Z,0.19,NA,NH4,0.05,mg/L,NA,Untreated,A,-72,-72   Untreated
P155444-1,Untreated_A,SW,GP,SAMP,2025-01-28T10:15:00Z,0.19,NA,DOC,32,mg/L,NA,Untreated,A,-72,-72   Untreated
P155444-1,Untreated_A,SW,GP,SAMP,2025-01-28T10:15:00Z,0.19,NA,TN,1.69,mg/L,NA,Untreated,A,-72,-72   Untreated
P155444-1,Untreated_A,SW,GP,SAMP,2025-01-28T10:15:00Z,0.19,NA,SRP,0.011,mg/L,NA,Untreated,A,-72,-72   Untreated
P155444-1,Untreated_A,SW,GP,SAMP,2025-01-28T10:15:00Z,0.19,NA,TDPO4,0.018,mg/L,NA,Untreated,A,-72,-72   Untreated
P155444-1,Untreated_A,SW,GP,SAMP,2025-01-28T10:15:00Z,0.19,NA,TPO4,0.023,mg/L,NA,Untreated,A,-72,-72   Untreated
P154832-24,Burn_A,SO,COR,SAMP,2025-01-16T12:35:00Z,NA,NA,MOISTURE,94.5,%,Wet weight 641.4 g,Burn,A,-84,-84   Burn
P154832-24,Burn_A,SO,COR,SAMP,2025-01-16T12:35:00Z,NA,NA,TC-SOL,44.6,%,Wet weight 641.4 g,Burn,A,-84,-84   Burn
P154832-24,Burn_A,SO,COR,SAMP,2025-01-16T12:35:00Z,NA,NA,TN-SOL,2.37,%,Wet weight 641.4 g,Burn,A,-84,-84   Burn
P154832-24,Burn_A,SO,COR,SAMP,2025-01-16T12:35:00Z,NA,NA,TCA-SOL,46220,mg/Kg,Wet weight 641.4 g,Burn,A,-84,-84   Burn
P154832-24,Burn_A,SO,COR,SAMP,2025-01-16T12:35:00Z,NA,NA,TP-SOL,1400,mg/Kg,Wet weight 641.4 g,Burn,A,-84,-84   Burn
P154832-24,Burn_A,SO,COR,SAMP,2025-01-16T12:35:00Z,NA,NA,ASH,15.6,%,Wet weight 641.4 g,Burn,A,-84,-84   Burn
P154832-23,Burn_A,FLOC,COR,SAMP,2025-01-16T12:30:00Z,NA,NA,MOISTURE,97.1,%,Wet weight 238.9,Burn,A,-84,-84   Burn
P154832-23,Burn_A,FLOC,COR,SAMP,2025-01-16T12:30:00Z,NA,NA,TC-SOL,44.5,%,Wet weight 238.9,Burn,A,-84,-84   Burn
P154832-23,Burn_A,FLOC,COR,SAMP,2025-01-16T12:30:00Z,NA,NA,TN-SOL,2.87,%,Wet weight 238.9,Burn,A,-84,-84   Burn
P154832-23,Burn_A,FLOC,COR,SAMP,2025-01-16T12:30:00Z,NA,NA,TCA-SOL,60789,mg/Kg,Wet weight 238.9,Burn,A,-84,-84   Burn
P154832-23,Burn_A,FLOC,COR,SAMP,2025-01-16T12:30:00Z,NA,NA,TP-SOL,1876,mg/Kg,Wet weight 238.9,Burn,A,-84,-84   Burn
P154832-23,Burn_A,FLOC,COR,SAMP,2025-01-16T12:30:00Z,NA,NA,ASH,18.3,%,Wet weight 238.9,Burn,A,-84,-84   Burn
P154832-22,Burn_A,SO,COR,SAMP,2025-01-16T12:25:00Z,NA,NA,MOISTURE,93.8,%,Wet weight 717.8,Burn,A,-84,-84   Burn
P154832-22,Burn_A,SO,COR,SAMP,2025-01-16T12:25:00Z,NA,NA,TC-SOL,45,%,Wet weight 717.8,Burn,A,-84,-84   Burn
P154832-22,Burn_A,SO,COR,SAMP,2025-01-16T12:25:00Z,NA,NA,TN-SOL,2.83,%,Wet weight 717.8,Burn,A,-84,-84   Burn
P154832-22,Burn_A,SO,COR,SAMP,2025-01-16T12:25:00Z,NA,NA,TCA-SOL,45994,mg/Kg,Wet weight 717.8,Burn,A,-84,-84   Burn
P154832-22,Burn_A,SO,COR,SAMP,2025-01-16T12:25:00Z,NA,NA,TP-SOL,1157,mg/Kg,Wet weight 717.8,Burn,A,-84,-84   Burn
P154832-22,Burn_A,SO,COR,SAMP,2025-01-16T12:25:00Z,NA,NA,ASH,17.6,%,Wet weight 717.8,Burn,A,-84,-84   Burn
P154832-21,Burn_A,FLOC,COR,SAMP,2025-01-16T12:20:00Z,NA,NA,MOISTURE,96.5,%,Wet weight 185.8 g,Burn,A,-84,-84   Burn
P154832-21,Burn_A,FLOC,COR,SAMP,2025-01-16T12:20:00Z,NA,NA,TC-SOL,44.7,%,Wet weight 185.8 g,Burn,A,-84,-84   Burn
P154832-21,Burn_A,FLOC,COR,SAMP,2025-01-16T12:20:00Z,NA,NA,TN-SOL,2.44,%,Wet weight 185.8 g,Burn,A,-84,-84   Burn
P154832-21,Burn_A,FLOC,COR,SAMP,2025-01-16T12:20:00Z,NA,NA,TCA-SOL,36057,mg/Kg,Wet weight 185.8 g,Burn,A,-84,-84   Burn
P154832-21,Burn_A,FLOC,COR,SAMP,2025-01-16T12:20:00Z,NA,NA,TP-SOL,1431,mg/Kg,Wet weight 185.8 g,Burn,A,-84,-84   Burn
P154832-21,Burn_A,FLOC,COR,SAMP,2025-01-16T12:20:00Z,NA,NA,ASH,11.9,%,Wet weight 185.8 g,Burn,A,-84,-84   Burn
P154832-20,Burn_A,SO,COR,SAMP,2025-01-16T12:15:00Z,NA,NA,MOISTURE,94.2,%,Wet weight 477.8g,Burn,A,-84,-84   Burn
P154832-20,Burn_A,SO,COR,SAMP,2025-01-16T12:15:00Z,NA,NA,TC-SOL,42.9,%,Wet weight 477.8g,Burn,A,-84,-84   Burn
P154832-20,Burn_A,SO,COR,SAMP,2025-01-16T12:15:00Z,NA,NA,TN-SOL,2.86,%,Wet weight 477.8g,Burn,A,-84,-84   Burn
P154832-20,Burn_A,SO,COR,SAMP,2025-01-16T12:15:00Z,NA,NA,TCA-SOL,54577,mg/Kg,Wet weight 477.8g,Burn,A,-84,-84   Burn
P154832-20,Burn_A,SO,COR,SAMP,2025-01-16T12:15:00Z,NA,NA,TP-SOL,975,mg/Kg,Wet weight 477.8g,Burn,A,-84,-84   Burn
P154832-20,Burn_A,SO,COR,SAMP,2025-01-16T12:15:00Z,NA,NA,ASH,21,%,Wet weight 477.8g,Burn,A,-84,-84   Burn
P154832-19,Burn_A,FLOC,COR,SAMP,2025-01-16T12:10:00Z,NA,NA,MOISTURE,96.3,%,Wet weight 270.0 g,Burn,A,-84,-84   Burn
P154832-19,Burn_A,FLOC,COR,SAMP,2025-01-16T12:10:00Z,NA,NA,TC-SOL,42.5,%,Wet weight 270.0 g,Burn,A,-84,-84   Burn
P154832-19,Burn_A,FLOC,COR,SAMP,2025-01-16T12:10:00Z,NA,NA,TN-SOL,2.81,%,Wet weight 270.0 g,Burn,A,-84,-84   Burn
P154832-19,Burn_A,FLOC,COR,SAMP,2025-01-16T12:10:00Z,NA,NA,TCA-SOL,50036,mg/Kg,Wet weight 270.0 g,Burn,A,-84,-84   Burn
P154832-19,Burn_A,FLOC,COR,SAMP,2025-01-16T12:10:00Z,NA,NA,TP-SOL,1480,mg/Kg,Wet weight 270.0 g,Burn,A,-84,-84   Burn
P154832-19,Burn_A,FLOC,COR,SAMP,2025-01-16T12:10:00Z,NA,NA,ASH,15.7,%,Wet weight 270.0 g,Burn,A,-84,-84   Burn
P154832-18,Burn/Herbicide_A,SO,COR,SAMP,2025-01-16T12:05:00Z,NA,NA,MOISTURE,95,%,Wet weight 622.9,Burn/Herbicide,A,-84,-84   Burn/Herbicide
P154832-18,Burn/Herbicide_A,SO,COR,SAMP,2025-01-16T12:05:00Z,NA,NA,TC-SOL,47.1,%,Wet weight 622.9,Burn/Herbicide,A,-84,-84   Burn/Herbicide
P154832-18,Burn/Herbicide_A,SO,COR,SAMP,2025-01-16T12:05:00Z,NA,NA,TN-SOL,2.81,%,Wet weight 622.9,Burn/Herbicide,A,-84,-84   Burn/Herbicide
P154832-18,Burn/Herbicide_A,SO,COR,SAMP,2025-01-16T12:05:00Z,NA,NA,TCA-SOL,28531,mg/Kg,Wet weight 622.9,Burn/Herbicide,A,-84,-84   Burn/Herbicide
P154832-18,Burn/Herbicide_A,SO,COR,SAMP,2025-01-16T12:05:00Z,NA,NA,TP-SOL,1029,mg/Kg,Wet weight 622.9,Burn/Herbicide,A,-84,-84   Burn/Herbicide
P154832-18,Burn/Herbicide_A,SO,COR,SAMP,2025-01-16T12:05:00Z,NA,NA,ASH,11.3,%,Wet weight 622.9,Burn/Herbicide,A,-84,-84   Burn/Herbicide
P154832-17,Burn/Herbicide_A,FLOC,COR,SAMP,2025-01-16T12:00:00Z,NA,NA,MOISTURE,96.8,%,Wet weight 222.8,Burn/Herbicide,A,-84,-84   Burn/Herbicide
P154832-17,Burn/Herbicide_A,FLOC,COR,SAMP,2025-01-16T12:00:00Z,NA,NA,TC-SOL,46.4,%,Wet weight 222.8,Burn/Herbicide,A,-84,-84   Burn/Herbicide
P154832-17,Burn/Herbicide_A,FLOC,COR,SAMP,2025-01-16T12:00:00Z,NA,NA,TN-SOL,2.63,%,Wet weight 222.8,Burn/Herbicide,A,-84,-84   Burn/Herbicide
P154832-17,Burn/Herbicide_A,FLOC,COR,SAMP,2025-01-16T12:00:00Z,NA,NA,TCA-SOL,22839,mg/Kg,Wet weight 222.8,Burn/Herbicide,A,-84,-84   Burn/Herbicide
P154832-17,Burn/Herbicide_A,FLOC,COR,SAMP,2025-01-16T12:00:00Z,NA,NA,TP-SOL,1296,mg/Kg,Wet weight 222.8,Burn/Herbicide,A,-84,-84   Burn/Herbicide
P154832-17,Burn/Herbicide_A,FLOC,COR,SAMP,2025-01-16T12:00:00Z,NA,NA,ASH,8.3,%,Wet weight 222.8,Burn/Herbicide,A,-84,-84   Burn/Herbicide
P154832-16,Burn/Herbicide_A,SO,COR,SAMP,2025-01-16T11:50:00Z,NA,NA,MOISTURE,91.4,%,Wet weight 631.1 g,Burn/Herbicide,A,-84,-84   Burn/Herbicide
P154832-16,Burn/Herbicide_A,SO,COR,SAMP,2025-01-16T11:50:00Z,NA,NA,TC-SOL,35.1,%,Wet weight 631.1 g,Burn/Herbicide,A,-84,-84   Burn/Herbicide
P154832-16,Burn/Herbicide_A,SO,COR,SAMP,2025-01-16T11:50:00Z,NA,NA,TN-SOL,2.11,%,Wet weight 631.1 g,Burn/Herbicide,A,-84,-84   Burn/Herbicide
P154832-16,Burn/Herbicide_A,SO,COR,SAMP,2025-01-16T11:50:00Z,NA,NA,TCA-SOL,89750,mg/Kg,Wet weight 631.1 g,Burn/Herbicide,A,-84,-84   Burn/Herbicide
P154832-16,Burn/Herbicide_A,SO,COR,SAMP,2025-01-16T11:50:00Z,NA,NA,TP-SOL,1478,mg/Kg,Wet weight 631.1 g,Burn/Herbicide,A,-84,-84   Burn/Herbicide
P154832-16,Burn/Herbicide_A,SO,COR,SAMP,2025-01-16T11:50:00Z,NA,NA,ASH,30.5,%,Wet weight 631.1 g,Burn/Herbicide,A,-84,-84   Burn/Herbicide
P154832-15,Burn/Herbicide_A,FLOC,COR,SAMP,2025-01-16T11:45:00Z,NA,NA,MOISTURE,96.7,%,Wet weight 314.1 g,Burn/Herbicide,A,-84,-84   Burn/Herbicide
P154832-15,Burn/Herbicide_A,FLOC,COR,SAMP,2025-01-16T11:45:00Z,NA,NA,TC-SOL,45,%,Wet weight 314.1 g,Burn/Herbicide,A,-84,-84   Burn/Herbicide
P154832-15,Burn/Herbicide_A,FLOC,COR,SAMP,2025-01-16T11:45:00Z,NA,NA,TN-SOL,2.48,%,Wet weight 314.1 g,Burn/Herbicide,A,-84,-84   Burn/Herbicide
P154832-15,Burn/Herbicide_A,FLOC,COR,SAMP,2025-01-16T11:45:00Z,NA,NA,TCA-SOL,23555,mg/Kg,Wet weight 314.1 g,Burn/Herbicide,A,-84,-84   Burn/Herbicide
P154832-15,Burn/Herbicide_A,FLOC,COR,SAMP,2025-01-16T11:45:00Z,NA,NA,TP-SOL,1355,mg/Kg,Wet weight 314.1 g,Burn/Herbicide,A,-84,-84   Burn/Herbicide
P154832-15,Burn/Herbicide_A,FLOC,COR,SAMP,2025-01-16T11:45:00Z,NA,NA,ASH,7.9,%,Wet weight 314.1 g,Burn/Herbicide,A,-84,-84   Burn/Herbicide
P154832-14,Burn/Herbicide_A,SO,COR,SAMP,2025-01-16T11:30:00Z,NA,NA,MOISTURE,94.1,%,Wet weight 573.6,Burn/Herbicide,A,-84,-84   Burn/Herbicide
P154832-14,Burn/Herbicide_A,SO,COR,SAMP,2025-01-16T11:30:00Z,NA,NA,TC-SOL,40.7,%,Wet weight 573.6,Burn/Herbicide,A,-84,-84   Burn/Herbicide
P154832-14,Burn/Herbicide_A,SO,COR,SAMP,2025-01-16T11:30:00Z,NA,NA,TN-SOL,2.47,%,Wet weight 573.6,Burn/Herbicide,A,-84,-84   Burn/Herbicide
P154832-14,Burn/Herbicide_A,SO,COR,SAMP,2025-01-16T11:30:00Z,NA,NA,TCA-SOL,89866,mg/Kg,Wet weight 573.6,Burn/Herbicide,A,-84,-84   Burn/Herbicide
P154832-14,Burn/Herbicide_A,SO,COR,SAMP,2025-01-16T11:30:00Z,NA,NA,TP-SOL,1044,mg/Kg,Wet weight 573.6,Burn/Herbicide,A,-84,-84   Burn/Herbicide
P154832-14,Burn/Herbicide_A,SO,COR,SAMP,2025-01-16T11:30:00Z,NA,NA,ASH,27.3,%,Wet weight 573.6,Burn/Herbicide,A,-84,-84   Burn/Herbicide
P154832-13,Burn/Herbicide_A,FLOC,COR,SAMP,2025-01-16T11:25:00Z,NA,NA,MOISTURE,97,%,Wet weight 180.4 g,Burn/Herbicide,A,-84,-84   Burn/Herbicide
P154832-13,Burn/Herbicide_A,FLOC,COR,SAMP,2025-01-16T11:25:00Z,NA,NA,TC-SOL,44.1,%,Wet weight 180.4 g,Burn/Herbicide,A,-84,-84   Burn/Herbicide
P154832-13,Burn/Herbicide_A,FLOC,COR,SAMP,2025-01-16T11:25:00Z,NA,NA,TN-SOL,2.66,%,Wet weight 180.4 g,Burn/Herbicide,A,-84,-84   Burn/Herbicide
P154832-13,Burn/Herbicide_A,FLOC,COR,SAMP,2025-01-16T11:25:00Z,NA,NA,TCA-SOL,39140,mg/Kg,Wet weight 180.4 g,Burn/Herbicide,A,-84,-84   Burn/Herbicide
P154832-13,Burn/Herbicide_A,FLOC,COR,SAMP,2025-01-16T11:25:00Z,NA,NA,TP-SOL,1580,mg/Kg,Wet weight 180.4 g,Burn/Herbicide,A,-84,-84   Burn/Herbicide
P154832-13,Burn/Herbicide_A,FLOC,COR,SAMP,2025-01-16T11:25:00Z,NA,NA,ASH,12.2,%,Wet weight 180.4 g,Burn/Herbicide,A,-84,-84   Burn/Herbicide
P154832-12,Herbicide_A,SO,COR,SAMP,2025-01-16T11:10:00Z,NA,NA,MOISTURE,85.5,%,Wet weight 778.1,Herbicide,A,-84,-84   Herbicide
P154832-12,Herbicide_A,SO,COR,SAMP,2025-01-16T11:10:00Z,NA,NA,TC-SOL,17.7,%,Wet weight 778.1,Herbicide,A,-84,-84   Herbicide
P154832-12,Herbicide_A,SO,COR,SAMP,2025-01-16T11:10:00Z,NA,NA,TN-SOL,0.67,%,Wet weight 778.1,Herbicide,A,-84,-84   Herbicide
P154832-12,Herbicide_A,SO,COR,SAMP,2025-01-16T11:10:00Z,NA,NA,TCA-SOL,325208,mg/Kg,Wet weight 778.1,Herbicide,A,-84,-84   Herbicide
P154832-12,Herbicide_A,SO,COR,SAMP,2025-01-16T11:10:00Z,NA,NA,TP-SOL,1549,mg/Kg,Wet weight 778.1,Herbicide,A,-84,-84   Herbicide
P154832-12,Herbicide_A,SO,COR,SAMP,2025-01-16T11:10:00Z,NA,NA,ASH,82.8,%,Wet weight 778.1,Herbicide,A,-84,-84   Herbicide
P154832-11,Herbicide_A,FLOC,COR,SAMP,2025-01-16T11:05:00Z,NA,NA,MOISTURE,94.6,%,Wet weight 473.3 g,Herbicide,A,-84,-84   Herbicide
P154832-11,Herbicide_A,FLOC,COR,SAMP,2025-01-16T11:05:00Z,NA,NA,TC-SOL,27.9,%,Wet weight 473.3 g,Herbicide,A,-84,-84   Herbicide
P154832-11,Herbicide_A,FLOC,COR,SAMP,2025-01-16T11:05:00Z,NA,NA,TN-SOL,1.63,%,Wet weight 473.3 g,Herbicide,A,-84,-84   Herbicide
P154832-11,Herbicide_A,FLOC,COR,SAMP,2025-01-16T11:05:00Z,NA,NA,TCA-SOL,221504,mg/Kg,Wet weight 473.3 g,Herbicide,A,-84,-84   Herbicide
P154832-11,Herbicide_A,FLOC,COR,SAMP,2025-01-16T11:05:00Z,NA,NA,TP-SOL,530,mg/Kg,Wet weight 473.3 g,Herbicide,A,-84,-84   Herbicide
P154832-11,Herbicide_A,FLOC,COR,SAMP,2025-01-16T11:05:00Z,NA,NA,ASH,58.2,%,Wet weight 473.3 g,Herbicide,A,-84,-84   Herbicide
P154832-10,Herbicide_A,SO,COR,SAMP,2025-01-16T10:55:00Z,NA,NA,MOISTURE,84.9,%,Wet weight 673.8 g,Herbicide,A,-84,-84   Herbicide
P154832-10,Herbicide_A,SO,COR,SAMP,2025-01-16T10:55:00Z,NA,NA,TC-SOL,16.6,%,Wet weight 673.8 g,Herbicide,A,-84,-84   Herbicide
P154832-10,Herbicide_A,SO,COR,SAMP,2025-01-16T10:55:00Z,NA,NA,TN-SOL,0.65,%,Wet weight 673.8 g,Herbicide,A,-84,-84   Herbicide
P154832-10,Herbicide_A,SO,COR,SAMP,2025-01-16T10:55:00Z,NA,NA,TCA-SOL,338514,mg/Kg,Wet weight 673.8 g,Herbicide,A,-84,-84   Herbicide
P154832-10,Herbicide_A,SO,COR,SAMP,2025-01-16T10:55:00Z,NA,NA,TP-SOL,544,mg/Kg,Wet weight 673.8 g,Herbicide,A,-84,-84   Herbicide
P154832-10,Herbicide_A,SO,COR,SAMP,2025-01-16T10:55:00Z,NA,NA,ASH,85.7,%,Wet weight 673.8 g,Herbicide,A,-84,-84   Herbicide
P154832-9,Herbicide_A,FLOC,COR,SAMP,2025-01-16T10:50:00Z,NA,NA,MOISTURE,92.3,%,Wet weight 356.8,Herbicide,A,-84,-84   Herbicide
P154832-9,Herbicide_A,FLOC,COR,SAMP,2025-01-16T10:50:00Z,NA,NA,TC-SOL,21.3,%,Wet weight 356.8,Herbicide,A,-84,-84   Herbicide
P154832-9,Herbicide_A,FLOC,COR,SAMP,2025-01-16T10:50:00Z,NA,NA,TN-SOL,1.2,%,Wet weight 356.8,Herbicide,A,-84,-84   Herbicide
P154832-9,Herbicide_A,FLOC,COR,SAMP,2025-01-16T10:50:00Z,NA,NA,TCA-SOL,286977,mg/Kg,Wet weight 356.8,Herbicide,A,-84,-84   Herbicide
P154832-9,Herbicide_A,FLOC,COR,SAMP,2025-01-16T10:50:00Z,NA,NA,TP-SOL,1105,mg/Kg,Wet weight 356.8,Herbicide,A,-84,-84   Herbicide
P154832-9,Herbicide_A,FLOC,COR,SAMP,2025-01-16T10:50:00Z,NA,NA,ASH,74.3,%,Wet weight 356.8,Herbicide,A,-84,-84   Herbicide
P154832-8,Herbicide_A,SO,COR,SAMP,2025-01-16T10:40:00Z,NA,NA,MOISTURE,85.1,%,Wet weight 1003.5,Herbicide,A,-84,-84   Herbicide
P154832-8,Herbicide_A,SO,COR,SAMP,2025-01-16T10:40:00Z,NA,NA,TC-SOL,15.3,%,Wet weight 1003.5,Herbicide,A,-84,-84   Herbicide
P154832-8,Herbicide_A,SO,COR,SAMP,2025-01-16T10:40:00Z,NA,NA,TN-SOL,0.53,%,Wet weight 1003.5,Herbicide,A,-84,-84   Herbicide
P154832-8,Herbicide_A,SO,COR,SAMP,2025-01-16T10:40:00Z,NA,NA,TCA-SOL,343146,mg/Kg,Wet weight 1003.5,Herbicide,A,-84,-84   Herbicide
P154832-8,Herbicide_A,SO,COR,SAMP,2025-01-16T10:40:00Z,NA,NA,TP-SOL,335,mg/Kg,Wet weight 1003.5,Herbicide,A,-84,-84   Herbicide
P154832-8,Herbicide_A,SO,COR,SAMP,2025-01-16T10:40:00Z,NA,NA,ASH,87.7,%,Wet weight 1003.5,Herbicide,A,-84,-84   Herbicide
P154832-7,Herbicide_A,FLOC,COR,SAMP,2025-01-16T10:35:00Z,NA,NA,MOISTURE,92.3,%,Wet weight 499.2,Herbicide,A,-84,-84   Herbicide
P154832-7,Herbicide_A,FLOC,COR,SAMP,2025-01-16T10:35:00Z,NA,NA,TC-SOL,21.7,%,Wet weight 499.2,Herbicide,A,-84,-84   Herbicide
P154832-7,Herbicide_A,FLOC,COR,SAMP,2025-01-16T10:35:00Z,NA,NA,TN-SOL,1.13,%,Wet weight 499.2,Herbicide,A,-84,-84   Herbicide
P154832-7,Herbicide_A,FLOC,COR,SAMP,2025-01-16T10:35:00Z,NA,NA,TCA-SOL,270949,mg/Kg,Wet weight 499.2,Herbicide,A,-84,-84   Herbicide
P154832-7,Herbicide_A,FLOC,COR,SAMP,2025-01-16T10:35:00Z,NA,NA,TP-SOL,942,mg/Kg,Wet weight 499.2,Herbicide,A,-84,-84   Herbicide
P154832-7,Herbicide_A,FLOC,COR,SAMP,2025-01-16T10:35:00Z,NA,NA,ASH,69.4,%,Wet weight 499.2,Herbicide,A,-84,-84   Herbicide
P154832-6,Untreated_A,SO,COR,SAMP,2025-01-16T10:25:00Z,NA,NA,MOISTURE,85.1,%,Wet weight 873.8 g,Untreated,A,-84,-84   Untreated
P154832-6,Untreated_A,SO,COR,SAMP,2025-01-16T10:25:00Z,NA,NA,TC-SOL,16.5,%,Wet weight 873.8 g,Untreated,A,-84,-84   Untreated
P154832-6,Untreated_A,SO,COR,SAMP,2025-01-16T10:25:00Z,NA,NA,TN-SOL,0.61,%,Wet weight 873.8 g,Untreated,A,-84,-84   Untreated
P154832-6,Untreated_A,SO,COR,SAMP,2025-01-16T10:25:00Z,NA,NA,TCA-SOL,328865,mg/Kg,Wet weight 873.8 g,Untreated,A,-84,-84   Untreated
P154832-6,Untreated_A,SO,COR,SAMP,2025-01-16T10:25:00Z,NA,NA,TP-SOL,339,mg/Kg,Wet weight 873.8 g,Untreated,A,-84,-84   Untreated
P154832-6,Untreated_A,SO,COR,SAMP,2025-01-16T10:25:00Z,NA,NA,ASH,85,%,Wet weight 873.8 g,Untreated,A,-84,-84   Untreated
P154832-5,Untreated_A,FLOC,COR,SAMP,2025-01-16T10:20:00Z,NA,NA,MOISTURE,92.4,%,Wet weight 552.8 g,Untreated,A,-84,-84   Untreated
P154832-5,Untreated_A,FLOC,COR,SAMP,2025-01-16T10:20:00Z,NA,NA,TC-SOL,24.4,%,Wet weight 552.8 g,Untreated,A,-84,-84   Untreated
P154832-5,Untreated_A,FLOC,COR,SAMP,2025-01-16T10:20:00Z,NA,NA,TN-SOL,1.33,%,Wet weight 552.8 g,Untreated,A,-84,-84   Untreated
P154832-5,Untreated_A,FLOC,COR,SAMP,2025-01-16T10:20:00Z,NA,NA,TCA-SOL,250052,mg/Kg,Wet weight 552.8 g,Untreated,A,-84,-84   Untreated
P154832-5,Untreated_A,FLOC,COR,SAMP,2025-01-16T10:20:00Z,NA,NA,TP-SOL,978,mg/Kg,Wet weight 552.8 g,Untreated,A,-84,-84   Untreated
P154832-5,Untreated_A,FLOC,COR,SAMP,2025-01-16T10:20:00Z,NA,NA,ASH,65.6,%,Wet weight 552.8 g,Untreated,A,-84,-84   Untreated
P154832-4,Untreated_A,SO,COR,SAMP,2025-01-16T10:05:00Z,NA,NA,MOISTURE,87,%,Wet weight 871.0 g,Untreated,A,-84,-84   Untreated
P154832-4,Untreated_A,SO,COR,SAMP,2025-01-16T10:05:00Z,NA,NA,TC-SOL,17.3,%,Wet weight 871.0 g,Untreated,A,-84,-84   Untreated
P154832-4,Untreated_A,SO,COR,SAMP,2025-01-16T10:05:00Z,NA,NA,TN-SOL,0.72,%,Wet weight 871.0 g,Untreated,A,-84,-84   Untreated
P154832-4,Untreated_A,SO,COR,SAMP,2025-01-16T10:05:00Z,NA,NA,TCA-SOL,319230,mg/Kg,Wet weight 871.0 g,Untreated,A,-84,-84   Untreated
P154832-4,Untreated_A,SO,COR,SAMP,2025-01-16T10:05:00Z,NA,NA,TP-SOL,475,mg/Kg,Wet weight 871.0 g,Untreated,A,-84,-84   Untreated
P154832-4,Untreated_A,SO,COR,SAMP,2025-01-16T10:05:00Z,NA,NA,ASH,82.5,%,Wet weight 871.0 g,Untreated,A,-84,-84   Untreated
P154832-3,Untreated_A,FLOC,COR,SAMP,2025-01-16T10:00:00Z,NA,NA,MOISTURE,95.3,%,Wet weight 257.5 g,Untreated,A,-84,-84   Untreated
P154832-3,Untreated_A,FLOC,COR,SAMP,2025-01-16T10:00:00Z,NA,NA,TC-SOL,27.2,%,Wet weight 257.5 g,Untreated,A,-84,-84   Untreated
P154832-3,Untreated_A,FLOC,COR,SAMP,2025-01-16T10:00:00Z,NA,NA,TN-SOL,1.99,%,Wet weight 257.5 g,Untreated,A,-84,-84   Untreated
P154832-3,Untreated_A,FLOC,COR,SAMP,2025-01-16T10:00:00Z,NA,NA,TCA-SOL,200038,mg/Kg,Wet weight 257.5 g,Untreated,A,-84,-84   Untreated
P154832-3,Untreated_A,FLOC,COR,SAMP,2025-01-16T10:00:00Z,NA,NA,TP-SOL,1964,mg/Kg,Wet weight 257.5 g,Untreated,A,-84,-84   Untreated
P154832-3,Untreated_A,FLOC,COR,SAMP,2025-01-16T10:00:00Z,NA,NA,ASH,53.1,%,Wet weight 257.5 g,Untreated,A,-84,-84   Untreated
P154832-2,Untreated_A,SO,COR,SAMP,2025-01-16T09:20:00Z,NA,NA,MOISTURE,84.6,%,Wet weight 1186.8 g,Untreated,A,-84,-84   Untreated
P154832-2,Untreated_A,SO,COR,SAMP,2025-01-16T09:20:00Z,NA,NA,TC-SOL,17.9,%,Wet weight 1186.8 g,Untreated,A,-84,-84   Untreated
P154832-2,Untreated_A,SO,COR,SAMP,2025-01-16T09:20:00Z,NA,NA,TN-SOL,0.72,%,Wet weight 1186.8 g,Untreated,A,-84,-84   Untreated
P154832-2,Untreated_A,SO,COR,SAMP,2025-01-16T09:20:00Z,NA,NA,TCA-SOL,306303,mg/Kg,Wet weight 1186.8 g,Untreated,A,-84,-84   Untreated
P154832-2,Untreated_A,SO,COR,SAMP,2025-01-16T09:20:00Z,NA,NA,TP-SOL,364,mg/Kg,Wet weight 1186.8 g,Untreated,A,-84,-84   Untreated
P154832-2,Untreated_A,SO,COR,SAMP,2025-01-16T09:20:00Z,NA,NA,ASH,79.9,%,Wet weight 1186.8 g,Untreated,A,-84,-84   Untreated
P154832-1,Untreated_A,FLOC,COR,SAMP,2025-01-16T09:15:00Z,NA,NA,MOISTURE,95.2,%,Wet weight 222.2g,Untreated,A,-84,-84   Untreated
P154832-1,Untreated_A,FLOC,COR,SAMP,2025-01-16T09:15:00Z,NA,NA,TC-SOL,32.1,%,Wet weight 222.2g,Untreated,A,-84,-84   Untreated
P154832-1,Untreated_A,FLOC,COR,SAMP,2025-01-16T09:15:00Z,NA,NA,TN-SOL,1.89,%,Wet weight 222.2g,Untreated,A,-84,-84   Untreated
P154832-1,Untreated_A,FLOC,COR,SAMP,2025-01-16T09:15:00Z,NA,NA,TCA-SOL,160959,mg/Kg,Wet weight 222.2g,Untreated,A,-84,-84   Untreated
P154832-1,Untreated_A,FLOC,COR,SAMP,2025-01-16T09:15:00Z,NA,NA,TP-SOL,1315,mg/Kg,Wet weight 222.2g,Untreated,A,-84,-84   Untreated
P154832-1,Untreated_A,FLOC,COR,SAMP,2025-01-16T09:15:00Z,NA,NA,ASH,39.5,%,Wet weight 222.2g,Untreated,A,-84,-84   Untreated
P155502-13,Burn_A,SW,ADT,SAMP,2025-01-15T13:34:38Z,NA,NA,No Bottle,0,UNITS,"No bottle, no sample collected. Autosampler power failure.",Burn,A,-85,-85   Burn
P155502-12,Burn_A,SW,ADT,SAMP,2025-01-15T13:18:31Z,NA,NA,No Bottle,0,UNITS,"No bottle, no sample collected. Autosampler power failure.",Burn,A,-85,-85   Burn
P155502-11,Burn_A,SW,ADT,SAMP,2025-01-15T13:18:07Z,NA,NA,No Bottle,0,UNITS,"No bottle, no sample collected. Autosampler power failure.",Burn,A,-85,-85   Burn
P155502-10,Burn_A,SW,ADT,SAMP,2025-01-15T13:17:52Z,NA,NA,No Bottle,0,UNITS,"No bottle, no sample collected. Autosampler power failure.",Burn,A,-85,-85   Burn
P155502-9,Burn_A,SW,ADT,SAMP,2025-01-15T13:17:30Z,NA,NA,No Bottle,0,UNITS,"No bottle, no sample collected. Autosampler power failure.",Burn,A,-85,-85   Burn
P155502-8,Burn_A,SW,ADT,SAMP,2025-01-15T13:17:16Z,NA,NA,No Bottle,0,UNITS,"No bottle, no sample collected. Autosampler power failure.",Burn,A,-85,-85   Burn
P155502-7,Burn_A,SW,ADT,SAMP,2025-01-15T13:17:01Z,NA,NA,No Bottle,0,UNITS,"No bottle, no sample collected. Autosampler power failure.",Burn,A,-85,-85   Burn
P155502-6,Burn_A,SW,ADT,SAMP,2025-01-15T13:16:46Z,NA,NA,No Bottle,0,UNITS,"No bottle, no sample collected. Autosampler power failure.",Burn,A,-85,-85   Burn
P155502-5,Burn_A,SW,ADT,SAMP,2025-01-15T13:16:18Z,NA,NA,No Bottle,0,UNITS,"No bottle, no sample collected. Autosampler power failure.",Burn,A,-85,-85   Burn
P155502-4,Burn_A,SW,ADT,SAMP,2025-01-15T13:16:02Z,NA,NA,No Bottle,0,UNITS,"No bottle, no sample collected. Autosampler power failure.",Burn,A,-85,-85   Burn
P155502-3,Burn_A,SW,ADT,SAMP,2025-01-15T13:15:46Z,NA,NA,No Bottle,0,UNITS,"No bottle, no sample collected. Autosampler power failure.",Burn,A,-85,-85   Burn
P155502-2,Burn_A,SW,ADT,SAMP,2025-01-15T13:15:29Z,NA,NA,No Bottle,0,UNITS,"No bottle, no sample collected. Autosampler power failure.",Burn,A,-85,-85   Burn
P155502-1,Burn_A,SW,ADT,SAMP,2025-01-15T13:14:54Z,NA,NA,No Bottle,0,UNITS,"No bottle, no sample collected. Autosampler power failure.",Burn,A,-85,-85   Burn
P155727-19,Burn/Herbicide_A,DI,G,FB,2025-01-15T11:19:00Z,NA,NA,TPO4,0.002,mg/L,NA,Burn/Herbicide,A,-85,-85   Burn/Herbicide
P155727-13,Burn/Herbicide_A,SW,ADT,SAMP,2025-01-15T11:13:00Z,NA,NA,TPO4,0.021,mg/L,NA,Burn/Herbicide,A,-85,-85   Burn/Herbicide
P155727-12,Burn/Herbicide_A,SW,ADT,SAMP,2025-01-15T11:12:00Z,NA,NA,TPO4,0.027,mg/L,NA,Burn/Herbicide,A,-85,-85   Burn/Herbicide
P155727-11,Burn/Herbicide_A,SW,ADT,SAMP,2025-01-15T11:11:00Z,NA,NA,TPO4,0.024,mg/L,NA,Burn/Herbicide,A,-85,-85   Burn/Herbicide
P155727-10,Burn/Herbicide_A,SW,ADT,SAMP,2025-01-15T11:10:00Z,NA,NA,TPO4,0.024,mg/L,NA,Burn/Herbicide,A,-85,-85   Burn/Herbicide
P155727-9,Burn/Herbicide_A,SW,ADT,SAMP,2025-01-15T11:09:00Z,NA,NA,TPO4,0.022,mg/L,NA,Burn/Herbicide,A,-85,-85   Burn/Herbicide
P155727-8,Burn/Herbicide_A,SW,ADT,SAMP,2025-01-15T11:08:00Z,NA,NA,TPO4,0.02,mg/L,NA,Burn/Herbicide,A,-85,-85   Burn/Herbicide
P155727-7,Burn/Herbicide_A,SW,ADT,SAMP,2025-01-15T11:07:00Z,NA,NA,TPO4,0.024,mg/L,NA,Burn/Herbicide,A,-85,-85   Burn/Herbicide
P155727-6,Burn/Herbicide_A,SW,ADT,SAMP,2025-01-15T11:06:00Z,NA,NA,TPO4,0.031,mg/L,NA,Burn/Herbicide,A,-85,-85   Burn/Herbicide
P155727-5,Burn/Herbicide_A,SW,ADT,SAMP,2025-01-15T11:05:00Z,NA,NA,TPO4,0.038,mg/L,NA,Burn/Herbicide,A,-85,-85   Burn/Herbicide
P155727-4,Burn/Herbicide_A,SW,ADT,SAMP,2025-01-15T11:04:00Z,NA,NA,TPO4,0.024,mg/L,NA,Burn/Herbicide,A,-85,-85   Burn/Herbicide
P155727-3,Burn/Herbicide_A,SW,ADT,SAMP,2025-01-15T11:03:00Z,NA,NA,TPO4,0.02,mg/L,NA,Burn/Herbicide,A,-85,-85   Burn/Herbicide
P155727-2,Burn/Herbicide_A,SW,ADT,SAMP,2025-01-15T11:02:00Z,NA,NA,TPO4,0.026,mg/L,NA,Burn/Herbicide,A,-85,-85   Burn/Herbicide
P155727-1,Burn/Herbicide_A,SW,ADT,SAMP,2025-01-15T11:01:00Z,NA,NA,TPO4,0.026,mg/L,NA,Burn/Herbicide,A,-85,-85   Burn/Herbicide
P155478-19,Herbicide_A,DI,G,FB,2025-01-15T10:19:00Z,NA,NA,TPO4,0.002,mg/L,"FOC DI tap water, SA lot 072823",Herbicide,A,-85,-85   Herbicide
P155478-13,Herbicide_A,SW,ADT,SAMP,2025-01-15T10:13:00Z,NA,NA,TPO4,0.02,mg/L,NA,Herbicide,A,-85,-85   Herbicide
P155478-12,Herbicide_A,SW,ADT,SAMP,2025-01-15T10:12:00Z,NA,NA,TPO4,0.036,mg/L,NA,Herbicide,A,-85,-85   Herbicide
P155478-11,Herbicide_A,SW,ADT,SAMP,2025-01-15T10:11:00Z,NA,NA,TPO4,0.023,mg/L,NA,Herbicide,A,-85,-85   Herbicide
P155478-10,Herbicide_A,SW,ADT,SAMP,2025-01-15T10:10:00Z,NA,NA,TPO4,0.022,mg/L,NA,Herbicide,A,-85,-85   Herbicide
P155478-9,Herbicide_A,SW,ADT,SAMP,2025-01-15T10:09:00Z,NA,NA,TPO4,0.02,mg/L,NA,Herbicide,A,-85,-85   Herbicide
P155478-8,Herbicide_A,SW,ADT,SAMP,2025-01-15T10:08:00Z,NA,NA,TPO4,0.02,mg/L,NA,Herbicide,A,-85,-85   Herbicide
P155478-7,Herbicide_A,SW,ADT,SAMP,2025-01-15T10:07:00Z,NA,NA,TPO4,0.022,mg/L,NA,Herbicide,A,-85,-85   Herbicide
P155478-6,Herbicide_A,SW,ADT,SAMP,2025-01-15T10:06:00Z,NA,NA,TPO4,0.025,mg/L,NA,Herbicide,A,-85,-85   Herbicide
P155478-5,Herbicide_A,SW,ADT,SAMP,2025-01-15T10:05:00Z,NA,NA,TPO4,0.023,mg/L,NA,Herbicide,A,-85,-85   Herbicide
P155478-4,Herbicide_A,SW,ADT,SAMP,2025-01-15T10:04:00Z,NA,NA,TPO4,0.026,mg/L,NA,Herbicide,A,-85,-85   Herbicide
P155478-3,Herbicide_A,SW,ADT,SAMP,2025-01-15T10:03:00Z,NA,NA,TPO4,0.02,mg/L,NA,Herbicide,A,-85,-85   Herbicide
P155478-2,Herbicide_A,SW,ADT,SAMP,2025-01-15T10:02:00Z,NA,NA,TPO4,0.018,mg/L,NA,Herbicide,A,-85,-85   Herbicide
P155478-1,Herbicide_A,SW,ADT,SAMP,2025-01-15T10:01:00Z,NA,NA,TPO4,0.022,mg/L,NA,Herbicide,A,-85,-85   Herbicide
P155490-19,Untreated_A,DI,G,FB,2025-01-15T09:19:00Z,NA,NA,TPO4,0.002,mg/L,"FOC DI Tap, SA Lot 072823",Untreated,A,-85,-85   Untreated
P155490-13,Untreated_A,SW,ADT,SAMP,2025-01-15T09:13:00Z,NA,NA,TPO4,0.022,mg/L,NA,Untreated,A,-85,-85   Untreated
P155490-12,Untreated_A,SW,ADT,SAMP,2025-01-15T09:12:00Z,NA,NA,TPO4,0.025,mg/L,NA,Untreated,A,-85,-85   Untreated
P155490-11,Untreated_A,SW,ADT,SAMP,2025-01-15T09:11:00Z,NA,NA,TPO4,0.023,mg/L,NA,Untreated,A,-85,-85   Untreated
P155490-10,Untreated_A,SW,ADT,SAMP,2025-01-15T09:10:00Z,NA,NA,TPO4,0.026,mg/L,NA,Untreated,A,-85,-85   Untreated
P155490-9,Untreated_A,SW,ADT,SAMP,2025-01-15T09:09:00Z,NA,NA,TPO4,0.034,mg/L,NA,Untreated,A,-85,-85   Untreated
P155490-8,Untreated_A,SW,ADT,SAMP,2025-01-15T09:08:00Z,NA,NA,TPO4,0.029,mg/L,NA,Untreated,A,-85,-85   Untreated
P155490-7,Untreated_A,SW,ADT,SAMP,2025-01-15T09:07:00Z,NA,NA,TPO4,0.047,mg/L,NA,Untreated,A,-85,-85   Untreated
P155490-6,Untreated_A,SW,ADT,SAMP,2025-01-15T09:06:00Z,NA,NA,TPO4,0.033,mg/L,NA,Untreated,A,-85,-85   Untreated
P155490-5,Untreated_A,SW,ADT,SAMP,2025-01-15T09:05:00Z,NA,NA,TPO4,0.038,mg/L,NA,Untreated,A,-85,-85   Untreated
P155490-4,Untreated_A,SW,ADT,SAMP,2025-01-15T09:04:00Z,NA,NA,TPO4,0.027,mg/L,NA,Untreated,A,-85,-85   Untreated
P155490-3,Untreated_A,SW,ADT,SAMP,2025-01-15T09:03:00Z,NA,NA,TPO4,0.035,mg/L,NA,Untreated,A,-85,-85   Untreated
P155490-2,Untreated_A,SW,ADT,SAMP,2025-01-15T09:02:00Z,NA,NA,TPO4,0.03,mg/L,NA,Untreated,A,-85,-85   Untreated
P155490-1,Untreated_A,SW,ADT,SAMP,2025-01-15T09:01:00Z,NA,NA,TPO4,0.035,mg/L,NA,Untreated,A,-85,-85   Untreated
P155501-15,Burn_A,SW,ADT,SAMP,2025-01-02T14:56:33Z,NA,NA,No Bottle,0,UNITS,Autosampler battery failed. No sample collected01,Burn,A,-98,-98   Burn
P155501-14,Burn_A,SW,ADT,SAMP,2025-01-02T14:55:00Z,NA,NA,No Bottle,0,UNITS,Autosampler battery failed. No sample collected,Burn,A,-98,-98   Burn
P155501-19,Burn_A,DI,GP,FB,2025-01-02T12:15:00Z,NA,NA,TPO4,0.002,mg/L,NA,Burn,A,-98,-98   Burn
P155501-13,Burn_A,SW,ADT,SAMP,2025-01-02T12:12:00Z,NA,NA,TPO4,0.096,mg/L,NA,Burn,A,-98,-98   Burn
P155501-12,Burn_A,SW,ADT,SAMP,2025-01-02T12:11:00Z,NA,NA,TPO4,0.103,mg/L,NA,Burn,A,-98,-98   Burn
P155501-11,Burn_A,SW,ADT,SAMP,2025-01-02T12:10:00Z,NA,NA,TPO4,0.174,mg/L,NA,Burn,A,-98,-98   Burn
P155501-10,Burn_A,SW,ADT,SAMP,2025-01-02T12:09:00Z,NA,NA,TPO4,0.088,mg/L,NA,Burn,A,-98,-98   Burn
P155501-9,Burn_A,SW,ADT,SAMP,2025-01-02T12:08:00Z,NA,NA,TPO4,0.093,mg/L,NA,Burn,A,-98,-98   Burn
P155501-8,Burn_A,SW,ADT,SAMP,2025-01-02T12:07:00Z,NA,NA,TPO4,0.094,mg/L,NA,Burn,A,-98,-98   Burn
P155501-7,Burn_A,SW,ADT,SAMP,2025-01-02T12:06:00Z,NA,NA,TPO4,0.063,mg/L,NA,Burn,A,-98,-98   Burn
P155501-6,Burn_A,SW,ADT,SAMP,2025-01-02T12:05:00Z,NA,NA,TPO4,0.076,mg/L,NA,Burn,A,-98,-98   Burn
P155501-5,Burn_A,SW,ADT,SAMP,2025-01-02T12:04:00Z,NA,NA,TPO4,0.096,mg/L,NA,Burn,A,-98,-98   Burn
P155501-4,Burn_A,SW,ADT,SAMP,2025-01-02T12:03:00Z,NA,NA,TPO4,0.063,mg/L,NA,Burn,A,-98,-98   Burn
P155501-3,Burn_A,SW,ADT,SAMP,2025-01-02T12:02:00Z,NA,NA,TPO4,0.1,mg/L,NA,Burn,A,-98,-98   Burn
P155501-2,Burn_A,SW,ADT,SAMP,2025-01-02T12:01:00Z,NA,NA,TPO4,0.203,mg/L,NA,Burn,A,-98,-98   Burn
P155501-1,Burn_A,SW,ADT,SAMP,2025-01-02T12:00:00Z,NA,NA,TPO4,0.119,mg/L,NA,Burn,A,-98,-98   Burn
P155726-19,Burn/Herbicide_A,DI,GP,FB,2025-01-02T11:15:00Z,NA,NA,TPO4,0.002,mg/L,NA,Burn/Herbicide,A,-98,-98   Burn/Herbicide
P155726-15,Burn/Herbicide_A,SW,ADT,SAMP,2025-01-02T11:14:00Z,NA,NA,TPO4,0.032,mg/L,NA,Burn/Herbicide,A,-98,-98   Burn/Herbicide
P155726-14,Burn/Herbicide_A,SW,ADT,SAMP,2025-01-02T11:13:00Z,NA,NA,TPO4,0.035,mg/L,NA,Burn/Herbicide,A,-98,-98   Burn/Herbicide
P155726-13,Burn/Herbicide_A,SW,ADT,SAMP,2025-01-02T11:12:00Z,NA,NA,TPO4,0.03,mg/L,NA,Burn/Herbicide,A,-98,-98   Burn/Herbicide
P155726-12,Burn/Herbicide_A,SW,ADT,SAMP,2025-01-02T11:11:00Z,NA,NA,TPO4,0.037,mg/L,NA,Burn/Herbicide,A,-98,-98   Burn/Herbicide
P155726-11,Burn/Herbicide_A,SW,ADT,SAMP,2025-01-02T11:10:00Z,NA,NA,TPO4,0.026,mg/L,NA,Burn/Herbicide,A,-98,-98   Burn/Herbicide
P155726-10,Burn/Herbicide_A,SW,ADT,SAMP,2025-01-02T11:09:00Z,NA,NA,TPO4,0.022,mg/L,NA,Burn/Herbicide,A,-98,-98   Burn/Herbicide
P155726-9,Burn/Herbicide_A,SW,ADT,SAMP,2025-01-02T11:08:00Z,NA,NA,TPO4,0.019,mg/L,NA,Burn/Herbicide,A,-98,-98   Burn/Herbicide
P155726-8,Burn/Herbicide_A,SW,ADT,SAMP,2025-01-02T11:07:00Z,NA,NA,TPO4,0.021,mg/L,NA,Burn/Herbicide,A,-98,-98   Burn/Herbicide
P155726-7,Burn/Herbicide_A,SW,ADT,SAMP,2025-01-02T11:06:00Z,NA,NA,TPO4,0.024,mg/L,NA,Burn/Herbicide,A,-98,-98   Burn/Herbicide
P155726-6,Burn/Herbicide_A,SW,ADT,SAMP,2025-01-02T11:05:00Z,NA,NA,TPO4,0.022,mg/L,NA,Burn/Herbicide,A,-98,-98   Burn/Herbicide
P155726-5,Burn/Herbicide_A,SW,ADT,SAMP,2025-01-02T11:04:00Z,NA,NA,TPO4,0.026,mg/L,NA,Burn/Herbicide,A,-98,-98   Burn/Herbicide
P155726-4,Burn/Herbicide_A,SW,ADT,SAMP,2025-01-02T11:03:00Z,NA,NA,TPO4,0.028,mg/L,NA,Burn/Herbicide,A,-98,-98   Burn/Herbicide
P155726-3,Burn/Herbicide_A,SW,ADT,SAMP,2025-01-02T11:02:00Z,NA,NA,TPO4,0.038,mg/L,NA,Burn/Herbicide,A,-98,-98   Burn/Herbicide
P155726-2,Burn/Herbicide_A,SW,ADT,SAMP,2025-01-02T11:01:00Z,NA,NA,TPO4,0.035,mg/L,NA,Burn/Herbicide,A,-98,-98   Burn/Herbicide
P155726-1,Burn/Herbicide_A,SW,ADT,SAMP,2025-01-02T11:00:00Z,NA,NA,TPO4,0.032,mg/L,NA,Burn/Herbicide,A,-98,-98   Burn/Herbicide
P155477-19,Herbicide_A,DI,ADT,FB,2025-01-02T10:15:00Z,NA,NA,TPO4,0.002,mg/L,DI from FOC lab in 2L bottle into sample.,Herbicide,A,-98,-98   Herbicide
P155477-15,Herbicide_A,SW,ADT,SAMP,2025-01-02T10:14:00Z,NA,NA,TPO4,0.065,mg/L,NA,Herbicide,A,-98,-98   Herbicide
P155477-14,Herbicide_A,SW,ADT,SAMP,2025-01-02T10:13:00Z,NA,NA,TPO4,0.065,mg/L,NA,Herbicide,A,-98,-98   Herbicide
P155477-13,Herbicide_A,SW,ADT,SAMP,2025-01-02T10:12:00Z,NA,NA,TPO4,0.064,mg/L,NA,Herbicide,A,-98,-98   Herbicide
P155477-12,Herbicide_A,SW,ADT,SAMP,2025-01-02T10:11:00Z,NA,NA,TPO4,0.102,mg/L,NA,Herbicide,A,-98,-98   Herbicide
P155477-11,Herbicide_A,SW,ADT,SAMP,2025-01-02T10:10:00Z,NA,NA,TPO4,0.093,mg/L,NA,Herbicide,A,-98,-98   Herbicide
P155477-10,Herbicide_A,SW,ADT,SAMP,2025-01-02T10:09:00Z,NA,NA,TPO4,0.076,mg/L,NA,Herbicide,A,-98,-98   Herbicide
P155477-9,Herbicide_A,SW,ADT,SAMP,2025-01-02T10:08:00Z,NA,NA,TPO4,0.075,mg/L,NA,Herbicide,A,-98,-98   Herbicide
P155477-8,Herbicide_A,SW,ADT,SAMP,2025-01-02T10:07:00Z,NA,NA,TPO4,0.067,mg/L,NA,Herbicide,A,-98,-98   Herbicide
P155477-7,Herbicide_A,SW,ADT,SAMP,2025-01-02T10:06:00Z,NA,NA,TPO4,0.069,mg/L,NA,Herbicide,A,-98,-98   Herbicide
P155477-6,Herbicide_A,SW,ADT,SAMP,2025-01-02T10:05:00Z,NA,NA,TPO4,0.06,mg/L,NA,Herbicide,A,-98,-98   Herbicide
P155477-5,Herbicide_A,SW,ADT,SAMP,2025-01-02T10:04:00Z,NA,NA,TPO4,0.048,mg/L,NA,Herbicide,A,-98,-98   Herbicide
P155477-4,Herbicide_A,SW,ADT,SAMP,2025-01-02T10:03:00Z,NA,NA,TPO4,0.065,mg/L,NA,Herbicide,A,-98,-98   Herbicide
P155477-3,Herbicide_A,SW,ADT,SAMP,2025-01-02T10:02:00Z,NA,NA,TPO4,0.091,mg/L,NA,Herbicide,A,-98,-98   Herbicide
P155477-2,Herbicide_A,SW,ADT,SAMP,2025-01-02T10:01:00Z,NA,NA,TPO4,0.09,mg/L,Not Flow Proportional.,Herbicide,A,-98,-98   Herbicide
P155477-1,Herbicide_A,SW,ADT,SAMP,2025-01-02T10:00:00Z,NA,NA,TPO4,0.228,mg/L,Not Flow Proportional.,Herbicide,A,-98,-98   Herbicide
P155489-19,Untreated_A,DI,ADT,FB,2025-01-02T09:18:00Z,NA,NA,TPO4,0.002,mg/L,DI from FOC lab in 2L bottle into sample bottle.,Untreated,A,-98,-98   Untreated
P155489-15,Untreated_A,SW,ADT,SAMP,2025-01-02T09:14:00Z,NA,NA,TPO4,0.047,mg/L,NA,Untreated,A,-98,-98   Untreated
P155489-14,Untreated_A,SW,ADT,SAMP,2025-01-02T09:13:00Z,NA,NA,TPO4,0.077,mg/L,NA,Untreated,A,-98,-98   Untreated
P155489-13,Untreated_A,SW,ADT,SAMP,2025-01-02T09:12:00Z,NA,NA,TPO4,0.045,mg/L,NA,Untreated,A,-98,-98   Untreated
P155489-12,Untreated_A,SW,ADT,SAMP,2025-01-02T09:11:00Z,NA,NA,TPO4,0.041,mg/L,NA,Untreated,A,-98,-98   Untreated
P155489-11,Untreated_A,SW,ADT,SAMP,2025-01-02T09:10:00Z,NA,NA,TPO4,0.057,mg/L,NA,Untreated,A,-98,-98   Untreated
P155489-10,Untreated_A,SW,ADT,SAMP,2025-01-02T09:09:00Z,NA,NA,TPO4,0.08,mg/L,NA,Untreated,A,-98,-98   Untreated
P155489-9,Untreated_A,SW,ADT,SAMP,2025-01-02T09:08:00Z,NA,NA,TPO4,0.026,mg/L,NA,Untreated,A,-98,-98   Untreated
P155489-8,Untreated_A,SW,ADT,SAMP,2025-01-02T09:07:00Z,NA,NA,TPO4,0.022,mg/L,NA,Untreated,A,-98,-98   Untreated
P155489-7,Untreated_A,SW,ADT,SAMP,2025-01-02T09:06:00Z,NA,NA,TPO4,0.035,mg/L,NA,Untreated,A,-98,-98   Untreated
P155489-6,Untreated_A,SW,ADT,SAMP,2025-01-02T09:05:00Z,NA,NA,TPO4,0.024,mg/L,NA,Untreated,A,-98,-98   Untreated
P155489-5,Untreated_A,SW,ADT,SAMP,2025-01-02T09:04:00Z,NA,NA,TPO4,0.03,mg/L,NA,Untreated,A,-98,-98   Untreated
P155489-4,Untreated_A,SW,ADT,SAMP,2025-01-02T09:03:00Z,NA,NA,TPO4,0.026,mg/L,NA,Untreated,A,-98,-98   Untreated
P155489-3,Untreated_A,SW,ADT,SAMP,2025-01-02T09:02:00Z,NA,NA,TPO4,0.038,mg/L,NA,Untreated,A,-98,-98   Untreated
P155489-2,Untreated_A,SW,ADT,SAMP,2025-01-02T09:01:00Z,NA,NA,TPO4,0.03,mg/L,NA,Untreated,A,-98,-98   Untreated
P155489-1,Untreated_A,SW,ADT,SAMP,2025-01-02T09:00:00Z,NA,NA,TPO4,0.028,mg/L,NA,Untreated,A,-98,-98   Untreated
P155205-19,Herbicide_A,DI,GP,FB,2024-12-18T13:19:00Z,NA,NA,TPO4,0.002,mg/L,NA,Herbicide,A,-113,-113   Herbicide
P155181-19,Untreated_A,DI,GP,FB,2024-12-18T13:19:00Z,NA,NA,TPO4,0.002,mg/L,NA,Untreated,A,-113,-113   Untreated
P155181-13,Untreated_A,SW,ADT,SAMP,2024-12-18T13:17:00Z,NA,NA,TPO4,0.023,mg/L,NA,Untreated,A,-113,-113   Untreated
P155181-12,Untreated_A,SW,ADT,SAMP,2024-12-18T13:16:00Z,NA,NA,TPO4,0.025,mg/L,NA,Untreated,A,-113,-113   Untreated
P155181-14,Untreated_A,SW,ADT,SAMP,2024-12-18T13:14:00Z,NA,NA,TPO4,0.034,mg/L,NA,Untreated,A,-113,-113   Untreated
P155181-11,Untreated_A,SW,ADT,SAMP,2024-12-18T13:11:00Z,NA,NA,TPO4,0.033,mg/L,NA,Untreated,A,-113,-113   Untreated
P155181-10,Untreated_A,SW,ADT,SAMP,2024-12-18T13:10:00Z,NA,NA,TPO4,0.038,mg/L,NA,Untreated,A,-113,-113   Untreated
P155181-9,Untreated_A,SW,ADT,SAMP,2024-12-18T13:09:00Z,NA,NA,TPO4,0.06,mg/L,NA,Untreated,A,-113,-113   Untreated
P155181-8,Untreated_A,SW,ADT,SAMP,2024-12-18T13:08:00Z,NA,NA,TPO4,0.042,mg/L,NA,Untreated,A,-113,-113   Untreated
P155181-1,Untreated_A,SW,ADT,SAMP,2024-12-18T13:07:00Z,NA,NA,TPO4,0.034,mg/L,NA,Untreated,A,-113,-113   Untreated
P155181-7,Untreated_A,SW,ADT,SAMP,2024-12-18T13:07:00Z,NA,NA,TPO4,0.051,mg/L,NA,Untreated,A,-113,-113   Untreated
P155205-6,Herbicide_A,SW,ADT,SAMP,2024-12-18T13:06:00Z,NA,NA,TPO4,0.155,mg/L,NA,Herbicide,A,-113,-113   Herbicide
P155181-6,Untreated_A,SW,ADT,SAMP,2024-12-18T13:06:00Z,NA,NA,TPO4,0.078,mg/L,NA,Untreated,A,-113,-113   Untreated
P155205-5,Herbicide_A,SW,ADT,SAMP,2024-12-18T13:05:00Z,NA,NA,TPO4,0.121,mg/L,NA,Herbicide,A,-113,-113   Herbicide
P155181-5,Untreated_A,SW,ADT,SAMP,2024-12-18T13:05:00Z,NA,NA,TPO4,0.029,mg/L,NA,Untreated,A,-113,-113   Untreated
P155205-4,Herbicide_A,SW,ADT,SAMP,2024-12-18T13:04:00Z,NA,NA,TPO4,0.05,mg/L,NA,Herbicide,A,-113,-113   Herbicide
P155181-4,Untreated_A,SW,ADT,SAMP,2024-12-18T13:04:00Z,NA,NA,TPO4,0.029,mg/L,NA,Untreated,A,-113,-113   Untreated
P155205-3,Herbicide_A,SW,ADT,SAMP,2024-12-18T13:03:00Z,NA,NA,TPO4,0.032,mg/L,NA,Herbicide,A,-113,-113   Herbicide
P155181-3,Untreated_A,SW,ADT,SAMP,2024-12-18T13:03:00Z,NA,NA,TPO4,0.039,mg/L,NA,Untreated,A,-113,-113   Untreated
P155205-2,Herbicide_A,SW,ADT,SAMP,2024-12-18T13:02:00Z,NA,NA,TPO4,0.029,mg/L,NA,Herbicide,A,-113,-113   Herbicide
P155181-2,Untreated_A,SW,ADT,SAMP,2024-12-18T13:02:00Z,NA,NA,TPO4,0.042,mg/L,NA,Untreated,A,-113,-113   Untreated
P155205-1,Herbicide_A,SW,ADT,SAMP,2024-12-18T13:01:00Z,NA,NA,TPO4,0.053,mg/L,NA,Herbicide,A,-113,-113   Herbicide
P155197-19,Burn/Herbicide_A,DI,GP,FB,2024-12-18T12:29:00Z,NA,NA,TPO4,0.002,mg/L,NA,Burn/Herbicide,A,-113,-113   Burn/Herbicide
P155197-5,Burn/Herbicide_A,SW,ADT,SAMP,2024-12-18T12:26:00Z,NA,NA,TPO4,0.022,mg/L,NA,Burn/Herbicide,A,-113,-113   Burn/Herbicide
P155197-6,Burn/Herbicide_A,SW,ADT,SAMP,2024-12-18T12:26:00Z,NA,NA,TPO4,0.026,mg/L,NA,Burn/Herbicide,A,-113,-113   Burn/Herbicide
P155197-4,Burn/Herbicide_A,SW,ADT,SAMP,2024-12-18T12:24:00Z,NA,NA,TPO4,0.026,mg/L,NA,Burn/Herbicide,A,-113,-113   Burn/Herbicide
P155197-3,Burn/Herbicide_A,SW,ADT,SAMP,2024-12-18T12:03:00Z,NA,NA,TPO4,0.032,mg/L,NA,Burn/Herbicide,A,-113,-113   Burn/Herbicide
P155197-2,Burn/Herbicide_A,SW,ADT,SAMP,2024-12-18T12:02:00Z,NA,NA,TPO4,0.03,mg/L,NA,Burn/Herbicide,A,-113,-113   Burn/Herbicide
P155197-1,Burn/Herbicide_A,SW,ADT,SAMP,2024-12-18T12:01:00Z,NA,NA,TPO4,0.037,mg/L,NA,Burn/Herbicide,A,-113,-113   Burn/Herbicide
P155189-19,Burn_A,DI,GP,FB,2024-12-18T10:19:00Z,NA,NA,TPO4,0.002,mg/L,NA,Burn,A,-113,-113   Burn
P155189-14,Burn_A,SW,ADT,SAMP,2024-12-18T10:14:00Z,NA,NA,TPO4,0.09,mg/L,NA,Burn,A,-113,-113   Burn
P155189-13,Burn_A,SW,ADT,SAMP,2024-12-18T10:13:00Z,NA,NA,TPO4,0.093,mg/L,NA,Burn,A,-113,-113   Burn
P155189-12,Burn_A,SW,ADT,SAMP,2024-12-18T10:12:00Z,NA,NA,TPO4,0.045,mg/L,NA,Burn,A,-113,-113   Burn
P155189-11,Burn_A,SW,ADT,SAMP,2024-12-18T10:11:00Z,NA,NA,TPO4,0.041,mg/L,NA,Burn,A,-113,-113   Burn
P155189-10,Burn_A,SW,ADT,SAMP,2024-12-18T10:10:00Z,NA,NA,TPO4,0.034,mg/L,NA,Burn,A,-113,-113   Burn
P155189-9,Burn_A,SW,ADT,SAMP,2024-12-18T10:09:00Z,NA,NA,TPO4,0.043,mg/L,NA,Burn,A,-113,-113   Burn
P155189-8,Burn_A,SW,ADT,SAMP,2024-12-18T10:08:00Z,NA,NA,TPO4,0.06,mg/L,NA,Burn,A,-113,-113   Burn
P155189-7,Burn_A,SW,ADT,SAMP,2024-12-18T10:07:00Z,NA,NA,TPO4,0.036,mg/L,NA,Burn,A,-113,-113   Burn
P155189-6,Burn_A,SW,ADT,SAMP,2024-12-18T10:06:00Z,NA,NA,TPO4,0.038,mg/L,NA,Burn,A,-113,-113   Burn
P155189-5,Burn_A,SW,ADT,SAMP,2024-12-18T10:05:00Z,NA,NA,TPO4,0.039,mg/L,NA,Burn,A,-113,-113   Burn
P155189-4,Burn_A,SW,ADT,SAMP,2024-12-18T10:04:00Z,NA,NA,TPO4,0.038,mg/L,NA,Burn,A,-113,-113   Burn
P155189-3,Burn_A,SW,ADT,SAMP,2024-12-18T10:03:00Z,NA,NA,TPO4,0.04,mg/L,NA,Burn,A,-113,-113   Burn
P155189-2,Burn_A,SW,ADT,SAMP,2024-12-18T10:02:00Z,NA,NA,TPO4,0.046,mg/L,NA,Burn,A,-113,-113   Burn
P155189-1,Burn_A,SW,ADT,SAMP,2024-12-18T10:01:00Z,NA,NA,TPO4,0.03,mg/L,NA,Burn,A,-113,-113   Burn
P155443-12,Untreated_C,SW,GP,SAMP,2024-12-17T13:50:00Z,0.1,NA,Pheophytin A,0.243,ug/L,NA,Untreated,C,-114,-114   Untreated
P155443-12,Untreated_C,SW,GP,SAMP,2024-12-17T13:50:00Z,0.1,NA,Chlorophyll A,2.74,ug/L,NA,Untreated,C,-114,-114   Untreated
P155443-12,Untreated_C,SW,GP,SAMP,2024-12-17T13:50:00Z,0.1,NA,Chlorophyll B,0.331,ug/L,NA,Untreated,C,-114,-114   Untreated
P155443-12,Untreated_C,SW,GP,SAMP,2024-12-17T13:50:00Z,0.1,NA,DOC,29.6,mg/L,NA,Untreated,C,-114,-114   Untreated
P155443-12,Untreated_C,SW,GP,SAMP,2024-12-17T13:50:00Z,0.1,NA,NOX,0.005,mg/L,NA,Untreated,C,-114,-114   Untreated
P155443-12,Untreated_C,SW,GP,SAMP,2024-12-17T13:50:00Z,0.1,NA,NH4,0.027,mg/L,NA,Untreated,C,-114,-114   Untreated
P155443-12,Untreated_C,SW,GP,SAMP,2024-12-17T13:50:00Z,0.1,NA,TN,1.74,mg/L,NA,Untreated,C,-114,-114   Untreated
P155443-12,Untreated_C,SW,GP,SAMP,2024-12-17T13:50:00Z,0.1,NA,TDPO4,0.015,mg/L,NA,Untreated,C,-114,-114   Untreated
P155443-12,Untreated_C,SW,GP,SAMP,2024-12-17T13:50:00Z,0.1,NA,TPO4,0.022,mg/L,NA,Untreated,C,-114,-114   Untreated
P155443-12,Untreated_C,SW,GP,SAMP,2024-12-17T13:50:00Z,0.1,NA,SRP,0.004,mg/L,NA,Untreated,C,-114,-114   Untreated
P155443-11,Burn_C,SW,GP,SAMP,2024-12-17T13:30:00Z,0.1,NA,Pheophytin A,0.264,ug/L,NA,Burn,C,-114,-114   Burn
P155443-11,Burn_C,SW,GP,SAMP,2024-12-17T13:30:00Z,0.1,NA,Chlorophyll A,3.52,ug/L,NA,Burn,C,-114,-114   Burn
P155443-11,Burn_C,SW,GP,SAMP,2024-12-17T13:30:00Z,0.1,NA,Chlorophyll B,0.493,ug/L,NA,Burn,C,-114,-114   Burn
P155443-11,Burn_C,SW,GP,SAMP,2024-12-17T13:30:00Z,0.1,NA,DOC,31.9,mg/L,NA,Burn,C,-114,-114   Burn
P155443-11,Burn_C,SW,GP,SAMP,2024-12-17T13:30:00Z,0.1,NA,NOX,0.005,mg/L,NA,Burn,C,-114,-114   Burn
P155443-11,Burn_C,SW,GP,SAMP,2024-12-17T13:30:00Z,0.1,NA,NH4,0.026,mg/L,NA,Burn,C,-114,-114   Burn
P155443-11,Burn_C,SW,GP,SAMP,2024-12-17T13:30:00Z,0.1,NA,TN,1.88,mg/L,NA,Burn,C,-114,-114   Burn
P155443-11,Burn_C,SW,GP,SAMP,2024-12-17T13:30:00Z,0.1,NA,TDPO4,0.012,mg/L,NA,Burn,C,-114,-114   Burn
P155443-11,Burn_C,SW,GP,SAMP,2024-12-17T13:30:00Z,0.1,NA,TPO4,0.02,mg/L,NA,Burn,C,-114,-114   Burn
P155443-11,Burn_C,SW,GP,SAMP,2024-12-17T13:30:00Z,0.1,NA,SRP,0.002,mg/L,NA,Burn,C,-114,-114   Burn
P155443-10,Burn/Herbicide_C,SW,GP,SAMP,2024-12-17T13:20:00Z,0.11,NA,Pheophytin A,0.283,ug/L,NA,Burn/Herbicide,C,-114,-114   Burn/Herbicide
P155443-10,Burn/Herbicide_C,SW,GP,SAMP,2024-12-17T13:20:00Z,0.11,NA,Chlorophyll A,3.13,ug/L,NA,Burn/Herbicide,C,-114,-114   Burn/Herbicide
P155443-10,Burn/Herbicide_C,SW,GP,SAMP,2024-12-17T13:20:00Z,0.11,NA,Chlorophyll B,0.331,ug/L,NA,Burn/Herbicide,C,-114,-114   Burn/Herbicide
P155443-10,Burn/Herbicide_C,SW,GP,SAMP,2024-12-17T13:20:00Z,0.11,NA,DOC,31.9,mg/L,NA,Burn/Herbicide,C,-114,-114   Burn/Herbicide
P155443-10,Burn/Herbicide_C,SW,GP,SAMP,2024-12-17T13:20:00Z,0.11,NA,NOX,0.005,mg/L,NA,Burn/Herbicide,C,-114,-114   Burn/Herbicide
P155443-10,Burn/Herbicide_C,SW,GP,SAMP,2024-12-17T13:20:00Z,0.11,NA,NH4,0.028,mg/L,NA,Burn/Herbicide,C,-114,-114   Burn/Herbicide
P155443-10,Burn/Herbicide_C,SW,GP,SAMP,2024-12-17T13:20:00Z,0.11,NA,TN,1.91,mg/L,NA,Burn/Herbicide,C,-114,-114   Burn/Herbicide
P155443-10,Burn/Herbicide_C,SW,GP,SAMP,2024-12-17T13:20:00Z,0.11,NA,TDPO4,0.018,mg/L,NA,Burn/Herbicide,C,-114,-114   Burn/Herbicide
P155443-10,Burn/Herbicide_C,SW,GP,SAMP,2024-12-17T13:20:00Z,0.11,NA,TPO4,0.027,mg/L,NA,Burn/Herbicide,C,-114,-114   Burn/Herbicide
P155443-10,Burn/Herbicide_C,SW,GP,SAMP,2024-12-17T13:20:00Z,0.11,NA,SRP,0.007,mg/L,NA,Burn/Herbicide,C,-114,-114   Burn/Herbicide
P155443-9,Herbicide_C,SW,GP,SAMP,2024-12-17T13:00:00Z,0.07,NA,Pheophytin A,0.133,ug/L,NA,Herbicide,C,-114,-114   Herbicide
P155443-9,Herbicide_C,SW,GP,SAMP,2024-12-17T13:00:00Z,0.07,NA,Chlorophyll A,5.29,ug/L,NA,Herbicide,C,-114,-114   Herbicide
P155443-9,Herbicide_C,SW,GP,SAMP,2024-12-17T13:00:00Z,0.07,NA,Chlorophyll B,0.187,ug/L,NA,Herbicide,C,-114,-114   Herbicide
P155443-9,Herbicide_C,SW,GP,SAMP,2024-12-17T13:00:00Z,0.07,NA,DOC,29.4,mg/L,NA,Herbicide,C,-114,-114   Herbicide
P155443-9,Herbicide_C,SW,GP,SAMP,2024-12-17T13:00:00Z,0.07,NA,NOX,0.005,mg/L,NA,Herbicide,C,-114,-114   Herbicide
P155443-9,Herbicide_C,SW,GP,SAMP,2024-12-17T13:00:00Z,0.07,NA,NH4,0.018,mg/L,NA,Herbicide,C,-114,-114   Herbicide
P155443-9,Herbicide_C,SW,GP,SAMP,2024-12-17T13:00:00Z,0.07,NA,TN,1.69,mg/L,NA,Herbicide,C,-114,-114   Herbicide
P155443-9,Herbicide_C,SW,GP,SAMP,2024-12-17T13:00:00Z,0.07,NA,TDPO4,0.016,mg/L,NA,Herbicide,C,-114,-114   Herbicide
P155443-9,Herbicide_C,SW,GP,SAMP,2024-12-17T13:00:00Z,0.07,NA,TPO4,0.022,mg/L,NA,Herbicide,C,-114,-114   Herbicide
P155443-9,Herbicide_C,SW,GP,SAMP,2024-12-17T13:00:00Z,0.07,NA,SRP,0.004,mg/L,NA,Herbicide,C,-114,-114   Herbicide
P155443-8,Herbicide_B,SW,GP,SAMP,2024-12-17T12:45:00Z,0.07,NA,Pheophytin A,0.192,ug/L,NA,Herbicide,B,-114,-114   Herbicide
P155443-8,Herbicide_B,SW,GP,SAMP,2024-12-17T12:45:00Z,0.07,NA,Chlorophyll A,2.25,ug/L,NA,Herbicide,B,-114,-114   Herbicide
P155443-8,Herbicide_B,SW,GP,SAMP,2024-12-17T12:45:00Z,0.07,NA,Chlorophyll B,0.307,ug/L,NA,Herbicide,B,-114,-114   Herbicide
P155443-8,Herbicide_B,SW,GP,SAMP,2024-12-17T12:45:00Z,0.07,NA,DOC,27.4,mg/L,NA,Herbicide,B,-114,-114   Herbicide
P155443-8,Herbicide_B,SW,GP,SAMP,2024-12-17T12:45:00Z,0.07,NA,NOX,0.005,mg/L,NA,Herbicide,B,-114,-114   Herbicide
P155443-8,Herbicide_B,SW,GP,SAMP,2024-12-17T12:45:00Z,0.07,NA,NH4,0.021,mg/L,NA,Herbicide,B,-114,-114   Herbicide
P155443-8,Herbicide_B,SW,GP,SAMP,2024-12-17T12:45:00Z,0.07,NA,TN,1.57,mg/L,NA,Herbicide,B,-114,-114   Herbicide
P155443-8,Herbicide_B,SW,GP,SAMP,2024-12-17T12:45:00Z,0.07,NA,TDPO4,0.016,mg/L,NA,Herbicide,B,-114,-114   Herbicide
P155443-8,Herbicide_B,SW,GP,SAMP,2024-12-17T12:45:00Z,0.07,NA,TPO4,0.022,mg/L,NA,Herbicide,B,-114,-114   Herbicide
P155443-8,Herbicide_B,SW,GP,SAMP,2024-12-17T12:45:00Z,0.07,NA,SRP,0.005,mg/L,NA,Herbicide,B,-114,-114   Herbicide
P155443-7,Burn/Herbicide_B,SW,GP,SAMP,2024-12-17T12:30:00Z,0.08,NA,Pheophytin A,0.24,ug/L,NA,Burn/Herbicide,B,-114,-114   Burn/Herbicide
P155443-7,Burn/Herbicide_B,SW,GP,SAMP,2024-12-17T12:30:00Z,0.08,NA,Chlorophyll A,2.71,ug/L,NA,Burn/Herbicide,B,-114,-114   Burn/Herbicide
P155443-7,Burn/Herbicide_B,SW,GP,SAMP,2024-12-17T12:30:00Z,0.08,NA,Chlorophyll B,0.373,ug/L,NA,Burn/Herbicide,B,-114,-114   Burn/Herbicide
P155443-7,Burn/Herbicide_B,SW,GP,SAMP,2024-12-17T12:30:00Z,0.08,NA,DOC,28.7,mg/L,NA,Burn/Herbicide,B,-114,-114   Burn/Herbicide
P155443-7,Burn/Herbicide_B,SW,GP,SAMP,2024-12-17T12:30:00Z,0.08,NA,NOX,0.005,mg/L,NA,Burn/Herbicide,B,-114,-114   Burn/Herbicide
P155443-7,Burn/Herbicide_B,SW,GP,SAMP,2024-12-17T12:30:00Z,0.08,NA,NH4,0.022,mg/L,NA,Burn/Herbicide,B,-114,-114   Burn/Herbicide
P155443-7,Burn/Herbicide_B,SW,GP,SAMP,2024-12-17T12:30:00Z,0.08,NA,TN,1.7,mg/L,NA,Burn/Herbicide,B,-114,-114   Burn/Herbicide
P155443-7,Burn/Herbicide_B,SW,GP,SAMP,2024-12-17T12:30:00Z,0.08,NA,TDPO4,0.015,mg/L,NA,Burn/Herbicide,B,-114,-114   Burn/Herbicide
P155443-7,Burn/Herbicide_B,SW,GP,SAMP,2024-12-17T12:30:00Z,0.08,NA,TPO4,0.021,mg/L,NA,Burn/Herbicide,B,-114,-114   Burn/Herbicide
P155443-7,Burn/Herbicide_B,SW,GP,SAMP,2024-12-17T12:30:00Z,0.08,NA,SRP,0.004,mg/L,NA,Burn/Herbicide,B,-114,-114   Burn/Herbicide
P155443-5,Untreated_B,SW,GP,SAMP,2024-12-17T12:10:00Z,0.09,NA,Pheophytin A,0.141,ug/L,NA,Untreated,B,-114,-114   Untreated
P155443-5,Untreated_B,SW,GP,SAMP,2024-12-17T12:10:00Z,0.09,NA,Chlorophyll A,1.63,ug/L,NA,Untreated,B,-114,-114   Untreated
P155443-5,Untreated_B,SW,GP,SAMP,2024-12-17T12:10:00Z,0.09,NA,Chlorophyll B,0.205,ug/L,NA,Untreated,B,-114,-114   Untreated
P155443-5,Untreated_B,SW,GP,SAMP,2024-12-17T12:10:00Z,0.09,NA,DOC,27.2,mg/L,NA,Untreated,B,-114,-114   Untreated
P155443-5,Untreated_B,SW,GP,SAMP,2024-12-17T12:10:00Z,0.09,NA,NOX,0.005,mg/L,NA,Untreated,B,-114,-114   Untreated
P155443-5,Untreated_B,SW,GP,SAMP,2024-12-17T12:10:00Z,0.09,NA,NH4,0.022,mg/L,NA,Untreated,B,-114,-114   Untreated
P155443-5,Untreated_B,SW,GP,SAMP,2024-12-17T12:10:00Z,0.09,NA,TN,1.6,mg/L,NA,Untreated,B,-114,-114   Untreated
P155443-5,Untreated_B,SW,GP,SAMP,2024-12-17T12:10:00Z,0.09,NA,TDPO4,0.023,mg/L,NA,Untreated,B,-114,-114   Untreated
P155443-5,Untreated_B,SW,GP,SAMP,2024-12-17T12:10:00Z,0.09,NA,TPO4,0.029,mg/L,NA,Untreated,B,-114,-114   Untreated
P155443-5,Untreated_B,SW,GP,SAMP,2024-12-17T12:10:00Z,0.09,NA,SRP,0.013,mg/L,NA,Untreated,B,-114,-114   Untreated
P155443-6,Burn_B,SW,GP,SAMP,2024-12-17T11:50:00Z,0.06,NA,Pheophytin A,0.205,ug/L,NA,Burn,B,-114,-114   Burn
P155443-6,Burn_B,SW,GP,SAMP,2024-12-17T11:50:00Z,0.06,NA,Chlorophyll A,2.05,ug/L,NA,Burn,B,-114,-114   Burn
P155443-6,Burn_B,SW,GP,SAMP,2024-12-17T11:50:00Z,0.06,NA,Chlorophyll B,0.224,ug/L,NA,Burn,B,-114,-114   Burn
P155443-6,Burn_B,SW,GP,SAMP,2024-12-17T11:50:00Z,0.06,NA,DOC,28.4,mg/L,NA,Burn,B,-114,-114   Burn
P155443-6,Burn_B,SW,GP,SAMP,2024-12-17T11:50:00Z,0.06,NA,NOX,0.005,mg/L,NA,Burn,B,-114,-114   Burn
P155443-6,Burn_B,SW,GP,SAMP,2024-12-17T11:50:00Z,0.06,NA,NH4,0.021,mg/L,NA,Burn,B,-114,-114   Burn
P155443-6,Burn_B,SW,GP,SAMP,2024-12-17T11:50:00Z,0.06,NA,TN,1.66,mg/L,NA,Burn,B,-114,-114   Burn
P155443-6,Burn_B,SW,GP,SAMP,2024-12-17T11:50:00Z,0.06,NA,TDPO4,0.015,mg/L,NA,Burn,B,-114,-114   Burn
P155443-6,Burn_B,SW,GP,SAMP,2024-12-17T11:50:00Z,0.06,NA,TPO4,0.023,mg/L,NA,Burn,B,-114,-114   Burn
P155443-6,Burn_B,SW,GP,SAMP,2024-12-17T11:50:00Z,0.06,NA,SRP,0.006,mg/L,NA,Burn,B,-114,-114   Burn
P155443-4,Burn_A,SW,GP,SAMP,2024-12-17T11:30:00Z,0.05,NA,Pheophytin A,0.157,ug/L,NA,Burn,A,-114,-114   Burn
P155443-4,Burn_A,SW,GP,SAMP,2024-12-17T11:30:00Z,0.05,NA,Chlorophyll A,1.71,ug/L,NA,Burn,A,-114,-114   Burn
P155443-4,Burn_A,SW,GP,SAMP,2024-12-17T11:30:00Z,0.05,NA,Chlorophyll B,0.288,ug/L,NA,Burn,A,-114,-114   Burn
P155443-4,Burn_A,SW,GP,SAMP,2024-12-17T11:30:00Z,0.05,NA,DOC,27.6,mg/L,NA,Burn,A,-114,-114   Burn
P155443-4,Burn_A,SW,GP,SAMP,2024-12-17T11:30:00Z,0.05,NA,NOX,0.005,mg/L,NA,Burn,A,-114,-114   Burn
P155443-4,Burn_A,SW,GP,SAMP,2024-12-17T11:30:00Z,0.05,NA,NH4,0.019,mg/L,NA,Burn,A,-114,-114   Burn
P155443-4,Burn_A,SW,GP,SAMP,2024-12-17T11:30:00Z,0.05,NA,TN,1.62,mg/L,NA,Burn,A,-114,-114   Burn
P155443-4,Burn_A,SW,GP,SAMP,2024-12-17T11:30:00Z,0.05,NA,TDPO4,0.021,mg/L,NA,Burn,A,-114,-114   Burn
P155443-4,Burn_A,SW,GP,SAMP,2024-12-17T11:30:00Z,0.05,NA,TPO4,0.028,mg/L,NA,Burn,A,-114,-114   Burn
P155443-4,Burn_A,SW,GP,SAMP,2024-12-17T11:30:00Z,0.05,NA,SRP,0.012,mg/L,NA,Burn,A,-114,-114   Burn
P155443-3,Burn/Herbicide_A,SW,GP,SAMP,2024-12-17T11:10:00Z,0.06,NA,Pheophytin A,0.171,ug/L,NA,Burn/Herbicide,A,-114,-114   Burn/Herbicide
P155443-3,Burn/Herbicide_A,SW,GP,SAMP,2024-12-17T11:10:00Z,0.06,NA,Chlorophyll A,1.89,ug/L,NA,Burn/Herbicide,A,-114,-114   Burn/Herbicide
P155443-3,Burn/Herbicide_A,SW,GP,SAMP,2024-12-17T11:10:00Z,0.06,NA,Chlorophyll B,0.195,ug/L,NA,Burn/Herbicide,A,-114,-114   Burn/Herbicide
P155443-3,Burn/Herbicide_A,SW,GP,SAMP,2024-12-17T11:10:00Z,0.06,NA,DOC,27.4,mg/L,NA,Burn/Herbicide,A,-114,-114   Burn/Herbicide
P155443-3,Burn/Herbicide_A,SW,GP,SAMP,2024-12-17T11:10:00Z,0.06,NA,NOX,0.005,mg/L,NA,Burn/Herbicide,A,-114,-114   Burn/Herbicide
P155443-3,Burn/Herbicide_A,SW,GP,SAMP,2024-12-17T11:10:00Z,0.06,NA,NH4,0.018,mg/L,NA,Burn/Herbicide,A,-114,-114   Burn/Herbicide
P155443-3,Burn/Herbicide_A,SW,GP,SAMP,2024-12-17T11:10:00Z,0.06,NA,TN,1.64,mg/L,NA,Burn/Herbicide,A,-114,-114   Burn/Herbicide
P155443-3,Burn/Herbicide_A,SW,GP,SAMP,2024-12-17T11:10:00Z,0.06,NA,TDPO4,0.019,mg/L,NA,Burn/Herbicide,A,-114,-114   Burn/Herbicide
P155443-3,Burn/Herbicide_A,SW,GP,SAMP,2024-12-17T11:10:00Z,0.06,NA,TPO4,0.027,mg/L,NA,Burn/Herbicide,A,-114,-114   Burn/Herbicide
P155443-3,Burn/Herbicide_A,SW,GP,SAMP,2024-12-17T11:10:00Z,0.06,NA,SRP,0.007,mg/L,NA,Burn/Herbicide,A,-114,-114   Burn/Herbicide
P155443-2,Herbicide_A,SW,GP,SAMP,2024-12-17T10:30:00Z,0.1,NA,Pheophytin A,0.211,ug/L,NA,Herbicide,A,-114,-114   Herbicide
P155443-2,Herbicide_A,SW,GP,SAMP,2024-12-17T10:30:00Z,0.1,NA,Chlorophyll A,3.05,ug/L,NA,Herbicide,A,-114,-114   Herbicide
P155443-2,Herbicide_A,SW,GP,SAMP,2024-12-17T10:30:00Z,0.1,NA,Chlorophyll B,0.395,ug/L,NA,Herbicide,A,-114,-114   Herbicide
P155443-2,Herbicide_A,SW,GP,SAMP,2024-12-17T10:30:00Z,0.1,NA,DOC,26.6,mg/L,NA,Herbicide,A,-114,-114   Herbicide
P155443-2,Herbicide_A,SW,GP,SAMP,2024-12-17T10:30:00Z,0.1,NA,NOX,0.005,mg/L,NA,Herbicide,A,-114,-114   Herbicide
P155443-2,Herbicide_A,SW,GP,SAMP,2024-12-17T10:30:00Z,0.1,NA,NH4,0.021,mg/L,NA,Herbicide,A,-114,-114   Herbicide
P155443-2,Herbicide_A,SW,GP,SAMP,2024-12-17T10:30:00Z,0.1,NA,TN,1.58,mg/L,NA,Herbicide,A,-114,-114   Herbicide
P155443-2,Herbicide_A,SW,GP,SAMP,2024-12-17T10:30:00Z,0.1,NA,TDPO4,0.014,mg/L,NA,Herbicide,A,-114,-114   Herbicide
P155443-2,Herbicide_A,SW,GP,SAMP,2024-12-17T10:30:00Z,0.1,NA,TPO4,0.021,mg/L,NA,Herbicide,A,-114,-114   Herbicide
P155443-2,Herbicide_A,SW,GP,SAMP,2024-12-17T10:30:00Z,0.1,NA,SRP,0.003,mg/L,NA,Herbicide,A,-114,-114   Herbicide
P155443-13,Untreated_A,DI,GP,FCEB,2024-12-17T10:15:00Z,NA,NA,Pheophytin A,0.008,ug/L,"DI 8075 through peristaltic pump tubing to bucket to sample bottles. Tray Orange, Bucket Dexter, Acid lot 072823, Filter lot 18197628.",Untreated,A,-114,-114   Untreated
P155443-13,Untreated_A,DI,GP,FCEB,2024-12-17T10:15:00Z,NA,NA,Chlorophyll A,0.016,ug/L,"DI 8075 through peristaltic pump tubing to bucket to sample bottles. Tray Orange, Bucket Dexter, Acid lot 072823, Filter lot 18197628.",Untreated,A,-114,-114   Untreated
P155443-13,Untreated_A,DI,GP,FCEB,2024-12-17T10:15:00Z,NA,NA,Chlorophyll B,0.016,ug/L,"DI 8075 through peristaltic pump tubing to bucket to sample bottles. Tray Orange, Bucket Dexter, Acid lot 072823, Filter lot 18197628.",Untreated,A,-114,-114   Untreated
P155443-13,Untreated_A,DI,GP,FCEB,2024-12-17T10:15:00Z,NA,NA,DOC,0.84,mg/L,"DI 8075 through peristaltic pump tubing to bucket to sample bottles. Tray Orange, Bucket Dexter, Acid lot 072823, Filter lot 18197628.",Untreated,A,-114,-114   Untreated
P155443-13,Untreated_A,DI,GP,FCEB,2024-12-17T10:15:00Z,NA,NA,NOX,0.005,mg/L,"DI 8075 through peristaltic pump tubing to bucket to sample bottles. Tray Orange, Bucket Dexter, Acid lot 072823, Filter lot 18197628.",Untreated,A,-114,-114   Untreated
P155443-13,Untreated_A,DI,GP,FCEB,2024-12-17T10:15:00Z,NA,NA,NH4,0.005,mg/L,"DI 8075 through peristaltic pump tubing to bucket to sample bottles. Tray Orange, Bucket Dexter, Acid lot 072823, Filter lot 18197628.",Untreated,A,-114,-114   Untreated
P155443-13,Untreated_A,DI,GP,FCEB,2024-12-17T10:15:00Z,NA,NA,TN,0.05,mg/L,"DI 8075 through peristaltic pump tubing to bucket to sample bottles. Tray Orange, Bucket Dexter, Acid lot 072823, Filter lot 18197628.",Untreated,A,-114,-114   Untreated
P155443-13,Untreated_A,DI,GP,FCEB,2024-12-17T10:15:00Z,NA,NA,TDPO4,0.002,mg/L,"DI 8075 through peristaltic pump tubing to bucket to sample bottles. Tray Orange, Bucket Dexter, Acid lot 072823, Filter lot 18197628.",Untreated,A,-114,-114   Untreated
P155443-13,Untreated_A,DI,GP,FCEB,2024-12-17T10:15:00Z,NA,NA,TPO4,0.002,mg/L,"DI 8075 through peristaltic pump tubing to bucket to sample bottles. Tray Orange, Bucket Dexter, Acid lot 072823, Filter lot 18197628.",Untreated,A,-114,-114   Untreated
P155443-13,Untreated_A,DI,GP,FCEB,2024-12-17T10:15:00Z,NA,NA,SRP,0.002,mg/L,"DI 8075 through peristaltic pump tubing to bucket to sample bottles. Tray Orange, Bucket Dexter, Acid lot 072823, Filter lot 18197628.",Untreated,A,-114,-114   Untreated
P155443-1,Untreated_A,SW,GP,SAMP,2024-12-17T10:00:00Z,0.07,NA,Pheophytin A,0.128,ug/L,NA,Untreated,A,-114,-114   Untreated
P155443-1,Untreated_A,SW,GP,SAMP,2024-12-17T10:00:00Z,0.07,NA,Chlorophyll A,2.77,ug/L,NA,Untreated,A,-114,-114   Untreated
P155443-1,Untreated_A,SW,GP,SAMP,2024-12-17T10:00:00Z,0.07,NA,Chlorophyll B,0.435,ug/L,NA,Untreated,A,-114,-114   Untreated
P155443-1,Untreated_A,SW,GP,SAMP,2024-12-17T10:00:00Z,0.07,NA,DOC,25.5,mg/L,NA,Untreated,A,-114,-114   Untreated
P155443-1,Untreated_A,SW,GP,SAMP,2024-12-17T10:00:00Z,0.07,NA,NOX,0.005,mg/L,NA,Untreated,A,-114,-114   Untreated
P155443-1,Untreated_A,SW,GP,SAMP,2024-12-17T10:00:00Z,0.07,NA,NH4,0.021,mg/L,NA,Untreated,A,-114,-114   Untreated
P155443-1,Untreated_A,SW,GP,SAMP,2024-12-17T10:00:00Z,0.07,NA,TN,1.5,mg/L,NA,Untreated,A,-114,-114   Untreated
P155443-1,Untreated_A,SW,GP,SAMP,2024-12-17T10:00:00Z,0.07,NA,TDPO4,0.017,mg/L,NA,Untreated,A,-114,-114   Untreated
P155443-1,Untreated_A,SW,GP,SAMP,2024-12-17T10:00:00Z,0.07,NA,TPO4,0.022,mg/L,NA,Untreated,A,-114,-114   Untreated
P155443-1,Untreated_A,SW,GP,SAMP,2024-12-17T10:00:00Z,0.07,NA,SRP,0.005,mg/L,NA,Untreated,A,-114,-114   Untreated
P154871-15,Herbicide_A,SW,ADT,SAMP,2024-12-04T14:18:11Z,NA,NA,No Bottle,0,UNITS,"NOB- Autosampler error, no sample.",Herbicide,A,-127,-127   Herbicide
P154871-14,Herbicide_A,SW,ADT,SAMP,2024-12-04T14:17:42Z,NA,NA,No Bottle,0,UNITS,"NOB- Autosampler error, no sample.",Herbicide,A,-127,-127   Herbicide
P154871-13,Herbicide_A,SW,ADT,SAMP,2024-12-04T14:17:11Z,NA,NA,No Bottle,0,UNITS,"NOB- Autosampler error, no sample.",Herbicide,A,-127,-127   Herbicide
P154871-12,Herbicide_A,SW,ADT,SAMP,2024-12-04T14:16:43Z,NA,NA,No Bottle,0,UNITS,"NOB- Autosampler error, no sample.",Herbicide,A,-127,-127   Herbicide
P154871-11,Herbicide_A,SW,ADT,SAMP,2024-12-04T14:15:27Z,NA,NA,No Bottle,0,UNITS,"NOB- Autosampler error, no sample.",Herbicide,A,-127,-127   Herbicide
P154871-10,Herbicide_A,SW,ADT,SAMP,2024-12-04T14:14:48Z,NA,NA,No Bottle,0,UNITS,"NOB- Autosampler error, no sample.",Herbicide,A,-127,-127   Herbicide
P154871-9,Herbicide_A,SW,ADT,SAMP,2024-12-04T14:14:21Z,NA,NA,No Bottle,0,UNITS,"NOB- Autosampler error, no sample.",Herbicide,A,-127,-127   Herbicide
P154871-8,Herbicide_A,SW,ADT,SAMP,2024-12-04T14:13:50Z,NA,NA,No Bottle,0,UNITS,"NOB- Autosampler error, no sample.",Herbicide,A,-127,-127   Herbicide
P154871-7,Herbicide_A,SW,ADT,SAMP,2024-12-04T14:13:21Z,NA,NA,No Bottle,0,UNITS,"NOB- Autosampler error, no sample.",Herbicide,A,-127,-127   Herbicide
P154871-6,Herbicide_A,SW,ADT,SAMP,2024-12-04T14:12:27Z,NA,NA,No Bottle,0,UNITS,"NOB- Autosampler error, no sample.",Herbicide,A,-127,-127   Herbicide
P154871-5,Herbicide_A,SW,ADT,SAMP,2024-12-04T14:11:34Z,NA,NA,No Bottle,0,UNITS,"NOB- Autosampler error, no sample.",Herbicide,A,-127,-127   Herbicide
P154871-4,Herbicide_A,SW,ADT,SAMP,2024-12-04T14:11:08Z,NA,NA,No Bottle,0,UNITS,"NOB- Autosampler error, no sample.",Herbicide,A,-127,-127   Herbicide
P154871-3,Herbicide_A,SW,ADT,SAMP,2024-12-04T14:10:42Z,NA,NA,No Bottle,0,UNITS,"NOB- Autosampler error, no sample.",Herbicide,A,-127,-127   Herbicide
P154871-2,Herbicide_A,SW,ADT,SAMP,2024-12-04T14:10:17Z,NA,NA,No Bottle,0,UNITS,"NOB- Autosampler error, no sample.",Herbicide,A,-127,-127   Herbicide
P154871-1,Herbicide_A,SW,ADT,SAMP,2024-12-04T14:09:50Z,NA,NA,No Bottle,0,UNITS,"NOB- Autosampler error, no sample.",Herbicide,A,-127,-127   Herbicide
P154870-15,Burn/Herbicide_A,SW,ADT,SAMP,2024-12-04T14:08:04Z,NA,NA,No Bottle,0,UNITS,"NOB- Autosampler error, no sample.",Burn/Herbicide,A,-127,-127   Burn/Herbicide
P154870-14,Burn/Herbicide_A,SW,ADT,SAMP,2024-12-04T14:07:45Z,NA,NA,No Bottle,0,UNITS,"NOB- Autosampler error, no sample.",Burn/Herbicide,A,-127,-127   Burn/Herbicide
P154870-13,Burn/Herbicide_A,SW,ADT,SAMP,2024-12-04T14:07:21Z,NA,NA,No Bottle,0,UNITS,"NOB- Autosampler error, no sample.",Burn/Herbicide,A,-127,-127   Burn/Herbicide
P154870-12,Burn/Herbicide_A,SW,ADT,SAMP,2024-12-04T14:07:02Z,NA,NA,No Bottle,0,UNITS,"NOB- Autosampler error, no sample.",Burn/Herbicide,A,-127,-127   Burn/Herbicide
P154870-11,Burn/Herbicide_A,SW,ADT,SAMP,2024-12-04T14:06:39Z,NA,NA,No Bottle,0,UNITS,"NOB- Autosampler error, no sample.",Burn/Herbicide,A,-127,-127   Burn/Herbicide
P154870-10,Burn/Herbicide_A,SW,ADT,SAMP,2024-12-04T14:06:15Z,NA,NA,No Bottle,0,UNITS,"NOB- Autosampler error, no sample.",Burn/Herbicide,A,-127,-127   Burn/Herbicide
P154870-9,Burn/Herbicide_A,SW,ADT,SAMP,2024-12-04T14:05:56Z,NA,NA,No Bottle,0,UNITS,"NOB- Autosampler error, no sample.",Burn/Herbicide,A,-127,-127   Burn/Herbicide
P154870-8,Burn/Herbicide_A,SW,ADT,SAMP,2024-12-04T14:05:29Z,NA,NA,No Bottle,0,UNITS,"NOB- Autosampler error, no sample.",Burn/Herbicide,A,-127,-127   Burn/Herbicide
P154870-7,Burn/Herbicide_A,SW,ADT,SAMP,2024-12-04T14:05:07Z,NA,NA,No Bottle,0,UNITS,"NOB- Autosampler error, no sample.",Burn/Herbicide,A,-127,-127   Burn/Herbicide
P154870-6,Burn/Herbicide_A,SW,ADT,SAMP,2024-12-04T14:04:44Z,NA,NA,No Bottle,0,UNITS,"NOB- Autosampler error, no sample.",Burn/Herbicide,A,-127,-127   Burn/Herbicide
P154870-5,Burn/Herbicide_A,SW,ADT,SAMP,2024-12-04T14:04:22Z,NA,NA,No Bottle,0,UNITS,"NOB- Autosampler error, no sample.",Burn/Herbicide,A,-127,-127   Burn/Herbicide
P154870-4,Burn/Herbicide_A,SW,ADT,SAMP,2024-12-04T14:04:05Z,NA,NA,No Bottle,0,UNITS,"NOB- Autosampler error, no sample.",Burn/Herbicide,A,-127,-127   Burn/Herbicide
P154870-3,Burn/Herbicide_A,SW,ADT,SAMP,2024-12-04T14:03:44Z,NA,NA,No Bottle,0,UNITS,"NOB- Autosampler error, no sample.",Burn/Herbicide,A,-127,-127   Burn/Herbicide
P154870-2,Burn/Herbicide_A,SW,ADT,SAMP,2024-12-04T14:03:26Z,NA,NA,No Bottle,0,UNITS,"NOB- Autosampler error, no sample.",Burn/Herbicide,A,-127,-127   Burn/Herbicide
P154870-1,Burn/Herbicide_A,SW,ADT,SAMP,2024-12-04T14:02:42Z,NA,NA,No Bottle,0,UNITS,"NOB- Autosampler error, no sample.",Burn/Herbicide,A,-127,-127   Burn/Herbicide
P154857-15,Burn_A,DI,ADT,FB,2024-12-04T11:20:00Z,NA,NA,TPO4,0.002,mg/L,DI in 2L bottle through autosampler tubing to sample bottle.,Burn,A,-127,-127   Burn
P154857-14,Burn_A,SW,ADT,SAMP,2024-12-04T11:13:00Z,NA,NA,TPO4,0.029,mg/L,ADT,Burn,A,-127,-127   Burn
P154857-13,Burn_A,SW,ADT,SAMP,2024-12-04T11:12:00Z,NA,NA,TPO4,0.029,mg/L,ADT,Burn,A,-127,-127   Burn
P154857-12,Burn_A,SW,ADT,SAMP,2024-12-04T11:11:00Z,NA,NA,TPO4,0.04,mg/L,ADT,Burn,A,-127,-127   Burn
P154857-11,Burn_A,SW,ADT,SAMP,2024-12-04T11:10:00Z,NA,NA,TPO4,0.045,mg/L,ADT,Burn,A,-127,-127   Burn
P154857-10,Burn_A,SW,ADT,SAMP,2024-12-04T11:09:00Z,NA,NA,TPO4,0.044,mg/L,ADT,Burn,A,-127,-127   Burn
P154857-9,Burn_A,SW,ADT,SAMP,2024-12-04T11:08:00Z,NA,NA,TPO4,0.039,mg/L,ADT,Burn,A,-127,-127   Burn
P154857-8,Burn_A,SW,ADT,SAMP,2024-12-04T11:07:00Z,NA,NA,TPO4,0.034,mg/L,ADT,Burn,A,-127,-127   Burn
P154857-7,Burn_A,SW,ADT,SAMP,2024-12-04T11:06:00Z,NA,NA,TPO4,0.036,mg/L,ADT,Burn,A,-127,-127   Burn
P154857-6,Burn_A,SW,ADT,SAMP,2024-12-04T11:05:00Z,NA,NA,TPO4,0.035,mg/L,ADT,Burn,A,-127,-127   Burn
P154857-5,Burn_A,SW,ADT,SAMP,2024-12-04T11:04:00Z,NA,NA,TPO4,0.04,mg/L,ADT,Burn,A,-127,-127   Burn
P154857-4,Burn_A,SW,ADT,SAMP,2024-12-04T11:03:00Z,NA,NA,TPO4,0.033,mg/L,ADT,Burn,A,-127,-127   Burn
P154857-3,Burn_A,SW,ADT,SAMP,2024-12-04T11:02:00Z,NA,NA,TPO4,0.05,mg/L,ADT,Burn,A,-127,-127   Burn
P154857-2,Burn_A,SW,ADT,SAMP,2024-12-04T11:01:00Z,NA,NA,TPO4,0.086,mg/L,ADT,Burn,A,-127,-127   Burn
P154857-1,Burn_A,SW,ADT,SAMP,2024-12-04T11:00:00Z,NA,NA,TPO4,0.087,mg/L,ADT,Burn,A,-127,-127   Burn
P154869-15,Untreated_A,DI,ADT,FCEB,2024-12-04T10:20:00Z,NA,NA,TPO4,0.002,mg/L,DI water in 2L bottle through autosampler tubing to sample bottle.,Untreated,A,-127,-127   Untreated
P154869-14,Untreated_A,SW,ADT,SAMP,2024-12-04T10:13:00Z,NA,NA,TPO4,0.023,mg/L,ADT,Untreated,A,-127,-127   Untreated
P154869-13,Untreated_A,SW,ADT,SAMP,2024-12-04T10:12:00Z,NA,NA,TPO4,0.028,mg/L,ADT,Untreated,A,-127,-127   Untreated
P154869-12,Untreated_A,SW,ADT,SAMP,2024-12-04T10:11:00Z,NA,NA,TPO4,0.028,mg/L,ADT,Untreated,A,-127,-127   Untreated
P154869-11,Untreated_A,SW,ADT,SAMP,2024-12-04T10:10:00Z,NA,NA,TPO4,0.041,mg/L,ADT,Untreated,A,-127,-127   Untreated
P154869-10,Untreated_A,SW,ADT,SAMP,2024-12-04T10:09:00Z,NA,NA,TPO4,0.041,mg/L,ADT,Untreated,A,-127,-127   Untreated
P154869-9,Untreated_A,SW,ADT,SAMP,2024-12-04T10:08:00Z,NA,NA,TPO4,0.029,mg/L,ADT,Untreated,A,-127,-127   Untreated
P154869-8,Untreated_A,SW,ADT,SAMP,2024-12-04T10:07:00Z,NA,NA,TPO4,0.028,mg/L,ADT,Untreated,A,-127,-127   Untreated
P154869-7,Untreated_A,SW,ADT,SAMP,2024-12-04T10:06:00Z,NA,NA,TPO4,0.025,mg/L,ADT,Untreated,A,-127,-127   Untreated
P154869-6,Untreated_A,SW,ADT,SAMP,2024-12-04T10:05:00Z,NA,NA,TPO4,0.026,mg/L,ADT,Untreated,A,-127,-127   Untreated
P154869-5,Untreated_A,SW,ADT,SAMP,2024-12-04T10:04:00Z,NA,NA,TPO4,0.031,mg/L,ADT,Untreated,A,-127,-127   Untreated
P154869-4,Untreated_A,SW,ADT,SAMP,2024-12-04T10:03:00Z,NA,NA,TPO4,0.038,mg/L,ADT,Untreated,A,-127,-127   Untreated
P154869-3,Untreated_A,SW,ADT,SAMP,2024-12-04T10:02:00Z,NA,NA,TPO4,0.05,mg/L,ADT,Untreated,A,-127,-127   Untreated
P154869-2,Untreated_A,SW,ADT,SAMP,2024-12-04T10:01:00Z,NA,NA,TPO4,0.058,mg/L,ADT,Untreated,A,-127,-127   Untreated
P154869-1,Untreated_A,SW,ADT,SAMP,2024-12-04T10:00:00Z,NA,NA,TPO4,0.046,mg/L,ADT sample,Untreated,A,-127,-127   Untreated
P154830-12,Untreated_C,SW,GP,SAMP,2024-11-19T14:30:00Z,0.1,NA,Pheophytin A,0.148,ug/L,NA,Untreated,C,-142,-142   Untreated
P154830-12,Untreated_C,SW,GP,SAMP,2024-11-19T14:30:00Z,0.1,NA,Chlorophyll A,4.6,ug/L,NA,Untreated,C,-142,-142   Untreated
P154830-12,Untreated_C,SW,GP,SAMP,2024-11-19T14:30:00Z,0.1,NA,Chlorophyll B,0.208,ug/L,NA,Untreated,C,-142,-142   Untreated
P154830-12,Untreated_C,SW,GP,SAMP,2024-11-19T14:30:00Z,0.1,NA,NOX,0.005,mg/L,NA,Untreated,C,-142,-142   Untreated
P154830-12,Untreated_C,SW,GP,SAMP,2024-11-19T14:30:00Z,0.1,NA,NH4,0.028,mg/L,NA,Untreated,C,-142,-142   Untreated
P154830-12,Untreated_C,SW,GP,SAMP,2024-11-19T14:30:00Z,0.1,NA,TN,1.83,mg/L,NA,Untreated,C,-142,-142   Untreated
P154830-12,Untreated_C,SW,GP,SAMP,2024-11-19T14:30:00Z,0.1,NA,DOC,32,mg/L,NA,Untreated,C,-142,-142   Untreated
P154830-12,Untreated_C,SW,GP,SAMP,2024-11-19T14:30:00Z,0.1,NA,TPO4,0.028,mg/L,NA,Untreated,C,-142,-142   Untreated
P154830-12,Untreated_C,SW,GP,SAMP,2024-11-19T14:30:00Z,0.1,NA,SRP,0.008,mg/L,NA,Untreated,C,-142,-142   Untreated
P154830-12,Untreated_C,SW,GP,SAMP,2024-11-19T14:30:00Z,0.1,NA,TDPO4,0.019,mg/L,NA,Untreated,C,-142,-142   Untreated
P154830-11,Burn_C,SW,GP,SAMP,2024-11-19T14:20:00Z,0.11,NA,Pheophytin A,0.248,ug/L,NA,Burn,C,-142,-142   Burn
P154830-11,Burn_C,SW,GP,SAMP,2024-11-19T14:20:00Z,0.11,NA,Chlorophyll A,5.8,ug/L,NA,Burn,C,-142,-142   Burn
P154830-11,Burn_C,SW,GP,SAMP,2024-11-19T14:20:00Z,0.11,NA,Chlorophyll B,0.284,ug/L,NA,Burn,C,-142,-142   Burn
P154830-11,Burn_C,SW,GP,SAMP,2024-11-19T14:20:00Z,0.11,NA,NOX,0.005,mg/L,NA,Burn,C,-142,-142   Burn
P154830-11,Burn_C,SW,GP,SAMP,2024-11-19T14:20:00Z,0.11,NA,NH4,0.03,mg/L,NA,Burn,C,-142,-142   Burn
P154830-11,Burn_C,SW,GP,SAMP,2024-11-19T14:20:00Z,0.11,NA,TN,1.83,mg/L,NA,Burn,C,-142,-142   Burn
P154830-11,Burn_C,SW,GP,SAMP,2024-11-19T14:20:00Z,0.11,NA,DOC,33.8,mg/L,NA,Burn,C,-142,-142   Burn
P154830-11,Burn_C,SW,GP,SAMP,2024-11-19T14:20:00Z,0.11,NA,TPO4,0.034,mg/L,NA,Burn,C,-142,-142   Burn
P154830-11,Burn_C,SW,GP,SAMP,2024-11-19T14:20:00Z,0.11,NA,SRP,0.01,mg/L,NA,Burn,C,-142,-142   Burn
P154830-11,Burn_C,SW,GP,SAMP,2024-11-19T14:20:00Z,0.11,NA,TDPO4,0.021,mg/L,NA,Burn,C,-142,-142   Burn
P154830-10,Burn/Herbicide_C,SW,GP,SAMP,2024-11-19T14:04:00Z,0.12,NA,Pheophytin A,0.104,ug/L,NA,Burn/Herbicide,C,-142,-142   Burn/Herbicide
P154830-10,Burn/Herbicide_C,SW,GP,SAMP,2024-11-19T14:04:00Z,0.12,NA,Chlorophyll A,1.2,ug/L,NA,Burn/Herbicide,C,-142,-142   Burn/Herbicide
P154830-10,Burn/Herbicide_C,SW,GP,SAMP,2024-11-19T14:04:00Z,0.12,NA,Chlorophyll B,0.04,ug/L,NA,Burn/Herbicide,C,-142,-142   Burn/Herbicide
P154830-10,Burn/Herbicide_C,SW,GP,SAMP,2024-11-19T14:04:00Z,0.12,NA,NOX,0.005,mg/L,NA,Burn/Herbicide,C,-142,-142   Burn/Herbicide
P154830-10,Burn/Herbicide_C,SW,GP,SAMP,2024-11-19T14:04:00Z,0.12,NA,NH4,0.026,mg/L,NA,Burn/Herbicide,C,-142,-142   Burn/Herbicide
P154830-10,Burn/Herbicide_C,SW,GP,SAMP,2024-11-19T14:04:00Z,0.12,NA,TN,1.78,mg/L,NA,Burn/Herbicide,C,-142,-142   Burn/Herbicide
P154830-10,Burn/Herbicide_C,SW,GP,SAMP,2024-11-19T14:04:00Z,0.12,NA,DOC,30.9,mg/L,NA,Burn/Herbicide,C,-142,-142   Burn/Herbicide
P154830-10,Burn/Herbicide_C,SW,GP,SAMP,2024-11-19T14:04:00Z,0.12,NA,TPO4,0.04,mg/L,NA,Burn/Herbicide,C,-142,-142   Burn/Herbicide
P154830-10,Burn/Herbicide_C,SW,GP,SAMP,2024-11-19T14:04:00Z,0.12,NA,SRP,0.014,mg/L,NA,Burn/Herbicide,C,-142,-142   Burn/Herbicide
P154830-10,Burn/Herbicide_C,SW,GP,SAMP,2024-11-19T14:04:00Z,0.12,NA,TDPO4,0.027,mg/L,NA,Burn/Herbicide,C,-142,-142   Burn/Herbicide
P154830-9,Herbicide_C,SW,GP,SAMP,2024-11-19T13:50:00Z,0.1,NA,Pheophytin A,0.216,ug/L,NA,Herbicide,C,-142,-142   Herbicide
P154830-9,Herbicide_C,SW,GP,SAMP,2024-11-19T13:50:00Z,0.1,NA,Chlorophyll A,4.19,ug/L,NA,Herbicide,C,-142,-142   Herbicide
P154830-9,Herbicide_C,SW,GP,SAMP,2024-11-19T13:50:00Z,0.1,NA,Chlorophyll B,0.36,ug/L,NA,Herbicide,C,-142,-142   Herbicide
P154830-9,Herbicide_C,SW,GP,SAMP,2024-11-19T13:50:00Z,0.1,NA,NOX,0.005,mg/L,NA,Herbicide,C,-142,-142   Herbicide
P154830-9,Herbicide_C,SW,GP,SAMP,2024-11-19T13:50:00Z,0.1,NA,NH4,0.047,mg/L,NA,Herbicide,C,-142,-142   Herbicide
P154830-9,Herbicide_C,SW,GP,SAMP,2024-11-19T13:50:00Z,0.1,NA,TN,1.84,mg/L,NA,Herbicide,C,-142,-142   Herbicide
P154830-9,Herbicide_C,SW,GP,SAMP,2024-11-19T13:50:00Z,0.1,NA,DOC,32.9,mg/L,NA,Herbicide,C,-142,-142   Herbicide
P154830-9,Herbicide_C,SW,GP,SAMP,2024-11-19T13:50:00Z,0.1,NA,TPO4,0.026,mg/L,NA,Herbicide,C,-142,-142   Herbicide
P154830-9,Herbicide_C,SW,GP,SAMP,2024-11-19T13:50:00Z,0.1,NA,SRP,0.005,mg/L,NA,Herbicide,C,-142,-142   Herbicide
P154830-9,Herbicide_C,SW,GP,SAMP,2024-11-19T13:50:00Z,0.1,NA,TDPO4,0.018,mg/L,NA,Herbicide,C,-142,-142   Herbicide
P154830-8,Herbicide_B,SW,GP,SAMP,2024-11-19T13:30:00Z,0.09,NA,Pheophytin A,0.316,ug/L,NA,Herbicide,B,-142,-142   Herbicide
P154830-8,Herbicide_B,SW,GP,SAMP,2024-11-19T13:30:00Z,0.09,NA,Chlorophyll A,2.55,ug/L,NA,Herbicide,B,-142,-142   Herbicide
P154830-8,Herbicide_B,SW,GP,SAMP,2024-11-19T13:30:00Z,0.09,NA,Chlorophyll B,0.348,ug/L,NA,Herbicide,B,-142,-142   Herbicide
P154830-8,Herbicide_B,SW,GP,SAMP,2024-11-19T13:30:00Z,0.09,NA,NOX,0.005,mg/L,NA,Herbicide,B,-142,-142   Herbicide
P154830-8,Herbicide_B,SW,GP,SAMP,2024-11-19T13:30:00Z,0.09,NA,NH4,0.037,mg/L,NA,Herbicide,B,-142,-142   Herbicide
P154830-8,Herbicide_B,SW,GP,SAMP,2024-11-19T13:30:00Z,0.09,NA,TN,1.88,mg/L,NA,Herbicide,B,-142,-142   Herbicide
P154830-8,Herbicide_B,SW,GP,SAMP,2024-11-19T13:30:00Z,0.09,NA,DOC,31,mg/L,NA,Herbicide,B,-142,-142   Herbicide
P154830-8,Herbicide_B,SW,GP,SAMP,2024-11-19T13:30:00Z,0.09,NA,TPO4,0.041,mg/L,NA,Herbicide,B,-142,-142   Herbicide
P154830-8,Herbicide_B,SW,GP,SAMP,2024-11-19T13:30:00Z,0.09,NA,SRP,0.013,mg/L,NA,Herbicide,B,-142,-142   Herbicide
P154830-8,Herbicide_B,SW,GP,SAMP,2024-11-19T13:30:00Z,0.09,NA,TDPO4,0.023,mg/L,NA,Herbicide,B,-142,-142   Herbicide
P154830-7,Burn/Herbicide_B,SW,GP,SAMP,2024-11-19T13:25:00Z,0.18,NA,Pheophytin A,0.428,ug/L,NA,Burn/Herbicide,B,-142,-142   Burn/Herbicide
P154830-7,Burn/Herbicide_B,SW,GP,SAMP,2024-11-19T13:25:00Z,0.18,NA,Chlorophyll A,15.6,ug/L,NA,Burn/Herbicide,B,-142,-142   Burn/Herbicide
P154830-7,Burn/Herbicide_B,SW,GP,SAMP,2024-11-19T13:25:00Z,0.18,NA,Chlorophyll B,0.46,ug/L,NA,Burn/Herbicide,B,-142,-142   Burn/Herbicide
P154830-7,Burn/Herbicide_B,SW,GP,SAMP,2024-11-19T13:25:00Z,0.18,NA,NOX,0.005,mg/L,NA,Burn/Herbicide,B,-142,-142   Burn/Herbicide
P154830-7,Burn/Herbicide_B,SW,GP,SAMP,2024-11-19T13:25:00Z,0.18,NA,NH4,0.035,mg/L,NA,Burn/Herbicide,B,-142,-142   Burn/Herbicide
P154830-7,Burn/Herbicide_B,SW,GP,SAMP,2024-11-19T13:25:00Z,0.18,NA,TN,2.01,mg/L,NA,Burn/Herbicide,B,-142,-142   Burn/Herbicide
P154830-7,Burn/Herbicide_B,SW,GP,SAMP,2024-11-19T13:25:00Z,0.18,NA,DOC,32.2,mg/L,NA,Burn/Herbicide,B,-142,-142   Burn/Herbicide
P154830-7,Burn/Herbicide_B,SW,GP,SAMP,2024-11-19T13:25:00Z,0.18,NA,TPO4,0.037,mg/L,NA,Burn/Herbicide,B,-142,-142   Burn/Herbicide
P154830-7,Burn/Herbicide_B,SW,GP,SAMP,2024-11-19T13:25:00Z,0.18,NA,SRP,0.008,mg/L,NA,Burn/Herbicide,B,-142,-142   Burn/Herbicide
P154830-7,Burn/Herbicide_B,SW,GP,SAMP,2024-11-19T13:25:00Z,0.18,NA,TDPO4,0.019,mg/L,NA,Burn/Herbicide,B,-142,-142   Burn/Herbicide
P154830-6,Burn_B,SW,GP,SAMP,2024-11-19T13:05:00Z,0.15,NA,Pheophytin A,0.168,ug/L,NA,Burn,B,-142,-142   Burn
P154830-6,Burn_B,SW,GP,SAMP,2024-11-19T13:05:00Z,0.15,NA,Chlorophyll A,1.68,ug/L,NA,Burn,B,-142,-142   Burn
P154830-6,Burn_B,SW,GP,SAMP,2024-11-19T13:05:00Z,0.15,NA,Chlorophyll B,0.132,ug/L,NA,Burn,B,-142,-142   Burn
P154830-6,Burn_B,SW,GP,SAMP,2024-11-19T13:05:00Z,0.15,NA,NOX,0.005,mg/L,NA,Burn,B,-142,-142   Burn
P154830-6,Burn_B,SW,GP,SAMP,2024-11-19T13:05:00Z,0.15,NA,NH4,0.029,mg/L,NA,Burn,B,-142,-142   Burn
P154830-6,Burn_B,SW,GP,SAMP,2024-11-19T13:05:00Z,0.15,NA,TN,1.72,mg/L,NA,Burn,B,-142,-142   Burn
P154830-6,Burn_B,SW,GP,SAMP,2024-11-19T13:05:00Z,0.15,NA,DOC,31.8,mg/L,NA,Burn,B,-142,-142   Burn
P154830-6,Burn_B,SW,GP,SAMP,2024-11-19T13:05:00Z,0.15,NA,TPO4,0.03,mg/L,NA,Burn,B,-142,-142   Burn
P154830-6,Burn_B,SW,GP,SAMP,2024-11-19T13:05:00Z,0.15,NA,SRP,0.01,mg/L,NA,Burn,B,-142,-142   Burn
P154830-6,Burn_B,SW,GP,SAMP,2024-11-19T13:05:00Z,0.15,NA,TDPO4,0.022,mg/L,NA,Burn,B,-142,-142   Burn
P154830-5,Untreated_B,SW,GP,SAMP,2024-11-19T12:50:00Z,0.18,NA,Pheophytin A,0.304,ug/L,NA,Untreated,B,-142,-142   Untreated
P154830-5,Untreated_B,SW,GP,SAMP,2024-11-19T12:50:00Z,0.18,NA,Chlorophyll A,4.91,ug/L,NA,Untreated,B,-142,-142   Untreated
P154830-5,Untreated_B,SW,GP,SAMP,2024-11-19T12:50:00Z,0.18,NA,Chlorophyll B,0.392,ug/L,NA,Untreated,B,-142,-142   Untreated
P154830-5,Untreated_B,SW,GP,SAMP,2024-11-19T12:50:00Z,0.18,NA,NOX,0.005,mg/L,NA,Untreated,B,-142,-142   Untreated
P154830-5,Untreated_B,SW,GP,SAMP,2024-11-19T12:50:00Z,0.18,NA,NH4,0.035,mg/L,NA,Untreated,B,-142,-142   Untreated
P154830-5,Untreated_B,SW,GP,SAMP,2024-11-19T12:50:00Z,0.18,NA,TN,1.87,mg/L,NA,Untreated,B,-142,-142   Untreated
P154830-5,Untreated_B,SW,GP,SAMP,2024-11-19T12:50:00Z,0.18,NA,DOC,33,mg/L,NA,Untreated,B,-142,-142   Untreated
P154830-5,Untreated_B,SW,GP,SAMP,2024-11-19T12:50:00Z,0.18,NA,TPO4,0.053,mg/L,NA,Untreated,B,-142,-142   Untreated
P154830-5,Untreated_B,SW,GP,SAMP,2024-11-19T12:50:00Z,0.18,NA,SRP,0.03,mg/L,NA,Untreated,B,-142,-142   Untreated
P154830-5,Untreated_B,SW,GP,SAMP,2024-11-19T12:50:00Z,0.18,NA,TDPO4,0.043,mg/L,NA,Untreated,B,-142,-142   Untreated
P154830-4,Burn_A,SW,GP,SAMP,2024-11-19T12:20:00Z,0.06,NA,Pheophytin A,0.132,ug/L,NA,Burn,A,-142,-142   Burn
P154830-4,Burn_A,SW,GP,SAMP,2024-11-19T12:20:00Z,0.06,NA,Chlorophyll A,2.25,ug/L,NA,Burn,A,-142,-142   Burn
P154830-4,Burn_A,SW,GP,SAMP,2024-11-19T12:20:00Z,0.06,NA,Chlorophyll B,0.232,ug/L,NA,Burn,A,-142,-142   Burn
P154830-4,Burn_A,SW,GP,SAMP,2024-11-19T12:20:00Z,0.06,NA,NOX,0.005,mg/L,NA,Burn,A,-142,-142   Burn
P154830-4,Burn_A,SW,GP,SAMP,2024-11-19T12:20:00Z,0.06,NA,NH4,0.027,mg/L,NA,Burn,A,-142,-142   Burn
P154830-4,Burn_A,SW,GP,SAMP,2024-11-19T12:20:00Z,0.06,NA,TN,1.76,mg/L,NA,Burn,A,-142,-142   Burn
P154830-4,Burn_A,SW,GP,SAMP,2024-11-19T12:20:00Z,0.06,NA,DOC,29.6,mg/L,NA,Burn,A,-142,-142   Burn
P154830-4,Burn_A,SW,GP,SAMP,2024-11-19T12:20:00Z,0.06,NA,TPO4,0.041,mg/L,NA,Burn,A,-142,-142   Burn
P154830-4,Burn_A,SW,GP,SAMP,2024-11-19T12:20:00Z,0.06,NA,SRP,0.019,mg/L,NA,Burn,A,-142,-142   Burn
P154830-4,Burn_A,SW,GP,SAMP,2024-11-19T12:20:00Z,0.06,NA,TDPO4,0.033,mg/L,NA,Burn,A,-142,-142   Burn
P154830-3,Burn/Herbicide_A,SW,GP,SAMP,2024-11-19T11:35:00Z,0.06,NA,Pheophytin A,0.208,ug/L,NA,Burn/Herbicide,A,-142,-142   Burn/Herbicide
P154830-3,Burn/Herbicide_A,SW,GP,SAMP,2024-11-19T11:35:00Z,0.06,NA,Chlorophyll A,2.9,ug/L,NA,Burn/Herbicide,A,-142,-142   Burn/Herbicide
P154830-3,Burn/Herbicide_A,SW,GP,SAMP,2024-11-19T11:35:00Z,0.06,NA,Chlorophyll B,0.204,ug/L,NA,Burn/Herbicide,A,-142,-142   Burn/Herbicide
P154830-3,Burn/Herbicide_A,SW,GP,SAMP,2024-11-19T11:35:00Z,0.06,NA,NOX,0.005,mg/L,NA,Burn/Herbicide,A,-142,-142   Burn/Herbicide
P154830-3,Burn/Herbicide_A,SW,GP,SAMP,2024-11-19T11:35:00Z,0.06,NA,NH4,0.023,mg/L,NA,Burn/Herbicide,A,-142,-142   Burn/Herbicide
P154830-3,Burn/Herbicide_A,SW,GP,SAMP,2024-11-19T11:35:00Z,0.06,NA,TN,1.86,mg/L,NA,Burn/Herbicide,A,-142,-142   Burn/Herbicide
P154830-3,Burn/Herbicide_A,SW,GP,SAMP,2024-11-19T11:35:00Z,0.06,NA,DOC,31.9,mg/L,NA,Burn/Herbicide,A,-142,-142   Burn/Herbicide
P154830-3,Burn/Herbicide_A,SW,GP,SAMP,2024-11-19T11:35:00Z,0.06,NA,TPO4,0.04,mg/L,NA,Burn/Herbicide,A,-142,-142   Burn/Herbicide
P154830-3,Burn/Herbicide_A,SW,GP,SAMP,2024-11-19T11:35:00Z,0.06,NA,SRP,0.016,mg/L,NA,Burn/Herbicide,A,-142,-142   Burn/Herbicide
P154830-3,Burn/Herbicide_A,SW,GP,SAMP,2024-11-19T11:35:00Z,0.06,NA,TDPO4,0.027,mg/L,NA,Burn/Herbicide,A,-142,-142   Burn/Herbicide
P154830-2,Herbicide_A,SW,GP,SAMP,2024-11-19T11:00:00Z,0.08,NA,Pheophytin A,0.208,ug/L,NA,Herbicide,A,-142,-142   Herbicide
P154830-2,Herbicide_A,SW,GP,SAMP,2024-11-19T11:00:00Z,0.08,NA,Chlorophyll A,4.91,ug/L,NA,Herbicide,A,-142,-142   Herbicide
P154830-2,Herbicide_A,SW,GP,SAMP,2024-11-19T11:00:00Z,0.08,NA,Chlorophyll B,0.333,ug/L,NA,Herbicide,A,-142,-142   Herbicide
P154830-2,Herbicide_A,SW,GP,SAMP,2024-11-19T11:00:00Z,0.08,NA,NOX,0.005,mg/L,NA,Herbicide,A,-142,-142   Herbicide
P154830-2,Herbicide_A,SW,GP,SAMP,2024-11-19T11:00:00Z,0.08,NA,NH4,0.033,mg/L,NA,Herbicide,A,-142,-142   Herbicide
P154830-2,Herbicide_A,SW,GP,SAMP,2024-11-19T11:00:00Z,0.08,NA,TN,1.8,mg/L,NA,Herbicide,A,-142,-142   Herbicide
P154830-2,Herbicide_A,SW,GP,SAMP,2024-11-19T11:00:00Z,0.08,NA,DOC,31.1,mg/L,NA,Herbicide,A,-142,-142   Herbicide
P154830-2,Herbicide_A,SW,GP,SAMP,2024-11-19T11:00:00Z,0.08,NA,TPO4,0.034,mg/L,NA,Herbicide,A,-142,-142   Herbicide
P154830-2,Herbicide_A,SW,GP,SAMP,2024-11-19T11:00:00Z,0.08,NA,SRP,0.011,mg/L,NA,Herbicide,A,-142,-142   Herbicide
P154830-2,Herbicide_A,SW,GP,SAMP,2024-11-19T11:00:00Z,0.08,NA,TDPO4,0.021,mg/L,NA,Herbicide,A,-142,-142   Herbicide
P154830-13,Untreated_A,DI,GP,FCEB,2024-11-19T10:30:00Z,NA,NA,Pheophytin A,0.008,ug/L,"DI 8103 through peristaltic pump tubing to bucket to sample bottles. H2SO4 lot 072823, filter lot 17879938. Bucket- Maggie, Tray- Flyers.",Untreated,A,-142,-142   Untreated
P154830-13,Untreated_A,DI,GP,FCEB,2024-11-19T10:30:00Z,NA,NA,Chlorophyll A,0.016,ug/L,"DI 8103 through peristaltic pump tubing to bucket to sample bottles. H2SO4 lot 072823, filter lot 17879938. Bucket- Maggie, Tray- Flyers.",Untreated,A,-142,-142   Untreated
P154830-13,Untreated_A,DI,GP,FCEB,2024-11-19T10:30:00Z,NA,NA,Chlorophyll B,0.016,ug/L,"DI 8103 through peristaltic pump tubing to bucket to sample bottles. H2SO4 lot 072823, filter lot 17879938. Bucket- Maggie, Tray- Flyers.",Untreated,A,-142,-142   Untreated
P154830-13,Untreated_A,DI,GP,FCEB,2024-11-19T10:30:00Z,NA,NA,NOX,0.005,mg/L,"DI 8103 through peristaltic pump tubing to bucket to sample bottles. H2SO4 lot 072823, filter lot 17879938. Bucket- Maggie, Tray- Flyers.",Untreated,A,-142,-142   Untreated
P154830-13,Untreated_A,DI,GP,FCEB,2024-11-19T10:30:00Z,NA,NA,NH4,0.005,mg/L,"DI 8103 through peristaltic pump tubing to bucket to sample bottles. H2SO4 lot 072823, filter lot 17879938. Bucket- Maggie, Tray- Flyers.",Untreated,A,-142,-142   Untreated
P154830-13,Untreated_A,DI,GP,FCEB,2024-11-19T10:30:00Z,NA,NA,TN,0.05,mg/L,"DI 8103 through peristaltic pump tubing to bucket to sample bottles. H2SO4 lot 072823, filter lot 17879938. Bucket- Maggie, Tray- Flyers.",Untreated,A,-142,-142   Untreated
P154830-13,Untreated_A,DI,GP,FCEB,2024-11-19T10:30:00Z,NA,NA,DOC,0.8,mg/L,"DI 8103 through peristaltic pump tubing to bucket to sample bottles. H2SO4 lot 072823, filter lot 17879938. Bucket- Maggie, Tray- Flyers.",Untreated,A,-142,-142   Untreated
P154830-13,Untreated_A,DI,GP,FCEB,2024-11-19T10:30:00Z,NA,NA,SRP,0.002,mg/L,"DI 8103 through peristaltic pump tubing to bucket to sample bottles. H2SO4 lot 072823, filter lot 17879938. Bucket- Maggie, Tray- Flyers.",Untreated,A,-142,-142   Untreated
P154830-13,Untreated_A,DI,GP,FCEB,2024-11-19T10:30:00Z,NA,NA,TDPO4,0.002,mg/L,"DI 8103 through peristaltic pump tubing to bucket to sample bottles. H2SO4 lot 072823, filter lot 17879938. Bucket- Maggie, Tray- Flyers.",Untreated,A,-142,-142   Untreated
P154830-13,Untreated_A,DI,GP,FCEB,2024-11-19T10:30:00Z,NA,NA,TPO4,0.002,mg/L,"DI 8103 through peristaltic pump tubing to bucket to sample bottles. H2SO4 lot 072823, filter lot 17879938. Bucket- Maggie, Tray- Flyers.",Untreated,A,-142,-142   Untreated
P154830-1,Untreated_A,SW,GP,SAMP,2024-11-19T10:00:00Z,0.15,NA,Pheophytin A,0.15,ug/L,NA,Untreated,A,-142,-142   Untreated
P154830-1,Untreated_A,SW,GP,SAMP,2024-11-19T10:00:00Z,0.15,NA,Chlorophyll A,3.7,ug/L,NA,Untreated,A,-142,-142   Untreated
P154830-1,Untreated_A,SW,GP,SAMP,2024-11-19T10:00:00Z,0.15,NA,Chlorophyll B,0.234,ug/L,NA,Untreated,A,-142,-142   Untreated
P154830-1,Untreated_A,SW,GP,SAMP,2024-11-19T10:00:00Z,0.15,NA,DOC,29.8,mg/L,NA,Untreated,A,-142,-142   Untreated
P154830-1,Untreated_A,SW,GP,SAMP,2024-11-19T10:00:00Z,0.15,NA,NOX,0.014,mg/L,NA,Untreated,A,-142,-142   Untreated
P154830-1,Untreated_A,SW,GP,SAMP,2024-11-19T10:00:00Z,0.15,NA,NH4,0.053,mg/L,NA,Untreated,A,-142,-142   Untreated
P154830-1,Untreated_A,SW,GP,SAMP,2024-11-19T10:00:00Z,0.15,NA,TN,1.88,mg/L,NA,Untreated,A,-142,-142   Untreated
P154830-1,Untreated_A,SW,GP,SAMP,2024-11-19T10:00:00Z,0.15,NA,TPO4,0.042,mg/L,NA,Untreated,A,-142,-142   Untreated
P154830-1,Untreated_A,SW,GP,SAMP,2024-11-19T10:00:00Z,0.15,NA,SRP,0.015,mg/L,NA,Untreated,A,-142,-142   Untreated
P154830-1,Untreated_A,SW,GP,SAMP,2024-11-19T10:00:00Z,0.15,NA,TDPO4,0.026,mg/L,NA,Untreated,A,-142,-142   Untreated
P166180-11,Burn_C,SW,GP,SAMP,2026-08-25T11:50:28Z,0.08,NA,DOP,0.006,mg/L,NA,Burn,C,502,502   Burn
P166180-11,Burn_C,SW,GP,SAMP,2026-08-25T11:50:28Z,0.08,NA,PP,0.009000000000000001,mg/L,NA,Burn,C,502,502   Burn
P166180-10,Burn/Herbicide_C,SW,GP,SAMP,2026-08-25T11:40:22Z,0.12,NA,DOP,0.005,mg/L,NA,Burn/Herbicide,C,502,502   Burn/Herbicide
P166180-10,Burn/Herbicide_C,SW,GP,SAMP,2026-08-25T11:40:22Z,0.12,NA,PP,0.008,mg/L,NA,Burn/Herbicide,C,502,502   Burn/Herbicide
P166180-8,Herbicide_B,SW,GP,SAMP,2026-08-25T11:25:19Z,0.03,NA,DOP,0.006,mg/L,NA,Herbicide,B,502,502   Herbicide
P166180-8,Herbicide_B,SW,GP,SAMP,2026-08-25T11:25:19Z,0.03,NA,PP,0.013999999999999999,mg/L,NA,Herbicide,B,502,502   Herbicide
P166180-7,Burn/Herbicide_B,SW,GP,SAMP,2026-08-25T11:15:32Z,0.06,NA,DOP,0.006999999999999999,mg/L,NA,Burn/Herbicide,B,502,502   Burn/Herbicide
P166180-7,Burn/Herbicide_B,SW,GP,SAMP,2026-08-25T11:15:32Z,0.06,NA,PP,0.011000000000000001,mg/L,NA,Burn/Herbicide,B,502,502   Burn/Herbicide
P166180-6,Burn_B,SW,GP,SAMP,2026-08-25T11:00:48Z,0.08,NA,DOP,0.006999999999999999,mg/L,NA,Burn,B,502,502   Burn
P166180-6,Burn_B,SW,GP,SAMP,2026-08-25T11:00:48Z,0.08,NA,PP,0.008000000000000002,mg/L,NA,Burn,B,502,502   Burn
P166180-4,Burn_A,SW,GP,SAMP,2026-08-25T10:40:26Z,0.05,NA,DOP,0.006999999999999999,mg/L,NA,Burn,A,502,502   Burn
P166180-4,Burn_A,SW,GP,SAMP,2026-08-25T10:40:26Z,0.05,NA,PP,0.008000000000000002,mg/L,NA,Burn,A,502,502   Burn
P166180-13,Burn/Herbicide_A,DI,GP,FCEB,2026-08-25T10:30:11Z,NA,NA,DOP,0,mg/L,FCEB collected thru all sampling equipment,Burn/Herbicide,A,502,502   Burn/Herbicide
P166180-13,Burn/Herbicide_A,DI,GP,FCEB,2026-08-25T10:30:11Z,NA,NA,PP,0,mg/L,FCEB collected thru all sampling equipment,Burn/Herbicide,A,502,502   Burn/Herbicide
P166180-3,Burn/Herbicide_A,SW,GP,SAMP,2026-08-25T10:20:45Z,0.10,NA,DOP,0.006999999999999999,mg/L,NA,Burn/Herbicide,A,502,502   Burn/Herbicide
P166180-3,Burn/Herbicide_A,SW,GP,SAMP,2026-08-25T10:20:45Z,0.10,NA,PP,0.012000000000000002,mg/L,NA,Burn/Herbicide,A,502,502   Burn/Herbicide
P166180-2,Herbicide_A,SW,GP,SAMP,2026-08-25T10:10:04Z,0.08,NA,DOP,0.006,mg/L,NA,Herbicide,A,502,502   Herbicide
P166180-2,Herbicide_A,SW,GP,SAMP,2026-08-25T10:10:04Z,0.08,NA,PP,0.013999999999999999,mg/L,NA,Herbicide,A,502,502   Herbicide
P166180-1,Untreated_A,SW,GP,SAMP,2026-08-25T09:55:43Z,0.06,NA,DOP,0.01,mg/L,NA,Untreated,A,502,502   Untreated
P166180-1,Untreated_A,SW,GP,SAMP,2026-08-25T09:55:43Z,0.06,NA,PP,0.009000000000000001,mg/L,NA,Untreated,A,502,502   Untreated
P166179-12,Untreated_C,SW,GP,SAMP,2026-08-11T12:40:27Z,0.08,NA,DOP,0.008,mg/L,NA,Untreated,C,488,488   Untreated
P166179-12,Untreated_C,SW,GP,SAMP,2026-08-11T12:40:27Z,0.08,NA,PP,0.004999999999999999,mg/L,NA,Untreated,C,488,488   Untreated
P166179-11,Burn_C,SW,GP,SAMP,2026-08-11T12:25:02Z,0.07,NA,DOP,0.007,mg/L,NA,Burn,C,488,488   Burn
P166179-11,Burn_C,SW,GP,SAMP,2026-08-11T12:25:02Z,0.07,NA,PP,0.007000000000000001,mg/L,NA,Burn,C,488,488   Burn
P166179-10,Burn/Herbicide_C,SW,GP,SAMP,2026-08-11T12:10:30Z,0.14,NA,DOP,0.006,mg/L,NA,Burn/Herbicide,C,488,488   Burn/Herbicide
P166179-10,Burn/Herbicide_C,SW,GP,SAMP,2026-08-11T12:10:30Z,0.14,NA,PP,0.006,mg/L,NA,Burn/Herbicide,C,488,488   Burn/Herbicide
P166179-9,Herbicide_C,SW,GP,SAMP,2026-08-11T11:55:36Z,0.05,NA,DOP,0.006,mg/L,NA,Herbicide,C,488,488   Herbicide
P166179-9,Herbicide_C,SW,GP,SAMP,2026-08-11T11:55:36Z,0.05,NA,PP,0.011,mg/L,NA,Herbicide,C,488,488   Herbicide
P166179-8,Herbicide_B,SW,GP,SAMP,2026-08-11T11:30:04Z,0.05,NA,DOP,0.006,mg/L,NA,Herbicide,B,488,488   Herbicide
P166179-8,Herbicide_B,SW,GP,SAMP,2026-08-11T11:30:04Z,0.05,NA,PP,0.009999999999999998,mg/L,NA,Herbicide,B,488,488   Herbicide
P166179-7,Burn/Herbicide_B,SW,GP,SAMP,2026-08-11T11:15:05Z,0.10,NA,DOP,0.007,mg/L,NA,Burn/Herbicide,B,488,488   Burn/Herbicide
P166179-7,Burn/Herbicide_B,SW,GP,SAMP,2026-08-11T11:15:05Z,0.10,NA,PP,0.007000000000000001,mg/L,NA,Burn/Herbicide,B,488,488   Burn/Herbicide
P166179-6,Burn_B,SW,GP,SAMP,2026-08-11T11:05:26Z,0.16,NA,DOP,0.006999999999999999,mg/L,NA,Burn,B,488,488   Burn
P166179-6,Burn_B,SW,GP,SAMP,2026-08-11T11:05:26Z,0.16,NA,PP,0.006,mg/L,NA,Burn,B,488,488   Burn
P166179-4,Burn_A,SW,GP,SAMP,2026-08-11T10:30:09Z,0.12,NA,DOP,0.006999999999999999,mg/L,NA,Burn,A,488,488   Burn
P166179-4,Burn_A,SW,GP,SAMP,2026-08-11T10:30:09Z,0.12,NA,PP,0.007000000000000001,mg/L,NA,Burn,A,488,488   Burn
P166179-3,Burn/Herbicide_A,SW,GP,SAMP,2026-08-11T10:15:36Z,0.10,NA,DOP,0.008,mg/L,NA,Burn/Herbicide,A,488,488   Burn/Herbicide
P166179-3,Burn/Herbicide_A,SW,GP,SAMP,2026-08-11T10:15:36Z,0.10,NA,PP,0.007000000000000001,mg/L,NA,Burn/Herbicide,A,488,488   Burn/Herbicide
P166179-2,Herbicide_A,SW,GP,SAMP,2026-08-11T10:00:11Z,0.11,NA,DOP,0.005999999999999999,mg/L,NA,Herbicide,A,488,488   Herbicide
P166179-2,Herbicide_A,SW,GP,SAMP,2026-08-11T10:00:11Z,0.11,NA,PP,0.01,mg/L,NA,Herbicide,A,488,488   Herbicide
P166179-13,Untreated_A,DI,GP,FCEB,2026-08-11T09:50:03Z,NA,NA,DOP,0,mg/L,FCEB collected through all sampling equipment,Untreated,A,488,488   Untreated
P166179-13,Untreated_A,DI,GP,FCEB,2026-08-11T09:50:03Z,NA,NA,PP,0,mg/L,FCEB collected through all sampling equipment,Untreated,A,488,488   Untreated
P166179-1,Untreated_A,SW,GP,SAMP,2026-08-11T09:40:13Z,0.06,NA,DOP,0.01,mg/L,NA,Untreated,A,488,488   Untreated
P166179-1,Untreated_A,SW,GP,SAMP,2026-08-11T09:40:13Z,0.06,NA,PP,0.006999999999999999,mg/L,NA,Untreated,A,488,488   Untreated
P166178-12,Untreated_C,SW,GP,SAMP,2026-07-28T13:45:15Z,0.04,NA,DOP,0.008,mg/L,Ash present at site,Untreated,C,474,474   Untreated
P166178-12,Untreated_C,SW,GP,SAMP,2026-07-28T13:45:15Z,0.04,NA,PP,0.011999999999999999,mg/L,Ash present at site,Untreated,C,474,474   Untreated
P166178-11,Burn_C,SW,GP,SAMP,2026-07-28T13:30:38Z,0.05,NA,DOP,0.009,mg/L,Ash present at site,Burn,C,474,474   Burn
P166178-11,Burn_C,SW,GP,SAMP,2026-07-28T13:30:38Z,0.05,NA,PP,0.010000000000000002,mg/L,Ash present at site,Burn,C,474,474   Burn
P166178-10,Burn/Herbicide_C,SW,GP,SAMP,2026-07-28T13:15:51Z,0.07,NA,DOP,0.006999999999999999,mg/L,Ash present at site,Burn/Herbicide,C,474,474   Burn/Herbicide
P166178-10,Burn/Herbicide_C,SW,GP,SAMP,2026-07-28T13:15:51Z,0.07,NA,PP,0.009,mg/L,Ash present at site,Burn/Herbicide,C,474,474   Burn/Herbicide
P166178-9,Herbicide_C,SW,GP,SAMP,2026-07-28T12:55:19Z,0.04,NA,DOP,0.009,mg/L,Ash present at site,Herbicide,C,474,474   Herbicide
P166178-9,Herbicide_C,SW,GP,SAMP,2026-07-28T12:55:19Z,0.04,NA,PP,0.012,mg/L,Ash present at site,Herbicide,C,474,474   Herbicide
P166178-8,Herbicide_B,SW,GP,SAMP,2026-07-28T12:40:33Z,0.06,NA,DOP,0.006999999999999999,mg/L,Ash present at site,Herbicide,B,474,474   Herbicide
P166178-8,Herbicide_B,SW,GP,SAMP,2026-07-28T12:40:33Z,0.06,NA,PP,0.018000000000000002,mg/L,Ash present at site,Herbicide,B,474,474   Herbicide
P166178-7,Burn/Herbicide_B,SW,GP,SAMP,2026-07-28T12:20:31Z,0.08,NA,DOP,0.006999999999999999,mg/L,Ash from nearby fire present at site.,Burn/Herbicide,B,474,474   Burn/Herbicide
P166178-7,Burn/Herbicide_B,SW,GP,SAMP,2026-07-28T12:20:31Z,0.08,NA,PP,0.015000000000000001,mg/L,Ash from nearby fire present at site.,Burn/Herbicide,B,474,474   Burn/Herbicide
P166178-6,Burn_B,SW,GP,SAMP,2026-07-28T12:05:37Z,0.12,NA,DOP,0.008,mg/L,NA,Burn,B,474,474   Burn
P166178-6,Burn_B,SW,GP,SAMP,2026-07-28T12:05:37Z,0.12,NA,PP,0.01,mg/L,NA,Burn,B,474,474   Burn
P166178-5,Untreated_B,SW,GP,SAMP,2026-07-28T11:50:49Z,0.03,NA,DOP,0.009,mg/L,NA,Untreated,B,474,474   Untreated
P166178-5,Untreated_B,SW,GP,SAMP,2026-07-28T11:50:49Z,0.03,NA,PP,0.012,mg/L,NA,Untreated,B,474,474   Untreated
P166178-4,Burn_A,SW,GP,SAMP,2026-07-28T11:35:06Z,0.1,NA,DOP,0.008,mg/L,NA,Burn,A,474,474   Burn
P166178-4,Burn_A,SW,GP,SAMP,2026-07-28T11:35:06Z,0.1,NA,PP,0.013,mg/L,NA,Burn,A,474,474   Burn
P166178-3,Burn/Herbicide_A,SW,GP,SAMP,2026-07-28T11:20:30Z,0.1,NA,DOP,0.006999999999999999,mg/L,NA,Burn/Herbicide,A,474,474   Burn/Herbicide
P166178-3,Burn/Herbicide_A,SW,GP,SAMP,2026-07-28T11:20:30Z,0.1,NA,PP,0.012000000000000002,mg/L,NA,Burn/Herbicide,A,474,474   Burn/Herbicide
P166178-2,Herbicide_A,SW,GP,SAMP,2026-07-28T11:05:02Z,0.06,NA,DOP,0.006,mg/L,NA,Herbicide,A,474,474   Herbicide
P166178-2,Herbicide_A,SW,GP,SAMP,2026-07-28T11:05:02Z,0.06,NA,PP,0.013999999999999999,mg/L,NA,Herbicide,A,474,474   Herbicide
P166178-13,Herbicide_A,DI,GP,FCEB,2026-07-28T10:52:11Z,NA,NA,DOP,0,mg/L,DI 8491 through peristaltic pump tubing to bucket to sample bottles.,Herbicide,A,474,474   Herbicide
P166178-13,Herbicide_A,DI,GP,FCEB,2026-07-28T10:52:11Z,NA,NA,PP,0,mg/L,DI 8491 through peristaltic pump tubing to bucket to sample bottles.,Herbicide,A,474,474   Herbicide
P166178-1,Untreated_A,SW,GP,SAMP,2026-07-28T10:20:40Z,0.11,NA,DOP,0.008,mg/L,NA,Untreated,A,474,474   Untreated
P166178-1,Untreated_A,SW,GP,SAMP,2026-07-28T10:20:40Z,0.11,NA,PP,0.009,mg/L,NA,Untreated,A,474,474   Untreated
P166177-12,Untreated_C,SW,GP,SAMP,2026-07-15T13:45:00Z,0.07,NA,DOP,0.01,mg/L,NA,Untreated,C,461,461   Untreated
P166177-12,Untreated_C,SW,GP,SAMP,2026-07-15T13:45:00Z,0.07,NA,PP,0.016,mg/L,NA,Untreated,C,461,461   Untreated
P166177-11,Burn_C,SW,GP,SAMP,2026-07-15T13:30:00Z,0.07,NA,DOP,0.006999999999999999,mg/L,NA,Burn,C,461,461   Burn
P166177-11,Burn_C,SW,GP,SAMP,2026-07-15T13:30:00Z,0.07,NA,PP,0.011000000000000001,mg/L,NA,Burn,C,461,461   Burn
P166177-10,Burn/Herbicide_C,SW,GP,SAMP,2026-07-15T13:10:00Z,0.15,NA,DOP,0.006,mg/L,NA,Burn/Herbicide,C,461,461   Burn/Herbicide
P166177-10,Burn/Herbicide_C,SW,GP,SAMP,2026-07-15T13:10:00Z,0.15,NA,PP,0.011,mg/L,NA,Burn/Herbicide,C,461,461   Burn/Herbicide
P166177-9,Herbicide_C,SW,GP,SAMP,2026-07-15T12:50:00Z,0.09,NA,DOP,0.009,mg/L,NA,Herbicide,C,461,461   Herbicide
P166177-9,Herbicide_C,SW,GP,SAMP,2026-07-15T12:50:00Z,0.09,NA,PP,0.015,mg/L,NA,Herbicide,C,461,461   Herbicide
P166177-8,Herbicide_B,SW,GP,SAMP,2026-07-15T12:30:00Z,0.08,NA,DOP,0.009,mg/L,NA,Herbicide,B,461,461   Herbicide
P166177-8,Herbicide_B,SW,GP,SAMP,2026-07-15T12:30:00Z,0.08,NA,PP,0.019,mg/L,NA,Herbicide,B,461,461   Herbicide
P166177-7,Burn/Herbicide_B,SW,GP,SAMP,2026-07-15T12:15:00Z,0.12,NA,DOP,0.009,mg/L,NA,Burn/Herbicide,B,461,461   Burn/Herbicide
P166177-7,Burn/Herbicide_B,SW,GP,SAMP,2026-07-15T12:15:00Z,0.12,NA,PP,0.019,mg/L,NA,Burn/Herbicide,B,461,461   Burn/Herbicide
P166177-6,Burn_B,SW,GP,SAMP,2026-07-15T12:00:00Z,0.14,NA,DOP,0.007,mg/L,NA,Burn,B,461,461   Burn
P166177-6,Burn_B,SW,GP,SAMP,2026-07-15T12:00:00Z,0.14,NA,PP,0.011000000000000001,mg/L,NA,Burn,B,461,461   Burn
P166177-5,Untreated_B,SW,GP,SAMP,2026-07-15T11:40:00Z,0.07,NA,DOP,0.009,mg/L,NA,Untreated,B,461,461   Untreated
P166177-5,Untreated_B,SW,GP,SAMP,2026-07-15T11:40:00Z,0.07,NA,PP,0.022000000000000002,mg/L,NA,Untreated,B,461,461   Untreated
P166177-4,Burn_A,SW,GP,SAMP,2026-07-15T11:25:00Z,0.12,NA,DOP,0.008,mg/L,NA,Burn,A,461,461   Burn
P166177-4,Burn_A,SW,GP,SAMP,2026-07-15T11:25:00Z,0.12,NA,PP,0.017,mg/L,NA,Burn,A,461,461   Burn
P166177-3,Burn/Herbicide_A,SW,GP,SAMP,2026-07-15T11:10:00Z,0.19,NA,DOP,0.009,mg/L,NA,Burn/Herbicide,A,461,461   Burn/Herbicide
P166177-3,Burn/Herbicide_A,SW,GP,SAMP,2026-07-15T11:10:00Z,0.19,NA,PP,0.015,mg/L,NA,Burn/Herbicide,A,461,461   Burn/Herbicide
P166177-13,Herbicide_A,DI,GP,FCEB,2026-07-15T10:50:00Z,NA,NA,DOP,0,mg/L,FCEB ran through all sampling equipment,Herbicide,A,461,461   Herbicide
P166177-13,Herbicide_A,DI,GP,FCEB,2026-07-15T10:50:00Z,NA,NA,PP,0,mg/L,FCEB ran through all sampling equipment,Herbicide,A,461,461   Herbicide
P166177-2,Herbicide_A,SW,GP,SAMP,2026-07-15T10:40:00Z,0.12,NA,DOP,0.006999999999999999,mg/L,NA,Herbicide,A,461,461   Herbicide
P166177-2,Herbicide_A,SW,GP,SAMP,2026-07-15T10:40:00Z,0.12,NA,PP,0.018000000000000002,mg/L,NA,Herbicide,A,461,461   Herbicide
P166177-1,Untreated_A,SW,GP,SAMP,2026-07-15T10:10:00Z,0.10,NA,DOP,0.011,mg/L,NA,Untreated,A,461,461   Untreated
P166177-1,Untreated_A,SW,GP,SAMP,2026-07-15T10:10:00Z,0.10,NA,PP,0.020999999999999998,mg/L,NA,Untreated,A,461,461   Untreated
P167151-12,Untreated_C,SW,GP,SAMP,2026-06-30T12:25:35Z,0.11,NA,DOP,0.009,mg/L,NA,Untreated,C,446,446   Untreated
P167151-12,Untreated_C,SW,GP,SAMP,2026-06-30T12:25:35Z,0.11,NA,PP,0.015,mg/L,NA,Untreated,C,446,446   Untreated
P167151-11,Burn_C,SW,GP,SAMP,2026-06-30T12:10:15Z,0.07,NA,DOP,0.008,mg/L,NA,Burn,C,446,446   Burn
P167151-11,Burn_C,SW,GP,SAMP,2026-06-30T12:10:15Z,0.07,NA,PP,0.019,mg/L,NA,Burn,C,446,446   Burn
P167151-10,Burn/Herbicide_C,SW,GP,SAMP,2026-06-30T11:55:22Z,0.12,NA,DOP,0.006999999999999999,mg/L,NA,Burn/Herbicide,C,446,446   Burn/Herbicide
P167151-10,Burn/Herbicide_C,SW,GP,SAMP,2026-06-30T11:55:22Z,0.12,NA,PP,0.015000000000000001,mg/L,NA,Burn/Herbicide,C,446,446   Burn/Herbicide
P167151-8,Herbicide_B,SW,GP,SAMP,2026-06-30T11:30:15Z,0.05,NA,DOP,0.006999999999999999,mg/L,NA,Herbicide,B,446,446   Herbicide
P167151-8,Herbicide_B,SW,GP,SAMP,2026-06-30T11:30:15Z,0.05,NA,PP,0.020000000000000004,mg/L,NA,Herbicide,B,446,446   Herbicide
P167151-13,Burn/Herbicide_B,DI,GP,FCEB,2026-06-30T11:10:47Z,NA,NA,DOP,0,mg/L,FCEB collected thru all sampling equipment.,Burn/Herbicide,B,446,446   Burn/Herbicide
P167151-13,Burn/Herbicide_B,DI,GP,FCEB,2026-06-30T11:10:47Z,NA,NA,PP,0,mg/L,FCEB collected thru all sampling equipment.,Burn/Herbicide,B,446,446   Burn/Herbicide
P167151-7,Burn/Herbicide_B,SW,GP,SAMP,2026-06-30T11:10:33Z,0.08,NA,DOP,0.009,mg/L,NA,Burn/Herbicide,B,446,446   Burn/Herbicide
P167151-7,Burn/Herbicide_B,SW,GP,SAMP,2026-06-30T11:10:33Z,0.08,NA,PP,0.018000000000000002,mg/L,NA,Burn/Herbicide,B,446,446   Burn/Herbicide
P167151-6,Burn_B,SW,GP,SAMP,2026-06-30T10:55:39Z,0.09,NA,DOP,0.006999999999999999,mg/L,NA,Burn,B,446,446   Burn
P167151-6,Burn_B,SW,GP,SAMP,2026-06-30T10:55:39Z,0.09,NA,PP,0.012000000000000002,mg/L,NA,Burn,B,446,446   Burn
P167151-4,Burn_A,SW,GP,SAMP,2026-06-30T10:35:02Z,0.06,NA,DOP,0.009,mg/L,NA,Burn,A,446,446   Burn
P167151-4,Burn_A,SW,GP,SAMP,2026-06-30T10:35:02Z,0.06,NA,PP,0.014000000000000002,mg/L,NA,Burn,A,446,446   Burn
P167151-3,Burn/Herbicide_A,SW,GP,SAMP,2026-06-30T10:20:13Z,0.15,NA,DOP,0.01,mg/L,NA,Burn/Herbicide,A,446,446   Burn/Herbicide
P167151-3,Burn/Herbicide_A,SW,GP,SAMP,2026-06-30T10:20:13Z,0.15,NA,PP,0.028,mg/L,NA,Burn/Herbicide,A,446,446   Burn/Herbicide
P167151-2,Herbicide_A,SW,GP,SAMP,2026-06-30T10:00:35Z,0.07,NA,DOP,0.008,mg/L,NA,Herbicide,A,446,446   Herbicide
P167151-2,Herbicide_A,SW,GP,SAMP,2026-06-30T10:00:35Z,0.07,NA,PP,0.023,mg/L,NA,Herbicide,A,446,446   Herbicide
P167151-1,Untreated_A,SW,GP,SAMP,2026-06-30T09:40:24Z,0.10,NA,DOP,0.011,mg/L,NA,Untreated,A,446,446   Untreated
P167151-1,Untreated_A,SW,GP,SAMP,2026-06-30T09:40:24Z,0.10,NA,PP,0.017,mg/L,NA,Untreated,A,446,446   Untreated
P162251-12,Untreated_C,SW,GP,SAMP,2026-06-16T12:33:00Z,0.06,NA,DOP,0.012,mg/L,NA,Untreated,C,432,432   Untreated
P162251-12,Untreated_C,SW,GP,SAMP,2026-06-16T12:33:00Z,0.06,NA,PP,0.059,mg/L,NA,Untreated,C,432,432   Untreated
P162251-11,Burn_C,SW,GP,SAMP,2026-06-16T12:18:00Z,0.05,NA,DOP,0.012,mg/L,NA,Burn,C,432,432   Burn
P162251-11,Burn_C,SW,GP,SAMP,2026-06-16T12:18:00Z,0.05,NA,PP,0.057999999999999996,mg/L,NA,Burn,C,432,432   Burn
P162251-10,Burn/Herbicide_C,SW,GP,SAMP,2026-06-16T12:05:00Z,0.05,NA,DOP,0.006999999999999999,mg/L,NA,Burn/Herbicide,C,432,432   Burn/Herbicide
P162251-10,Burn/Herbicide_C,SW,GP,SAMP,2026-06-16T12:05:00Z,0.05,NA,PP,0.01,mg/L,NA,Burn/Herbicide,C,432,432   Burn/Herbicide
P162251-9,Herbicide_C,SW,GP,SAMP,2026-06-16T11:47:00Z,0.05,NA,DOP,0.006999999999999999,mg/L,NA,Herbicide,C,432,432   Herbicide
P162251-9,Herbicide_C,SW,GP,SAMP,2026-06-16T11:47:00Z,0.05,NA,PP,0.011000000000000001,mg/L,NA,Herbicide,C,432,432   Herbicide
P162251-8,Herbicide_B,SW,GP,SAMP,2026-06-16T11:31:00Z,0.05,NA,DOP,0.01,mg/L,NA,Herbicide,B,432,432   Herbicide
P162251-8,Herbicide_B,SW,GP,SAMP,2026-06-16T11:31:00Z,0.05,NA,PP,0.022000000000000002,mg/L,NA,Herbicide,B,432,432   Herbicide
P162251-13,Burn/Herbicide_B,DI,GP,FCEB,2026-06-16T11:20:00Z,NA,NA,DOP,0,mg/L,FCEB ran through all sampling equipment.,Burn/Herbicide,B,432,432   Burn/Herbicide
P162251-13,Burn/Herbicide_B,DI,GP,FCEB,2026-06-16T11:20:00Z,NA,NA,PP,0,mg/L,FCEB ran through all sampling equipment.,Burn/Herbicide,B,432,432   Burn/Herbicide
P162251-7,Burn/Herbicide_B,SW,GP,SAMP,2026-06-16T11:09:00Z,0.07,NA,DOP,0.013,mg/L,NA,Burn/Herbicide,B,432,432   Burn/Herbicide
P162251-7,Burn/Herbicide_B,SW,GP,SAMP,2026-06-16T11:09:00Z,0.07,NA,PP,0.016,mg/L,NA,Burn/Herbicide,B,432,432   Burn/Herbicide
P162251-6,Burn_B,SW,GP,SAMP,2026-06-16T10:55:00Z,0.9,NA,DOP,0.013000000000000001,mg/L,NA,Burn,B,432,432   Burn
P162251-6,Burn_B,SW,GP,SAMP,2026-06-16T10:55:00Z,0.9,NA,PP,0.023,mg/L,NA,Burn,B,432,432   Burn
P162251-4,Burn_A,SW,GP,SAMP,2026-06-16T10:36:00Z,0.06,NA,DOP,0.009,mg/L,NA,Burn,A,432,432   Burn
P162251-4,Burn_A,SW,GP,SAMP,2026-06-16T10:36:00Z,0.06,NA,PP,0.015,mg/L,NA,Burn,A,432,432   Burn
P162251-3,Burn/Herbicide_A,SW,GP,SAMP,2026-06-16T10:22:00Z,0.12,NA,DOP,0.011,mg/L,NA,Burn/Herbicide,A,432,432   Burn/Herbicide
P162251-3,Burn/Herbicide_A,SW,GP,SAMP,2026-06-16T10:22:00Z,0.12,NA,PP,0.022000000000000006,mg/L,NA,Burn/Herbicide,A,432,432   Burn/Herbicide
P162251-2,Herbicide_A,SW,GP,SAMP,2026-06-16T10:06:00Z,0.06,NA,DOP,0.012,mg/L,NA,Herbicide,A,432,432   Herbicide
P162251-2,Herbicide_A,SW,GP,SAMP,2026-06-16T10:06:00Z,0.06,NA,PP,0.028000000000000004,mg/L,NA,Herbicide,A,432,432   Herbicide
P162251-1,Untreated_A,SW,GP,SAMP,2026-06-16T09:45:00Z,0.07,NA,DOP,0.015,mg/L,NA,Untreated,A,432,432   Untreated
P162251-1,Untreated_A,SW,GP,SAMP,2026-06-16T09:45:00Z,0.07,NA,PP,0.032,mg/L,NA,Untreated,A,432,432   Untreated
P162250-12,Untreated_C,SW,GP,SAMP,2026-06-02T13:10:00Z,0.11,NA,DOP,0.011,mg/L,NA,Untreated,C,418,418   Untreated
P162250-12,Untreated_C,SW,GP,SAMP,2026-06-02T13:10:00Z,0.11,NA,PP,0.022000000000000006,mg/L,NA,Untreated,C,418,418   Untreated
P162250-11,Burn_C,SW,GP,SAMP,2026-06-02T12:55:00Z,0.10,NA,DOP,0.01,mg/L,NA,Burn,C,418,418   Burn
P162250-11,Burn_C,SW,GP,SAMP,2026-06-02T12:55:00Z,0.10,NA,PP,0.013000000000000001,mg/L,NA,Burn,C,418,418   Burn
P162250-10,Burn/Herbicide_C,SW,GP,SAMP,2026-06-02T12:40:00Z,0.17,NA,DOP,0.009,mg/L,NA,Burn/Herbicide,C,418,418   Burn/Herbicide
P162250-10,Burn/Herbicide_C,SW,GP,SAMP,2026-06-02T12:40:00Z,0.17,NA,PP,0.019,mg/L,NA,Burn/Herbicide,C,418,418   Burn/Herbicide
P162250-9,Herbicide_C,SW,GP,SAMP,2026-06-02T12:20:00Z,0.06,NA,DOP,0.006999999999999999,mg/L,NA,Herbicide,C,418,418   Herbicide
P162250-9,Herbicide_C,SW,GP,SAMP,2026-06-02T12:20:00Z,0.06,NA,PP,0.013,mg/L,NA,Herbicide,C,418,418   Herbicide
P162250-8,Herbicide_B,SW,GP,SAMP,2026-06-02T12:00:00Z,0.07,NA,DOP,0.01,mg/L,NA,Herbicide,B,418,418   Herbicide
P162250-8,Herbicide_B,SW,GP,SAMP,2026-06-02T12:00:00Z,0.07,NA,PP,0.026,mg/L,NA,Herbicide,B,418,418   Herbicide
P162250-7,Burn/Herbicide_B,SW,GP,SAMP,2026-06-02T11:45:00Z,0.10,NA,DOP,0.047,mg/L,Filter turned bright green during processing.,Burn/Herbicide,B,418,418   Burn/Herbicide
P162250-7,Burn/Herbicide_B,SW,GP,SAMP,2026-06-02T11:45:00Z,0.10,NA,PP,0.096,mg/L,Filter turned bright green during processing.,Burn/Herbicide,B,418,418   Burn/Herbicide
P162250-6,Burn_B,SW,GP,SAMP,2026-06-02T11:30:00Z,0.18,NA,DOP,0.01,mg/L,NA,Burn,B,418,418   Burn
P162250-6,Burn_B,SW,GP,SAMP,2026-06-02T11:30:00Z,0.18,NA,PP,0.013999999999999999,mg/L,NA,Burn,B,418,418   Burn
P162250-5,Untreated_B,SW,GP,SAMP,2026-06-02T11:20:00Z,0.06,NA,DOP,0.013000000000000001,mg/L,NA,Untreated,B,418,418   Untreated
P162250-5,Untreated_B,SW,GP,SAMP,2026-06-02T11:20:00Z,0.06,NA,PP,0.024,mg/L,NA,Untreated,B,418,418   Untreated
P162250-4,Burn_A,SW,GP,SAMP,2026-06-02T11:05:00Z,0.11,NA,DOP,0.01,mg/L,NA,Burn,A,418,418   Burn
P162250-4,Burn_A,SW,GP,SAMP,2026-06-02T11:05:00Z,0.11,NA,PP,0.016,mg/L,NA,Burn,A,418,418   Burn
P162250-3,Burn/Herbicide_A,SW,GP,SAMP,2026-06-02T10:50:00Z,0.12,NA,DOP,0.011,mg/L,NA,Burn/Herbicide,A,418,418   Burn/Herbicide
P162250-3,Burn/Herbicide_A,SW,GP,SAMP,2026-06-02T10:50:00Z,0.12,NA,PP,0.028000000000000004,mg/L,NA,Burn/Herbicide,A,418,418   Burn/Herbicide
P162250-2,Herbicide_A,SW,GP,SAMP,2026-06-02T10:35:00Z,0.10,NA,DOP,0.011,mg/L,NA,Herbicide,A,418,418   Herbicide
P162250-2,Herbicide_A,SW,GP,SAMP,2026-06-02T10:35:00Z,0.10,NA,PP,0.027000000000000003,mg/L,NA,Herbicide,A,418,418   Herbicide
P162250-13,Untreated_A,DI,GP,FCEB,2026-06-02T10:20:00Z,NA,NA,DOP,0,mg/L,NA,Untreated,A,418,418   Untreated
P162250-13,Untreated_A,DI,GP,FCEB,2026-06-02T10:20:00Z,NA,NA,PP,0,mg/L,NA,Untreated,A,418,418   Untreated
P162250-1,Untreated_A,SW,GP,SAMP,2026-06-02T10:00:00Z,0.08,NA,DOP,0.015000000000000001,mg/L,NA,Untreated,A,418,418   Untreated
P162250-1,Untreated_A,SW,GP,SAMP,2026-06-02T10:00:00Z,0.08,NA,PP,0.021999999999999995,mg/L,NA,Untreated,A,418,418   Untreated
P162249-12,Untreated_C,SW,GP,SAMP,2026-05-19T13:40:00Z,0.12,NA,DOP,0.011,mg/L,NA,Untreated,C,404,404   Untreated
P162249-12,Untreated_C,SW,GP,SAMP,2026-05-19T13:40:00Z,0.12,NA,PP,0.011000000000000001,mg/L,NA,Untreated,C,404,404   Untreated
P162249-11,Burn_C,SW,GP,SAMP,2026-05-19T13:25:00Z,0.16,NA,DOP,0.01,mg/L,NA,Burn,C,404,404   Burn
P162249-11,Burn_C,SW,GP,SAMP,2026-05-19T13:25:00Z,0.16,NA,PP,0.018,mg/L,NA,Burn,C,404,404   Burn
P162249-10,Burn/Herbicide_C,SW,GP,SAMP,2026-05-19T13:15:00Z,0.11,NA,DOP,0.01,mg/L,NA,Burn/Herbicide,C,404,404   Burn/Herbicide
P162249-10,Burn/Herbicide_C,SW,GP,SAMP,2026-05-19T13:15:00Z,0.11,NA,PP,0.012,mg/L,NA,Burn/Herbicide,C,404,404   Burn/Herbicide
P162249-9,Herbicide_C,SW,GP,SAMP,2026-05-19T13:00:00Z,0.07,NA,DOP,0.009,mg/L,NA,Herbicide,C,404,404   Herbicide
P162249-9,Herbicide_C,SW,GP,SAMP,2026-05-19T13:00:00Z,0.07,NA,PP,0.012,mg/L,NA,Herbicide,C,404,404   Herbicide
P162249-8,Herbicide_B,SW,GP,SAMP,2026-05-19T12:40:00Z,0.05,NA,DOP,0.016,mg/L,NA,Herbicide,B,404,404   Herbicide
P162249-8,Herbicide_B,SW,GP,SAMP,2026-05-19T12:40:00Z,0.05,NA,PP,0.06,mg/L,NA,Herbicide,B,404,404   Herbicide
P162249-7,Burn/Herbicide_B,SW,GP,SAMP,2026-05-19T12:25:00Z,0.07,NA,DOP,0.01,mg/L,NA,Burn/Herbicide,B,404,404   Burn/Herbicide
P162249-7,Burn/Herbicide_B,SW,GP,SAMP,2026-05-19T12:25:00Z,0.07,NA,PP,0.018,mg/L,NA,Burn/Herbicide,B,404,404   Burn/Herbicide
P162249-6,Burn_B,SW,GP,SAMP,2026-05-19T12:15:00Z,0.18,NA,DOP,0.012,mg/L,NA,Burn,B,404,404   Burn
P162249-6,Burn_B,SW,GP,SAMP,2026-05-19T12:15:00Z,0.18,NA,PP,0.017,mg/L,NA,Burn,B,404,404   Burn
P162249-5,Untreated_B,SW,GP,SAMP,2026-05-19T11:55:00Z,0.04,NA,DOP,0.014,mg/L,NA,Untreated,B,404,404   Untreated
P162249-5,Untreated_B,SW,GP,SAMP,2026-05-19T11:55:00Z,0.04,NA,PP,0.013999999999999999,mg/L,NA,Untreated,B,404,404   Untreated
P162249-4,Burn_A,SW,GP,SAMP,2026-05-19T11:35:00Z,0.12,NA,DOP,0.011,mg/L,NA,Burn,A,404,404   Burn
P162249-4,Burn_A,SW,GP,SAMP,2026-05-19T11:35:00Z,0.12,NA,PP,0.012000000000000002,mg/L,NA,Burn,A,404,404   Burn
P162249-3,Burn/Herbicide_A,SW,GP,SAMP,2026-05-19T11:20:00Z,0.12,NA,DOP,0.01,mg/L,NA,Burn/Herbicide,A,404,404   Burn/Herbicide
P162249-3,Burn/Herbicide_A,SW,GP,SAMP,2026-05-19T11:20:00Z,0.12,NA,PP,0.023000000000000003,mg/L,NA,Burn/Herbicide,A,404,404   Burn/Herbicide
P162249-2,Herbicide_A,SW,GP,SAMP,2026-05-19T11:00:00Z,0.09,NA,DOP,0.008,mg/L,Floating periphyton,Herbicide,A,404,404   Herbicide
P162249-2,Herbicide_A,SW,GP,SAMP,2026-05-19T11:00:00Z,0.09,NA,PP,0.023,mg/L,Floating periphyton,Herbicide,A,404,404   Herbicide
P162249-13,Untreated_A,DI,GP,FCEB,2026-05-19T10:50:00Z,NA,NA,DOP,0,mg/L,FCEB collected thru all sampling equipment.,Untreated,A,404,404   Untreated
P162249-13,Untreated_A,DI,GP,FCEB,2026-05-19T10:50:00Z,NA,NA,PP,0,mg/L,FCEB collected thru all sampling equipment.,Untreated,A,404,404   Untreated
P162249-1,Untreated_A,SW,GP,SAMP,2026-05-19T10:30:00Z,0.10,NA,DOP,0.013999999999999999,mg/L,NA,Untreated,A,404,404   Untreated
P162249-1,Untreated_A,SW,GP,SAMP,2026-05-19T10:30:00Z,0.10,NA,PP,0.012,mg/L,NA,Untreated,A,404,404   Untreated
P164236-12,Untreated_C,SW,GP,SAMP,2026-05-06T12:50:00Z,0.07,NA,DOP,0.009,mg/L,NA,Untreated,C,391,391   Untreated
P164236-12,Untreated_C,SW,GP,SAMP,2026-05-06T12:50:00Z,0.07,NA,PP,0.015,mg/L,NA,Untreated,C,391,391   Untreated
P164236-11,Burn_C,SW,GP,SAMP,2026-05-06T12:30:00Z,0.13,NA,DOP,0.006,mg/L,NA,Burn,C,391,391   Burn
P164236-11,Burn_C,SW,GP,SAMP,2026-05-06T12:30:00Z,0.13,NA,PP,0.012,mg/L,NA,Burn,C,391,391   Burn
P164236-10,Burn/Herbicide_C,SW,GP,SAMP,2026-05-06T12:15:00Z,0.11,NA,DOP,0.006,mg/L,Floating algae/periphyton.,Burn/Herbicide,C,391,391   Burn/Herbicide
P164236-10,Burn/Herbicide_C,SW,GP,SAMP,2026-05-06T12:15:00Z,0.11,NA,PP,0.016,mg/L,Floating algae/periphyton.,Burn/Herbicide,C,391,391   Burn/Herbicide
P164236-9,Herbicide_C,SW,GP,SAMP,2026-05-06T12:00:00Z,0.06,NA,DOP,0.006,mg/L,NA,Herbicide,C,391,391   Herbicide
P164236-9,Herbicide_C,SW,GP,SAMP,2026-05-06T12:00:00Z,0.06,NA,PP,0.024,mg/L,NA,Herbicide,C,391,391   Herbicide
P164236-8,Herbicide_B,SW,GP,SAMP,2026-05-06T11:35:00Z,0.06,NA,DOP,0.008,mg/L,NA,Herbicide,B,391,391   Herbicide
P164236-8,Herbicide_B,SW,GP,SAMP,2026-05-06T11:35:00Z,0.06,NA,PP,0.020999999999999998,mg/L,NA,Herbicide,B,391,391   Herbicide
P164236-7,Burn/Herbicide_B,SW,GP,SAMP,2026-05-06T11:20:00Z,0.10,NA,DOP,0.009,mg/L,NA,Burn/Herbicide,B,391,391   Burn/Herbicide
P164236-7,Burn/Herbicide_B,SW,GP,SAMP,2026-05-06T11:20:00Z,0.10,NA,PP,0.024000000000000004,mg/L,NA,Burn/Herbicide,B,391,391   Burn/Herbicide
P164236-6,Burn_B,SW,GP,SAMP,2026-05-06T11:01:00Z,0.09,NA,DOP,0.012,mg/L,NA,Burn,B,391,391   Burn
P164236-6,Burn_B,SW,GP,SAMP,2026-05-06T11:01:00Z,0.09,NA,PP,0.017,mg/L,NA,Burn,B,391,391   Burn
P164236-5,Untreated_B,SW,GP,SAMP,2026-05-06T10:50:00Z,0.04,NA,DOP,0.016,mg/L,NA,Untreated,B,391,391   Untreated
P164236-5,Untreated_B,SW,GP,SAMP,2026-05-06T10:50:00Z,0.04,NA,PP,0.019,mg/L,NA,Untreated,B,391,391   Untreated
P164236-4,Burn_A,SW,GP,SAMP,2026-05-06T10:30:00Z,0.09,NA,DOP,0.009,mg/L,NA,Burn,A,391,391   Burn
P164236-4,Burn_A,SW,GP,SAMP,2026-05-06T10:30:00Z,0.09,NA,PP,0.017,mg/L,NA,Burn,A,391,391   Burn
P164236-14,Burn/Herbicide_A,SW,GP,SAMP,2026-05-06T10:15:00Z,0.12,NA,DOP,0.008,mg/L,Floating algae/periphyton.,Burn/Herbicide,A,391,391   Burn/Herbicide
P164236-14,Burn/Herbicide_A,SW,GP,SAMP,2026-05-06T10:15:00Z,0.12,NA,PP,0.020999999999999998,mg/L,Floating algae/periphyton.,Burn/Herbicide,A,391,391   Burn/Herbicide
P164236-3,Herbicide_A,SW,GP,SAMP,2026-05-06T10:00:00Z,0.07,NA,DOP,0.011,mg/L,Green algae in water column.,Herbicide,A,391,391   Herbicide
P164236-3,Herbicide_A,SW,GP,SAMP,2026-05-06T10:00:00Z,0.07,NA,PP,0.015000000000000001,mg/L,Green algae in water column.,Herbicide,A,391,391   Herbicide
P164236-13,Untreated_A,DI,GP,FCEB,2026-05-06T09:45:00Z,NA,NA,DOP,0,mg/L,FCEB collected through all sampling equipment.,Untreated,A,391,391   Untreated
P164236-13,Untreated_A,DI,GP,FCEB,2026-05-06T09:45:00Z,NA,NA,PP,0,mg/L,FCEB collected through all sampling equipment.,Untreated,A,391,391   Untreated
P164236-2,Untreated_A,SW,GP,SAMP,2026-05-06T09:30:00Z,0.08,NA,DOP,0.014000000000000002,mg/L,NA,Untreated,A,391,391   Untreated
P164236-2,Untreated_A,SW,GP,SAMP,2026-05-06T09:30:00Z,0.08,NA,PP,0.014999999999999996,mg/L,NA,Untreated,A,391,391   Untreated
P158532-12,Untreated_C,SW,GP,SAMP,2025-12-22T13:25:07Z,0.11,NA,DOP,0.008,mg/L,NA,Untreated,C,256,256   Untreated
P158532-12,Untreated_C,SW,GP,SAMP,2025-12-22T13:25:07Z,0.11,NA,PP,0.011,mg/L,NA,Untreated,C,256,256   Untreated
P158532-11,Burn_C,SW,GP,SAMP,2025-12-22T13:15:18Z,0.12,NA,DOP,0.008,mg/L,NA,Burn,C,256,256   Burn
P158532-11,Burn_C,SW,GP,SAMP,2025-12-22T13:15:18Z,0.12,NA,PP,0.007999999999999998,mg/L,NA,Burn,C,256,256   Burn
P158532-10,Burn/Herbicide_C,SW,GP,SAMP,2025-12-22T12:55:37Z,0.08,NA,DOP,0.009000000000000001,mg/L,NA,Burn/Herbicide,C,256,256   Burn/Herbicide
P158532-10,Burn/Herbicide_C,SW,GP,SAMP,2025-12-22T12:55:37Z,0.08,NA,PP,0.013999999999999999,mg/L,NA,Burn/Herbicide,C,256,256   Burn/Herbicide
P158532-9,Herbicide_C,SW,GP,SAMP,2025-12-22T12:40:28Z,0.07,NA,DOP,0.008,mg/L,NA,Herbicide,C,256,256   Herbicide
P158532-9,Herbicide_C,SW,GP,SAMP,2025-12-22T12:40:28Z,0.07,NA,PP,0.014000000000000002,mg/L,NA,Herbicide,C,256,256   Herbicide
P158532-8,Herbicide_B,SW,GP,SAMP,2025-12-22T12:15:28Z,0.05,NA,DOP,0.008,mg/L,NA,Herbicide,B,256,256   Herbicide
P158532-8,Herbicide_B,SW,GP,SAMP,2025-12-22T12:15:28Z,0.05,NA,PP,0.008,mg/L,NA,Herbicide,B,256,256   Herbicide
P158532-7,Burn/Herbicide_B,SW,GP,SAMP,2025-12-22T12:00:09Z,0.07,NA,DOP,0.008,mg/L,NA,Burn/Herbicide,B,256,256   Burn/Herbicide
P158532-7,Burn/Herbicide_B,SW,GP,SAMP,2025-12-22T12:00:09Z,0.07,NA,PP,0.016,mg/L,NA,Burn/Herbicide,B,256,256   Burn/Herbicide
P158532-6,Burn_B,SW,GP,SAMP,2025-12-22T11:45:20Z,0.1,NA,DOP,0.012,mg/L,NA,Burn,B,256,256   Burn
P158532-6,Burn_B,SW,GP,SAMP,2025-12-22T11:45:20Z,0.1,NA,PP,0.004,mg/L,NA,Burn,B,256,256   Burn
P158532-5,Untreated_B,SW,GP,SAMP,2025-12-22T11:30:32Z,0.05,NA,DOP,0.01,mg/L,NA,Untreated,B,256,256   Untreated
P158532-5,Untreated_B,SW,GP,SAMP,2025-12-22T11:30:32Z,0.05,NA,PP,0.016,mg/L,NA,Untreated,B,256,256   Untreated
P158532-4,Burn_A,SW,GP,SAMP,2025-12-22T11:15:42Z,0.1,NA,DOP,0.008,mg/L,NA,Burn,A,256,256   Burn
P158532-4,Burn_A,SW,GP,SAMP,2025-12-22T11:15:42Z,0.1,NA,PP,0.011000000000000001,mg/L,NA,Burn,A,256,256   Burn
P158532-3,Burn/Herbicide_A,SW,GP,SAMP,2025-12-22T11:00:28Z,0.1,NA,DOP,0.011,mg/L,NA,Burn/Herbicide,A,256,256   Burn/Herbicide
P158532-3,Burn/Herbicide_A,SW,GP,SAMP,2025-12-22T11:00:28Z,0.1,NA,PP,0.019000000000000003,mg/L,NA,Burn/Herbicide,A,256,256   Burn/Herbicide
P158532-2,Herbicide_A,SW,GP,SAMP,2025-12-22T10:40:14Z,0.07,NA,DOP,0.006999999999999999,mg/L,NA,Herbicide,A,256,256   Herbicide
P158532-2,Herbicide_A,SW,GP,SAMP,2025-12-22T10:40:14Z,0.07,NA,PP,0.028,mg/L,NA,Herbicide,A,256,256   Herbicide
P158532-13,Untreated_A,DI,GP,FCEB,2025-12-22T10:30:27Z,NA,NA,DOP,0,mg/L,"DI 8394 through peristaltic pump tubing to bucket to sample bottles. Bucket Mjolner, tray Rocky. SA lot 072823, filter whatman polydisc 18230857.",Untreated,A,256,256   Untreated
P158532-13,Untreated_A,DI,GP,FCEB,2025-12-22T10:30:27Z,NA,NA,PP,0,mg/L,"DI 8394 through peristaltic pump tubing to bucket to sample bottles. Bucket Mjolner, tray Rocky. SA lot 072823, filter whatman polydisc 18230857.",Untreated,A,256,256   Untreated
P158532-1,Untreated_A,SW,GP,SAMP,2025-12-22T10:10:47Z,0.05,NA,DOP,0.009999999999999998,mg/L,NA,Untreated,A,256,256   Untreated
P158532-1,Untreated_A,SW,GP,SAMP,2025-12-22T10:10:47Z,0.05,NA,PP,0.015000000000000003,mg/L,NA,Untreated,A,256,256   Untreated
P158531-12,Untreated_C,SW,GP,SAMP,2025-12-03T13:20:19Z,0.11,NA,DOP,0.009,mg/L,NA,Untreated,C,237,237   Untreated
P158531-12,Untreated_C,SW,GP,SAMP,2025-12-03T13:20:19Z,0.11,NA,PP,0.015,mg/L,NA,Untreated,C,237,237   Untreated
P158531-11,Burn_C,SW,GP,SAMP,2025-12-03T13:10:34Z,0.11,NA,DOP,0.006,mg/L,NA,Burn,C,237,237   Burn
P158531-11,Burn_C,SW,GP,SAMP,2025-12-03T13:10:34Z,0.11,NA,PP,0.011,mg/L,NA,Burn,C,237,237   Burn
P158531-10,Burn/Herbicide_C,SW,GP,SAMP,2025-12-03T12:45:58Z,0.08,NA,DOP,0.008,mg/L,NA,Burn/Herbicide,C,237,237   Burn/Herbicide
P158531-10,Burn/Herbicide_C,SW,GP,SAMP,2025-12-03T12:45:58Z,0.08,NA,PP,0.011,mg/L,NA,Burn/Herbicide,C,237,237   Burn/Herbicide
P158531-9,Herbicide_C,SW,GP,SAMP,2025-12-03T12:35:28Z,0.05,NA,DOP,0.008,mg/L,NA,Herbicide,C,237,237   Herbicide
P158531-9,Herbicide_C,SW,GP,SAMP,2025-12-03T12:35:28Z,0.05,NA,PP,0.016,mg/L,NA,Herbicide,C,237,237   Herbicide
P158531-8,Herbicide_B,SW,GP,SAMP,2025-12-03T12:20:47Z,0.07,NA,DOP,0.008,mg/L,NA,Herbicide,B,237,237   Herbicide
P158531-8,Herbicide_B,SW,GP,SAMP,2025-12-03T12:20:47Z,0.07,NA,PP,0.012,mg/L,NA,Herbicide,B,237,237   Herbicide
P158531-7,Burn/Herbicide_B,SW,GP,SAMP,2025-12-03T12:00:11Z,0.10,NA,DOP,0.01,mg/L,NA,Burn/Herbicide,B,237,237   Burn/Herbicide
P158531-7,Burn/Herbicide_B,SW,GP,SAMP,2025-12-03T12:00:11Z,0.10,NA,PP,0.016,mg/L,NA,Burn/Herbicide,B,237,237   Burn/Herbicide
P158531-6,Burn_B,SW,GP,SAMP,2025-12-03T11:50:37Z,0.14,NA,DOP,0.009,mg/L,NA,Burn,B,237,237   Burn
P158531-6,Burn_B,SW,GP,SAMP,2025-12-03T11:50:37Z,0.14,NA,PP,0.012,mg/L,NA,Burn,B,237,237   Burn
P158531-5,Untreated_B,SW,GP,SAMP,2025-12-03T11:35:00Z,0.025,NA,DOP,0.013000000000000001,mg/L,NA,Untreated,B,237,237   Untreated
P158531-5,Untreated_B,SW,GP,SAMP,2025-12-03T11:35:00Z,0.025,NA,PP,0.016,mg/L,NA,Untreated,B,237,237   Untreated
P158531-4,Burn_A,SW,GP,SAMP,2025-12-03T11:20:02Z,0.10,NA,DOP,0.009,mg/L,NA,Burn,A,237,237   Burn
P158531-4,Burn_A,SW,GP,SAMP,2025-12-03T11:20:02Z,0.10,NA,PP,0.010000000000000002,mg/L,NA,Burn,A,237,237   Burn
P158531-3,Burn/Herbicide_A,SW,GP,SAMP,2025-12-03T11:10:00Z,0.10,NA,DOP,0.009,mg/L,NA,Burn/Herbicide,A,237,237   Burn/Herbicide
P158531-3,Burn/Herbicide_A,SW,GP,SAMP,2025-12-03T11:10:00Z,0.10,NA,PP,0.016,mg/L,NA,Burn/Herbicide,A,237,237   Burn/Herbicide
P158531-2,Herbicide_A,SW,GP,SAMP,2025-12-03T10:55:24Z,0.07,NA,DOP,0.008,mg/L,NA,Herbicide,A,237,237   Herbicide
P158531-2,Herbicide_A,SW,GP,SAMP,2025-12-03T10:55:24Z,0.07,NA,PP,0.016,mg/L,NA,Herbicide,A,237,237   Herbicide
P158531-13,Untreated_A,DI,GP,FCEB,2025-12-03T10:40:12Z,NA,NA,DOP,0,mg/L,PC22|FCEB collected thru all sampling equipment.,Untreated,A,237,237   Untreated
P158531-13,Untreated_A,DI,GP,FCEB,2025-12-03T10:40:12Z,NA,NA,PP,0,mg/L,PC22|FCEB collected thru all sampling equipment.,Untreated,A,237,237   Untreated
P158531-1,Untreated_A,SW,GP,SAMP,2025-12-03T10:30:11Z,0.07,NA,DOP,0.013000000000000001,mg/L,NA,Untreated,A,237,237   Untreated
P158531-1,Untreated_A,SW,GP,SAMP,2025-12-03T10:30:11Z,0.07,NA,PP,0.016,mg/L,NA,Untreated,A,237,237   Untreated
P158530-12,Untreated_C,SW,GP,SAMP,2025-11-18T13:13:20Z,0.05,NA,DOP,0.008,mg/L,NA,Untreated,C,222,222   Untreated
P158530-12,Untreated_C,SW,GP,SAMP,2025-11-18T13:13:20Z,0.05,NA,PP,0.009,mg/L,NA,Untreated,C,222,222   Untreated
P158530-11,Burn_C,SW,GP,SAMP,2025-11-18T13:00:33Z,0.1,NA,DOP,0.005,mg/L,NA,Burn,C,222,222   Burn
P158530-11,Burn_C,SW,GP,SAMP,2025-11-18T13:00:33Z,0.1,NA,PP,0.005999999999999999,mg/L,NA,Burn,C,222,222   Burn
P158530-10,Burn/Herbicide_C,SW,GP,SAMP,2025-11-18T12:44:08Z,0.1,NA,DOP,0.006,mg/L,NA,Burn/Herbicide,C,222,222   Burn/Herbicide
P158530-10,Burn/Herbicide_C,SW,GP,SAMP,2025-11-18T12:44:08Z,0.1,NA,PP,0.006999999999999999,mg/L,NA,Burn/Herbicide,C,222,222   Burn/Herbicide
P158530-9,Herbicide_C,SW,GP,SAMP,2025-11-18T12:28:19Z,0.05,NA,DOP,0.006,mg/L,NA,Herbicide,C,222,222   Herbicide
P158530-9,Herbicide_C,SW,GP,SAMP,2025-11-18T12:28:19Z,0.05,NA,PP,0.009000000000000001,mg/L,NA,Herbicide,C,222,222   Herbicide
P158530-8,Herbicide_B,SW,GP,SAMP,2025-11-18T12:11:05Z,0.08,NA,DOP,0.006,mg/L,NA,Herbicide,B,222,222   Herbicide
P158530-8,Herbicide_B,SW,GP,SAMP,2025-11-18T12:11:05Z,0.08,NA,PP,0.009999999999999998,mg/L,NA,Herbicide,B,222,222   Herbicide
P158530-7,Burn/Herbicide_B,SW,GP,SAMP,2025-11-18T11:56:38Z,0.09,NA,DOP,0.005,mg/L,NA,Burn/Herbicide,B,222,222   Burn/Herbicide
P158530-7,Burn/Herbicide_B,SW,GP,SAMP,2025-11-18T11:56:38Z,0.09,NA,PP,0.011,mg/L,NA,Burn/Herbicide,B,222,222   Burn/Herbicide
P158530-6,Burn_B,SW,GP,SAMP,2025-11-18T11:42:34Z,0.1,NA,DOP,0.006999999999999999,mg/L,NA,Burn,B,222,222   Burn
P158530-6,Burn_B,SW,GP,SAMP,2025-11-18T11:42:34Z,0.1,NA,PP,0.007000000000000001,mg/L,NA,Burn,B,222,222   Burn
P158530-5,Untreated_B,SW,GP,SAMP,2025-11-18T11:26:20Z,0.04,NA,DOP,0.01,mg/L,NA,Untreated,B,222,222   Untreated
P158530-5,Untreated_B,SW,GP,SAMP,2025-11-18T11:26:20Z,0.04,NA,PP,0.009999999999999998,mg/L,NA,Untreated,B,222,222   Untreated
P158530-4,Burn_A,SW,GP,SAMP,2025-11-18T11:09:34Z,0.04,NA,DOP,0.008,mg/L,NA,Burn,A,222,222   Burn
P158530-4,Burn_A,SW,GP,SAMP,2025-11-18T11:09:34Z,0.04,NA,PP,0.013,mg/L,NA,Burn,A,222,222   Burn
P158530-3,Burn/Herbicide_A,SW,GP,SAMP,2025-11-18T10:57:26Z,0.08,NA,DOP,0.006,mg/L,NA,Burn/Herbicide,A,222,222   Burn/Herbicide
P158530-3,Burn/Herbicide_A,SW,GP,SAMP,2025-11-18T10:57:26Z,0.08,NA,PP,0.009000000000000001,mg/L,NA,Burn/Herbicide,A,222,222   Burn/Herbicide
P158530-2,Herbicide_A,SW,GP,SAMP,2025-11-18T10:43:11Z,0.08,NA,DOP,0.006999999999999999,mg/L,NA,Herbicide,A,222,222   Herbicide
P158530-2,Herbicide_A,SW,GP,SAMP,2025-11-18T10:43:11Z,0.08,NA,PP,0.009,mg/L,NA,Herbicide,A,222,222   Herbicide
P158530-13,Untreated_A,DI,GP,FCEB,2025-11-18T10:20:04Z,NA,NA,DOP,0,mg/L,"DI 8369 through peristaltic pump tubing to bucket to sample bottles. Bucket Wille, tray Flyers, filter 18278596, SA 072823.",Untreated,A,222,222   Untreated
P158530-13,Untreated_A,DI,GP,FCEB,2025-11-18T10:20:04Z,NA,NA,PP,0,mg/L,"DI 8369 through peristaltic pump tubing to bucket to sample bottles. Bucket Wille, tray Flyers, filter 18278596, SA 072823.",Untreated,A,222,222   Untreated
P158530-1,Untreated_A,SW,GP,SAMP,2025-11-18T10:14:44Z,0.05,NA,DOP,0.012,mg/L,NA,Untreated,A,222,222   Untreated
P158530-1,Untreated_A,SW,GP,SAMP,2025-11-18T10:14:44Z,0.05,NA,PP,0.011,mg/L,NA,Untreated,A,222,222   Untreated
P158529-12,Untreated_C,SW,GP,SAMP,2025-11-04T12:55:58Z,0.09,NA,DOP,0.009,mg/L,"A 60 mL bottle was used for the magenta, instead of the 120 mL, due to bottle shortage. Lab notified.",Untreated,C,208,208   Untreated
P158529-12,Untreated_C,SW,GP,SAMP,2025-11-04T12:55:58Z,0.09,NA,PP,0.006999999999999999,mg/L,"A 60 mL bottle was used for the magenta, instead of the 120 mL, due to bottle shortage. Lab notified.",Untreated,C,208,208   Untreated
P158529-11,Burn_C,SW,GP,SAMP,2025-11-04T12:40:03Z,0.14,NA,DOP,0.004,mg/L,NA,Burn,C,208,208   Burn
P158529-11,Burn_C,SW,GP,SAMP,2025-11-04T12:40:03Z,0.14,NA,PP,0.008,mg/L,NA,Burn,C,208,208   Burn
P158529-10,Burn/Herbicide_C,SW,GP,SAMP,2025-11-04T12:20:01Z,0.13,NA,DOP,0.006,mg/L,NA,Burn/Herbicide,C,208,208   Burn/Herbicide
P158529-10,Burn/Herbicide_C,SW,GP,SAMP,2025-11-04T12:20:01Z,0.13,NA,PP,0.008,mg/L,NA,Burn/Herbicide,C,208,208   Burn/Herbicide
P158529-9,Herbicide_C,SW,GP,SAMP,2025-11-04T12:05:15Z,0.06,NA,DOP,0.006999999999999999,mg/L,NA,Herbicide,C,208,208   Herbicide
P158529-9,Herbicide_C,SW,GP,SAMP,2025-11-04T12:05:15Z,0.06,NA,PP,0.015000000000000001,mg/L,NA,Herbicide,C,208,208   Herbicide
P158529-8,Herbicide_B,SW,GP,SAMP,2025-11-04T11:50:36Z,0.07,NA,DOP,0.006999999999999999,mg/L,NA,Herbicide,B,208,208   Herbicide
P158529-8,Herbicide_B,SW,GP,SAMP,2025-11-04T11:50:36Z,0.07,NA,PP,0.009,mg/L,NA,Herbicide,B,208,208   Herbicide
P158529-7,Burn/Herbicide_B,SW,GP,SAMP,2025-11-04T11:35:19Z,0.08,NA,DOP,0.006,mg/L,NA,Burn/Herbicide,B,208,208   Burn/Herbicide
P158529-7,Burn/Herbicide_B,SW,GP,SAMP,2025-11-04T11:35:19Z,0.08,NA,PP,0.015,mg/L,NA,Burn/Herbicide,B,208,208   Burn/Herbicide
P158529-6,Burn_B,SW,GP,SAMP,2025-11-04T11:20:41Z,0.12,NA,DOP,0.006999999999999999,mg/L,NA,Burn,B,208,208   Burn
P158529-6,Burn_B,SW,GP,SAMP,2025-11-04T11:20:41Z,0.12,NA,PP,0.011000000000000001,mg/L,NA,Burn,B,208,208   Burn
P158529-5,Untreated_B,SW,GP,SAMP,2025-11-04T11:10:09Z,0.05,NA,DOP,0.014000000000000002,mg/L,NA,Untreated,B,208,208   Untreated
P158529-5,Untreated_B,SW,GP,SAMP,2025-11-04T11:10:09Z,0.05,NA,PP,0.015999999999999997,mg/L,NA,Untreated,B,208,208   Untreated
P158529-4,Burn_A,SW,GP,SAMP,2025-11-04T10:50:31Z,0.08,NA,DOP,0.006999999999999999,mg/L,NA,Burn,A,208,208   Burn
P158529-4,Burn_A,SW,GP,SAMP,2025-11-04T10:50:31Z,0.08,NA,PP,0.011000000000000001,mg/L,NA,Burn,A,208,208   Burn
P158529-3,Burn/Herbicide_A,SW,GP,SAMP,2025-11-04T10:35:07Z,0.10,NA,DOP,0.009,mg/L,NA,Burn/Herbicide,A,208,208   Burn/Herbicide
P158529-3,Burn/Herbicide_A,SW,GP,SAMP,2025-11-04T10:35:07Z,0.10,NA,PP,0.022000000000000002,mg/L,NA,Burn/Herbicide,A,208,208   Burn/Herbicide
P158529-2,Herbicide_A,SW,GP,SAMP,2025-11-04T10:20:36Z,0.07,NA,DOP,0.009,mg/L,NA,Herbicide,A,208,208   Herbicide
P158529-2,Herbicide_A,SW,GP,SAMP,2025-11-04T10:20:36Z,0.07,NA,PP,0.013000000000000001,mg/L,NA,Herbicide,A,208,208   Herbicide
P158529-13,Untreated_A,DI,GP,FCEB,2025-11-04T10:00:44Z,NA,NA,DOP,0,mg/L,NA,Untreated,A,208,208   Untreated
P158529-13,Untreated_A,DI,GP,FCEB,2025-11-04T10:00:44Z,NA,NA,PP,0,mg/L,NA,Untreated,A,208,208   Untreated
P158529-1,Untreated_A,SW,GP,SAMP,2025-11-04T09:40:50Z,0.07,NA,DOP,0.012999999999999998,mg/L,NA,Untreated,A,208,208   Untreated
P158529-1,Untreated_A,SW,GP,SAMP,2025-11-04T09:40:50Z,0.07,NA,PP,0.018,mg/L,NA,Untreated,A,208,208   Untreated
P158528-12,Untreated_C,SW,GP,SAMP,2025-10-21T12:35:11Z,0.11,NA,DOP,0.009000000000000001,mg/L,NA,Untreated,C,194,194   Untreated
P158528-12,Untreated_C,SW,GP,SAMP,2025-10-21T12:35:11Z,0.11,NA,PP,0.005999999999999998,mg/L,NA,Untreated,C,194,194   Untreated
P158528-11,Burn_C,SW,GP,SAMP,2025-10-21T12:20:37Z,0.15,NA,DOP,0.005,mg/L,NA,Burn,C,194,194   Burn
P158528-11,Burn_C,SW,GP,SAMP,2025-10-21T12:20:37Z,0.15,NA,PP,0.010000000000000002,mg/L,NA,Burn,C,194,194   Burn
P158528-10,Burn/Herbicide_C,SW,GP,SAMP,2025-10-21T12:05:08Z,0.15,NA,DOP,0.006,mg/L,NA,Burn/Herbicide,C,194,194   Burn/Herbicide
P158528-10,Burn/Herbicide_C,SW,GP,SAMP,2025-10-21T12:05:08Z,0.15,NA,PP,0.008,mg/L,NA,Burn/Herbicide,C,194,194   Burn/Herbicide
P158528-9,Herbicide_C,SW,GP,SAMP,2025-10-21T11:50:19Z,0.08,NA,DOP,0.008,mg/L,NA,Herbicide,C,194,194   Herbicide
P158528-9,Herbicide_C,SW,GP,SAMP,2025-10-21T11:50:19Z,0.08,NA,PP,0.018000000000000002,mg/L,NA,Herbicide,C,194,194   Herbicide
P158528-8,Herbicide_B,SW,GP,SAMP,2025-10-21T11:35:36Z,0.12,NA,DOP,0.008,mg/L,NA,Herbicide,B,194,194   Herbicide
P158528-8,Herbicide_B,SW,GP,SAMP,2025-10-21T11:35:36Z,0.12,NA,PP,0.009,mg/L,NA,Herbicide,B,194,194   Herbicide
P158528-7,Burn/Herbicide_B,SW,GP,SAMP,2025-10-21T11:20:28Z,0.12,NA,DOP,0.009000000000000001,mg/L,NA,Burn/Herbicide,B,194,194   Burn/Herbicide
P158528-7,Burn/Herbicide_B,SW,GP,SAMP,2025-10-21T11:20:28Z,0.12,NA,PP,0.01,mg/L,NA,Burn/Herbicide,B,194,194   Burn/Herbicide
P158528-6,Burn_B,SW,GP,SAMP,2025-10-21T11:05:41Z,0.18,NA,DOP,0.008,mg/L,NA,Burn,B,194,194   Burn
P158528-6,Burn_B,SW,GP,SAMP,2025-10-21T11:05:41Z,0.18,NA,PP,0.005000000000000001,mg/L,NA,Burn,B,194,194   Burn
P158528-5,Untreated_B,SW,GP,SAMP,2025-10-21T10:50:30Z,0.10,NA,DOP,0.009999999999999998,mg/L,NA,Untreated,B,194,194   Untreated
P158528-5,Untreated_B,SW,GP,SAMP,2025-10-21T10:50:30Z,0.10,NA,PP,0.0050000000000000044,mg/L,NA,Untreated,B,194,194   Untreated
P158528-4,Burn_A,SW,GP,SAMP,2025-10-21T10:35:52Z,0.11,NA,DOP,0.008,mg/L,NA,Burn,A,194,194   Burn
P158528-4,Burn_A,SW,GP,SAMP,2025-10-21T10:35:52Z,0.11,NA,PP,0.007999999999999998,mg/L,NA,Burn,A,194,194   Burn
P158528-3,Burn/Herbicide_A,SW,GP,SAMP,2025-10-21T10:20:41Z,0.13,NA,DOP,0.006999999999999999,mg/L,NA,Burn/Herbicide,A,194,194   Burn/Herbicide
P158528-3,Burn/Herbicide_A,SW,GP,SAMP,2025-10-21T10:20:41Z,0.13,NA,PP,0.008000000000000002,mg/L,NA,Burn/Herbicide,A,194,194   Burn/Herbicide
P158528-2,Herbicide_A,SW,GP,SAMP,2025-10-21T10:05:50Z,0.13,NA,DOP,0.008,mg/L,NA,Herbicide,A,194,194   Herbicide
P158528-2,Herbicide_A,SW,GP,SAMP,2025-10-21T10:05:50Z,0.13,NA,PP,0.011,mg/L,NA,Herbicide,A,194,194   Herbicide
P158528-13,Untreated_A,DI,GP,FCEB,2025-10-21T10:00:28Z,NA,NA,DOP,0,mg/L,DI 8316 through peristaltic pump tubing to bucket to sample bottles. Filter lot 18129111. SA lot 072823. Tray Dustin D. Bucket Dexter.,Untreated,A,194,194   Untreated
P158528-13,Untreated_A,DI,GP,FCEB,2025-10-21T10:00:28Z,NA,NA,PP,0,mg/L,DI 8316 through peristaltic pump tubing to bucket to sample bottles. Filter lot 18129111. SA lot 072823. Tray Dustin D. Bucket Dexter.,Untreated,A,194,194   Untreated
P158528-1,Untreated_A,SW,GP,SAMP,2025-10-21T09:45:05Z,0.11,NA,DOP,0.011999999999999997,mg/L,NA,Untreated,A,194,194   Untreated
P158528-1,Untreated_A,SW,GP,SAMP,2025-10-21T09:45:05Z,0.11,NA,PP,0.0050000000000000044,mg/L,NA,Untreated,A,194,194   Untreated
P158527-12,Untreated_C,SW,GP,SAMP,2025-10-08T12:40:10Z,0.11,NA,DOP,0.008,mg/L,NA,Untreated,C,181,181   Untreated
P158527-12,Untreated_C,SW,GP,SAMP,2025-10-08T12:40:10Z,0.11,NA,PP,0.005000000000000001,mg/L,NA,Untreated,C,181,181   Untreated
P158527-11,Burn_C,SW,GP,SAMP,2025-10-08T12:22:10Z,0.16,NA,DOP,0.005,mg/L,NA,Burn,C,181,181   Burn
P158527-11,Burn_C,SW,GP,SAMP,2025-10-08T12:22:10Z,0.16,NA,PP,0.005999999999999999,mg/L,NA,Burn,C,181,181   Burn
P158527-10,Burn/Herbicide_C,SW,GP,SAMP,2025-10-08T12:06:34Z,0.16,NA,DOP,0.006,mg/L,NA,Burn/Herbicide,C,181,181   Burn/Herbicide
P158527-10,Burn/Herbicide_C,SW,GP,SAMP,2025-10-08T12:06:34Z,0.16,NA,PP,0.008,mg/L,NA,Burn/Herbicide,C,181,181   Burn/Herbicide
P158527-9,Herbicide_C,SW,GP,SAMP,2025-10-08T11:53:09Z,0.07,NA,DOP,0.005,mg/L,NA,Herbicide,C,181,181   Herbicide
P158527-9,Herbicide_C,SW,GP,SAMP,2025-10-08T11:53:09Z,0.07,NA,PP,0.014,mg/L,NA,Herbicide,C,181,181   Herbicide
P158527-8,Herbicide_B,SW,GP,SAMP,2025-10-08T11:35:26Z,0.11,NA,DOP,0.008,mg/L,NA,Herbicide,B,181,181   Herbicide
P158527-8,Herbicide_B,SW,GP,SAMP,2025-10-08T11:35:26Z,0.11,NA,PP,0.007000000000000001,mg/L,NA,Herbicide,B,181,181   Herbicide
P158527-7,Burn/Herbicide_B,SW,GP,SAMP,2025-10-08T11:27:11Z,0.12,NA,DOP,0.008,mg/L,NA,Burn/Herbicide,B,181,181   Burn/Herbicide
P158527-7,Burn/Herbicide_B,SW,GP,SAMP,2025-10-08T11:27:11Z,0.12,NA,PP,0.009999999999999998,mg/L,NA,Burn/Herbicide,B,181,181   Burn/Herbicide
P158527-6,Burn_B,SW,GP,SAMP,2025-10-08T11:14:30Z,0.17,NA,DOP,0.007,mg/L,NA,Burn,B,181,181   Burn
P158527-6,Burn_B,SW,GP,SAMP,2025-10-08T11:14:30Z,0.17,NA,PP,0.004999999999999999,mg/L,NA,Burn,B,181,181   Burn
P158527-5,Untreated_B,SW,GP,SAMP,2025-10-08T11:00:57Z,0.07,NA,DOP,0.01,mg/L,NA,Untreated,B,181,181   Untreated
P158527-5,Untreated_B,SW,GP,SAMP,2025-10-08T11:00:57Z,0.07,NA,PP,0.005999999999999998,mg/L,NA,Untreated,B,181,181   Untreated
P158527-4,Burn_A,SW,GP,SAMP,2025-10-08T10:47:30Z,0.09,NA,DOP,0.006,mg/L,NA,Burn,A,181,181   Burn
P158527-4,Burn_A,SW,GP,SAMP,2025-10-08T10:47:30Z,0.09,NA,PP,0.008,mg/L,NA,Burn,A,181,181   Burn
P158527-3,Burn/Herbicide_A,SW,GP,SAMP,2025-10-08T10:35:27Z,0.19,NA,DOP,0.008,mg/L,NA,Burn/Herbicide,A,181,181   Burn/Herbicide
P158527-3,Burn/Herbicide_A,SW,GP,SAMP,2025-10-08T10:35:27Z,0.19,NA,PP,0.007999999999999998,mg/L,NA,Burn/Herbicide,A,181,181   Burn/Herbicide
P158527-2,Herbicide_A,SW,GP,SAMP,2025-10-08T10:20:58Z,0.14,NA,DOP,0.009,mg/L,NA,Herbicide,A,181,181   Herbicide
P158527-2,Herbicide_A,SW,GP,SAMP,2025-10-08T10:20:58Z,0.14,NA,PP,0.01,mg/L,NA,Herbicide,A,181,181   Herbicide
P158527-13,Untreated_A,DI,GP,FCEB,2025-10-08T10:09:58Z,NA,NA,DOP,0,mg/L,NA,Untreated,A,181,181   Untreated
P158527-13,Untreated_A,DI,GP,FCEB,2025-10-08T10:09:58Z,NA,NA,PP,0,mg/L,NA,Untreated,A,181,181   Untreated
P158527-1,Untreated_A,SW,GP,SAMP,2025-10-08T09:55:00Z,0.08,NA,DOP,0.011,mg/L,NA,Untreated,A,181,181   Untreated
P158527-1,Untreated_A,SW,GP,SAMP,2025-10-08T09:55:00Z,0.08,NA,PP,0.006000000000000002,mg/L,NA,Untreated,A,181,181   Untreated
P158519-12,Untreated_C,SW,GP,SAMP,2025-09-24T12:40:59Z,0.17,NA,DOP,0.006,mg/L,NA,Untreated,C,167,167   Untreated
P158519-12,Untreated_C,SW,GP,SAMP,2025-09-24T12:40:59Z,0.17,NA,PP,0.004999999999999999,mg/L,NA,Untreated,C,167,167   Untreated
P158519-7,Burn/Herbicide_B,SW,GP,SAMP,2025-09-24T12:30:03Z,0.13,NA,DOP,0.008,mg/L,NA,Burn/Herbicide,B,167,167   Burn/Herbicide
P158519-7,Burn/Herbicide_B,SW,GP,SAMP,2025-09-24T12:30:03Z,0.13,NA,PP,0.006,mg/L,NA,Burn/Herbicide,B,167,167   Burn/Herbicide
P158519-11,Burn_C,SW,GP,SAMP,2025-09-24T12:25:25Z,0.20,NA,DOP,0.005,mg/L,NA,Burn,C,167,167   Burn
P158519-11,Burn_C,SW,GP,SAMP,2025-09-24T12:25:25Z,0.20,NA,PP,0.005,mg/L,NA,Burn,C,167,167   Burn
P158519-10,Burn/Herbicide_C,SW,GP,SAMP,2025-09-24T12:15:20Z,0.18,NA,DOP,0.006999999999999999,mg/L,NA,Burn/Herbicide,C,167,167   Burn/Herbicide
P158519-10,Burn/Herbicide_C,SW,GP,SAMP,2025-09-24T12:15:20Z,0.18,NA,PP,0.007000000000000001,mg/L,NA,Burn/Herbicide,C,167,167   Burn/Herbicide
P158519-9,Herbicide_C,SW,GP,SAMP,2025-09-24T12:00:09Z,0.12,NA,DOP,0.008,mg/L,NA,Herbicide,C,167,167   Herbicide
P158519-9,Herbicide_C,SW,GP,SAMP,2025-09-24T12:00:09Z,0.12,NA,PP,0.006,mg/L,NA,Herbicide,C,167,167   Herbicide
P158519-8,Herbicide_B,SW,GP,SAMP,2025-09-24T11:50:35Z,0.13,NA,DOP,0.009,mg/L,NA,Herbicide,B,167,167   Herbicide
P158519-8,Herbicide_B,SW,GP,SAMP,2025-09-24T11:50:35Z,0.13,NA,PP,0.005000000000000001,mg/L,NA,Herbicide,B,167,167   Herbicide
P158519-6,Burn_B,SW,GP,SAMP,2025-09-24T11:20:51Z,0.18,NA,DOP,0.006999999999999999,mg/L,NA,Burn,B,167,167   Burn
P158519-6,Burn_B,SW,GP,SAMP,2025-09-24T11:20:51Z,0.18,NA,PP,0.005000000000000001,mg/L,NA,Burn,B,167,167   Burn
P158519-5,Untreated_B,SW,GP,SAMP,2025-09-24T11:00:26Z,0.12,NA,DOP,0.011,mg/L,NA,Untreated,B,167,167   Untreated
P158519-5,Untreated_B,SW,GP,SAMP,2025-09-24T11:00:26Z,0.12,NA,PP,0.005999999999999998,mg/L,NA,Untreated,B,167,167   Untreated
P158519-4,Burn_A,SW,GP,SAMP,2025-09-24T10:45:40Z,0.13,NA,DOP,0.006999999999999999,mg/L,NA,Burn,A,167,167   Burn
P158519-4,Burn_A,SW,GP,SAMP,2025-09-24T10:45:40Z,0.13,NA,PP,0.007000000000000001,mg/L,NA,Burn,A,167,167   Burn
P158519-3,Burn/Herbicide_A,SW,GP,SAMP,2025-09-24T10:30:48Z,0.17,NA,DOP,0.008,mg/L,NA,Burn/Herbicide,A,167,167   Burn/Herbicide
P158519-3,Burn/Herbicide_A,SW,GP,SAMP,2025-09-24T10:30:48Z,0.17,NA,PP,0.004999999999999999,mg/L,NA,Burn/Herbicide,A,167,167   Burn/Herbicide
P158519-2,Herbicide_A,SW,GP,SAMP,2025-09-24T10:15:05Z,0.14,NA,DOP,0.009,mg/L,NA,Herbicide,A,167,167   Herbicide
P158519-2,Herbicide_A,SW,GP,SAMP,2025-09-24T10:15:05Z,0.14,NA,PP,0.005000000000000001,mg/L,NA,Herbicide,A,167,167   Herbicide
P158519-13,Untreated_A,DI,GP,FCEB,2025-09-24T10:00:34Z,NA,NA,DOP,0,mg/L,NA,Untreated,A,167,167   Untreated
P158519-13,Untreated_A,DI,GP,FCEB,2025-09-24T10:00:34Z,NA,NA,PP,0,mg/L,NA,Untreated,A,167,167   Untreated
P158519-1,Untreated_A,SW,GP,SAMP,2025-09-24T09:50:11Z,0.11,NA,DOP,0.01,mg/L,NA,Untreated,A,167,167   Untreated
P158519-1,Untreated_A,SW,GP,SAMP,2025-09-24T09:50:11Z,0.11,NA,PP,0.005999999999999998,mg/L,NA,Untreated,A,167,167   Untreated
P158402-12,Untreated_C,SW,GP,SAMP,2025-09-09T12:34:00Z,0.17,NA,DOP,0.002,mg/L,NA,Untreated,C,152,152   Untreated
P158402-12,Untreated_C,SW,GP,SAMP,2025-09-09T12:34:00Z,0.17,NA,PP,0.005,mg/L,NA,Untreated,C,152,152   Untreated
P158402-11,Burn_C,SW,GP,SAMP,2025-09-09T12:24:00Z,0.12,NA,DOP,0.006,mg/L,NA,Burn,C,152,152   Burn
P158402-11,Burn_C,SW,GP,SAMP,2025-09-09T12:24:00Z,0.12,NA,PP,0.004,mg/L,NA,Burn,C,152,152   Burn
P158402-10,Burn/Herbicide_C,SW,GP,SAMP,2025-09-09T12:14:00Z,0.2,NA,DOP,0.006,mg/L,NA,Burn/Herbicide,C,152,152   Burn/Herbicide
P158402-10,Burn/Herbicide_C,SW,GP,SAMP,2025-09-09T12:14:00Z,0.2,NA,PP,0.004999999999999999,mg/L,NA,Burn/Herbicide,C,152,152   Burn/Herbicide
P158402-9,Herbicide_C,SW,GP,SAMP,2025-09-09T12:02:00Z,0.13,NA,DOP,0.005,mg/L,NA,Herbicide,C,152,152   Herbicide
P158402-9,Herbicide_C,SW,GP,SAMP,2025-09-09T12:02:00Z,0.13,NA,PP,0.004,mg/L,NA,Herbicide,C,152,152   Herbicide
P158402-8,Herbicide_B,SW,GP,SAMP,2025-09-09T11:50:00Z,0.15,NA,DOP,0.006999999999999999,mg/L,NA,Herbicide,B,152,152   Herbicide
P158402-8,Herbicide_B,SW,GP,SAMP,2025-09-09T11:50:00Z,0.15,NA,PP,0.004,mg/L,NA,Herbicide,B,152,152   Herbicide
P158402-7,Burn/Herbicide_B,SW,GP,SAMP,2025-09-09T11:32:00Z,0.15,NA,DOP,0.002999999999999999,mg/L,NA,Burn/Herbicide,B,152,152   Burn/Herbicide
P158402-7,Burn/Herbicide_B,SW,GP,SAMP,2025-09-09T11:32:00Z,0.15,NA,PP,0.005000000000000001,mg/L,NA,Burn/Herbicide,B,152,152   Burn/Herbicide
P158402-5,Untreated_B,SW,GP,SAMP,2025-09-09T11:17:00Z,0.12,NA,DOP,0.01,mg/L,NA,Untreated,B,152,152   Untreated
P158402-5,Untreated_B,SW,GP,SAMP,2025-09-09T11:17:00Z,0.12,NA,PP,0.002999999999999999,mg/L,NA,Untreated,B,152,152   Untreated
P158402-6,Burn_B,SW,GP,SAMP,2025-09-09T11:00:00Z,0.21,NA,DOP,0.006,mg/L,NA,Burn,B,152,152   Burn
P158402-6,Burn_B,SW,GP,SAMP,2025-09-09T11:00:00Z,0.21,NA,PP,0.004,mg/L,NA,Burn,B,152,152   Burn
P158402-4,Burn_A,SW,GP,SAMP,2025-09-09T10:44:00Z,0.13,NA,DOP,0.006,mg/L,NA,Burn,A,152,152   Burn
P158402-4,Burn_A,SW,GP,SAMP,2025-09-09T10:44:00Z,0.13,NA,PP,0.004999999999999999,mg/L,NA,Burn,A,152,152   Burn
P158402-3,Burn/Herbicide_A,SW,GP,SAMP,2025-09-09T10:33:00Z,0.13,NA,DOP,0.006,mg/L,NA,Burn/Herbicide,A,152,152   Burn/Herbicide
P158402-3,Burn/Herbicide_A,SW,GP,SAMP,2025-09-09T10:33:00Z,0.13,NA,PP,0.004999999999999999,mg/L,NA,Burn/Herbicide,A,152,152   Burn/Herbicide
P158402-2,Herbicide_A,SW,GP,SAMP,2025-09-09T10:20:00Z,0.13,NA,DOP,0.006,mg/L,NA,Herbicide,A,152,152   Herbicide
P158402-2,Herbicide_A,SW,GP,SAMP,2025-09-09T10:20:00Z,0.13,NA,PP,0.004999999999999999,mg/L,NA,Herbicide,A,152,152   Herbicide
P158402-13,Untreated_A,DI,GP,FCEB,2025-09-09T10:07:00Z,NA,NA,DOP,0,mg/L,NA,Untreated,A,152,152   Untreated
P158402-13,Untreated_A,DI,GP,FCEB,2025-09-09T10:07:00Z,NA,NA,PP,0,mg/L,NA,Untreated,A,152,152   Untreated
P158402-1,Untreated_A,SW,GP,SAMP,2025-09-09T09:55:00Z,0.13,NA,DOP,0.007,mg/L,NA,Untreated,A,152,152   Untreated
P158402-1,Untreated_A,SW,GP,SAMP,2025-09-09T09:55:00Z,0.13,NA,PP,0.004999999999999999,mg/L,NA,Untreated,A,152,152   Untreated
P158401-12,Untreated_C,SW,GP,SAMP,2025-08-26T12:25:00Z,0.14,NA,DOP,0.008,mg/L,NA,Untreated,C,138,138   Untreated
P158401-12,Untreated_C,SW,GP,SAMP,2025-08-26T12:25:00Z,0.14,NA,PP,0.014,mg/L,NA,Untreated,C,138,138   Untreated
P158401-11,Burn_C,SW,GP,SAMP,2025-08-26T12:15:00Z,0.15,NA,DOP,0.006999999999999999,mg/L,NA,Burn,C,138,138   Burn
P158401-11,Burn_C,SW,GP,SAMP,2025-08-26T12:15:00Z,0.15,NA,PP,0.011000000000000001,mg/L,NA,Burn,C,138,138   Burn
P158401-10,Burn/Herbicide_C,SW,GP,SAMP,2025-08-26T12:00:00Z,0.15,NA,DOP,0.006,mg/L,NA,Burn/Herbicide,C,138,138   Burn/Herbicide
P158401-10,Burn/Herbicide_C,SW,GP,SAMP,2025-08-26T12:00:00Z,0.15,NA,PP,0.011,mg/L,NA,Burn/Herbicide,C,138,138   Burn/Herbicide
P158401-9,Herbicide_C,SW,GP,SAMP,2025-08-26T11:45:00Z,0.09,NA,DOP,0.009,mg/L,NA,Herbicide,C,138,138   Herbicide
P158401-9,Herbicide_C,SW,GP,SAMP,2025-08-26T11:45:00Z,0.09,NA,PP,0.019,mg/L,NA,Herbicide,C,138,138   Herbicide
P158401-8,Herbicide_B,SW,GP,SAMP,2025-08-26T11:35:00Z,0.07,NA,DOP,0.008,mg/L,NA,Herbicide,B,138,138   Herbicide
P158401-8,Herbicide_B,SW,GP,SAMP,2025-08-26T11:35:00Z,0.07,NA,PP,0.016,mg/L,NA,Herbicide,B,138,138   Herbicide
P158401-7,Burn/Herbicide_B,SW,GP,SAMP,2025-08-26T11:25:00Z,0.16,NA,DOP,0.006999999999999999,mg/L,NA,Burn/Herbicide,B,138,138   Burn/Herbicide
P158401-7,Burn/Herbicide_B,SW,GP,SAMP,2025-08-26T11:25:00Z,0.16,NA,PP,0.011000000000000001,mg/L,NA,Burn/Herbicide,B,138,138   Burn/Herbicide
P158401-6,Burn_B,SW,GP,SAMP,2025-08-26T11:10:00Z,0.11,NA,DOP,0.006999999999999999,mg/L,NA,Burn,B,138,138   Burn
P158401-6,Burn_B,SW,GP,SAMP,2025-08-26T11:10:00Z,0.11,NA,PP,0.011000000000000001,mg/L,NA,Burn,B,138,138   Burn
P158401-5,Untreated_B,SW,GP,SAMP,2025-08-26T10:55:00Z,0.11,NA,DOP,0.012,mg/L,NA,Untreated,B,138,138   Untreated
P158401-5,Untreated_B,SW,GP,SAMP,2025-08-26T10:55:00Z,0.11,NA,PP,0.013000000000000001,mg/L,NA,Untreated,B,138,138   Untreated
P158401-4,Burn_A,SW,GP,SAMP,2025-08-26T10:45:00Z,0.11,NA,DOP,0.006999999999999999,mg/L,NA,Burn,A,138,138   Burn
P158401-4,Burn_A,SW,GP,SAMP,2025-08-26T10:45:00Z,0.11,NA,PP,0.013,mg/L,NA,Burn,A,138,138   Burn
P158401-3,Burn/Herbicide_A,SW,GP,SAMP,2025-08-26T10:30:00Z,0.16,NA,DOP,0.006999999999999999,mg/L,NA,Burn/Herbicide,A,138,138   Burn/Herbicide
P158401-3,Burn/Herbicide_A,SW,GP,SAMP,2025-08-26T10:30:00Z,0.16,NA,PP,0.012000000000000002,mg/L,NA,Burn/Herbicide,A,138,138   Burn/Herbicide
P158401-2,Herbicide_A,SW,GP,SAMP,2025-08-26T10:15:00Z,0.15,NA,DOP,0.006999999999999999,mg/L,NA,Herbicide,A,138,138   Herbicide
P158401-2,Herbicide_A,SW,GP,SAMP,2025-08-26T10:15:00Z,0.15,NA,PP,0.011000000000000001,mg/L,NA,Herbicide,A,138,138   Herbicide
P158401-13,Untreated_A,DI,GP,FCEB,2025-08-26T10:00:00Z,NA,NA,DOP,0,mg/L,NA,Untreated,A,138,138   Untreated
P158401-13,Untreated_A,DI,GP,FCEB,2025-08-26T10:00:00Z,NA,NA,PP,0,mg/L,NA,Untreated,A,138,138   Untreated
P158401-1,Untreated_A,SW,GP,SAMP,2025-08-26T09:50:00Z,0.07,NA,DOP,0.01,mg/L,NA,Untreated,A,138,138   Untreated
P158401-1,Untreated_A,SW,GP,SAMP,2025-08-26T09:50:00Z,0.07,NA,PP,0.009999999999999998,mg/L,NA,Untreated,A,138,138   Untreated
P160184-12,Untreated_C,SW,GP,SAMP,2025-08-12T12:50:00Z,0.08,NA,DOP,0.008,mg/L,NA,Untreated,C,124,124   Untreated
P160184-12,Untreated_C,SW,GP,SAMP,2025-08-12T12:50:00Z,0.08,NA,PP,0.01,mg/L,NA,Untreated,C,124,124   Untreated
P160184-11,Burn_C,SW,GP,SAMP,2025-08-12T12:35:00Z,0.07,NA,DOP,0.006,mg/L,NA,Burn,C,124,124   Burn
P160184-11,Burn_C,SW,GP,SAMP,2025-08-12T12:35:00Z,0.07,NA,PP,0.012,mg/L,NA,Burn,C,124,124   Burn
P160184-10,Burn/Herbicide_C,SW,GP,SAMP,2025-08-12T12:20:00Z,0.09,NA,DOP,0.004999999999999999,mg/L,NA,Burn/Herbicide,C,124,124   Burn/Herbicide
P160184-10,Burn/Herbicide_C,SW,GP,SAMP,2025-08-12T12:20:00Z,0.09,NA,PP,0.011000000000000001,mg/L,NA,Burn/Herbicide,C,124,124   Burn/Herbicide
P160184-9,Herbicide_C,SW,GP,SAMP,2025-08-12T12:10:00Z,0.03,NA,DOP,0.009,mg/L,NA,Herbicide,C,124,124   Herbicide
P160184-9,Herbicide_C,SW,GP,SAMP,2025-08-12T12:10:00Z,0.03,NA,PP,0.015,mg/L,NA,Herbicide,C,124,124   Herbicide
P160184-8,Herbicide_B,SW,GP,SAMP,2025-08-12T12:00:00Z,0.04,NA,DOP,0.006999999999999999,mg/L,NA,Herbicide,B,124,124   Herbicide
P160184-8,Herbicide_B,SW,GP,SAMP,2025-08-12T12:00:00Z,0.04,NA,PP,0.017,mg/L,NA,Herbicide,B,124,124   Herbicide
P160184-7,Burn/Herbicide_B,SW,GP,SAMP,2025-08-12T11:40:00Z,0.05,NA,DOP,0.009,mg/L,NA,Burn/Herbicide,B,124,124   Burn/Herbicide
P160184-7,Burn/Herbicide_B,SW,GP,SAMP,2025-08-12T11:40:00Z,0.05,NA,PP,0.017,mg/L,NA,Burn/Herbicide,B,124,124   Burn/Herbicide
P160184-6,Burn_B,SW,GP,SAMP,2025-08-12T11:20:00Z,0.08,NA,DOP,0.008,mg/L,NA,Burn,B,124,124   Burn
P160184-6,Burn_B,SW,GP,SAMP,2025-08-12T11:20:00Z,0.08,NA,PP,0.016,mg/L,NA,Burn,B,124,124   Burn
P160184-5,Untreated_B,SW,GP,SAMP,2025-08-12T11:10:00Z,0.05,NA,DOP,0.009,mg/L,NA,Untreated,B,124,124   Untreated
P160184-5,Untreated_B,SW,GP,SAMP,2025-08-12T11:10:00Z,0.05,NA,PP,0.014,mg/L,NA,Untreated,B,124,124   Untreated
P160184-4,Burn_A,SW,GP,SAMP,2025-08-12T10:50:00Z,0.08,NA,DOP,0.006999999999999999,mg/L,NA,Burn,A,124,124   Burn
P160184-4,Burn_A,SW,GP,SAMP,2025-08-12T10:50:00Z,0.08,NA,PP,0.013,mg/L,NA,Burn,A,124,124   Burn
P160184-3,Burn/Herbicide_A,SW,GP,SAMP,2025-08-12T10:35:00Z,0.05,NA,DOP,0.006999999999999999,mg/L,NA,Burn/Herbicide,A,124,124   Burn/Herbicide
P160184-3,Burn/Herbicide_A,SW,GP,SAMP,2025-08-12T10:35:00Z,0.05,NA,PP,0.014,mg/L,NA,Burn/Herbicide,A,124,124   Burn/Herbicide
P160184-2,Herbicide_A,SW,GP,SAMP,2025-08-12T10:25:00Z,0.10,NA,DOP,0.008,mg/L,NA,Herbicide,A,124,124   Herbicide
P160184-2,Herbicide_A,SW,GP,SAMP,2025-08-12T10:25:00Z,0.10,NA,PP,0.013,mg/L,NA,Herbicide,A,124,124   Herbicide
P160184-13,Untreated_A,DI,GP,FCEB,2025-08-12T10:08:00Z,NA,NA,DOP,0,mg/L,NA,Untreated,A,124,124   Untreated
P160184-13,Untreated_A,DI,GP,FCEB,2025-08-12T10:08:00Z,NA,NA,PP,0,mg/L,NA,Untreated,A,124,124   Untreated
P160184-1,Untreated_A,SW,GP,SAMP,2025-08-12T10:00:00Z,0.06,NA,DOP,0.009,mg/L,NA,Untreated,A,124,124   Untreated
P160184-1,Untreated_A,SW,GP,SAMP,2025-08-12T10:00:00Z,0.06,NA,PP,0.019,mg/L,NA,Untreated,A,124,124   Untreated
P158400-12,Untreated_C,SW,GP,SAMP,2025-07-30T12:45:00Z,0.08,NA,DOP,0.006,mg/L,NA,Untreated,C,111,111   Untreated
P158400-12,Untreated_C,SW,GP,SAMP,2025-07-30T12:45:00Z,0.08,NA,PP,0.006999999999999999,mg/L,NA,Untreated,C,111,111   Untreated
P158400-11,Burn_C,SW,GP,SAMP,2025-07-30T12:32:00Z,0.06,NA,DOP,0.005,mg/L,NA,Burn,C,111,111   Burn
P158400-11,Burn_C,SW,GP,SAMP,2025-07-30T12:32:00Z,0.06,NA,PP,0.005999999999999999,mg/L,NA,Burn,C,111,111   Burn
P158400-10,Burn/Herbicide_C,SW,GP,SAMP,2025-07-30T12:20:00Z,0.1,NA,DOP,0.005,mg/L,NA,Burn/Herbicide,C,111,111   Burn/Herbicide
P158400-10,Burn/Herbicide_C,SW,GP,SAMP,2025-07-30T12:20:00Z,0.1,NA,PP,0.005,mg/L,NA,Burn/Herbicide,C,111,111   Burn/Herbicide
P158400-9,Herbicide_C,SW,GP,SAMP,2025-07-30T12:05:00Z,0.07,NA,DOP,0.006999999999999999,mg/L,NA,Herbicide,C,111,111   Herbicide
P158400-9,Herbicide_C,SW,GP,SAMP,2025-07-30T12:05:00Z,0.07,NA,PP,0.012000000000000002,mg/L,NA,Herbicide,C,111,111   Herbicide
P158400-8,Herbicide_B,SW,GP,SAMP,2025-07-30T11:48:00Z,0.07,NA,DOP,0.008,mg/L,NA,Herbicide,B,111,111   Herbicide
P158400-8,Herbicide_B,SW,GP,SAMP,2025-07-30T11:48:00Z,0.07,NA,PP,0.009,mg/L,NA,Herbicide,B,111,111   Herbicide
P158400-7,Burn/Herbicide_B,SW,GP,SAMP,2025-07-30T11:36:00Z,0.1,NA,DOP,0.004,mg/L,NA,Burn/Herbicide,B,111,111   Burn/Herbicide
P158400-7,Burn/Herbicide_B,SW,GP,SAMP,2025-07-30T11:36:00Z,0.1,NA,PP,0.009,mg/L,NA,Burn/Herbicide,B,111,111   Burn/Herbicide
P158400-6,Burn_B,SW,GP,SAMP,2025-07-30T11:22:00Z,0.1,NA,DOP,0.004,mg/L,NA,Burn,B,111,111   Burn
P158400-6,Burn_B,SW,GP,SAMP,2025-07-30T11:22:00Z,0.1,NA,PP,0.004999999999999999,mg/L,NA,Burn,B,111,111   Burn
P158400-5,Untreated_B,SW,GP,SAMP,2025-07-30T11:07:00Z,0.06,NA,DOP,0.008,mg/L,NA,Untreated,B,111,111   Untreated
P158400-5,Untreated_B,SW,GP,SAMP,2025-07-30T11:07:00Z,0.06,NA,PP,0.006000000000000002,mg/L,NA,Untreated,B,111,111   Untreated
P158400-4,Burn_A,SW,GP,SAMP,2025-07-30T10:56:00Z,0.09,NA,DOP,0.004,mg/L,NA,Burn,A,111,111   Burn
P158400-4,Burn_A,SW,GP,SAMP,2025-07-30T10:56:00Z,0.09,NA,PP,0.01,mg/L,NA,Burn,A,111,111   Burn
P158400-3,Burn/Herbicide_A,SW,GP,SAMP,2025-07-30T10:42:00Z,0.12,NA,DOP,0.004,mg/L,NA,Burn/Herbicide,A,111,111   Burn/Herbicide
P158400-3,Burn/Herbicide_A,SW,GP,SAMP,2025-07-30T10:42:00Z,0.12,NA,PP,0.009,mg/L,NA,Burn/Herbicide,A,111,111   Burn/Herbicide
P158400-2,Herbicide_A,SW,GP,SAMP,2025-07-30T10:28:00Z,0.09,NA,DOP,0.005,mg/L,NA,Herbicide,A,111,111   Herbicide
P158400-2,Herbicide_A,SW,GP,SAMP,2025-07-30T10:28:00Z,0.09,NA,PP,0.007,mg/L,NA,Herbicide,A,111,111   Herbicide
P158400-13,Untreated_A,DI,GP,FCEB,2025-07-30T10:18:00Z,NA,NA,DOP,0,mg/L,NA,Untreated,A,111,111   Untreated
P158400-13,Untreated_A,DI,GP,FCEB,2025-07-30T10:18:00Z,NA,NA,PP,0,mg/L,NA,Untreated,A,111,111   Untreated
P158400-1,Untreated_A,SW,GP,SAMP,2025-07-30T10:00:00Z,0.07,NA,DOP,0.008,mg/L,NA,Untreated,A,111,111   Untreated
P158400-1,Untreated_A,SW,GP,SAMP,2025-07-30T10:00:00Z,0.07,NA,PP,0.006000000000000002,mg/L,NA,Untreated,A,111,111   Untreated
P158399-12,Untreated_C,SW,GP,SAMP,2025-07-15T11:45:00Z,0.17,NA,DOP,0.006999999999999999,mg/L,NA,Untreated,C,96,96   Untreated
P158399-12,Untreated_C,SW,GP,SAMP,2025-07-15T11:45:00Z,0.17,NA,PP,0.006,mg/L,NA,Untreated,C,96,96   Untreated
P158399-11,Burn_C,SW,GP,SAMP,2025-07-15T11:35:00Z,0.14,NA,DOP,0.005,mg/L,NA,Burn,C,96,96   Burn
P158399-11,Burn_C,SW,GP,SAMP,2025-07-15T11:35:00Z,0.14,NA,PP,0.008,mg/L,NA,Burn,C,96,96   Burn
P158399-10,Burn/Herbicide_C,SW,GP,SAMP,2025-07-15T11:20:00Z,0.20,NA,DOP,0.005,mg/L,NA,Burn/Herbicide,C,96,96   Burn/Herbicide
P158399-10,Burn/Herbicide_C,SW,GP,SAMP,2025-07-15T11:20:00Z,0.20,NA,PP,0.008,mg/L,NA,Burn/Herbicide,C,96,96   Burn/Herbicide
P158399-9,Herbicide_C,SW,GP,SAMP,2025-07-15T11:10:00Z,0.14,NA,DOP,0.008,mg/L,NA,Herbicide,C,96,96   Herbicide
P158399-9,Herbicide_C,SW,GP,SAMP,2025-07-15T11:10:00Z,0.14,NA,PP,0.007999999999999998,mg/L,NA,Herbicide,C,96,96   Herbicide
P158399-8,Herbicide_B,SW,GP,SAMP,2025-07-15T10:55:00Z,0.18,NA,DOP,0.006999999999999999,mg/L,NA,Herbicide,B,96,96   Herbicide
P158399-8,Herbicide_B,SW,GP,SAMP,2025-07-15T10:55:00Z,0.18,NA,PP,0.007000000000000001,mg/L,NA,Herbicide,B,96,96   Herbicide
P158399-7,Burn/Herbicide_B,SW,GP,SAMP,2025-07-15T10:40:00Z,0.16,NA,DOP,0.005,mg/L,NA,Burn/Herbicide,B,96,96   Burn/Herbicide
P158399-7,Burn/Herbicide_B,SW,GP,SAMP,2025-07-15T10:40:00Z,0.16,NA,PP,0.008,mg/L,NA,Burn/Herbicide,B,96,96   Burn/Herbicide
P158399-6,Burn_B,SW,GP,SAMP,2025-07-15T10:30:00Z,0.17,NA,DOP,0.006,mg/L,NA,Burn,B,96,96   Burn
P158399-6,Burn_B,SW,GP,SAMP,2025-07-15T10:30:00Z,0.17,NA,PP,0.006999999999999999,mg/L,NA,Burn,B,96,96   Burn
P158399-5,Untreated_B,SW,GP,SAMP,2025-07-15T10:15:00Z,0.13,NA,DOP,0.008,mg/L,NA,Untreated,B,96,96   Untreated
P158399-5,Untreated_B,SW,GP,SAMP,2025-07-15T10:15:00Z,0.13,NA,PP,0.007999999999999998,mg/L,NA,Untreated,B,96,96   Untreated
P158399-4,Burn_A,SW,GP,SAMP,2025-07-15T10:00:00Z,0.17,NA,DOP,0.006,mg/L,NA,Burn,A,96,96   Burn
P158399-4,Burn_A,SW,GP,SAMP,2025-07-15T10:00:00Z,0.17,NA,PP,0.008,mg/L,NA,Burn,A,96,96   Burn
P158399-3,Burn/Herbicide_A,SW,GP,SAMP,2025-07-15T09:50:00Z,0.18,NA,DOP,0.005,mg/L,NA,Burn/Herbicide,A,96,96   Burn/Herbicide
P158399-3,Burn/Herbicide_A,SW,GP,SAMP,2025-07-15T09:50:00Z,0.18,NA,PP,0.007,mg/L,NA,Burn/Herbicide,A,96,96   Burn/Herbicide
P158399-2,Herbicide_A,SW,GP,SAMP,2025-07-15T09:35:00Z,0.17,NA,DOP,0.006999999999999999,mg/L,NA,Herbicide,A,96,96   Herbicide
P158399-2,Herbicide_A,SW,GP,SAMP,2025-07-15T09:35:00Z,0.17,NA,PP,0.005000000000000001,mg/L,NA,Herbicide,A,96,96   Herbicide
P158399-13,Untreated_A,DI,GP,FCEB,2025-07-15T09:25:00Z,NA,NA,DOP,0,mg/L,NA,Untreated,A,96,96   Untreated
P158399-13,Untreated_A,DI,GP,FCEB,2025-07-15T09:25:00Z,NA,NA,PP,0,mg/L,NA,Untreated,A,96,96   Untreated
P158399-1,Untreated_A,SW,GP,SAMP,2025-07-15T09:20:00Z,0.12,NA,DOP,0.009,mg/L,NA,Untreated,A,96,96   Untreated
P158399-1,Untreated_A,SW,GP,SAMP,2025-07-15T09:20:00Z,0.12,NA,PP,0.005000000000000001,mg/L,NA,Untreated,A,96,96   Untreated
P158398-12,Untreated_C,SW,GP,SAMP,2025-07-01T12:55:00Z,0.09,NA,DOP,0.009999999999999998,mg/L,NA,Untreated,C,82,82   Untreated
P158398-12,Untreated_C,SW,GP,SAMP,2025-07-01T12:55:00Z,0.09,NA,PP,0.016,mg/L,NA,Untreated,C,82,82   Untreated
P158398-11,Burn_C,SW,GP,SAMP,2025-07-01T12:45:00Z,0.13,NA,DOP,0.006999999999999999,mg/L,NA,Burn,C,82,82   Burn
P158398-11,Burn_C,SW,GP,SAMP,2025-07-01T12:45:00Z,0.13,NA,PP,0.014,mg/L,NA,Burn,C,82,82   Burn
P158398-10,Burn/Herbicide_C,SW,GP,SAMP,2025-07-01T12:35:00Z,0.17,NA,DOP,0.006,mg/L,NA,Burn/Herbicide,C,82,82   Burn/Herbicide
P158398-10,Burn/Herbicide_C,SW,GP,SAMP,2025-07-01T12:35:00Z,0.17,NA,PP,0.008,mg/L,NA,Burn/Herbicide,C,82,82   Burn/Herbicide
P158398-9,Herbicide_C,SW,GP,SAMP,2025-07-01T12:20:00Z,0.10,NA,DOP,0.009,mg/L,NA,Herbicide,C,82,82   Herbicide
P158398-9,Herbicide_C,SW,GP,SAMP,2025-07-01T12:20:00Z,0.10,NA,PP,0.011,mg/L,NA,Herbicide,C,82,82   Herbicide
P158398-8,Herbicide_B,SW,GP,SAMP,2025-07-01T12:05:00Z,0.10,NA,DOP,0.009,mg/L,NA,Herbicide,B,82,82   Herbicide
P158398-8,Herbicide_B,SW,GP,SAMP,2025-07-01T12:05:00Z,0.10,NA,PP,0.011,mg/L,NA,Herbicide,B,82,82   Herbicide
P158398-7,Burn/Herbicide_B,SW,GP,SAMP,2025-07-01T11:55:00Z,0.14,NA,DOP,0.006,mg/L,NA,Burn/Herbicide,B,82,82   Burn/Herbicide
P158398-7,Burn/Herbicide_B,SW,GP,SAMP,2025-07-01T11:55:00Z,0.14,NA,PP,0.013999999999999999,mg/L,NA,Burn/Herbicide,B,82,82   Burn/Herbicide
P158398-5,Untreated_B,SW,GP,SAMP,2025-07-01T11:45:00Z,0.24,NA,DOP,0.01,mg/L,NA,Untreated,B,82,82   Untreated
P158398-5,Untreated_B,SW,GP,SAMP,2025-07-01T11:45:00Z,0.24,NA,PP,0.008,mg/L,NA,Untreated,B,82,82   Untreated
P158398-6,Burn_B,SW,GP,SAMP,2025-07-01T11:30:00Z,0.13,NA,DOP,0.008,mg/L,NA,Burn,B,82,82   Burn
P158398-6,Burn_B,SW,GP,SAMP,2025-07-01T11:30:00Z,0.13,NA,PP,0.007000000000000001,mg/L,NA,Burn,B,82,82   Burn
P158398-4,Burn_A,SW,GP,SAMP,2025-07-01T11:15:00Z,0.10,NA,DOP,0.011,mg/L,NA,Burn,A,82,82   Burn
P158398-4,Burn_A,SW,GP,SAMP,2025-07-01T11:15:00Z,0.10,NA,PP,0.013,mg/L,NA,Burn,A,82,82   Burn
P158398-3,Burn/Herbicide_A,SW,GP,SAMP,2025-07-01T10:20:00Z,0.14,NA,DOP,0.006999999999999999,mg/L,NA,Burn/Herbicide,A,82,82   Burn/Herbicide
P158398-3,Burn/Herbicide_A,SW,GP,SAMP,2025-07-01T10:20:00Z,0.14,NA,PP,0.014,mg/L,NA,Burn/Herbicide,A,82,82   Burn/Herbicide
P158398-2,Herbicide_A,SW,GP,SAMP,2025-07-01T10:10:00Z,0.14,NA,DOP,0.009000000000000001,mg/L,NA,Herbicide,A,82,82   Herbicide
P158398-2,Herbicide_A,SW,GP,SAMP,2025-07-01T10:10:00Z,0.14,NA,PP,0.011,mg/L,NA,Herbicide,A,82,82   Herbicide
P158398-13,Untreated_A,DI,GP,FCEB,2025-07-01T09:55:00Z,NA,NA,DOP,0,mg/L,PC22|FCEB collected thru all sampling equipment.,Untreated,A,82,82   Untreated
P158398-13,Untreated_A,DI,GP,FCEB,2025-07-01T09:55:00Z,NA,NA,PP,0,mg/L,PC22|FCEB collected thru all sampling equipment.,Untreated,A,82,82   Untreated
P158398-1,Untreated_A,SW,GP,SAMP,2025-07-01T09:45:00Z,0.13,NA,DOP,0.011,mg/L,NA,Untreated,A,82,82   Untreated
P158398-1,Untreated_A,SW,GP,SAMP,2025-07-01T09:45:00Z,0.13,NA,PP,0.011000000000000001,mg/L,NA,Untreated,A,82,82   Untreated
P158397-12,Untreated_C,SW,GP,SAMP,2025-06-17T13:40:00Z,0.09,NA,DOP,0.009,mg/L,Cattail pop up; very bubbly/gassy,Untreated,C,68,68   Untreated
P158397-12,Untreated_C,SW,GP,SAMP,2025-06-17T13:40:00Z,0.09,NA,PP,0.005000000000000001,mg/L,Cattail pop up; very bubbly/gassy,Untreated,C,68,68   Untreated
P158397-11,Burn_C,SW,GP,SAMP,2025-06-17T13:30:00Z,0.13,NA,DOP,0.005,mg/L,NA,Burn,C,68,68   Burn
P158397-11,Burn_C,SW,GP,SAMP,2025-06-17T13:30:00Z,0.13,NA,PP,0.006999999999999999,mg/L,NA,Burn,C,68,68   Burn
P158397-10,Burn/Herbicide_C,SW,GP,SAMP,2025-06-17T13:20:00Z,0.17,NA,DOP,0.006,mg/L,NA,Burn/Herbicide,C,68,68   Burn/Herbicide
P158397-10,Burn/Herbicide_C,SW,GP,SAMP,2025-06-17T13:20:00Z,0.17,NA,PP,0.006,mg/L,NA,Burn/Herbicide,C,68,68   Burn/Herbicide
P158397-9,Herbicide_C,SW,GP,SAMP,2025-06-17T13:10:00Z,0.08,NA,DOP,0.009,mg/L,NA,Herbicide,C,68,68   Herbicide
P158397-9,Herbicide_C,SW,GP,SAMP,2025-06-17T13:10:00Z,0.08,NA,PP,0.006,mg/L,NA,Herbicide,C,68,68   Herbicide
P158397-8,Herbicide_B,SW,GP,SAMP,2025-06-17T13:00:00Z,0.07,NA,DOP,0.009,mg/L,NA,Herbicide,B,68,68   Herbicide
P158397-8,Herbicide_B,SW,GP,SAMP,2025-06-17T13:00:00Z,0.07,NA,PP,0.005000000000000001,mg/L,NA,Herbicide,B,68,68   Herbicide
P158397-7,Burn/Herbicide_B,SW,GP,SAMP,2025-06-17T12:45:00Z,0.12,NA,DOP,0.006,mg/L,NA,Burn/Herbicide,B,68,68   Burn/Herbicide
P158397-7,Burn/Herbicide_B,SW,GP,SAMP,2025-06-17T12:45:00Z,0.12,NA,PP,0.009999999999999998,mg/L,NA,Burn/Herbicide,B,68,68   Burn/Herbicide
P158397-6,Burn_B,SW,GP,SAMP,2025-06-17T12:35:00Z,0.11,NA,DOP,0.006999999999999999,mg/L,NA,Burn,B,68,68   Burn
P158397-6,Burn_B,SW,GP,SAMP,2025-06-17T12:35:00Z,0.11,NA,PP,0.005000000000000001,mg/L,NA,Burn,B,68,68   Burn
P158397-5,Untreated_B,SW,GP,SAMP,2025-06-17T12:25:00Z,0.1,NA,DOP,0.008,mg/L,NA,Untreated,B,68,68   Untreated
P158397-5,Untreated_B,SW,GP,SAMP,2025-06-17T12:25:00Z,0.1,NA,PP,0.005000000000000001,mg/L,NA,Untreated,B,68,68   Untreated
P158397-4,Burn_A,SW,GP,SAMP,2025-06-17T12:15:00Z,0.08,NA,DOP,0.008,mg/L,NA,Burn,A,68,68   Burn
P158397-4,Burn_A,SW,GP,SAMP,2025-06-17T12:15:00Z,0.08,NA,PP,0.007999999999999998,mg/L,NA,Burn,A,68,68   Burn
P158397-3,Burn/Herbicide_A,SW,GP,SAMP,2025-06-17T10:45:00Z,0.11,NA,DOP,0.006999999999999999,mg/L,NA,Burn/Herbicide,A,68,68   Burn/Herbicide
P158397-3,Burn/Herbicide_A,SW,GP,SAMP,2025-06-17T10:45:00Z,0.11,NA,PP,0.007000000000000001,mg/L,NA,Burn/Herbicide,A,68,68   Burn/Herbicide
P158397-2,Herbicide_A,SW,GP,SAMP,2025-06-17T10:30:00Z,0.11,NA,DOP,0.006999999999999999,mg/L,NA,Herbicide,A,68,68   Herbicide
P158397-2,Herbicide_A,SW,GP,SAMP,2025-06-17T10:30:00Z,0.11,NA,PP,0.008000000000000002,mg/L,NA,Herbicide,A,68,68   Herbicide
P158397-13,Untreated_A,DI,GP,FB,2025-06-17T10:15:00Z,NA,NA,DOP,0,mg/L,DI 8242 through peristaltic pump tubing into sampling bucket.,Untreated,A,68,68   Untreated
P158397-13,Untreated_A,DI,GP,FB,2025-06-17T10:15:00Z,NA,NA,PP,0,mg/L,DI 8242 through peristaltic pump tubing into sampling bucket.,Untreated,A,68,68   Untreated
P158397-1,Untreated_A,SW,GP,SAMP,2025-06-17T10:00:00Z,0.1,NA,DOP,0.009000000000000001,mg/L,NA,Untreated,A,68,68   Untreated
P158397-1,Untreated_A,SW,GP,SAMP,2025-06-17T10:00:00Z,0.1,NA,PP,0.004,mg/L,NA,Untreated,A,68,68   Untreated
P158396-12,Untreated_C,SW,GP,SAMP,2025-06-03T12:00:00Z,0.11,NA,DOP,0.013999999999999999,mg/L,NA,Untreated,C,54,54   Untreated
P158396-12,Untreated_C,SW,GP,SAMP,2025-06-03T12:00:00Z,0.11,NA,PP,0.024000000000000004,mg/L,NA,Untreated,C,54,54   Untreated
P158396-11,Burn_C,SW,GP,SAMP,2025-06-03T11:45:00Z,0.1,NA,DOP,0.01,mg/L,NA,Burn,C,54,54   Burn
P158396-11,Burn_C,SW,GP,SAMP,2025-06-03T11:45:00Z,0.1,NA,PP,0.023999999999999997,mg/L,NA,Burn,C,54,54   Burn
P158396-10,Burn/Herbicide_C,SW,GP,SAMP,2025-06-03T11:35:00Z,0.15,NA,DOP,0.01,mg/L,NA,Burn/Herbicide,C,54,54   Burn/Herbicide
P158396-10,Burn/Herbicide_C,SW,GP,SAMP,2025-06-03T11:35:00Z,0.15,NA,PP,0.023000000000000003,mg/L,NA,Burn/Herbicide,C,54,54   Burn/Herbicide
P158396-9,Herbicide_C,SW,GP,SAMP,2025-06-03T11:25:00Z,0.07,NA,DOP,0.015000000000000001,mg/L,NA,Herbicide,C,54,54   Herbicide
P158396-9,Herbicide_C,SW,GP,SAMP,2025-06-03T11:25:00Z,0.07,NA,PP,0.024,mg/L,NA,Herbicide,C,54,54   Herbicide
P158396-8,Herbicide_B,SW,GP,SAMP,2025-06-03T11:15:00Z,0.09,NA,DOP,0.009,mg/L,NA,Herbicide,B,54,54   Herbicide
P158396-8,Herbicide_B,SW,GP,SAMP,2025-06-03T11:15:00Z,0.09,NA,PP,0.027000000000000003,mg/L,NA,Herbicide,B,54,54   Herbicide
P158396-7,Burn/Herbicide_B,SW,GP,SAMP,2025-06-03T11:05:00Z,0.12,NA,DOP,0.003000000000000001,mg/L,Turbidity from tilapia at site. Chara present.,Burn/Herbicide,B,54,54   Burn/Herbicide
P158396-7,Burn/Herbicide_B,SW,GP,SAMP,2025-06-03T11:05:00Z,0.12,NA,PP,0.03899999999999999,mg/L,Turbidity from tilapia at site. Chara present.,Burn/Herbicide,B,54,54   Burn/Herbicide
P158396-6,Burn_B,SW,GP,SAMP,2025-06-03T10:50:00Z,0.11,NA,DOP,0.015000000000000001,mg/L,NA,Burn,B,54,54   Burn
P158396-6,Burn_B,SW,GP,SAMP,2025-06-03T10:50:00Z,0.11,NA,PP,0.018,mg/L,NA,Burn,B,54,54   Burn
P158396-5,Untreated_B,SW,GP,SAMP,2025-06-03T10:35:00Z,0.09,NA,DOP,0.010000000000000002,mg/L,Lemna present at site. Some ceratophyllum present.,Untreated,B,54,54   Untreated
P158396-5,Untreated_B,SW,GP,SAMP,2025-06-03T10:35:00Z,0.09,NA,PP,0.016,mg/L,Lemna present at site. Some ceratophyllum present.,Untreated,B,54,54   Untreated
P158396-4,Burn_A,SW,GP,SAMP,2025-06-03T10:20:00Z,0.07,NA,DOP,0.011000000000000001,mg/L,NA,Burn,A,54,54   Burn
P158396-4,Burn_A,SW,GP,SAMP,2025-06-03T10:20:00Z,0.07,NA,PP,0.036,mg/L,NA,Burn,A,54,54   Burn
P158396-3,Burn/Herbicide_A,SW,GP,SAMP,2025-06-03T10:05:00Z,0.1,NA,DOP,0.006,mg/L,NA,Burn/Herbicide,A,54,54   Burn/Herbicide
P158396-3,Burn/Herbicide_A,SW,GP,SAMP,2025-06-03T10:05:00Z,0.1,NA,PP,0.029,mg/L,NA,Burn/Herbicide,A,54,54   Burn/Herbicide
P158396-2,Herbicide_A,SW,GP,SAMP,2025-06-03T09:50:00Z,0.09,NA,DOP,0.011,mg/L,NA,Herbicide,A,54,54   Herbicide
P158396-2,Herbicide_A,SW,GP,SAMP,2025-06-03T09:50:00Z,0.09,NA,PP,0.027,mg/L,NA,Herbicide,A,54,54   Herbicide
P158396-13,Untreated_A,DI,GP,FCEB,2025-06-03T09:40:00Z,NA,NA,DOP,0,mg/L,"DI 8246 through peristaltic pump tubing to bucket to sample bottles. Bucket Mjolner, tray Redland, filter 17866092, H2SO4 072823.",Untreated,A,54,54   Untreated
P158396-13,Untreated_A,DI,GP,FCEB,2025-06-03T09:40:00Z,NA,NA,PP,0,mg/L,"DI 8246 through peristaltic pump tubing to bucket to sample bottles. Bucket Mjolner, tray Redland, filter 17866092, H2SO4 072823.",Untreated,A,54,54   Untreated
P158396-1,Untreated_A,SW,GP,SAMP,2025-06-03T09:30:00Z,0.07,NA,DOP,0.008,mg/L,NA,Untreated,A,54,54   Untreated
P158396-1,Untreated_A,SW,GP,SAMP,2025-06-03T09:30:00Z,0.07,NA,PP,0.020000000000000004,mg/L,NA,Untreated,A,54,54   Untreated
P158395-12,Untreated_C,SW,GP,SAMP,2025-05-21T12:45:00Z,0.16,NA,DOP,0.018,mg/L,NA,Untreated,C,41,41   Untreated
P158395-12,Untreated_C,SW,GP,SAMP,2025-05-21T12:45:00Z,0.16,NA,PP,0.063,mg/L,NA,Untreated,C,41,41   Untreated
P158395-11,Burn_C,SW,GP,SAMP,2025-05-21T12:30:00Z,0.22,NA,DOP,0.009999999999999998,mg/L,NA,Burn,C,41,41   Burn
P158395-11,Burn_C,SW,GP,SAMP,2025-05-21T12:30:00Z,0.22,NA,PP,0.14500000000000002,mg/L,NA,Burn,C,41,41   Burn
P158395-10,Burn/Herbicide_C,SW,GP,SAMP,2025-05-21T12:20:00Z,0.17,NA,DOP,0.013000000000000001,mg/L,NA,Burn/Herbicide,C,41,41   Burn/Herbicide
P158395-10,Burn/Herbicide_C,SW,GP,SAMP,2025-05-21T12:20:00Z,0.17,NA,PP,0.037000000000000005,mg/L,NA,Burn/Herbicide,C,41,41   Burn/Herbicide
P158395-9,Herbicide_C,SW,GP,SAMP,2025-05-21T12:05:00Z,0.14,NA,DOP,0.017,mg/L,NA,Herbicide,C,41,41   Herbicide
P158395-9,Herbicide_C,SW,GP,SAMP,2025-05-21T12:05:00Z,0.14,NA,PP,0.019,mg/L,NA,Herbicide,C,41,41   Herbicide
P158395-8,Herbicide_B,SW,GP,SAMP,2025-05-21T11:50:00Z,0.13,NA,DOP,0.009,mg/L,NA,Herbicide,B,41,41   Herbicide
P158395-8,Herbicide_B,SW,GP,SAMP,2025-05-21T11:50:00Z,0.13,NA,PP,0.029,mg/L,NA,Herbicide,B,41,41   Herbicide
P158395-7,Burn/Herbicide_B,SW,GP,SAMP,2025-05-21T11:40:00Z,0.17,NA,DOP,0.023,mg/L,Visible turbidity in water column.,Burn/Herbicide,B,41,41   Burn/Herbicide
P158395-7,Burn/Herbicide_B,SW,GP,SAMP,2025-05-21T11:40:00Z,0.17,NA,PP,0.11499999999999999,mg/L,Visible turbidity in water column.,Burn/Herbicide,B,41,41   Burn/Herbicide
P158395-6,Burn_B,SW,GP,SAMP,2025-05-21T11:25:00Z,0.16,NA,DOP,0.013000000000000001,mg/L,NA,Burn,B,41,41   Burn
P158395-6,Burn_B,SW,GP,SAMP,2025-05-21T11:25:00Z,0.16,NA,PP,0.039999999999999994,mg/L,NA,Burn,B,41,41   Burn
P158395-5,Untreated_B,SW,GP,SAMP,2025-05-21T11:10:00Z,0.14,NA,DOP,0.018000000000000002,mg/L,NA,Untreated,B,41,41   Untreated
P158395-5,Untreated_B,SW,GP,SAMP,2025-05-21T11:10:00Z,0.14,NA,PP,0.008999999999999998,mg/L,NA,Untreated,B,41,41   Untreated
P158395-4,Burn_A,SW,GP,SAMP,2025-05-21T10:50:00Z,0.13,NA,DOP,0.023,mg/L,NA,Burn,A,41,41   Burn
P158395-4,Burn_A,SW,GP,SAMP,2025-05-21T10:50:00Z,0.13,NA,PP,0.04200000000000001,mg/L,NA,Burn,A,41,41   Burn
P158395-3,Burn/Herbicide_A,SW,GP,SAMP,2025-05-21T10:25:00Z,0.16,NA,DOP,0.015,mg/L,NA,Burn/Herbicide,A,41,41   Burn/Herbicide
P158395-3,Burn/Herbicide_A,SW,GP,SAMP,2025-05-21T10:25:00Z,0.16,NA,PP,0.032,mg/L,NA,Burn/Herbicide,A,41,41   Burn/Herbicide
P158395-2,Herbicide_A,SW,GP,SAMP,2025-05-21T10:10:00Z,0.15,NA,DOP,0.012,mg/L,NA,Herbicide,A,41,41   Herbicide
P158395-2,Herbicide_A,SW,GP,SAMP,2025-05-21T10:10:00Z,0.15,NA,PP,0.016,mg/L,NA,Herbicide,A,41,41   Herbicide
P158395-13,Untreated_A,DI,GP,FB,2025-05-21T09:55:00Z,NA,NA,DOP,0,mg/L,DI 8225 through peristaltic pump tubing to bucket to sample bottles.,Untreated,A,41,41   Untreated
P158395-13,Untreated_A,DI,GP,FB,2025-05-21T09:55:00Z,NA,NA,PP,0,mg/L,DI 8225 through peristaltic pump tubing to bucket to sample bottles.,Untreated,A,41,41   Untreated
P158395-1,Untreated_A,SW,GP,SAMP,2025-05-21T09:40:00Z,0.1,NA,DOP,0.013000000000000001,mg/L,NA,Untreated,A,41,41   Untreated
P158395-1,Untreated_A,SW,GP,SAMP,2025-05-21T09:40:00Z,0.1,NA,PP,0.019,mg/L,NA,Untreated,A,41,41   Untreated
P155744-12,Untreated_C,SW,GP,SAMP,2025-05-08T13:05:00Z,0.17,NA,DOP,0.015000000000000001,mg/L,NA,Untreated,C,28,28   Untreated
P155744-12,Untreated_C,SW,GP,SAMP,2025-05-08T13:05:00Z,0.17,NA,PP,0.012999999999999998,mg/L,NA,Untreated,C,28,28   Untreated
P155744-11,Burn_C,SW,GP,SAMP,2025-05-08T12:50:00Z,0.12,NA,DOP,0.015,mg/L,NA,Burn,C,28,28   Burn
P155744-11,Burn_C,SW,GP,SAMP,2025-05-08T12:50:00Z,0.12,NA,PP,0.017000000000000005,mg/L,NA,Burn,C,28,28   Burn
P155744-10,Burn/Herbicide_C,SW,GP,SAMP,2025-05-08T12:35:00Z,0.2,NA,DOP,0.013,mg/L,NA,Burn/Herbicide,C,28,28   Burn/Herbicide
P155744-10,Burn/Herbicide_C,SW,GP,SAMP,2025-05-08T12:35:00Z,0.2,NA,PP,0.013000000000000001,mg/L,NA,Burn/Herbicide,C,28,28   Burn/Herbicide
P155744-9,Herbicide_C,SW,GP,SAMP,2025-05-08T12:20:00Z,0.12,NA,DOP,0.020999999999999998,mg/L,NA,Herbicide,C,28,28   Herbicide
P155744-9,Herbicide_C,SW,GP,SAMP,2025-05-08T12:20:00Z,0.12,NA,PP,0.006999999999999999,mg/L,NA,Herbicide,C,28,28   Herbicide
P155744-8,Herbicide_B,SW,GP,SAMP,2025-05-08T12:05:00Z,0.13,NA,DOP,0.014,mg/L,NA,Herbicide,B,28,28   Herbicide
P155744-8,Herbicide_B,SW,GP,SAMP,2025-05-08T12:05:00Z,0.13,NA,PP,0.015000000000000003,mg/L,NA,Herbicide,B,28,28   Herbicide
P155744-7,Burn/Herbicide_B,SW,GP,SAMP,2025-05-08T11:50:00Z,0.19,NA,DOP,0.014000000000000002,mg/L,NA,Burn/Herbicide,B,28,28   Burn/Herbicide
P155744-7,Burn/Herbicide_B,SW,GP,SAMP,2025-05-08T11:50:00Z,0.19,NA,PP,0.019999999999999997,mg/L,NA,Burn/Herbicide,B,28,28   Burn/Herbicide
P155744-6,Burn_B,SW,GP,SAMP,2025-05-08T11:35:00Z,0.17,NA,DOP,0.016,mg/L,NA,Burn,B,28,28   Burn
P155744-6,Burn_B,SW,GP,SAMP,2025-05-08T11:35:00Z,0.17,NA,PP,0.013999999999999999,mg/L,NA,Burn,B,28,28   Burn
P155744-5,Untreated_B,SW,GP,SAMP,2025-05-08T11:20:00Z,0.12,NA,DOP,0.016000000000000004,mg/L,NA,Untreated,B,28,28   Untreated
P155744-5,Untreated_B,SW,GP,SAMP,2025-05-08T11:20:00Z,0.12,NA,PP,0.019999999999999997,mg/L,NA,Untreated,B,28,28   Untreated
P155744-4,Burn_A,SW,GP,SAMP,2025-05-08T11:00:00Z,0.15,NA,DOP,0.028000000000000004,mg/L,NA,Burn,A,28,28   Burn
P155744-4,Burn_A,SW,GP,SAMP,2025-05-08T11:00:00Z,0.15,NA,PP,0.015,mg/L,NA,Burn,A,28,28   Burn
P155744-3,Burn/Herbicide_A,SW,GP,SAMP,2025-05-08T10:10:00Z,0.16,NA,DOP,0.016,mg/L,NA,Burn/Herbicide,A,28,28   Burn/Herbicide
P155744-3,Burn/Herbicide_A,SW,GP,SAMP,2025-05-08T10:10:00Z,0.16,NA,PP,0.019999999999999997,mg/L,NA,Burn/Herbicide,A,28,28   Burn/Herbicide
P155744-2,Herbicide_A,SW,GP,SAMP,2025-05-08T09:50:00Z,0.1,NA,DOP,0.014,mg/L,NA,Herbicide,A,28,28   Herbicide
P155744-2,Herbicide_A,SW,GP,SAMP,2025-05-08T09:50:00Z,0.1,NA,PP,0.011000000000000003,mg/L,NA,Herbicide,A,28,28   Herbicide
P155744-13,Untreated_A,DI,GP,FCEB,2025-05-08T09:40:00Z,NA,NA,DOP,0,mg/L,"DI 8235 through peristaltic pump tubing to bucket to sample bottles. Bucket Chimichanga, Tray Trip, SA 072823, Filter lot 17866092.",Untreated,A,28,28   Untreated
P155744-13,Untreated_A,DI,GP,FCEB,2025-05-08T09:40:00Z,NA,NA,PP,0,mg/L,"DI 8235 through peristaltic pump tubing to bucket to sample bottles. Bucket Chimichanga, Tray Trip, SA 072823, Filter lot 17866092.",Untreated,A,28,28   Untreated
P155744-1,Untreated_A,SW,GP,SAMP,2025-05-08T09:30:00Z,0.07,NA,DOP,0.019000000000000003,mg/L,NA,Untreated,A,28,28   Untreated
P155744-1,Untreated_A,SW,GP,SAMP,2025-05-08T09:30:00Z,0.07,NA,PP,0.011999999999999997,mg/L,NA,Untreated,A,28,28   Untreated
P155742-12,Untreated_C,SW,GP,SAMP,2025-04-21T13:45:00Z,0.05,NA,DOP,0.018,mg/L,NA,Untreated,C,11,11   Untreated
P155742-12,Untreated_C,SW,GP,SAMP,2025-04-21T13:45:00Z,0.05,NA,PP,0.024,mg/L,NA,Untreated,C,11,11   Untreated
P155742-11,Burn_C,SW,GP,SAMP,2025-04-21T13:35:00Z,0.08,NA,DOP,0.014,mg/L,NA,Burn,C,11,11   Burn
P155742-11,Burn_C,SW,GP,SAMP,2025-04-21T13:35:00Z,0.08,NA,PP,0.015999999999999997,mg/L,NA,Burn,C,11,11   Burn
P155742-10,Burn/Herbicide_C,SW,GP,SAMP,2025-04-21T13:20:00Z,0.08,NA,DOP,0.015,mg/L,NA,Burn/Herbicide,C,11,11   Burn/Herbicide
P155742-10,Burn/Herbicide_C,SW,GP,SAMP,2025-04-21T13:20:00Z,0.08,NA,PP,0.013000000000000001,mg/L,NA,Burn/Herbicide,C,11,11   Burn/Herbicide
P155742-9,Herbicide_C,SW,GP,SAMP,2025-04-21T13:05:00Z,0.04,NA,DOP,0.015,mg/L,NA,Herbicide,C,11,11   Herbicide
P155742-9,Herbicide_C,SW,GP,SAMP,2025-04-21T13:05:00Z,0.04,NA,PP,0.018000000000000002,mg/L,NA,Herbicide,C,11,11   Herbicide
P155742-8,Herbicide_B,SW,GP,SAMP,2025-04-21T12:50:00Z,0.05,NA,DOP,0.013999999999999999,mg/L,NA,Herbicide,B,11,11   Herbicide
P155742-8,Herbicide_B,SW,GP,SAMP,2025-04-21T12:50:00Z,0.05,NA,PP,0.010000000000000002,mg/L,NA,Herbicide,B,11,11   Herbicide
P155742-7,Burn/Herbicide_B,SW,GP,SAMP,2025-04-21T12:35:00Z,0.06,NA,DOP,0.022,mg/L,NA,Burn/Herbicide,B,11,11   Burn/Herbicide
P155742-7,Burn/Herbicide_B,SW,GP,SAMP,2025-04-21T12:35:00Z,0.06,NA,PP,0.016000000000000004,mg/L,NA,Burn/Herbicide,B,11,11   Burn/Herbicide
P155742-6,Burn_B,SW,GP,SAMP,2025-04-21T12:20:00Z,0.05,NA,DOP,0.017,mg/L,NA,Burn,B,11,11   Burn
P155742-6,Burn_B,SW,GP,SAMP,2025-04-21T12:20:00Z,0.05,NA,PP,0.008999999999999998,mg/L,NA,Burn,B,11,11   Burn
P155742-5,Untreated_B,SW,GP,SAMP,2025-04-21T11:55:00Z,0.05,NA,DOP,0.02099999999999999,mg/L,NA,Untreated,B,11,11   Untreated
P155742-5,Untreated_B,SW,GP,SAMP,2025-04-21T11:55:00Z,0.05,NA,PP,0.02700000000000001,mg/L,NA,Untreated,B,11,11   Untreated
P155742-4,Burn_A,SW,GP,SAMP,2025-04-21T11:30:00Z,0.05,NA,DOP,0.02,mg/L,NA,Burn,A,11,11   Burn
P155742-4,Burn_A,SW,GP,SAMP,2025-04-21T11:30:00Z,0.05,NA,PP,0.010999999999999996,mg/L,NA,Burn,A,11,11   Burn
P155742-3,Burn/Herbicide_A,SW,GP,SAMP,2025-04-21T10:45:00Z,0.06,NA,DOP,0.018000000000000002,mg/L,NA,Burn/Herbicide,A,11,11   Burn/Herbicide
P155742-3,Burn/Herbicide_A,SW,GP,SAMP,2025-04-21T10:45:00Z,0.06,NA,PP,0.012,mg/L,NA,Burn/Herbicide,A,11,11   Burn/Herbicide
P155742-2,Herbicide_A,SW,GP,SAMP,2025-04-21T10:20:00Z,0.05,NA,DOP,0.018000000000000002,mg/L,NA,Herbicide,A,11,11   Herbicide
P155742-2,Herbicide_A,SW,GP,SAMP,2025-04-21T10:20:00Z,0.05,NA,PP,0.013000000000000001,mg/L,NA,Herbicide,A,11,11   Herbicide
P155742-13,Untreated_A,DI,GP,FCEB,2025-04-21T10:10:00Z,NA,NA,DOP,0,mg/L,"DI 8166 through peristaltic pump tubing to bucket to sample bottles. Bucket Scooter, Tray Sheba, filter 17866092, SA 072823.",Untreated,A,11,11   Untreated
P155742-13,Untreated_A,DI,GP,FCEB,2025-04-21T10:10:00Z,NA,NA,PP,0,mg/L,"DI 8166 through peristaltic pump tubing to bucket to sample bottles. Bucket Scooter, Tray Sheba, filter 17866092, SA 072823.",Untreated,A,11,11   Untreated
P155742-1,Untreated_A,SW,GP,SAMP,2025-04-21T10:00:00Z,0.05,NA,DOP,0.018,mg/L,NA,Untreated,A,11,11   Untreated
P155742-1,Untreated_A,SW,GP,SAMP,2025-04-21T10:00:00Z,0.05,NA,PP,0.011000000000000003,mg/L,NA,Untreated,A,11,11   Untreated
P155741-12,Untreated_C,SW,GP,SAMP,2025-04-16T13:35:00Z,0.04,NA,DOP,0.011,mg/L,NA,Untreated,C,6,6   Untreated
P155741-12,Untreated_C,SW,GP,SAMP,2025-04-16T13:35:00Z,0.04,NA,PP,0.021,mg/L,NA,Untreated,C,6,6   Untreated
P155741-11,Burn_C,SW,GP,SAMP,2025-04-16T13:20:00Z,0.08,NA,DOP,0.02,mg/L,NA,Burn,C,6,6   Burn
P155741-11,Burn_C,SW,GP,SAMP,2025-04-16T13:20:00Z,0.08,NA,PP,0.041999999999999996,mg/L,NA,Burn,C,6,6   Burn
P155741-10,Burn/Herbicide_C,SW,GP,SAMP,2025-04-16T13:00:00Z,0.07,NA,DOP,0.014,mg/L,NA,Burn/Herbicide,C,6,6   Burn/Herbicide
P155741-10,Burn/Herbicide_C,SW,GP,SAMP,2025-04-16T13:00:00Z,0.07,NA,PP,0.018999999999999996,mg/L,NA,Burn/Herbicide,C,6,6   Burn/Herbicide
P155741-9,Herbicide_C,SW,GP,SAMP,2025-04-16T12:40:00Z,0.04,NA,DOP,0.013,mg/L,NA,Herbicide,C,6,6   Herbicide
P155741-9,Herbicide_C,SW,GP,SAMP,2025-04-16T12:40:00Z,0.04,NA,PP,0.016000000000000004,mg/L,NA,Herbicide,C,6,6   Herbicide
P155741-8,Herbicide_B,SW,GP,SAMP,2025-04-16T12:15:00Z,0.02,NA,DOP,0.015,mg/L,NA,Herbicide,B,6,6   Herbicide
P155741-8,Herbicide_B,SW,GP,SAMP,2025-04-16T12:15:00Z,0.02,NA,PP,0.016,mg/L,NA,Herbicide,B,6,6   Herbicide
P155741-7,Burn/Herbicide_B,SW,GP,SAMP,2025-04-16T12:00:00Z,0.08,NA,DOP,0.016,mg/L,NA,Burn/Herbicide,B,6,6   Burn/Herbicide
P155741-7,Burn/Herbicide_B,SW,GP,SAMP,2025-04-16T12:00:00Z,0.08,NA,PP,0.019000000000000003,mg/L,NA,Burn/Herbicide,B,6,6   Burn/Herbicide
P155741-6,Burn_B,SW,GP,SAMP,2025-04-16T11:45:00Z,0.08,NA,DOP,0.019,mg/L,NA,Burn,B,6,6   Burn
P155741-6,Burn_B,SW,GP,SAMP,2025-04-16T11:45:00Z,0.08,NA,PP,0.020000000000000004,mg/L,NA,Burn,B,6,6   Burn
P155741-5,Untreated_B,SW,GP,SAMP,2025-04-16T11:25:00Z,0.03,NA,DOP,0.019,mg/L,NA,Untreated,B,6,6   Untreated
P155741-5,Untreated_B,SW,GP,SAMP,2025-04-16T11:25:00Z,0.03,NA,PP,0.017,mg/L,NA,Untreated,B,6,6   Untreated
P155741-4,Burn_A,SW,GP,SAMP,2025-04-16T11:10:00Z,0.06,NA,DOP,0.03,mg/L,NA,Burn,A,6,6   Burn
P155741-4,Burn_A,SW,GP,SAMP,2025-04-16T11:10:00Z,0.06,NA,PP,0.033,mg/L,NA,Burn,A,6,6   Burn
P155741-3,Burn/Herbicide_A,SW,GP,SAMP,2025-04-16T10:50:00Z,0.07,NA,DOP,0.019999999999999997,mg/L,NA,Burn/Herbicide,A,6,6   Burn/Herbicide
P155741-3,Burn/Herbicide_A,SW,GP,SAMP,2025-04-16T10:50:00Z,0.07,NA,PP,0.015,mg/L,NA,Burn/Herbicide,A,6,6   Burn/Herbicide
P155741-2,Herbicide_A,SW,GP,SAMP,2025-04-16T10:30:00Z,0.03,NA,DOP,0.030999999999999996,mg/L,NA,Herbicide,A,6,6   Herbicide
P155741-2,Herbicide_A,SW,GP,SAMP,2025-04-16T10:30:00Z,0.03,NA,PP,0.03200000000000001,mg/L,NA,Herbicide,A,6,6   Herbicide
P155741-13,Untreated_A,DI,GP,FCEB,2025-04-16T10:10:00Z,NA,NA,DOP,0,mg/L,"DI 8213 through peristaltic pump tubing to bucket to sample bottles. Bucket Scooter, Tray ELC 11, SA 072823, filter 18181938.",Untreated,A,6,6   Untreated
P155741-13,Untreated_A,DI,GP,FCEB,2025-04-16T10:10:00Z,NA,NA,PP,0,mg/L,"DI 8213 through peristaltic pump tubing to bucket to sample bottles. Bucket Scooter, Tray ELC 11, SA 072823, filter 18181938.",Untreated,A,6,6   Untreated
P155741-1,Untreated_A,SW,GP,SAMP,2025-04-16T10:00:00Z,0.04,NA,DOP,0.023000000000000003,mg/L,NA,Untreated,A,6,6   Untreated
P155741-1,Untreated_A,SW,GP,SAMP,2025-04-16T10:00:00Z,0.04,NA,PP,0.010999999999999996,mg/L,NA,Untreated,A,6,6   Untreated
P155740-12,Untreated_C,SW,GP,SAMP,2025-04-14T13:15:00Z,0.08,NA,DOP,0.016999999999999998,mg/L,NA,Untreated,C,4,4   Untreated
P155740-12,Untreated_C,SW,GP,SAMP,2025-04-14T13:15:00Z,0.08,NA,PP,0.006000000000000002,mg/L,NA,Untreated,C,4,4   Untreated
P155740-11,Burn_C,SW,GP,SAMP,2025-04-14T13:00:00Z,0.09,NA,DOP,0.018000000000000002,mg/L,NA,Burn,C,4,4   Burn
P155740-11,Burn_C,SW,GP,SAMP,2025-04-14T13:00:00Z,0.09,NA,PP,0.008,mg/L,NA,Burn,C,4,4   Burn
P155740-10,Burn/Herbicide_C,SW,GP,SAMP,2025-04-14T12:45:00Z,0.1,NA,DOP,0.017000000000000005,mg/L,NA,Burn/Herbicide,C,4,4   Burn/Herbicide
P155740-10,Burn/Herbicide_C,SW,GP,SAMP,2025-04-14T12:45:00Z,0.1,NA,PP,0.0049999999999999975,mg/L,NA,Burn/Herbicide,C,4,4   Burn/Herbicide
P155740-9,Herbicide_C,SW,GP,SAMP,2025-04-14T12:30:00Z,0.07,NA,DOP,0.013000000000000001,mg/L,NA,Herbicide,C,4,4   Herbicide
P155740-9,Herbicide_C,SW,GP,SAMP,2025-04-14T12:30:00Z,0.07,NA,PP,0.012,mg/L,NA,Herbicide,C,4,4   Herbicide
P155740-8,Herbicide_B,SW,GP,SAMP,2025-04-14T12:15:00Z,0.03,NA,DOP,0.017,mg/L,NA,Herbicide,B,4,4   Herbicide
P155740-8,Herbicide_B,SW,GP,SAMP,2025-04-14T12:15:00Z,0.03,NA,PP,0.009999999999999998,mg/L,NA,Herbicide,B,4,4   Herbicide
P155740-7,Burn/Herbicide_B,SW,GP,SAMP,2025-04-14T12:00:00Z,0.11,NA,DOP,0.023999999999999997,mg/L,NA,Burn/Herbicide,B,4,4   Burn/Herbicide
P155740-7,Burn/Herbicide_B,SW,GP,SAMP,2025-04-14T12:00:00Z,0.11,NA,PP,0.006999999999999999,mg/L,NA,Burn/Herbicide,B,4,4   Burn/Herbicide
P155740-6,Burn_B,SW,GP,SAMP,2025-04-14T11:45:00Z,0.1,NA,DOP,0.019000000000000003,mg/L,NA,Burn,B,4,4   Burn
P155740-6,Burn_B,SW,GP,SAMP,2025-04-14T11:45:00Z,0.1,NA,PP,0.003999999999999997,mg/L,NA,Burn,B,4,4   Burn
P155740-5,Untreated_B,SW,GP,SAMP,2025-04-14T11:30:00Z,0.04,NA,DOP,0.019000000000000003,mg/L,NA,Untreated,B,4,4   Untreated
P155740-5,Untreated_B,SW,GP,SAMP,2025-04-14T11:30:00Z,0.04,NA,PP,0.007999999999999997,mg/L,NA,Untreated,B,4,4   Untreated
P155740-4,Burn_A,SW,GP,SAMP,2025-04-14T11:15:00Z,0.06,NA,DOP,0.026000000000000002,mg/L,NA,Burn,A,4,4   Burn
P155740-4,Burn_A,SW,GP,SAMP,2025-04-14T11:15:00Z,0.06,NA,PP,0.012999999999999998,mg/L,NA,Burn,A,4,4   Burn
P155740-3,Burn/Herbicide_A,SW,GP,SAMP,2025-04-14T11:00:00Z,0.1,NA,DOP,0.021999999999999995,mg/L,NA,Burn/Herbicide,A,4,4   Burn/Herbicide
P155740-3,Burn/Herbicide_A,SW,GP,SAMP,2025-04-14T11:00:00Z,0.1,NA,PP,0.007000000000000006,mg/L,NA,Burn/Herbicide,A,4,4   Burn/Herbicide
P155740-2,Herbicide_A,SW,GP,SAMP,2025-04-14T10:40:00Z,0.07,NA,DOP,0.020999999999999998,mg/L,NA,Herbicide,A,4,4   Herbicide
P155740-2,Herbicide_A,SW,GP,SAMP,2025-04-14T10:40:00Z,0.07,NA,PP,0.016,mg/L,NA,Herbicide,A,4,4   Herbicide
P155740-13,Untreated_A,DI,GP,FCEB,2025-04-14T10:30:00Z,NA,NA,DOP,0,mg/L,"DI 8216 through peristaltic pump to bucket. Tray Sheba, Bucket Scooter, filter 18278596, SA lot 072823.",Untreated,A,4,4   Untreated
P155740-13,Untreated_A,DI,GP,FCEB,2025-04-14T10:30:00Z,NA,NA,PP,0,mg/L,"DI 8216 through peristaltic pump to bucket. Tray Sheba, Bucket Scooter, filter 18278596, SA lot 072823.",Untreated,A,4,4   Untreated
P155740-1,Untreated_A,SW,GP,SAMP,2025-04-14T10:15:00Z,0.09,NA,DOP,0.027999999999999997,mg/L,NA,Untreated,A,4,4   Untreated
P155740-1,Untreated_A,SW,GP,SAMP,2025-04-14T10:15:00Z,0.09,NA,PP,0.009000000000000001,mg/L,NA,Untreated,A,4,4   Untreated
P155442-12,Untreated_C,SW,GP,SAMP,2025-04-11T13:55:00Z,0.11,NA,DOP,0.009999999999999998,mg/L,NA,Untreated,C,1,1   Untreated
P155442-12,Untreated_C,SW,GP,SAMP,2025-04-11T13:55:00Z,0.11,NA,PP,0.012,mg/L,NA,Untreated,C,1,1   Untreated
P155442-11,Burn_C,SW,GP,SAMP,2025-04-11T13:35:00Z,0.05,NA,DOP,0.018,mg/L,NA,Burn,C,1,1   Burn
P155442-11,Burn_C,SW,GP,SAMP,2025-04-11T13:35:00Z,0.05,NA,PP,0.014000000000000005,mg/L,NA,Burn,C,1,1   Burn
P155442-10,Burn/Herbicide_C,SW,GP,SAMP,2025-04-11T13:20:00Z,0.11,NA,DOP,0.022,mg/L,NA,Burn/Herbicide,C,1,1   Burn/Herbicide
P155442-10,Burn/Herbicide_C,SW,GP,SAMP,2025-04-11T13:20:00Z,0.11,NA,PP,0.019000000000000003,mg/L,NA,Burn/Herbicide,C,1,1   Burn/Herbicide
P155442-9,Herbicide_C,SW,GP,SAMP,2025-04-11T13:00:00Z,0.08,NA,DOP,0.011999999999999999,mg/L,NA,Herbicide,C,1,1   Herbicide
P155442-9,Herbicide_C,SW,GP,SAMP,2025-04-11T13:00:00Z,0.08,NA,PP,0.008,mg/L,NA,Herbicide,C,1,1   Herbicide
P155442-8,Herbicide_B,SW,GP,SAMP,2025-04-11T12:45:00Z,0.08,NA,DOP,0.016,mg/L,NA,Herbicide,B,1,1   Herbicide
P155442-8,Herbicide_B,SW,GP,SAMP,2025-04-11T12:45:00Z,0.08,NA,PP,0.007000000000000003,mg/L,NA,Herbicide,B,1,1   Herbicide
P155442-7,Burn/Herbicide_B,SW,GP,SAMP,2025-04-11T12:25:00Z,0.08,NA,DOP,0.017,mg/L,NA,Burn/Herbicide,B,1,1   Burn/Herbicide
P155442-7,Burn/Herbicide_B,SW,GP,SAMP,2025-04-11T12:25:00Z,0.08,NA,PP,0.018999999999999996,mg/L,NA,Burn/Herbicide,B,1,1   Burn/Herbicide
P155442-6,Burn_B,SW,GP,SAMP,2025-04-11T12:10:00Z,0.1,NA,DOP,0.021000000000000005,mg/L,NA,Burn,B,1,1   Burn
P155442-6,Burn_B,SW,GP,SAMP,2025-04-11T12:10:00Z,0.1,NA,PP,0.02899999999999999,mg/L,NA,Burn,B,1,1   Burn
P155442-5,Untreated_B,SW,GP,SAMP,2025-04-11T11:50:00Z,0.09,NA,DOP,0.013999999999999999,mg/L,NA,Untreated,B,1,1   Untreated
P155442-5,Untreated_B,SW,GP,SAMP,2025-04-11T11:50:00Z,0.09,NA,PP,0.009000000000000001,mg/L,NA,Untreated,B,1,1   Untreated
P155442-4,Burn_A,SW,GP,SAMP,2025-04-11T11:25:00Z,0.06,NA,DOP,0.020999999999999998,mg/L,NA,Burn,A,1,1   Burn
P155442-4,Burn_A,SW,GP,SAMP,2025-04-11T11:25:00Z,0.06,NA,PP,0.028999999999999998,mg/L,NA,Burn,A,1,1   Burn
P155442-3,Burn/Herbicide_A,SW,GP,SAMP,2025-04-11T11:05:00Z,0.09,NA,DOP,0.026000000000000002,mg/L,NA,Burn/Herbicide,A,1,1   Burn/Herbicide
P155442-3,Burn/Herbicide_A,SW,GP,SAMP,2025-04-11T11:05:00Z,0.09,NA,PP,0.034,mg/L,NA,Burn/Herbicide,A,1,1   Burn/Herbicide
P155442-2,Herbicide_A,SW,GP,SAMP,2025-04-11T10:48:00Z,0.06,NA,DOP,0.019999999999999997,mg/L,NA,Herbicide,A,1,1   Herbicide
P155442-2,Herbicide_A,SW,GP,SAMP,2025-04-11T10:48:00Z,0.06,NA,PP,0.025,mg/L,NA,Herbicide,A,1,1   Herbicide
P155442-13,Untreated_A,DI,GP,FCEB,2025-04-11T10:30:00Z,NA,NA,DOP,0,mg/L,"DI 8229 through peristaltic pump to bucket to sample bottles. Tray Rocky, bucket Nantucket, SA 072823, filter 18278596.",Untreated,A,1,1   Untreated
P155442-13,Untreated_A,DI,GP,FCEB,2025-04-11T10:30:00Z,NA,NA,PP,0,mg/L,"DI 8229 through peristaltic pump to bucket to sample bottles. Tray Rocky, bucket Nantucket, SA 072823, filter 18278596.",Untreated,A,1,1   Untreated
P155442-1,Untreated_A,SW,GP,SAMP,2025-04-11T10:20:00Z,0.09,NA,DOP,0.024000000000000004,mg/L,NA,Untreated,A,1,1   Untreated
P155442-1,Untreated_A,SW,GP,SAMP,2025-04-11T10:20:00Z,0.09,NA,PP,0.041999999999999996,mg/L,NA,Untreated,A,1,1   Untreated
P155441-12,Untreated_C,SW,GP,SAMP,2025-04-10T18:45:00Z,0.06,NA,DOP,0.014,mg/L,NA,Untreated,C,0,0   Untreated
P155441-12,Untreated_C,SW,GP,SAMP,2025-04-10T18:45:00Z,0.06,NA,PP,0.039999999999999994,mg/L,NA,Untreated,C,0,0   Untreated
P155441-11,Burn_C,SW,GP,SAMP,2025-04-10T18:40:00Z,0.10,NA,DOP,0.019000000000000003,mg/L,NA,Burn,C,0,0   Burn
P155441-11,Burn_C,SW,GP,SAMP,2025-04-10T18:40:00Z,0.10,NA,PP,0.153,mg/L,NA,Burn,C,0,0   Burn
P155441-10,Burn/Herbicide_C,SW,GP,SAMP,2025-04-10T18:35:00Z,0.15,NA,DOP,0.021000000000000005,mg/L,NA,Burn/Herbicide,C,0,0   Burn/Herbicide
P155441-10,Burn/Herbicide_C,SW,GP,SAMP,2025-04-10T18:35:00Z,0.15,NA,PP,0.321,mg/L,NA,Burn/Herbicide,C,0,0   Burn/Herbicide
P155441-9,Herbicide_C,SW,GP,SAMP,2025-04-10T18:25:00Z,0.11,NA,DOP,0.018000000000000002,mg/L,NA,Herbicide,C,0,0   Herbicide
P155441-9,Herbicide_C,SW,GP,SAMP,2025-04-10T18:25:00Z,0.11,NA,PP,0.035,mg/L,NA,Herbicide,C,0,0   Herbicide
P155441-8,Herbicide_B,SW,GP,SAMP,2025-04-10T18:20:00Z,0.11,NA,DOP,0.017,mg/L,NA,Herbicide,B,0,0   Herbicide
P155441-8,Herbicide_B,SW,GP,SAMP,2025-04-10T18:20:00Z,0.11,NA,PP,0.028999999999999998,mg/L,NA,Herbicide,B,0,0   Herbicide
P155441-7,Burn/Herbicide_B,SW,GP,SAMP,2025-04-10T18:10:00Z,0.15,NA,DOP,0.028000000000000004,mg/L,NA,Burn/Herbicide,B,0,0   Burn/Herbicide
P155441-7,Burn/Herbicide_B,SW,GP,SAMP,2025-04-10T18:10:00Z,0.15,NA,PP,0.40599999999999997,mg/L,NA,Burn/Herbicide,B,0,0   Burn/Herbicide
P155441-6,Burn_B,SW,GP,SAMP,2025-04-10T18:05:00Z,0.14,NA,DOP,0.017999999999999995,mg/L,NA,Burn,B,0,0   Burn
P155441-6,Burn_B,SW,GP,SAMP,2025-04-10T18:05:00Z,0.14,NA,PP,0.271,mg/L,NA,Burn,B,0,0   Burn
P155441-5,Untreated_B,SW,GP,SAMP,2025-04-10T17:50:00Z,0.09,NA,DOP,0.017,mg/L,NA,Untreated,B,0,0   Untreated
P155441-5,Untreated_B,SW,GP,SAMP,2025-04-10T17:50:00Z,0.09,NA,PP,0.010000000000000002,mg/L,NA,Untreated,B,0,0   Untreated
P155441-4,Burn_A,SW,GP,SAMP,2025-04-10T17:15:00Z,0.09,NA,DOP,0.054000000000000006,mg/L,NA,Burn,A,0,0   Burn
P155441-4,Burn_A,SW,GP,SAMP,2025-04-10T17:15:00Z,0.09,NA,PP,0.42600000000000005,mg/L,NA,Burn,A,0,0   Burn
P155441-3,Burn/Herbicide_A,SW,GP,SAMP,2025-04-10T16:30:00Z,0.11,NA,DOP,0.028000000000000004,mg/L,NA,Burn/Herbicide,A,0,0   Burn/Herbicide
P155441-3,Burn/Herbicide_A,SW,GP,SAMP,2025-04-10T16:30:00Z,0.11,NA,PP,0.458,mg/L,NA,Burn/Herbicide,A,0,0   Burn/Herbicide
P155441-2,Herbicide_A,SW,GP,SAMP,2025-04-10T16:00:00Z,0.07,NA,DOP,0.018,mg/L,NA,Herbicide,A,0,0   Herbicide
P155441-2,Herbicide_A,SW,GP,SAMP,2025-04-10T16:00:00Z,0.07,NA,PP,0.011000000000000003,mg/L,NA,Herbicide,A,0,0   Herbicide
P155441-13,Untreated_A,DI,GP,FCEB,2025-04-10T15:50:00Z,NA,NA,DOP,0,mg/L,NA,Untreated,A,0,0   Untreated
P155441-13,Untreated_A,DI,GP,FCEB,2025-04-10T15:50:00Z,NA,NA,PP,0,mg/L,NA,Untreated,A,0,0   Untreated
P155441-1,Untreated_A,SW,GP,SAMP,2025-04-10T15:30:00Z,0.08,NA,DOP,0.024,mg/L,NA,Untreated,A,0,0   Untreated
P155441-1,Untreated_A,SW,GP,SAMP,2025-04-10T15:30:00Z,0.08,NA,PP,0.0049999999999999975,mg/L,NA,Untreated,A,0,0   Untreated
P155440-12,Untreated_C,SW,GP,SAMP,2025-03-25T13:22:00Z,0.1,NA,DOP,0.009000000000000001,mg/L,NA,Untreated,C,-16,-16   Untreated
P155440-12,Untreated_C,SW,GP,SAMP,2025-03-25T13:22:00Z,0.1,NA,PP,0.006,mg/L,NA,Untreated,C,-16,-16   Untreated
P155440-11,Burn_C,SW,GP,SAMP,2025-03-25T13:10:00Z,0.08,NA,DOP,0.009000000000000001,mg/L,NA,Burn,C,-16,-16   Burn
P155440-11,Burn_C,SW,GP,SAMP,2025-03-25T13:10:00Z,0.08,NA,PP,0.005999999999999998,mg/L,NA,Burn,C,-16,-16   Burn
P155440-10,Burn/Herbicide_C,SW,GP,SAMP,2025-03-25T12:54:00Z,0.14,NA,DOP,0.011,mg/L,NA,Burn/Herbicide,C,-16,-16   Burn/Herbicide
P155440-10,Burn/Herbicide_C,SW,GP,SAMP,2025-03-25T12:54:00Z,0.14,NA,PP,0.0020000000000000018,mg/L,NA,Burn/Herbicide,C,-16,-16   Burn/Herbicide
P155440-9,Herbicide_C,SW,GP,SAMP,2025-03-25T12:39:00Z,0.12,NA,DOP,0.007000000000000001,mg/L,NA,Herbicide,C,-16,-16   Herbicide
P155440-9,Herbicide_C,SW,GP,SAMP,2025-03-25T12:39:00Z,0.12,NA,PP,0.005999999999999998,mg/L,NA,Herbicide,C,-16,-16   Herbicide
P155440-8,Herbicide_B,SW,GP,SAMP,2025-03-25T12:22:00Z,0.1,NA,DOP,0.009,mg/L,NA,Herbicide,B,-16,-16   Herbicide
P155440-8,Herbicide_B,SW,GP,SAMP,2025-03-25T12:22:00Z,0.1,NA,PP,0.006000000000000002,mg/L,NA,Herbicide,B,-16,-16   Herbicide
P155440-7,Burn/Herbicide_B,SW,GP,SAMP,2025-03-25T12:07:00Z,0.16,NA,DOP,0.008,mg/L,NA,Burn/Herbicide,B,-16,-16   Burn/Herbicide
P155440-7,Burn/Herbicide_B,SW,GP,SAMP,2025-03-25T12:07:00Z,0.16,NA,PP,0.005000000000000001,mg/L,NA,Burn/Herbicide,B,-16,-16   Burn/Herbicide
P155440-6,Burn_B,SW,GP,SAMP,2025-03-25T11:51:00Z,0.1,NA,DOP,0.009000000000000001,mg/L,NA,Burn,B,-16,-16   Burn
P155440-6,Burn_B,SW,GP,SAMP,2025-03-25T11:51:00Z,0.1,NA,PP,0.008,mg/L,NA,Burn,B,-16,-16   Burn
P155440-5,Untreated_B,SW,GP,SAMP,2025-03-25T11:35:00Z,0.11,NA,DOP,0.009,mg/L,NA,Untreated,B,-16,-16   Untreated
P155440-5,Untreated_B,SW,GP,SAMP,2025-03-25T11:35:00Z,0.11,NA,PP,0.007000000000000003,mg/L,NA,Untreated,B,-16,-16   Untreated
P155440-4,Burn_A,SW,GP,SAMP,2025-03-25T11:11:00Z,0.09,NA,DOP,0.009,mg/L,NA,Burn,A,-16,-16   Burn
P155440-4,Burn_A,SW,GP,SAMP,2025-03-25T11:11:00Z,0.09,NA,PP,0.005000000000000001,mg/L,NA,Burn,A,-16,-16   Burn
P155440-3,Burn/Herbicide_A,SW,GP,SAMP,2025-03-25T10:43:00Z,0.14,NA,DOP,0.009000000000000001,mg/L,NA,Burn/Herbicide,A,-16,-16   Burn/Herbicide
P155440-3,Burn/Herbicide_A,SW,GP,SAMP,2025-03-25T10:43:00Z,0.14,NA,PP,0.0049999999999999975,mg/L,NA,Burn/Herbicide,A,-16,-16   Burn/Herbicide
P155440-2,Herbicide_A,SW,GP,SAMP,2025-03-25T10:23:00Z,0.11,NA,DOP,0.011,mg/L,NA,Herbicide,A,-16,-16   Herbicide
P155440-2,Herbicide_A,SW,GP,SAMP,2025-03-25T10:23:00Z,0.11,NA,PP,0.006999999999999999,mg/L,NA,Herbicide,A,-16,-16   Herbicide
P155440-13,Untreated_A,DI,GP,FCEB,2025-03-25T10:07:00Z,NA,NA,DOP,0,mg/L,"DI 8186 through peristaltic pump tubing to bucket to sample bottles. Tray Flyers, bucket Kracker, filter lot 18197628, SA lot 072328.",Untreated,A,-16,-16   Untreated
P155440-13,Untreated_A,DI,GP,FCEB,2025-03-25T10:07:00Z,NA,NA,PP,0,mg/L,"DI 8186 through peristaltic pump tubing to bucket to sample bottles. Tray Flyers, bucket Kracker, filter lot 18197628, SA lot 072328.",Untreated,A,-16,-16   Untreated
P155440-1,Untreated_A,SW,GP,SAMP,2025-03-25T09:45:00Z,0.15,NA,DOP,0.008000000000000002,mg/L,NA,Untreated,A,-16,-16   Untreated
P155440-1,Untreated_A,SW,GP,SAMP,2025-03-25T09:45:00Z,0.15,NA,PP,0.006999999999999999,mg/L,NA,Untreated,A,-16,-16   Untreated
P155439-12,Untreated_C,SW,GP,SAMP,2025-02-26T13:50:00Z,0.11,NA,DOP,0.012,mg/L,NA,Untreated,C,-43,-43   Untreated
P155439-12,Untreated_C,SW,GP,SAMP,2025-02-26T13:50:00Z,0.11,NA,PP,0.005000000000000001,mg/L,NA,Untreated,C,-43,-43   Untreated
P155439-11,Burn_C,SW,GP,SAMP,2025-02-26T13:35:00Z,0.14,NA,DOP,0.010000000000000002,mg/L,NA,Burn,C,-43,-43   Burn
P155439-11,Burn_C,SW,GP,SAMP,2025-02-26T13:35:00Z,0.14,NA,PP,0.005999999999999998,mg/L,NA,Burn,C,-43,-43   Burn
P155439-10,Burn/Herbicide_C,SW,GP,SAMP,2025-02-26T13:21:00Z,0.15,NA,DOP,0.011,mg/L,NA,Burn/Herbicide,C,-43,-43   Burn/Herbicide
P155439-10,Burn/Herbicide_C,SW,GP,SAMP,2025-02-26T13:21:00Z,0.15,NA,PP,0.005000000000000001,mg/L,NA,Burn/Herbicide,C,-43,-43   Burn/Herbicide
P155439-9,Herbicide_C,SW,GP,SAMP,2025-02-26T13:06:00Z,0.1,NA,DOP,0.010000000000000002,mg/L,NA,Herbicide,C,-43,-43   Herbicide
P155439-9,Herbicide_C,SW,GP,SAMP,2025-02-26T13:06:00Z,0.1,NA,PP,0.0049999999999999975,mg/L,NA,Herbicide,C,-43,-43   Herbicide
P155439-8,Herbicide_B,SW,GP,SAMP,2025-02-26T12:50:00Z,0.1,NA,DOP,0.011,mg/L,NA,Herbicide,B,-43,-43   Herbicide
P155439-8,Herbicide_B,SW,GP,SAMP,2025-02-26T12:50:00Z,0.1,NA,PP,0.002999999999999999,mg/L,NA,Herbicide,B,-43,-43   Herbicide
P155439-7,Burn/Herbicide_B,SW,GP,SAMP,2025-02-26T12:35:00Z,0.12,NA,DOP,0.009,mg/L,NA,Burn/Herbicide,B,-43,-43   Burn/Herbicide
P155439-7,Burn/Herbicide_B,SW,GP,SAMP,2025-02-26T12:35:00Z,0.12,NA,PP,0.005000000000000001,mg/L,NA,Burn/Herbicide,B,-43,-43   Burn/Herbicide
P155439-6,Burn_B,SW,GP,SAMP,2025-02-26T12:20:00Z,0.11,NA,DOP,0.009000000000000001,mg/L,NA,Burn,B,-43,-43   Burn
P155439-6,Burn_B,SW,GP,SAMP,2025-02-26T12:20:00Z,0.11,NA,PP,0.004,mg/L,NA,Burn,B,-43,-43   Burn
P155439-5,Untreated_B,SW,GP,SAMP,2025-02-26T12:03:00Z,0.06,NA,DOP,0.007000000000000001,mg/L,NA,Untreated,B,-43,-43   Untreated
P155439-5,Untreated_B,SW,GP,SAMP,2025-02-26T12:03:00Z,0.06,NA,PP,0.008,mg/L,NA,Untreated,B,-43,-43   Untreated
P155439-4,Burn_A,SW,GP,SAMP,2025-02-26T11:33:00Z,0.08,NA,DOP,0.011000000000000001,mg/L,NA,Burn,A,-43,-43   Burn
P155439-4,Burn_A,SW,GP,SAMP,2025-02-26T11:33:00Z,0.08,NA,PP,0.004,mg/L,NA,Burn,A,-43,-43   Burn
P155439-3,Burn/Herbicide_A,SW,GP,SAMP,2025-02-26T11:10:00Z,0.07,NA,DOP,0.009,mg/L,NA,Burn/Herbicide,A,-43,-43   Burn/Herbicide
P155439-3,Burn/Herbicide_A,SW,GP,SAMP,2025-02-26T11:10:00Z,0.07,NA,PP,0.005000000000000001,mg/L,NA,Burn/Herbicide,A,-43,-43   Burn/Herbicide
P155439-2,Herbicide_A,SW,GP,SAMP,2025-02-26T10:38:00Z,0.09,NA,DOP,0.011,mg/L,NA,Herbicide,A,-43,-43   Herbicide
P155439-2,Herbicide_A,SW,GP,SAMP,2025-02-26T10:38:00Z,0.09,NA,PP,0.006000000000000002,mg/L,NA,Herbicide,A,-43,-43   Herbicide
P155439-13,Untreated_A,DI,GP,FCEB,2025-02-26T10:20:00Z,NA,NA,DOP,0,mg/L,"DI 8174 through peristaltic pump tubing to bucket to sample bottles. Tray 3, bucket Chimichanga, filter G8825136, SA 072823. Ash in the air from nearby burn.",Untreated,A,-43,-43   Untreated
P155439-13,Untreated_A,DI,GP,FCEB,2025-02-26T10:20:00Z,NA,NA,PP,0,mg/L,"DI 8174 through peristaltic pump tubing to bucket to sample bottles. Tray 3, bucket Chimichanga, filter G8825136, SA 072823. Ash in the air from nearby burn.",Untreated,A,-43,-43   Untreated
P155439-1,Untreated_A,SW,GP,SAMP,2025-02-26T10:05:00Z,0.09,NA,DOP,0.013,mg/L,Ash in the air from nearby burn.,Untreated,A,-43,-43   Untreated
P155439-1,Untreated_A,SW,GP,SAMP,2025-02-26T10:05:00Z,0.09,NA,PP,0.004,mg/L,Ash in the air from nearby burn.,Untreated,A,-43,-43   Untreated
P155444-12,Untreated_C,SW,GP,SAMP,2025-01-28T14:05:00Z,0.2,NA,DOP,0.009000000000000001,mg/L,NA,Untreated,C,-72,-72   Untreated
P155444-12,Untreated_C,SW,GP,SAMP,2025-01-28T14:05:00Z,0.2,NA,PP,0.009000000000000001,mg/L,NA,Untreated,C,-72,-72   Untreated
P155444-11,Burn_C,SW,GP,SAMP,2025-01-28T13:47:00Z,0.12,NA,DOP,0.008,mg/L,NA,Burn,C,-72,-72   Burn
P155444-11,Burn_C,SW,GP,SAMP,2025-01-28T13:47:00Z,0.12,NA,PP,0.006,mg/L,NA,Burn,C,-72,-72   Burn
P155444-10,Burn/Herbicide_C,SW,GP,SAMP,2025-01-28T13:32:00Z,0.14,NA,DOP,0.009000000000000001,mg/L,NA,Burn/Herbicide,C,-72,-72   Burn/Herbicide
P155444-10,Burn/Herbicide_C,SW,GP,SAMP,2025-01-28T13:32:00Z,0.14,NA,PP,0.005999999999999998,mg/L,NA,Burn/Herbicide,C,-72,-72   Burn/Herbicide
P155444-9,Herbicide_C,SW,GP,SAMP,2025-01-28T13:15:00Z,0.14,NA,DOP,0.009000000000000001,mg/L,NA,Herbicide,C,-72,-72   Herbicide
P155444-9,Herbicide_C,SW,GP,SAMP,2025-01-28T13:15:00Z,0.14,NA,PP,0.003999999999999998,mg/L,NA,Herbicide,C,-72,-72   Herbicide
P155444-8,Herbicide_B,SW,GP,SAMP,2025-01-28T12:55:00Z,0.09,NA,DOP,0.010000000000000002,mg/L,NA,Herbicide,B,-72,-72   Herbicide
P155444-8,Herbicide_B,SW,GP,SAMP,2025-01-28T12:55:00Z,0.09,NA,PP,0.004,mg/L,NA,Herbicide,B,-72,-72   Herbicide
P155444-7,Burn/Herbicide_B,SW,GP,SAMP,2025-01-28T12:40:00Z,0.11,NA,DOP,0.011,mg/L,NA,Burn/Herbicide,B,-72,-72   Burn/Herbicide
P155444-7,Burn/Herbicide_B,SW,GP,SAMP,2025-01-28T12:40:00Z,0.11,NA,PP,0.004,mg/L,NA,Burn/Herbicide,B,-72,-72   Burn/Herbicide
P155444-6,Burn_B,SW,GP,SAMP,2025-01-28T12:20:00Z,0.12,NA,DOP,0.011,mg/L,NA,Burn,B,-72,-72   Burn
P155444-6,Burn_B,SW,GP,SAMP,2025-01-28T12:20:00Z,0.12,NA,PP,0.005999999999999998,mg/L,NA,Burn,B,-72,-72   Burn
P155444-5,Untreated_B,SW,GP,SAMP,2025-01-28T12:00:00Z,0.16,NA,DOP,0.011,mg/L,Ash from nearby burn in the air,Untreated,B,-72,-72   Untreated
P155444-5,Untreated_B,SW,GP,SAMP,2025-01-28T12:00:00Z,0.16,NA,PP,0.006999999999999999,mg/L,Ash from nearby burn in the air,Untreated,B,-72,-72   Untreated
P155444-4,Burn_A,SW,GP,SAMP,2025-01-28T11:35:00Z,0.17,NA,DOP,0.003999999999999998,mg/L,NA,Burn,A,-72,-72   Burn
P155444-4,Burn_A,SW,GP,SAMP,2025-01-28T11:35:00Z,0.17,NA,PP,0.005000000000000001,mg/L,NA,Burn,A,-72,-72   Burn
P155444-3,Burn/Herbicide_A,SW,GP,SAMP,2025-01-28T11:11:00Z,0.23,NA,DOP,0.010000000000000002,mg/L,NA,Burn/Herbicide,A,-72,-72   Burn/Herbicide
P155444-3,Burn/Herbicide_A,SW,GP,SAMP,2025-01-28T11:11:00Z,0.23,NA,PP,0.002999999999999999,mg/L,NA,Burn/Herbicide,A,-72,-72   Burn/Herbicide
P155444-2,Herbicide_A,SW,GP,SAMP,2025-01-28T10:50:00Z,0.23,NA,DOP,0.009999999999999998,mg/L,NA,Herbicide,A,-72,-72   Herbicide
P155444-2,Herbicide_A,SW,GP,SAMP,2025-01-28T10:50:00Z,0.23,NA,PP,0.0030000000000000027,mg/L,NA,Herbicide,A,-72,-72   Herbicide
P155444-13,Untreated_A,DI,GP,FCEB,2025-01-28T10:30:00Z,NA,NA,DOP,0,mg/L,"DI 8174 through peristaltic pump tubing to bucket to sample bottles. Bucket Dexter, tray Wild Bill, SA lot 072823, filter lot 81724837.",Untreated,A,-72,-72   Untreated
P155444-13,Untreated_A,DI,GP,FCEB,2025-01-28T10:30:00Z,NA,NA,PP,0,mg/L,"DI 8174 through peristaltic pump tubing to bucket to sample bottles. Bucket Dexter, tray Wild Bill, SA lot 072823, filter lot 81724837.",Untreated,A,-72,-72   Untreated
P155444-1,Untreated_A,SW,GP,SAMP,2025-01-28T10:15:00Z,0.19,NA,DOP,0.006999999999999999,mg/L,NA,Untreated,A,-72,-72   Untreated
P155444-1,Untreated_A,SW,GP,SAMP,2025-01-28T10:15:00Z,0.19,NA,PP,0.005000000000000001,mg/L,NA,Untreated,A,-72,-72   Untreated
P155443-12,Untreated_C,SW,GP,SAMP,2024-12-17T13:50:00Z,0.1,NA,DOP,0.011,mg/L,NA,Untreated,C,-114,-114   Untreated
P155443-12,Untreated_C,SW,GP,SAMP,2024-12-17T13:50:00Z,0.1,NA,PP,0.006999999999999999,mg/L,NA,Untreated,C,-114,-114   Untreated
P155443-11,Burn_C,SW,GP,SAMP,2024-12-17T13:30:00Z,0.1,NA,DOP,0.01,mg/L,NA,Burn,C,-114,-114   Burn
P155443-11,Burn_C,SW,GP,SAMP,2024-12-17T13:30:00Z,0.1,NA,PP,0.008,mg/L,NA,Burn,C,-114,-114   Burn
P155443-10,Burn/Herbicide_C,SW,GP,SAMP,2024-12-17T13:20:00Z,0.11,NA,DOP,0.011,mg/L,NA,Burn/Herbicide,C,-114,-114   Burn/Herbicide
P155443-10,Burn/Herbicide_C,SW,GP,SAMP,2024-12-17T13:20:00Z,0.11,NA,PP,0.009000000000000001,mg/L,NA,Burn/Herbicide,C,-114,-114   Burn/Herbicide
P155443-9,Herbicide_C,SW,GP,SAMP,2024-12-17T13:00:00Z,0.07,NA,DOP,0.012,mg/L,NA,Herbicide,C,-114,-114   Herbicide
P155443-9,Herbicide_C,SW,GP,SAMP,2024-12-17T13:00:00Z,0.07,NA,PP,0.005999999999999998,mg/L,NA,Herbicide,C,-114,-114   Herbicide
P155443-8,Herbicide_B,SW,GP,SAMP,2024-12-17T12:45:00Z,0.07,NA,DOP,0.011,mg/L,NA,Herbicide,B,-114,-114   Herbicide
P155443-8,Herbicide_B,SW,GP,SAMP,2024-12-17T12:45:00Z,0.07,NA,PP,0.005999999999999998,mg/L,NA,Herbicide,B,-114,-114   Herbicide
P155443-7,Burn/Herbicide_B,SW,GP,SAMP,2024-12-17T12:30:00Z,0.08,NA,DOP,0.011,mg/L,NA,Burn/Herbicide,B,-114,-114   Burn/Herbicide
P155443-7,Burn/Herbicide_B,SW,GP,SAMP,2024-12-17T12:30:00Z,0.08,NA,PP,0.006000000000000002,mg/L,NA,Burn/Herbicide,B,-114,-114   Burn/Herbicide
P155443-5,Untreated_B,SW,GP,SAMP,2024-12-17T12:10:00Z,0.09,NA,DOP,0.01,mg/L,NA,Untreated,B,-114,-114   Untreated
P155443-5,Untreated_B,SW,GP,SAMP,2024-12-17T12:10:00Z,0.09,NA,PP,0.006000000000000002,mg/L,NA,Untreated,B,-114,-114   Untreated
P155443-6,Burn_B,SW,GP,SAMP,2024-12-17T11:50:00Z,0.06,NA,DOP,0.009,mg/L,NA,Burn,B,-114,-114   Burn
P155443-6,Burn_B,SW,GP,SAMP,2024-12-17T11:50:00Z,0.06,NA,PP,0.008,mg/L,NA,Burn,B,-114,-114   Burn
P155443-4,Burn_A,SW,GP,SAMP,2024-12-17T11:30:00Z,0.05,NA,DOP,0.009000000000000001,mg/L,NA,Burn,A,-114,-114   Burn
P155443-4,Burn_A,SW,GP,SAMP,2024-12-17T11:30:00Z,0.05,NA,PP,0.006999999999999999,mg/L,NA,Burn,A,-114,-114   Burn
P155443-3,Burn/Herbicide_A,SW,GP,SAMP,2024-12-17T11:10:00Z,0.06,NA,DOP,0.012,mg/L,NA,Burn/Herbicide,A,-114,-114   Burn/Herbicide
P155443-3,Burn/Herbicide_A,SW,GP,SAMP,2024-12-17T11:10:00Z,0.06,NA,PP,0.008,mg/L,NA,Burn/Herbicide,A,-114,-114   Burn/Herbicide
P155443-2,Herbicide_A,SW,GP,SAMP,2024-12-17T10:30:00Z,0.1,NA,DOP,0.011,mg/L,NA,Herbicide,A,-114,-114   Herbicide
P155443-2,Herbicide_A,SW,GP,SAMP,2024-12-17T10:30:00Z,0.1,NA,PP,0.007000000000000001,mg/L,NA,Herbicide,A,-114,-114   Herbicide
P155443-13,Untreated_A,DI,GP,FCEB,2024-12-17T10:15:00Z,NA,NA,DOP,0,mg/L,"DI 8075 through peristaltic pump tubing to bucket to sample bottles. Tray Orange, Bucket Dexter, Acid lot 072823, Filter lot 18197628.",Untreated,A,-114,-114   Untreated
P155443-13,Untreated_A,DI,GP,FCEB,2024-12-17T10:15:00Z,NA,NA,PP,0,mg/L,"DI 8075 through peristaltic pump tubing to bucket to sample bottles. Tray Orange, Bucket Dexter, Acid lot 072823, Filter lot 18197628.",Untreated,A,-114,-114   Untreated
P155443-1,Untreated_A,SW,GP,SAMP,2024-12-17T10:00:00Z,0.07,NA,DOP,0.012,mg/L,NA,Untreated,A,-114,-114   Untreated
P155443-1,Untreated_A,SW,GP,SAMP,2024-12-17T10:00:00Z,0.07,NA,PP,0.0049999999999999975,mg/L,NA,Untreated,A,-114,-114   Untreated
P154830-12,Untreated_C,SW,GP,SAMP,2024-11-19T14:30:00Z,0.1,NA,DOP,0.011,mg/L,NA,Untreated,C,-142,-142   Untreated
P154830-12,Untreated_C,SW,GP,SAMP,2024-11-19T14:30:00Z,0.1,NA,PP,0.009000000000000001,mg/L,NA,Untreated,C,-142,-142   Untreated
P154830-11,Burn_C,SW,GP,SAMP,2024-11-19T14:20:00Z,0.11,NA,DOP,0.011000000000000001,mg/L,NA,Burn,C,-142,-142   Burn
P154830-11,Burn_C,SW,GP,SAMP,2024-11-19T14:20:00Z,0.11,NA,PP,0.013000000000000001,mg/L,NA,Burn,C,-142,-142   Burn
P154830-10,Burn/Herbicide_C,SW,GP,SAMP,2024-11-19T14:04:00Z,0.12,NA,DOP,0.013,mg/L,NA,Burn/Herbicide,C,-142,-142   Burn/Herbicide
P154830-10,Burn/Herbicide_C,SW,GP,SAMP,2024-11-19T14:04:00Z,0.12,NA,PP,0.013000000000000001,mg/L,NA,Burn/Herbicide,C,-142,-142   Burn/Herbicide
P154830-9,Herbicide_C,SW,GP,SAMP,2024-11-19T13:50:00Z,0.1,NA,DOP,0.012999999999999998,mg/L,NA,Herbicide,C,-142,-142   Herbicide
P154830-9,Herbicide_C,SW,GP,SAMP,2024-11-19T13:50:00Z,0.1,NA,PP,0.008,mg/L,NA,Herbicide,C,-142,-142   Herbicide
P154830-8,Herbicide_B,SW,GP,SAMP,2024-11-19T13:30:00Z,0.09,NA,DOP,0.01,mg/L,NA,Herbicide,B,-142,-142   Herbicide
P154830-8,Herbicide_B,SW,GP,SAMP,2024-11-19T13:30:00Z,0.09,NA,PP,0.018000000000000002,mg/L,NA,Herbicide,B,-142,-142   Herbicide
P154830-7,Burn/Herbicide_B,SW,GP,SAMP,2024-11-19T13:25:00Z,0.18,NA,DOP,0.011,mg/L,NA,Burn/Herbicide,B,-142,-142   Burn/Herbicide
P154830-7,Burn/Herbicide_B,SW,GP,SAMP,2024-11-19T13:25:00Z,0.18,NA,PP,0.018,mg/L,NA,Burn/Herbicide,B,-142,-142   Burn/Herbicide
P154830-6,Burn_B,SW,GP,SAMP,2024-11-19T13:05:00Z,0.15,NA,DOP,0.011999999999999999,mg/L,NA,Burn,B,-142,-142   Burn
P154830-6,Burn_B,SW,GP,SAMP,2024-11-19T13:05:00Z,0.15,NA,PP,0.008,mg/L,NA,Burn,B,-142,-142   Burn
P154830-5,Untreated_B,SW,GP,SAMP,2024-11-19T12:50:00Z,0.18,NA,DOP,0.012999999999999998,mg/L,NA,Untreated,B,-142,-142   Untreated
P154830-5,Untreated_B,SW,GP,SAMP,2024-11-19T12:50:00Z,0.18,NA,PP,0.010000000000000002,mg/L,NA,Untreated,B,-142,-142   Untreated
P154830-4,Burn_A,SW,GP,SAMP,2024-11-19T12:20:00Z,0.06,NA,DOP,0.014000000000000002,mg/L,NA,Burn,A,-142,-142   Burn
P154830-4,Burn_A,SW,GP,SAMP,2024-11-19T12:20:00Z,0.06,NA,PP,0.008,mg/L,NA,Burn,A,-142,-142   Burn
P154830-3,Burn/Herbicide_A,SW,GP,SAMP,2024-11-19T11:35:00Z,0.06,NA,DOP,0.011,mg/L,NA,Burn/Herbicide,A,-142,-142   Burn/Herbicide
P154830-3,Burn/Herbicide_A,SW,GP,SAMP,2024-11-19T11:35:00Z,0.06,NA,PP,0.013000000000000001,mg/L,NA,Burn/Herbicide,A,-142,-142   Burn/Herbicide
P154830-2,Herbicide_A,SW,GP,SAMP,2024-11-19T11:00:00Z,0.08,NA,DOP,0.010000000000000002,mg/L,NA,Herbicide,A,-142,-142   Herbicide
P154830-2,Herbicide_A,SW,GP,SAMP,2024-11-19T11:00:00Z,0.08,NA,PP,0.013000000000000001,mg/L,NA,Herbicide,A,-142,-142   Herbicide
P154830-13,Untreated_A,DI,GP,FCEB,2024-11-19T10:30:00Z,NA,NA,DOP,0,mg/L,"DI 8103 through peristaltic pump tubing to bucket to sample bottles. H2SO4 lot 072823, filter lot 17879938. Bucket- Maggie, Tray- Flyers.",Untreated,A,-142,-142   Untreated
P154830-13,Untreated_A,DI,GP,FCEB,2024-11-19T10:30:00Z,NA,NA,PP,0,mg/L,"DI 8103 through peristaltic pump tubing to bucket to sample bottles. H2SO4 lot 072823, filter lot 17879938. Bucket- Maggie, Tray- Flyers.",Untreated,A,-142,-142   Untreated
P154830-1,Untreated_A,SW,GP,SAMP,2024-11-19T10:00:00Z,0.15,NA,DOP,0.011,mg/L,NA,Untreated,A,-142,-142   Untreated
P154830-1,Untreated_A,SW,GP,SAMP,2024-11-19T10:00:00Z,0.15,NA,PP,0.016000000000000004,mg/L,NA,Untreated,A,-142,-142   Untreated
