SAMPLE_ID,LAB_ID,PROJECT_SEQ,SAMPLING_SOURCE,STATION,MATRIX,COLLECT_METHOD,SAMPLE_TYPE,PROJECT_CODE,PROJECT_TYPE,DBH_PROJECT_CODE,COLLECT_DATE,DISCHARGE,UP_DOWN_STREAM,WEATHER,DEPTH,TOTAL_DEPTH,UPPER_DEPTH,LOWER_DEPTH,SECCHI_DEPTH,DEPTH_TO_CONSOL_SUBSTRATE,DEPTH_RANGE,CORE_LENGTH,HABITAT,TOTAL_DRY_WEIGHT,TOTAL_HEIGHT_AVERAGE_JUVENILE,JUVENILE_BIOMASS,TOTAL_HEIGHT_AVERAGE_ADULT,ADULT_BIOMASS,TOTAL_WEIGHT,BILL_LENGTH,TOTAL_BREADTH,TOTAL_LENGTH,AGE,SEX,TISSUE_TYPE,SPECIES,PLANT_COMPONENTS,FIRST_TRIGGER_DATE,RUN_DATE,PREP_DATE,STORET_CODE,TEST_NAME,TEST_NUMBER,VALUE,UNITS,UNCERTAINTY,REMARK_CODE,METHOD,MDL,SAMP_COMMENT,SAMP_COMMENT_NR,RESULT_COMMENT,FLAG,HSN,SCHEDULE_SEQ,CMP
P154832-2,93428002,93428,Non-WQM,Untreated_A,SO,COR,SAMP,EFIRE,EX,EFIRE,1/16/2025 9:20,,,,,,6,21,,,,15,,,,,,,,,,,,,,,,,1/30/2025 15:23,1/30/2025 15:23,82003,MOISTURE,156,84.6,%,,,SFWMD 1620,,,Wet weight 1186.8 g,,,93428002,9998269,82003
P154832-4,93428004,93428,Non-WQM,Untreated_A,SO,COR,SAMP,EFIRE,EX,EFIRE,1/16/2025 10:05,,,,,,8,21,,,,13,,,,,,,,,,,,,,,,,1/30/2025 15:23,1/30/2025 15:23,82003,MOISTURE,156,87,%,,,SFWMD 1620,,,Wet weight 871.0 g,,,93428004,9998285,82003
P154832-6,93428006,93428,Non-WQM,Untreated_A,SO,COR,SAMP,EFIRE,EX,EFIRE,1/16/2025 10:25,,,,,,13,24,,,,11,,,,,,,,,,,,,,,,,1/30/2025 15:23,1/30/2025 15:23,82003,MOISTURE,156,85.1,%,,,SFWMD 1620,,,Wet weight 873.8 g,,,93428006,9998301,82003
P154832-8,93428008,93428,Non-WQM,Herbicide_A,SO,COR,SAMP,EFIRE,EX,EFIRE,1/16/2025 10:40,,,,,,15,27,,,,12,,,,,,,,,,,,,,,,,1/30/2025 15:23,1/30/2025 15:23,82003,MOISTURE,156,85.1,%,,,SFWMD 1620,,,Wet weight 1003.5,,,93428008,9998317,82003
P154832-10,93428010,93428,Non-WQM,Herbicide_A,SO,COR,SAMP,EFIRE,EX,EFIRE,1/16/2025 10:55,,,,,,12,22,,,,10,,,,,,,,,,,,,,,,,1/30/2025 15:23,1/30/2025 15:23,82003,MOISTURE,156,84.9,%,,,SFWMD 1620,,,Wet weight 673.8 g,,,93428010,9998333,82003
P154832-12,93428012,93428,Non-WQM,Herbicide_A,SO,COR,SAMP,EFIRE,EX,EFIRE,1/16/2025 11:10,,,,,,8,18,,,,10,,,,,,,,,,,,,,,,,1/30/2025 15:23,1/30/2025 15:23,82003,MOISTURE,156,85.5,%,,,SFWMD 1620,,,Wet weight 778.1,,,93428012,9998349,82003
P154832-14,93428014,93428,Non-WQM,Burn_Herb_A,SO,COR,SAMP,EFIRE,EX,EFIRE,1/16/2025 11:30,,,,,,4,12,,,,8,,,,,,,,,,,,,,,,,1/30/2025 15:23,1/30/2025 15:23,82003,MOISTURE,156,94.1,%,,,SFWMD 1620,,,Wet weight 573.6,,,93428014,9998365,82003
P154832-16,93428016,93428,Non-WQM,Burn_Herb_A,SO,COR,SAMP,EFIRE,EX,EFIRE,1/16/2025 11:50,,,,,,7,17,,,,10,,,,,,,,,,,,,,,,,1/30/2025 15:23,1/30/2025 15:23,82003,MOISTURE,156,91.4,%,,,SFWMD 1620,,,Wet weight 631.1 g,,,93428016,9998381,82003
P154832-18,93428018,93428,Non-WQM,Burn_Herb_A,SO,COR,SAMP,EFIRE,EX,EFIRE,1/16/2025 12:05,,,,,,5,14,,,,9,,,,,,,,,,,,,,,,,1/30/2025 15:23,1/30/2025 15:23,82003,MOISTURE,156,95,%,,,SFWMD 1620,,,Wet weight 622.9,,,93428018,9998397,82003
P154832-20,93428020,93428,Non-WQM,Burn_A,SO,COR,SAMP,EFIRE,EX,EFIRE,1/16/2025 12:15,,,,,,7,15,,,,8,,,,,,,,,,,,,,,,,1/30/2025 15:23,1/30/2025 15:23,82003,MOISTURE,156,94.2,%,,,SFWMD 1620,,,Wet weight 477.8g,,,93428020,9998413,82003
P154832-22,93428022,93428,Non-WQM,Burn_A,SO,COR,SAMP,EFIRE,EX,EFIRE,1/16/2025 12:25,,,,,,6,17,,,,11,,,,,,,,,,,,,,,,,1/30/2025 15:23,1/30/2025 15:23,82003,MOISTURE,156,93.8,%,,,SFWMD 1620,,,Wet weight 717.8,,,93428022,9998429,82003
P154832-24,93428024,93428,Non-WQM,Burn_A,SO,COR,SAMP,EFIRE,EX,EFIRE,1/16/2025 12:35,,,,,,5,15,,,,10,,,,,,,,,,,,,,,,,1/30/2025 15:23,1/30/2025 15:23,82003,MOISTURE,156,94.5,%,,,SFWMD 1620,,,Wet weight 641.4 g,,,93428024,9998445,82003
P154832-1,93428001,93428,Non-WQM,Untreated_A,FLOC,COR,SAMP,EFIRE,EX,EFIRE,1/16/2025 9:15,,,,,,0,6,,,,6,,,,,,,,,,,,,,,,,1/30/2025 15:23,1/30/2025 15:23,82003,MOISTURE,156,95.2,%,,,SFWMD 1620,,,Wet weight 222.2g,,,93428001,9998261,82003
P154832-3,93428003,93428,Non-WQM,Untreated_A,FLOC,COR,SAMP,EFIRE,EX,EFIRE,1/16/2025 10:00,,,,,,0,8,,,,8,,,,,,,,,,,,,,,,,1/30/2025 15:23,1/30/2025 15:23,82003,MOISTURE,156,95.3,%,,,SFWMD 1620,,,Wet weight 257.5 g,,,93428003,9998277,82003
P154832-5,93428005,93428,Non-WQM,Untreated_A,FLOC,COR,SAMP,EFIRE,EX,EFIRE,1/16/2025 10:20,,,,,,0,13,,,,13,,,,,,,,,,,,,,,,,1/30/2025 15:23,1/30/2025 15:23,82003,MOISTURE,156,92.4,%,,,SFWMD 1620,,,Wet weight 552.8 g,,,93428005,9998293,82003
P154832-7,93428007,93428,Non-WQM,Herbicide_A,FLOC,COR,SAMP,EFIRE,EX,EFIRE,1/16/2025 10:35,,,,,,0,15,,,,15,,,,,,,,,,,,,,,,,1/30/2025 15:23,1/30/2025 15:23,82003,MOISTURE,156,92.3,%,,,SFWMD 1620,,,Wet weight 499.2,,,93428007,9998309,82003
P154832-9,93428009,93428,Non-WQM,Herbicide_A,FLOC,COR,SAMP,EFIRE,EX,EFIRE,1/16/2025 10:50,,,,,,0,12,,,,12,,,,,,,,,,,,,,,,,1/30/2025 15:23,1/30/2025 15:23,82003,MOISTURE,156,92.3,%,,,SFWMD 1620,,,Wet weight 356.8,,,93428009,9998325,82003
P154832-11,93428011,93428,Non-WQM,Herbicide_A,FLOC,COR,SAMP,EFIRE,EX,EFIRE,1/16/2025 11:05,,,,,,0,8,,,,8,,,,,,,,,,,,,,,,,1/30/2025 15:23,1/30/2025 15:23,82003,MOISTURE,156,94.6,%,,,SFWMD 1620,,,Wet weight 473.3 g,,,93428011,9998341,82003
P154832-13,93428013,93428,Non-WQM,Burn_Herb_A,FLOC,COR,SAMP,EFIRE,EX,EFIRE,1/16/2025 11:25,,,,,,0,4,,,,4,,,,,,,,,,,,,,,,,1/30/2025 15:23,1/30/2025 15:23,82003,MOISTURE,156,97,%,,,SFWMD 1620,,,Wet weight 180.4 g,,,93428013,9998357,82003
P154832-15,93428015,93428,Non-WQM,Burn_Herb_A,FLOC,COR,SAMP,EFIRE,EX,EFIRE,1/16/2025 11:45,,,,,,0,7,,,,7,,,,,,,,,,,,,,,,,1/30/2025 15:23,1/30/2025 15:23,82003,MOISTURE,156,96.7,%,,,SFWMD 1620,,,Wet weight 314.1 g,,,93428015,9998373,82003
P154832-17,93428017,93428,Non-WQM,Burn_Herb_A,FLOC,COR,SAMP,EFIRE,EX,EFIRE,1/16/2025 12:00,,,,,,0,5,,,,5,,,,,,,,,,,,,,,,,1/30/2025 15:23,1/30/2025 15:23,82003,MOISTURE,156,96.8,%,,,SFWMD 1620,,,Wet weight 222.8,,,93428017,9998389,82003
P154832-19,93428019,93428,Non-WQM,Burn_A,FLOC,COR,SAMP,EFIRE,EX,EFIRE,1/16/2025 12:10,,,,,,0,7,,,,7,,,,,,,,,,,,,,,,,1/30/2025 15:23,1/30/2025 15:23,82003,MOISTURE,156,96.3,%,,,SFWMD 1620,,,Wet weight 270.0 g,,,93428019,9998405,82003
P154832-21,93428021,93428,Non-WQM,Burn_A,FLOC,COR,SAMP,EFIRE,EX,EFIRE,1/16/2025 12:20,,,,,,0,6,,,,6,,,,,,,,,,,,,,,,,1/30/2025 15:23,1/30/2025 15:23,82003,MOISTURE,156,96.5,%,,,SFWMD 1620,,,Wet weight 185.8 g,,,93428021,9998421,82003
P154832-23,93428023,93428,Non-WQM,Burn_A,FLOC,COR,SAMP,EFIRE,EX,EFIRE,1/16/2025 12:30,,,,,,0,5,,,,5,,,,,,,,,,,,,,,,,1/30/2025 15:23,1/30/2025 15:23,82003,MOISTURE,156,97.1,%,,,SFWMD 1620,,,Wet weight 238.9,,,93428023,9998437,82003
P157646-2,94825002,94825,Non-WQM,Untreated_A,SO,COR,SAMP,EFIRE,EX,EFIRE,4/15/2025 10:05,,,,,,5,22,,,,17,,,,,,,,,,,,,,,,,5/19/2025 12:51,5/12/2025 12:35,30244,TC-SOL,186,18,%,+/- 0.851,,SFWMD 3200,0.658,,1189.6 g wet weight,,,94825002,10112266,30244
P157646-4,94825004,94825,Non-WQM,Untreated_A,SO,COR,SAMP,EFIRE,EX,EFIRE,4/15/2025 10:15,,,,,,5,19,,,,14,,,,,,,,,,,,,,,,,5/19/2025 13:09,5/12/2025 12:35,30244,TC-SOL,186,16.4,%,+/- 0.714,,SFWMD 3200,0.518,,1359.88g wet weight,,,94825004,10112282,30244
P157646-6,94825006,94825,Non-WQM,Untreated_A,SO,COR,SAMP,EFIRE,EX,EFIRE,4/15/2025 10:25,,,,,,4,16,,,,12,,,,,,,,,,,,,,,,,5/19/2025 13:26,5/12/2025 12:35,30244,TC-SOL,186,16.7,%,+/- 0.705,,SFWMD 3200,0.496,,727.88g wet weight,,,94825006,10112298,30244
P157646-8,94825008,94825,Non-WQM,Herbicide_A,SO,COR,SAMP,EFIRE,EX,EFIRE,4/15/2025 11:05,,,,,,5,20,,,,15,,,,,,,,,,,,,,,,,5/19/2025 13:42,5/12/2025 12:35,30244,TC-SOL,186,18.2,%,+/- 0.725,,SFWMD 3200,0.477,,1081.88g wet weight,,,94825008,10112314,30244
P157646-10,94825010,94825,Non-WQM,Herbicide_A,SO,COR,SAMP,EFIRE,EX,EFIRE,4/15/2025 11:15,,,,,,9,29,,,,20,,,,,,,,,,,,,,,,,5/19/2025 13:59,5/12/2025 12:35,30244,TC-SOL,186,18.2,%,+/- 0.753,,SFWMD 3200,0.518,,1512.88g wet weight,,,94825010,10112330,30244
P157646-12,94825012,94825,Non-WQM,Herbicide_A,SO,COR,SAMP,EFIRE,EX,EFIRE,4/15/2025 11:25,,,,,,8,26,,,,18,,,,,,,,,,,,,,,,,5/19/2025 14:16,5/12/2025 12:35,30244,TC-SOL,186,17.8,%,+/- 0.689,,SFWMD 3200,0.436,,1307.88g wet weight,,,94825012,10112346,30244
P157646-14,94825014,94825,Non-WQM,Burn_Herb_A,SO,COR,SAMP,EFIRE,EX,EFIRE,4/15/2025 12:05,,,,,,4,23,,,,19,,,,,,,,,,,,,,,,,5/19/2025 14:33,5/12/2025 12:35,30244,TC-SOL,186,16,%,+/- 0.634,,SFWMD 3200,0.414,,1372.88g wet weight,,,94825014,10112362,30244
P157646-16,94825016,94825,Non-WQM,Burn_Herb_A,SO,COR,SAMP,EFIRE,EX,EFIRE,4/15/2025 12:15,,,,,,5,25,,,,20,,,,,,,,,,,,,,,,,5/19/2025 14:50,5/12/2025 12:35,30244,TC-SOL,186,16.2,%,+/- 0.609,,SFWMD 3200,0.367,,1470.88g wet weight,,,94825016,10112378,30244
P157646-18,94825018,94825,Non-WQM,Burn_Herb_A,SO,COR,SAMP,EFIRE,EX,EFIRE,4/15/2025 12:25,,,,,,3,21,,,,18,,,,,,,,,,,,,,,,,5/19/2025 15:07,5/12/2025 12:35,30244,TC-SOL,186,15.1,%,+/- 0.501,,SFWMD 3200,0.214,,1373.88g wet weight. rehydrated due to leak in the core.,,,94825018,10112394,30244
P157646-20,94825020,94825,Non-WQM,Burn_A,SO,COR,SAMP,EFIRE,EX,EFIRE,4/15/2025 13:05,,,,,,5,16,,,,11,,,,,,,,,,,,,,,,,5/19/2025 15:57,5/12/2025 12:35,30244,TC-SOL,186,17.9,%,+/- 0.633,,SFWMD 3200,0.335,,876.88g wet weight,,,94825020,10112410,30244
P157646-22,94825022,94825,Non-WQM,Burn_A,SO,COR,SAMP,EFIRE,EX,EFIRE,4/15/2025 13:15,,,,,,4,23,,,,19,,,,,,,,,,,,,,,,,5/19/2025 16:14,5/12/2025 12:35,30244,TC-SOL,186,17.8,%,+/- 0.647,,SFWMD 3200,0.366,,1389.88g wet weight,,,94825022,10112426,30244
P157646-24,94825024,94825,Non-WQM,Burn_A,SO,COR,SAMP,EFIRE,EX,EFIRE,4/15/2025 13:20,,,,,,5,19,,,,14,,,,,,,,,,,,,,,,,5/19/2025 16:31,5/12/2025 12:35,30244,TC-SOL,186,17.3,%,+/- 0.623,,SFWMD 3200,0.345,,1020.88g wet weight,,,94825024,10112442,30244
P154832-2,93428002,93428,Non-WQM,Untreated_A,SO,COR,SAMP,EFIRE,EX,EFIRE,1/16/2025 9:20,,,,,,6,21,,,,15,,,,,,,,,,,,,,,,,3/17/2025 13:34,2/13/2025 10:20,30244,TC-SOL,186,17.9,%,+/- 0.711,,SFWMD 3200,0.466,,Wet weight 1186.8 g,,,93428002,9998272,30244
P154832-4,93428004,93428,Non-WQM,Untreated_A,SO,COR,SAMP,EFIRE,EX,EFIRE,1/16/2025 10:05,,,,,,8,21,,,,13,,,,,,,,,,,,,,,,,3/17/2025 13:51,2/13/2025 10:20,30244,TC-SOL,186,17.3,%,+/- 0.624,,SFWMD 3200,0.347,,Wet weight 871.0 g,,,93428004,9998288,30244
P154832-6,93428006,93428,Non-WQM,Untreated_A,SO,COR,SAMP,EFIRE,EX,EFIRE,1/16/2025 10:25,,,,,,13,24,,,,11,,,,,,,,,,,,,,,,,3/17/2025 14:07,2/13/2025 10:20,30244,TC-SOL,186,16.5,%,+/- 0.642,,SFWMD 3200,0.409,,Wet weight 873.8 g,,,93428006,9998304,30244
P154832-8,93428008,93428,Non-WQM,Herbicide_A,SO,COR,SAMP,EFIRE,EX,EFIRE,1/16/2025 10:40,,,,,,15,27,,,,12,,,,,,,,,,,,,,,,,3/17/2025 14:24,2/13/2025 10:20,30244,TC-SOL,186,15.3,%,+/- 0.572,,SFWMD 3200,0.342,,Wet weight 1003.5,,,93428008,9998320,30244
P154832-10,93428010,93428,Non-WQM,Herbicide_A,SO,COR,SAMP,EFIRE,EX,EFIRE,1/16/2025 10:55,,,,,,12,22,,,,10,,,,,,,,,,,,,,,,,3/17/2025 14:41,2/13/2025 10:20,30244,TC-SOL,186,16.6,%,+/- 0.651,,SFWMD 3200,0.42,,Wet weight 673.8 g,,,93428010,9998336,30244
P154832-12,93428012,93428,Non-WQM,Herbicide_A,SO,COR,SAMP,EFIRE,EX,EFIRE,1/16/2025 11:10,,,,,,8,18,,,,10,,,,,,,,,,,,,,,,,3/18/2025 11:05,2/13/2025 10:20,30244,TC-SOL,186,17.7,%,+/- 0.655,,SFWMD 3200,0.383,,Wet weight 778.1,,,93428012,9998352,30244
P154832-14,93428014,93428,Non-WQM,Burn_Herb_A,SO,COR,SAMP,EFIRE,EX,EFIRE,1/16/2025 11:30,,,,,,4,12,,,,8,,,,,,,,,,,,,,,,,3/18/2025 11:22,2/13/2025 10:20,30244,TC-SOL,186,40.7,%,+/- 1.28,,SFWMD 3200,0.38,,Wet weight 573.6,,,93428014,9998368,30244
P154832-16,93428016,93428,Non-WQM,Burn_Herb_A,SO,COR,SAMP,EFIRE,EX,EFIRE,1/16/2025 11:50,,,,,,7,17,,,,10,,,,,,,,,,,,,,,,,3/18/2025 11:39,2/13/2025 10:20,30244,TC-SOL,186,35.1,%,+/- 1.13,,SFWMD 3200,0.42,,Wet weight 631.1 g,,,93428016,9998384,30244
P154832-18,93428018,93428,Non-WQM,Burn_Herb_A,SO,COR,SAMP,EFIRE,EX,EFIRE,1/16/2025 12:05,,,,,,5,14,,,,9,,,,,,,,,,,,,,,,,3/18/2025 11:56,2/13/2025 10:20,30244,TC-SOL,186,47.1,%,+/- 1.51,,SFWMD 3200,0.539,,Wet weight 622.9,,,93428018,9998400,30244
P154832-20,93428020,93428,Non-WQM,Burn_A,SO,COR,SAMP,EFIRE,EX,EFIRE,1/16/2025 12:15,,,,,,7,15,,,,8,,,,,,,,,,,,,,,,,3/18/2025 12:13,2/13/2025 10:20,30244,TC-SOL,186,42.9,%,+/- 1.34,,SFWMD 3200,0.371,,Wet weight 477.8g,,,93428020,9998416,30244
P154832-22,93428022,93428,Non-WQM,Burn_A,SO,COR,SAMP,EFIRE,EX,EFIRE,1/16/2025 12:25,,,,,,6,17,,,,11,,,,,,,,,,,,,,,,,3/19/2025 11:15,2/13/2025 10:20,30244,TC-SOL,186,45,%,+/- 1.41,,SFWMD 3200,0.42,,Wet weight 717.8,,,93428022,9998432,30244
P154832-24,93428024,93428,Non-WQM,Burn_A,SO,COR,SAMP,EFIRE,EX,EFIRE,1/16/2025 12:35,,,,,,5,15,,,,10,,,,,,,,,,,,,,,,,3/19/2025 11:32,2/13/2025 10:20,30244,TC-SOL,186,44.6,%,+/- 1.48,,SFWMD 3200,0.643,,Wet weight 641.4 g,,,93428024,9998448,30244
P157646-1,94825001,94825,Non-WQM,Untreated_A,FLOC,COR,SAMP,EFIRE,EX,EFIRE,4/15/2025 10:00,,,,,,0,5,,,,5,,,,,,,,,,,,,,,,,5/19/2025 12:43,5/12/2025 12:35,30244,TC-SOL,186,22.9,%,+/- 0.802,,SFWMD 3200,0.414,,Wet Weight 329.6g,,,94825001,10112258,30244
P157646-3,94825003,94825,Non-WQM,Untreated_A,FLOC,COR,SAMP,EFIRE,EX,EFIRE,4/15/2025 10:10,,,,,,0,5,,,,5,,,,,,,,,,,,,,,,,5/19/2025 13:00,5/12/2025 12:35,30244,TC-SOL,186,27.8,%,+/- 0.928,,SFWMD 3200,0.407,,232.1g wet weight,,,94825003,10112274,30244
P157646-5,94825005,94825,Non-WQM,Untreated_A,FLOC,COR,SAMP,EFIRE,EX,EFIRE,4/15/2025 10:20,,,,,,0,4,,,,4,,,,,,,,,,,,,,,,,5/19/2025 13:17,5/12/2025 12:35,30244,TC-SOL,186,27.6,%,+/- 0.933,,SFWMD 3200,0.43,,248.5g wet weight,,,94825005,10112290,30244
P157646-7,94825007,94825,Non-WQM,Herbicide_A,FLOC,COR,SAMP,EFIRE,EX,EFIRE,4/15/2025 11:00,,,,,,0,5,,,,5,,,,,,,,,,,,,,,,,5/19/2025 13:34,5/12/2025 12:35,30244,TC-SOL,186,34,%,+/- 1.10,,SFWMD 3200,0.423,,321.6g wet weight,,,94825007,10112306,30244
P157646-9,94825009,94825,Non-WQM,Herbicide_A,FLOC,COR,SAMP,EFIRE,EX,EFIRE,4/15/2025 11:10,,,,,,0,9,,,,9,,,,,,,,,,,,,,,,,5/19/2025 13:51,5/12/2025 12:35,30244,TC-SOL,186,28.8,%,+/- 0.963,,SFWMD 3200,0.426,,567.1g wet weight,,,94825009,10112322,30244
P157646-11,94825011,94825,Non-WQM,Herbicide_A,FLOC,COR,SAMP,EFIRE,EX,EFIRE,4/15/2025 11:20,,,,,,0,8,,,,8,,,,,,,,,,,,,,,,,5/19/2025 14:08,5/12/2025 12:35,30244,TC-SOL,186,30.8,%,+/- 1.04,,SFWMD 3200,0.469,,537.8g wet weight,,,94825011,10112338,30244
P157646-13,94825013,94825,Non-WQM,Burn_Herb_A,FLOC,COR,SAMP,EFIRE,EX,EFIRE,4/15/2025 12:00,,,,,,0,4,,,,4,,,,,,,,,,,,,,,,,5/19/2025 14:25,5/12/2025 12:35,30244,TC-SOL,186,27.7,%,+/- 1.04,,SFWMD 3200,0.623,,256.5g wet weight,,,94825013,10112354,30244
P157646-15,94825015,94825,Non-WQM,Burn_Herb_A,FLOC,COR,SAMP,EFIRE,EX,EFIRE,4/15/2025 12:10,,,,,,0,5,,,,5,,,,,,,,,,,,,,,,,5/19/2025 14:41,5/14/2025 9:53,30244,TC-SOL,186,29.2,%,+/- 1.06,,SFWMD 3200,0.598,,264.4g wet weight,,,94825015,10112370,30244
P157646-17,94825017,94825,Non-WQM,Burn_Herb_A,FLOC,COR,SAMP,EFIRE,EX,EFIRE,4/15/2025 12:20,,,,,,0,3,,,,3,,,,,,,,,,,,,,,,,5/19/2025 14:58,5/12/2025 12:35,30244,TC-SOL,186,22.8,%,+/- 0.830,,SFWMD 3200,0.471,,214.3g wet weight. Sample was rehydrated due to a leak in the core.,,,94825017,10112386,30244
P157646-19,94825019,94825,Non-WQM,Burn_A,FLOC,COR,SAMP,EFIRE,EX,EFIRE,4/15/2025 13:00,,,,,,0,5,,,,5,,,,,,,,,,,,,,,,,5/19/2025 15:15,5/12/2025 12:35,30244,TC-SOL,186,29.5,%,+/- 1.05,,SFWMD 3200,0.574,,292.0g wet weight,,,94825019,10112402,30244
P157646-21,94825021,94825,Non-WQM,Burn_A,FLOC,COR,SAMP,EFIRE,EX,EFIRE,4/15/2025 13:10,,,,,,0,4,,,,4,,,,,,,,,,,,,,,,,5/19/2025 16:05,5/12/2025 12:35,30244,TC-SOL,186,31.5,%,+/- 1.03,,SFWMD 3200,0.412,,284.7g wet weight,,,94825021,10112418,30244
P157646-23,94825023,94825,Non-WQM,Burn_A,FLOC,COR,SAMP,EFIRE,EX,EFIRE,4/15/2025 13:15,,,,,,0,5,,,,5,,,,,,,,,,,,,,,,,5/19/2025 16:22,5/12/2025 12:35,30244,TC-SOL,186,29.6,%,+/- 1.02,,SFWMD 3200,0.502,,242.0g wet weight,,,94825023,10112434,30244
P154832-1,93428001,93428,Non-WQM,Untreated_A,FLOC,COR,SAMP,EFIRE,EX,EFIRE,1/16/2025 9:15,,,,,,0,6,,,,6,,,,,,,,,,,,,,,,,3/17/2025 13:25,2/13/2025 10:20,30244,TC-SOL,186,32.1,%,+/- 1.03,,SFWMD 3200,0.354,,Wet weight 222.2g,,,93428001,9998264,30244
P154832-3,93428003,93428,Non-WQM,Untreated_A,FLOC,COR,SAMP,EFIRE,EX,EFIRE,1/16/2025 10:00,,,,,,0,8,,,,8,,,,,,,,,,,,,,,,,3/17/2025 13:42,2/13/2025 10:20,30244,TC-SOL,186,27.2,%,+/- 0.948,,SFWMD 3200,0.483,,Wet weight 257.5 g,,,93428003,9998280,30244
P154832-5,93428005,93428,Non-WQM,Untreated_A,FLOC,COR,SAMP,EFIRE,EX,EFIRE,1/16/2025 10:20,,,,,,0,13,,,,13,,,,,,,,,,,,,,,,,3/17/2025 13:59,2/13/2025 10:20,30244,TC-SOL,186,24.4,%,+/- 0.821,,SFWMD 3200,0.371,,Wet weight 552.8 g,,,93428005,9998296,30244
P154832-7,93428007,93428,Non-WQM,Herbicide_A,FLOC,COR,SAMP,EFIRE,EX,EFIRE,1/16/2025 10:35,,,,,,0,15,,,,15,,,,,,,,,,,,,,,,,3/17/2025 14:16,2/13/2025 10:20,30244,TC-SOL,186,21.7,%,+/- 0.794,,SFWMD 3200,0.455,,Wet weight 499.2,,,93428007,9998312,30244
P154832-9,93428009,93428,Non-WQM,Herbicide_A,FLOC,COR,SAMP,EFIRE,EX,EFIRE,1/16/2025 10:50,,,,,,0,12,,,,12,,,,,,,,,,,,,,,,,3/17/2025 14:33,2/13/2025 10:20,30244,TC-SOL,186,21.3,%,+/- 0.730,,SFWMD 3200,0.353,,Wet weight 356.8,,,93428009,9998328,30244
P154832-11,93428011,93428,Non-WQM,Herbicide_A,FLOC,COR,SAMP,EFIRE,EX,EFIRE,1/16/2025 11:05,,,,,,0,8,,,,8,,,,,,,,,,,,,,,,,3/18/2025 10:57,2/13/2025 10:20,30244,TC-SOL,186,27.9,%,+/- 0.916,,SFWMD 3200,0.373,,Wet weight 473.3 g,,,93428011,9998344,30244
P154832-13,93428013,93428,Non-WQM,Burn_Herb_A,FLOC,COR,SAMP,EFIRE,EX,EFIRE,1/16/2025 11:25,,,,,,0,4,,,,4,,,,,,,,,,,,,,,,,3/18/2025 11:14,2/13/2025 10:20,30244,TC-SOL,186,44.1,%,+/- 1.41,,SFWMD 3200,0.477,,Wet weight 180.4 g,,,93428013,9998360,30244
P154832-15,93428015,93428,Non-WQM,Burn_Herb_A,FLOC,COR,SAMP,EFIRE,EX,EFIRE,1/16/2025 11:45,,,,,,0,7,,,,7,,,,,,,,,,,,,,,,,3/18/2025 11:31,2/13/2025 10:20,30244,TC-SOL,186,45,%,+/- 1.44,,SFWMD 3200,0.499,,Wet weight 314.1 g,,,93428015,9998376,30244
P154832-17,93428017,93428,Non-WQM,Burn_Herb_A,FLOC,COR,SAMP,EFIRE,EX,EFIRE,1/16/2025 12:00,,,,,,0,5,,,,5,,,,,,,,,,,,,,,,,3/18/2025 11:48,2/13/2025 10:20,30244,TC-SOL,186,46.4,%,+/- 1.45,,SFWMD 3200,0.416,,Wet weight 222.8,,,93428017,9998392,30244
P154832-19,93428019,93428,Non-WQM,Burn_A,FLOC,COR,SAMP,EFIRE,EX,EFIRE,1/16/2025 12:10,,,,,,0,7,,,,7,,,,,,,,,,,,,,,,,3/18/2025 12:04,2/13/2025 10:20,30244,TC-SOL,186,42.5,%,+/- 1.33,,SFWMD 3200,0.391,,Wet weight 270.0 g,,,93428019,9998408,30244
P154832-21,93428021,93428,Non-WQM,Burn_A,FLOC,COR,SAMP,EFIRE,EX,EFIRE,1/16/2025 12:20,,,,,,0,6,,,,6,,,,,,,,,,,,,,,,,3/19/2025 11:07,2/13/2025 10:20,30244,TC-SOL,186,44.7,%,+/- 1.44,,SFWMD 3200,0.511,,Wet weight 185.8 g,,,93428021,9998424,30244
P154832-23,93428023,93428,Non-WQM,Burn_A,FLOC,COR,SAMP,EFIRE,EX,EFIRE,1/16/2025 12:30,,,,,,0,5,,,,5,,,,,,,,,,,,,,,,,3/19/2025 11:24,2/13/2025 10:20,30244,TC-SOL,186,44.5,%,+/- 1.44,,SFWMD 3200,0.533,,Wet weight 238.9,,,93428023,9998440,30244
P157646-2,94825002,94825,Non-WQM,Untreated_A,SO,COR,SAMP,EFIRE,EX,EFIRE,4/15/2025 10:05,,,,,,5,22,,,,17,,,,,,,,,,,,,,,,,5/19/2025 12:51,5/12/2025 12:35,62845,TN-SOL,185,0.72,%,+/- 0.658,I,SFWMD 3200,0.658,,1189.6 g wet weight,,,94825002,10112266,62845
P157646-4,94825004,94825,Non-WQM,Untreated_A,SO,COR,SAMP,EFIRE,EX,EFIRE,4/15/2025 10:15,,,,,,5,19,,,,14,,,,,,,,,,,,,,,,,5/19/2025 13:09,5/12/2025 12:35,62845,TN-SOL,185,0.62,%,+/- 0.518,I,SFWMD 3200,0.518,,1359.88g wet weight,,,94825004,10112282,62845
P157646-6,94825006,94825,Non-WQM,Untreated_A,SO,COR,SAMP,EFIRE,EX,EFIRE,4/15/2025 10:25,,,,,,4,16,,,,12,,,,,,,,,,,,,,,,,5/19/2025 13:26,5/12/2025 12:35,62845,TN-SOL,185,0.63,%,+/- 0.496,I,SFWMD 3200,0.496,,727.88g wet weight,,,94825006,10112298,62845
P157646-8,94825008,94825,Non-WQM,Herbicide_A,SO,COR,SAMP,EFIRE,EX,EFIRE,4/15/2025 11:05,,,,,,5,20,,,,15,,,,,,,,,,,,,,,,,5/19/2025 13:42,5/12/2025 12:35,62845,TN-SOL,185,0.7,%,+/- 0.478,I,SFWMD 3200,0.477,,1081.88g wet weight,,,94825008,10112314,62845
P157646-10,94825010,94825,Non-WQM,Herbicide_A,SO,COR,SAMP,EFIRE,EX,EFIRE,4/15/2025 11:15,,,,,,9,29,,,,20,,,,,,,,,,,,,,,,,5/19/2025 13:59,5/12/2025 12:35,62845,TN-SOL,185,0.75,%,+/- 0.519,I,SFWMD 3200,0.518,,1512.88g wet weight,,,94825010,10112330,62845
P157646-12,94825012,94825,Non-WQM,Herbicide_A,SO,COR,SAMP,EFIRE,EX,EFIRE,4/15/2025 11:25,,,,,,8,26,,,,18,,,,,,,,,,,,,,,,,5/19/2025 14:16,5/12/2025 12:35,62845,TN-SOL,185,0.69,%,+/- 0.437,I,SFWMD 3200,0.436,,1307.88g wet weight,,,94825012,10112346,62845
P157646-14,94825014,94825,Non-WQM,Burn_Herb_A,SO,COR,SAMP,EFIRE,EX,EFIRE,4/15/2025 12:05,,,,,,4,23,,,,19,,,,,,,,,,,,,,,,,5/19/2025 14:33,5/12/2025 12:35,62845,TN-SOL,185,0.52,%,+/- 0.414,I,SFWMD 3200,0.414,,1372.88g wet weight,,,94825014,10112362,62845
P157646-16,94825016,94825,Non-WQM,Burn_Herb_A,SO,COR,SAMP,EFIRE,EX,EFIRE,4/15/2025 12:15,,,,,,5,25,,,,20,,,,,,,,,,,,,,,,,5/19/2025 14:50,5/12/2025 12:35,62845,TN-SOL,185,0.57,%,+/- 0.368,I,SFWMD 3200,0.367,,1470.88g wet weight,,,94825016,10112378,62845
P157646-18,94825018,94825,Non-WQM,Burn_Herb_A,SO,COR,SAMP,EFIRE,EX,EFIRE,4/15/2025 12:25,,,,,,3,21,,,,18,,,,,,,,,,,,,,,,,5/19/2025 15:07,5/12/2025 12:35,62845,TN-SOL,185,0.49,%,+/- 0.215,I,SFWMD 3200,0.214,,1373.88g wet weight. rehydrated due to leak in the core.,,,94825018,10112394,62845
P157646-20,94825020,94825,Non-WQM,Burn_A,SO,COR,SAMP,EFIRE,EX,EFIRE,4/15/2025 13:05,,,,,,5,16,,,,11,,,,,,,,,,,,,,,,,5/19/2025 15:57,5/12/2025 12:35,62845,TN-SOL,185,0.73,%,+/- 0.336,I,SFWMD 3200,0.335,,876.88g wet weight,,,94825020,10112410,62845
P157646-22,94825022,94825,Non-WQM,Burn_A,SO,COR,SAMP,EFIRE,EX,EFIRE,4/15/2025 13:15,,,,,,4,23,,,,19,,,,,,,,,,,,,,,,,5/19/2025 16:14,5/12/2025 12:35,62845,TN-SOL,185,0.74,%,+/- 0.367,I,SFWMD 3200,0.366,,1389.88g wet weight,,,94825022,10112426,62845
P157646-24,94825024,94825,Non-WQM,Burn_A,SO,COR,SAMP,EFIRE,EX,EFIRE,4/15/2025 13:20,,,,,,5,19,,,,14,,,,,,,,,,,,,,,,,5/19/2025 16:31,5/12/2025 12:35,62845,TN-SOL,185,0.69,%,+/- 0.346,I,SFWMD 3200,0.345,,1020.88g wet weight,,,94825024,10112442,62845
P154832-2,93428002,93428,Non-WQM,Untreated_A,SO,COR,SAMP,EFIRE,EX,EFIRE,1/16/2025 9:20,,,,,,6,21,,,,15,,,,,,,,,,,,,,,,,3/17/2025 13:34,2/13/2025 10:20,62845,TN-SOL,185,0.72,%,+/- 0.467,I,SFWMD 3200,0.466,,Wet weight 1186.8 g,,,93428002,9998272,62845
P154832-4,93428004,93428,Non-WQM,Untreated_A,SO,COR,SAMP,EFIRE,EX,EFIRE,1/16/2025 10:05,,,,,,8,21,,,,13,,,,,,,,,,,,,,,,,3/17/2025 13:51,2/13/2025 10:20,62845,TN-SOL,185,0.72,%,+/- 0.348,I,SFWMD 3200,0.347,,Wet weight 871.0 g,,,93428004,9998288,62845
P154832-6,93428006,93428,Non-WQM,Untreated_A,SO,COR,SAMP,EFIRE,EX,EFIRE,1/16/2025 10:25,,,,,,13,24,,,,11,,,,,,,,,,,,,,,,,3/17/2025 14:07,2/13/2025 10:20,62845,TN-SOL,185,0.61,%,+/- 0.410,I,SFWMD 3200,0.409,,Wet weight 873.8 g,,,93428006,9998304,62845
P154832-8,93428008,93428,Non-WQM,Herbicide_A,SO,COR,SAMP,EFIRE,EX,EFIRE,1/16/2025 10:40,,,,,,15,27,,,,12,,,,,,,,,,,,,,,,,3/17/2025 14:24,2/13/2025 10:20,62845,TN-SOL,185,0.53,%,+/- 0.342,I,SFWMD 3200,0.342,,Wet weight 1003.5,,,93428008,9998320,62845
P154832-10,93428010,93428,Non-WQM,Herbicide_A,SO,COR,SAMP,EFIRE,EX,EFIRE,1/16/2025 10:55,,,,,,12,22,,,,10,,,,,,,,,,,,,,,,,3/17/2025 14:41,2/13/2025 10:20,62845,TN-SOL,185,0.65,%,+/- 0.421,I,SFWMD 3200,0.42,,Wet weight 673.8 g,,,93428010,9998336,62845
P154832-12,93428012,93428,Non-WQM,Herbicide_A,SO,COR,SAMP,EFIRE,EX,EFIRE,1/16/2025 11:10,,,,,,8,18,,,,10,,,,,,,,,,,,,,,,,3/18/2025 11:05,2/13/2025 10:20,62845,TN-SOL,185,0.67,%,+/- 0.384,I,SFWMD 3200,0.383,,Wet weight 778.1,,,93428012,9998352,62845
P154832-14,93428014,93428,Non-WQM,Burn_Herb_A,SO,COR,SAMP,EFIRE,EX,EFIRE,1/16/2025 11:30,,,,,,4,12,,,,8,,,,,,,,,,,,,,,,,3/18/2025 11:22,2/13/2025 10:20,62845,TN-SOL,185,2.47,%,+/- 0.391,,SFWMD 3200,0.38,,Wet weight 573.6,,,93428014,9998368,62845
P154832-16,93428016,93428,Non-WQM,Burn_Herb_A,SO,COR,SAMP,EFIRE,EX,EFIRE,1/16/2025 11:50,,,,,,7,17,,,,10,,,,,,,,,,,,,,,,,3/18/2025 11:39,2/13/2025 10:20,62845,TN-SOL,185,2.11,%,+/- 0.428,,SFWMD 3200,0.42,,Wet weight 631.1 g,,,93428016,9998384,62845
P154832-18,93428018,93428,Non-WQM,Burn_Herb_A,SO,COR,SAMP,EFIRE,EX,EFIRE,1/16/2025 12:05,,,,,,5,14,,,,9,,,,,,,,,,,,,,,,,3/18/2025 11:56,2/13/2025 10:20,62845,TN-SOL,185,2.81,%,+/- 0.549,,SFWMD 3200,0.539,,Wet weight 622.9,,,93428018,9998400,62845
P154832-20,93428020,93428,Non-WQM,Burn_A,SO,COR,SAMP,EFIRE,EX,EFIRE,1/16/2025 12:15,,,,,,7,15,,,,8,,,,,,,,,,,,,,,,,3/18/2025 12:13,2/13/2025 10:20,62845,TN-SOL,185,2.86,%,+/- 0.386,,SFWMD 3200,0.371,,Wet weight 477.8g,,,93428020,9998416,62845
P154832-22,93428022,93428,Non-WQM,Burn_A,SO,COR,SAMP,EFIRE,EX,EFIRE,1/16/2025 12:25,,,,,,6,17,,,,11,,,,,,,,,,,,,,,,,3/19/2025 11:15,2/13/2025 10:20,62845,TN-SOL,185,2.83,%,+/- 0.434,,SFWMD 3200,0.42,,Wet weight 717.8,,,93428022,9998432,62845
P154832-24,93428024,93428,Non-WQM,Burn_A,SO,COR,SAMP,EFIRE,EX,EFIRE,1/16/2025 12:35,,,,,,5,15,,,,10,,,,,,,,,,,,,,,,,3/19/2025 11:32,2/13/2025 10:20,62845,TN-SOL,185,2.37,%,+/- 0.649,I,SFWMD 3200,0.643,,Wet weight 641.4 g,,,93428024,9998448,62845
P157646-1,94825001,94825,Non-WQM,Untreated_A,FLOC,COR,SAMP,EFIRE,EX,EFIRE,4/15/2025 10:00,,,,,,0,5,,,,5,,,,,,,,,,,,,,,,,5/19/2025 12:43,5/12/2025 12:35,62845,TN-SOL,185,1.27,%,+/- 0.417,I,SFWMD 3200,0.414,,Wet Weight 329.6g,,,94825001,10112258,62845
P157646-3,94825003,94825,Non-WQM,Untreated_A,FLOC,COR,SAMP,EFIRE,EX,EFIRE,4/15/2025 10:10,,,,,,0,5,,,,5,,,,,,,,,,,,,,,,,5/19/2025 13:00,5/12/2025 12:35,62845,TN-SOL,185,1.75,%,+/- 0.412,,SFWMD 3200,0.407,,232.1g wet weight,,,94825003,10112274,62845
P157646-5,94825005,94825,Non-WQM,Untreated_A,FLOC,COR,SAMP,EFIRE,EX,EFIRE,4/15/2025 10:20,,,,,,0,4,,,,4,,,,,,,,,,,,,,,,,5/19/2025 13:17,5/12/2025 12:35,62845,TN-SOL,185,1.82,%,+/- 0.436,,SFWMD 3200,0.43,,248.5g wet weight,,,94825005,10112290,62845
P157646-7,94825007,94825,Non-WQM,Herbicide_A,FLOC,COR,SAMP,EFIRE,EX,EFIRE,4/15/2025 11:00,,,,,,0,5,,,,5,,,,,,,,,,,,,,,,,5/19/2025 13:34,5/12/2025 12:35,62845,TN-SOL,185,2.1,%,+/- 0.430,,SFWMD 3200,0.423,,321.6g wet weight,,,94825007,10112306,62845
P157646-9,94825009,94825,Non-WQM,Herbicide_A,FLOC,COR,SAMP,EFIRE,EX,EFIRE,4/15/2025 11:10,,,,,,0,9,,,,9,,,,,,,,,,,,,,,,,5/19/2025 13:51,5/12/2025 12:35,62845,TN-SOL,185,2.06,%,+/- 0.433,,SFWMD 3200,0.426,,567.1g wet weight,,,94825009,10112322,62845
P157646-11,94825011,94825,Non-WQM,Herbicide_A,FLOC,COR,SAMP,EFIRE,EX,EFIRE,4/15/2025 11:20,,,,,,0,8,,,,8,,,,,,,,,,,,,,,,,5/19/2025 14:08,5/12/2025 12:35,62845,TN-SOL,185,2.22,%,+/- 0.476,,SFWMD 3200,0.469,,537.8g wet weight,,,94825011,10112338,62845
P157646-13,94825013,94825,Non-WQM,Burn_Herb_A,FLOC,COR,SAMP,EFIRE,EX,EFIRE,4/15/2025 12:00,,,,,,0,4,,,,4,,,,,,,,,,,,,,,,,5/19/2025 14:25,5/12/2025 12:35,62845,TN-SOL,185,1.59,%,+/- 0.626,I,SFWMD 3200,0.623,,256.5g wet weight,,,94825013,10112354,62845
P157646-15,94825015,94825,Non-WQM,Burn_Herb_A,FLOC,COR,SAMP,EFIRE,EX,EFIRE,4/15/2025 12:10,,,,,,0,5,,,,5,,,,,,,,,,,,,,,,,5/19/2025 14:41,5/14/2025 9:53,62845,TN-SOL,185,1.81,%,+/- 0.602,I,SFWMD 3200,0.598,,264.4g wet weight,,,94825015,10112370,62845
P157646-17,94825017,94825,Non-WQM,Burn_Herb_A,FLOC,COR,SAMP,EFIRE,EX,EFIRE,4/15/2025 12:20,,,,,,0,3,,,,3,,,,,,,,,,,,,,,,,5/19/2025 14:58,5/12/2025 12:35,62845,TN-SOL,185,1.29,%,+/- 0.474,I,SFWMD 3200,0.471,,214.3g wet weight. Sample was rehydrated due to a leak in the core.,,,94825017,10112386,62845
P157646-19,94825019,94825,Non-WQM,Burn_A,FLOC,COR,SAMP,EFIRE,EX,EFIRE,4/15/2025 13:00,,,,,,0,5,,,,5,,,,,,,,,,,,,,,,,5/19/2025 15:15,5/12/2025 12:35,62845,TN-SOL,185,1.73,%,+/- 0.578,I,SFWMD 3200,0.574,,292.0g wet weight,,,94825019,10112402,62845
P157646-21,94825021,94825,Non-WQM,Burn_A,FLOC,COR,SAMP,EFIRE,EX,EFIRE,4/15/2025 13:10,,,,,,0,4,,,,4,,,,,,,,,,,,,,,,,5/19/2025 16:05,5/12/2025 12:35,62845,TN-SOL,185,1.94,%,+/- 0.418,,SFWMD 3200,0.412,,284.7g wet weight,,,94825021,10112418,62845
P157646-23,94825023,94825,Non-WQM,Burn_A,FLOC,COR,SAMP,EFIRE,EX,EFIRE,4/15/2025 13:15,,,,,,0,5,,,,5,,,,,,,,,,,,,,,,,5/19/2025 16:22,5/12/2025 12:35,62845,TN-SOL,185,1.77,%,+/- 0.506,I,SFWMD 3200,0.502,,242.0g wet weight,,,94825023,10112434,62845
P154832-1,93428001,93428,Non-WQM,Untreated_A,FLOC,COR,SAMP,EFIRE,EX,EFIRE,1/16/2025 9:15,,,,,,0,6,,,,6,,,,,,,,,,,,,,,,,3/17/2025 13:25,2/13/2025 10:20,62845,TN-SOL,185,1.89,%,+/- 0.361,,SFWMD 3200,0.354,,Wet weight 222.2g,,,93428001,9998264,62845
P154832-3,93428003,93428,Non-WQM,Untreated_A,FLOC,COR,SAMP,EFIRE,EX,EFIRE,1/16/2025 10:00,,,,,,0,8,,,,8,,,,,,,,,,,,,,,,,3/17/2025 13:42,2/13/2025 10:20,62845,TN-SOL,185,1.99,%,+/- 0.489,,SFWMD 3200,0.483,,Wet weight 257.5 g,,,93428003,9998280,62845
P154832-5,93428005,93428,Non-WQM,Untreated_A,FLOC,COR,SAMP,EFIRE,EX,EFIRE,1/16/2025 10:20,,,,,,0,13,,,,13,,,,,,,,,,,,,,,,,3/17/2025 13:59,2/13/2025 10:20,62845,TN-SOL,185,1.33,%,+/- 0.374,I,SFWMD 3200,0.371,,Wet weight 552.8 g,,,93428005,9998296,62845
P154832-7,93428007,93428,Non-WQM,Herbicide_A,FLOC,COR,SAMP,EFIRE,EX,EFIRE,1/16/2025 10:35,,,,,,0,15,,,,15,,,,,,,,,,,,,,,,,3/17/2025 14:16,2/13/2025 10:20,62845,TN-SOL,185,1.13,%,+/- 0.457,I,SFWMD 3200,0.455,,Wet weight 499.2,,,93428007,9998312,62845
P154832-9,93428009,93428,Non-WQM,Herbicide_A,FLOC,COR,SAMP,EFIRE,EX,EFIRE,1/16/2025 10:50,,,,,,0,12,,,,12,,,,,,,,,,,,,,,,,3/17/2025 14:33,2/13/2025 10:20,62845,TN-SOL,185,1.2,%,+/- 0.356,I,SFWMD 3200,0.353,,Wet weight 356.8,,,93428009,9998328,62845
P154832-11,93428011,93428,Non-WQM,Herbicide_A,FLOC,COR,SAMP,EFIRE,EX,EFIRE,1/16/2025 11:05,,,,,,0,8,,,,8,,,,,,,,,,,,,,,,,3/18/2025 10:57,2/13/2025 10:20,62845,TN-SOL,185,1.63,%,+/- 0.378,,SFWMD 3200,0.373,,Wet weight 473.3 g,,,93428011,9998344,62845
P154832-13,93428013,93428,Non-WQM,Burn_Herb_A,FLOC,COR,SAMP,EFIRE,EX,EFIRE,1/16/2025 11:25,,,,,,0,4,,,,4,,,,,,,,,,,,,,,,,3/18/2025 11:14,2/13/2025 10:20,62845,TN-SOL,185,2.66,%,+/- 0.488,,SFWMD 3200,0.477,,Wet weight 180.4 g,,,93428013,9998360,62845
P154832-15,93428015,93428,Non-WQM,Burn_Herb_A,FLOC,COR,SAMP,EFIRE,EX,EFIRE,1/16/2025 11:45,,,,,,0,7,,,,7,,,,,,,,,,,,,,,,,3/18/2025 11:31,2/13/2025 10:20,62845,TN-SOL,185,2.48,%,+/- 0.508,,SFWMD 3200,0.499,,Wet weight 314.1 g,,,93428015,9998376,62845
P154832-17,93428017,93428,Non-WQM,Burn_Herb_A,FLOC,COR,SAMP,EFIRE,EX,EFIRE,1/16/2025 12:00,,,,,,0,5,,,,5,,,,,,,,,,,,,,,,,3/18/2025 11:48,2/13/2025 10:20,62845,TN-SOL,185,2.63,%,+/- 0.428,,SFWMD 3200,0.416,,Wet weight 222.8,,,93428017,9998392,62845
P154832-19,93428019,93428,Non-WQM,Burn_A,FLOC,COR,SAMP,EFIRE,EX,EFIRE,1/16/2025 12:10,,,,,,0,7,,,,7,,,,,,,,,,,,,,,,,3/18/2025 12:04,2/13/2025 10:20,62845,TN-SOL,185,2.81,%,+/- 0.405,,SFWMD 3200,0.391,,Wet weight 270.0 g,,,93428019,9998408,62845
P154832-21,93428021,93428,Non-WQM,Burn_A,FLOC,COR,SAMP,EFIRE,EX,EFIRE,1/16/2025 12:20,,,,,,0,6,,,,6,,,,,,,,,,,,,,,,,3/19/2025 11:07,2/13/2025 10:20,62845,TN-SOL,185,2.44,%,+/- 0.519,,SFWMD 3200,0.511,,Wet weight 185.8 g,,,93428021,9998424,62845
P154832-23,93428023,93428,Non-WQM,Burn_A,FLOC,COR,SAMP,EFIRE,EX,EFIRE,1/16/2025 12:30,,,,,,0,5,,,,5,,,,,,,,,,,,,,,,,3/19/2025 11:24,2/13/2025 10:20,62845,TN-SOL,185,2.87,%,+/- 0.544,,SFWMD 3200,0.533,,Wet weight 238.9,,,93428023,9998440,62845
P155441-1,93721001,93721,Non-WQM,Untreated_A,SW,GP,SAMP,EFIRE,EX,EFIRE,4/10/2025 15:30,,,,0.08,,,,,,,,,,,,,,,,,,,,,,,,4/17/2025 20:08,4/14/2025 9:27,98013,Pheophytin A,181,0.22,ug/L,+/- 0.023,,,0.01,,,,,93721001,10114663,98013
P155441-2,93721002,93721,Non-WQM,Herbicide_A,SW,GP,SAMP,EFIRE,EX,EFIRE,4/10/2025 16:00,,,,0.07,,,,,,,,,,,,,,,,,,,,,,,,4/17/2025 20:28,4/14/2025 9:59,98013,Pheophytin A,181,0.302,ug/L,+/- 0.030,,,0.008,,,,,93721002,10114665,98013
P155441-3,93721003,93721,Non-WQM,Burn_Herb_A,SW,GP,SAMP,EFIRE,EX,EFIRE,4/10/2025 16:30,,,,0.11,,,,,,,,,,,,,,,,,,,,,,,,4/17/2025 20:37,4/14/2025 9:59,98013,Pheophytin A,181,1.21,ug/L,+/- 0.118,,,0.02,,,,,93721003,10114666,98013
P155441-4,93721004,93721,Non-WQM,Burn_A,SW,GP,SAMP,EFIRE,EX,EFIRE,4/10/2025 17:15,,,,0.09,,,,,,,,,,,,,,,,,,,,,,,,4/17/2025 20:47,4/14/2025 9:59,98013,Pheophytin A,181,2.52,ug/L,+/- 0.245,,,0.04,,,,,93721004,10114667,98013
P155441-6,93721006,93721,Non-WQM,Burn_B,SW,GP,SAMP,EFIRE,EX,EFIRE,4/10/2025 18:05,,,,0.14,,,,,,,,,,,,,,,,,,,,,,,,4/17/2025 21:25,4/14/2025 9:59,98013,Pheophytin A,181,0.48,ug/L,+/- 0.050,,,0.02,,,,,93721006,10114671,98013
P155441-7,93721007,93721,Non-WQM,Burn_Herb_B,SW,GP,SAMP,EFIRE,EX,EFIRE,4/10/2025 18:10,,,,0.15,,,,,,,,,,,,,,,,,,,,,,,,4/17/2025 21:35,4/14/2025 9:59,98013,Pheophytin A,181,4.9,ug/L,+/- 0.472,,,0.04,,,,,93721007,10114672,98013
P155441-8,93721008,93721,Non-WQM,Herbicide_B,SW,GP,SAMP,EFIRE,EX,EFIRE,4/10/2025 18:20,,,,0.11,,,,,,,,,,,,,,,,,,,,,,,,4/17/2025 21:45,4/14/2025 9:59,98013,Pheophytin A,181,0.846,ug/L,+/- 0.082,,,0.008,,,,,93721008,10114673,98013
P155441-9,93721009,93721,Non-WQM,Herbicide_C,SW,GP,SAMP,EFIRE,EX,EFIRE,4/10/2025 18:25,,,,0.11,,,,,,,,,,,,,,,,,,,,,,,,4/17/2025 21:54,4/14/2025 9:59,98013,Pheophytin A,181,1.29,ug/L,+/- 0.124,,,0.008,,,,,93721009,10114674,98013
P155441-10,93721010,93721,Non-WQM,Burn_Herb_C,SW,GP,SAMP,EFIRE,EX,EFIRE,4/10/2025 18:35,,,,0.15,,,,,,,,,,,,,,,,,,,,,,,,4/17/2025 22:04,4/14/2025 9:59,98013,Pheophytin A,181,6.39,ug/L,+/- 0.615,,,0.04,,,,,93721010,10114675,98013
P155441-11,93721011,93721,Non-WQM,Burn_C,SW,GP,SAMP,EFIRE,EX,EFIRE,4/10/2025 18:40,,,,0.10,,,,,,,,,,,,,,,,,,,,,,,,4/17/2025 22:14,4/14/2025 9:59,98013,Pheophytin A,181,0.6,ug/L,+/- 0.058,,,0.01,,,,,93721011,10114676,98013
P155441-12,93721012,93721,Non-WQM,Untreated_C,SW,GP,SAMP,EFIRE,EX,EFIRE,4/10/2025 18:45,,,,0.06,,,,,,,,,,,,,,,,,,,,,,,,4/17/2025 22:23,4/14/2025 9:59,98013,Pheophytin A,181,1.41,ug/L,+/- 0.136,,,0.008,,,,,93721012,10114677,98013
P155441-5,93721005,93721,Non-WQM,Untreated_B,SW,GP,SAMP,EFIRE,EX,EFIRE,4/10/2025 17:50,,,,0.09,,,,,,,,,,,,,,,,,,,,,,,,4/17/2025 20:57,4/14/2025 9:59,98013,Pheophytin A,181,0.163,ug/L,+/- 0.018,,,0.008,,,,,93721005,10114668,98013
P155440-1,93720001,93720,Non-WQM,Untreated_A,SW,GP,SAMP,EFIRE,EX,EFIRE,3/25/2025 9:45,,,,0.15,,,,,,,,,,,,,,,,,,,,,,,,3/27/2025 18:36,3/27/2025 7:46,98013,Pheophytin A,181,0.144,ug/L,+/- 0.019,,,0.013,,,,,93720001,10084942,98013
P155440-2,93720002,93720,Non-WQM,Herbicide_A,SW,GP,SAMP,EFIRE,EX,EFIRE,3/25/2025 10:23,,,,0.11,,,,,,,,,,,,,,,,,,,,,,,,3/27/2025 18:55,3/27/2025 8:18,98013,Pheophytin A,181,0.173,ug/L,+/- 0.021,,,0.013,,,,,93720002,10084966,98013
P155440-3,93720003,93720,Non-WQM,Burn_Herb_A,SW,GP,SAMP,EFIRE,EX,EFIRE,3/25/2025 10:43,,,,0.14,,,,,,,,,,,,,,,,,,,,,,,,3/27/2025 19:05,3/27/2025 8:18,98013,Pheophytin A,181,0.08,ug/L,+/- 0.015,,,0.013,,,,,93720003,10084978,98013
P155440-4,93720004,93720,Non-WQM,Burn_A,SW,GP,SAMP,EFIRE,EX,EFIRE,3/25/2025 11:11,,,,0.09,,,,,,,,,,,,,,,,,,,,,,,,3/27/2025 19:34,3/27/2025 8:18,98013,Pheophytin A,181,0.117,ug/L,+/- 0.017,,,0.013,,,,,93720004,10084990,98013
P155440-5,93720005,93720,Non-WQM,Untreated_B,SW,GP,SAMP,EFIRE,EX,EFIRE,3/25/2025 11:35,,,,0.11,,,,,,,,,,,,,,,,,,,,,,,,3/27/2025 19:43,3/27/2025 8:18,98013,Pheophytin A,181,0.149,ug/L,+/- 0.019,,,0.013,,,,,93720005,10085002,98013
P155440-6,93720006,93720,Non-WQM,Burn_B,SW,GP,SAMP,EFIRE,EX,EFIRE,3/25/2025 11:51,,,,0.1,,,,,,,,,,,,,,,,,,,,,,,,3/27/2025 19:53,3/27/2025 8:18,98013,Pheophytin A,181,0.216,ug/L,+/- 0.024,,,0.013,,,,,93720006,10085014,98013
P155440-7,93720007,93720,Non-WQM,Burn_Herb_B,SW,GP,SAMP,EFIRE,EX,EFIRE,3/25/2025 12:07,,,,0.16,,,,,,,,,,,,,,,,,,,,,,,,3/27/2025 20:03,3/27/2025 8:18,98013,Pheophytin A,181,0.213,ug/L,+/- 0.024,,,0.013,,,,,93720007,10085026,98013
P155440-8,93720008,93720,Non-WQM,Herbicide_B,SW,GP,SAMP,EFIRE,EX,EFIRE,3/25/2025 12:22,,,,0.1,,,,,,,,,,,,,,,,,,,,,,,,3/27/2025 20:12,3/27/2025 8:18,98013,Pheophytin A,181,0.157,ug/L,+/- 0.020,,,0.013,,,,,93720008,10085038,98013
P155440-9,93720009,93720,Non-WQM,Herbicide_C,SW,GP,SAMP,EFIRE,EX,EFIRE,3/25/2025 12:39,,,,0.12,,,,,,,,,,,,,,,,,,,,,,,,3/27/2025 20:22,3/27/2025 8:18,98013,Pheophytin A,181,0.088,ug/L,+/- 0.016,,,0.013,,,,,93720009,10085050,98013
P155440-10,93720010,93720,Non-WQM,Burn_Herb_C,SW,GP,SAMP,EFIRE,EX,EFIRE,3/25/2025 12:54,,,,0.14,,,,,,,,,,,,,,,,,,,,,,,,3/27/2025 20:32,3/27/2025 8:18,98013,Pheophytin A,181,0.176,ug/L,+/- 0.021,,,0.013,,,,,93720010,10085062,98013
P155440-11,93720011,93720,Non-WQM,Burn_C,SW,GP,SAMP,EFIRE,EX,EFIRE,3/25/2025 13:10,,,,0.08,,,,,,,,,,,,,,,,,,,,,,,,3/27/2025 20:41,3/27/2025 8:18,98013,Pheophytin A,181,0.221,ug/L,+/- 0.025,,,0.013,,,,,93720011,10085074,98013
P155440-12,93720012,93720,Non-WQM,Untreated_C,SW,GP,SAMP,EFIRE,EX,EFIRE,3/25/2025 13:22,,,,0.1,,,,,,,,,,,,,,,,,,,,,,,,3/27/2025 20:51,3/27/2025 8:18,98013,Pheophytin A,181,0.219,ug/L,+/- 0.025,,,0.013,,,,,93720012,10085086,98013
P155742-1,93872001,93872,Non-WQM,Untreated_A,SW,GP,SAMP,EFIRE,EX,EFIRE,4/21/2025 10:00,,,,0.05,,,,,,,,,,,,,,,,,,,,,,,,4/28/2025 17:19,4/28/2025 9:29,98013,Pheophytin A,181,0.23,ug/L,+/- 0.027,,,0.016,,,,,93872001,10115603,98013
P155742-2,93872002,93872,Non-WQM,Herbicide_A,SW,GP,SAMP,EFIRE,EX,EFIRE,4/21/2025 10:20,,,,0.05,,,,,,,,,,,,,,,,,,,,,,,,4/28/2025 17:39,4/28/2025 9:29,98013,Pheophytin A,181,0.63,ug/L,+/- 0.062,,,0.016,,,,,93872002,10115627,98013
P155742-3,93872003,93872,Non-WQM,Burn_Herb_A,SW,GP,SAMP,EFIRE,EX,EFIRE,4/21/2025 10:45,,,,0.06,,,,,,,,,,,,,,,,,,,,,,,,4/28/2025 17:48,4/28/2025 9:29,98013,Pheophytin A,181,0.333,ug/L,+/- 0.036,,,0.016,,,,,93872003,10115639,98013
P155742-4,93872004,93872,Non-WQM,Burn_A,SW,GP,SAMP,EFIRE,EX,EFIRE,4/21/2025 11:30,,,,0.05,,,,,,,,,,,,,,,,,,,,,,,,4/28/2025 17:58,4/28/2025 9:29,98013,Pheophytin A,181,0.262,ug/L,+/- 0.030,,,0.016,,,,,93872004,10115651,98013
P155742-5,93872005,93872,Non-WQM,Untreated_B,SW,GP,SAMP,EFIRE,EX,EFIRE,4/21/2025 11:55,,,,0.05,,,,,,,,,,,,,,,,,,,,,,,,4/28/2025 18:08,4/28/2025 9:29,98013,Pheophytin A,181,0.592,ug/L,+/- 0.059,,,0.016,,,,,93872005,10115663,98013
P155742-6,93872006,93872,Non-WQM,Burn_B,SW,GP,SAMP,EFIRE,EX,EFIRE,4/21/2025 12:20,,,,0.05,,,,,,,,,,,,,,,,,,,,,,,,4/28/2025 18:17,4/28/2025 9:29,98013,Pheophytin A,181,0.234,ug/L,+/- 0.028,,,0.016,,,,,93872006,10115675,98013
P155742-7,93872007,93872,Non-WQM,Burn_Herb_B,SW,GP,SAMP,EFIRE,EX,EFIRE,4/21/2025 12:35,,,,0.06,,,,,,,,,,,,,,,,,,,,,,,,4/28/2025 18:27,4/28/2025 9:29,98013,Pheophytin A,181,0.323,ug/L,+/- 0.035,,,0.016,,,,,93872007,10115687,98013
P155742-8,93872008,93872,Non-WQM,Herbicide_B,SW,GP,SAMP,EFIRE,EX,EFIRE,4/21/2025 12:50,,,,0.05,,,,,,,,,,,,,,,,,,,,,,,,4/28/2025 18:37,4/28/2025 9:29,98013,Pheophytin A,181,0.333,ug/L,+/- 0.036,,,0.016,,,,,93872008,10115699,98013
P155742-9,93872009,93872,Non-WQM,Herbicide_C,SW,GP,SAMP,EFIRE,EX,EFIRE,4/21/2025 13:05,,,,0.04,,,,,,,,,,,,,,,,,,,,,,,,4/28/2025 19:06,4/28/2025 9:29,98013,Pheophytin A,181,0.499,ug/L,+/- 0.050,,,0.016,,,,,93872009,10115711,98013
P155742-10,93872010,93872,Non-WQM,Burn_Herb_C,SW,GP,SAMP,EFIRE,EX,EFIRE,4/21/2025 13:20,,,,0.08,,,,,,,,,,,,,,,,,,,,,,,,4/28/2025 19:15,4/28/2025 9:29,98013,Pheophytin A,181,0.234,ug/L,+/- 0.028,,,0.016,,,,,93872010,10115723,98013
P155742-11,93872011,93872,Non-WQM,Burn_C,SW,GP,SAMP,EFIRE,EX,EFIRE,4/21/2025 13:35,,,,0.08,,,,,,,,,,,,,,,,,,,,,,,,4/28/2025 19:25,4/28/2025 9:29,98013,Pheophytin A,181,0.333,ug/L,+/- 0.036,,,0.016,,,,,93872011,10115735,98013
P155742-12,93872012,93872,Non-WQM,Untreated_C,SW,GP,SAMP,EFIRE,EX,EFIRE,4/21/2025 13:45,,,,0.05,,,,,,,,,,,,,,,,,,,,,,,,4/28/2025 19:35,4/28/2025 9:29,98013,Pheophytin A,181,0.624,ug/L,+/- 0.062,,,0.016,,,,,93872012,10115747,98013
P155444-1,93724001,93724,Non-WQM,Untreated_A,SW,GP,SAMP,EFIRE,EX,EFIRE,1/28/2025 10:15,,,,0.19,,,,,,,,,,,,,,,,,,,,,,,,2/6/2025 14:42,2/3/2025 8:12,98013,Pheophytin A,181,0.06,ug/L,+/- 0.021,I,,0.02,,,,,93724001,10013988,98013
P155444-2,93724002,93724,Non-WQM,Herbicide_A,SW,GP,SAMP,EFIRE,EX,EFIRE,1/28/2025 10:50,,,,0.23,,,,,,,,,,,,,,,,,,,,,,,,2/6/2025 15:01,2/3/2025 8:12,98013,Pheophytin A,181,0.1,ug/L,+/- 0.022,,,0.02,,,,,93724002,10014012,98013
P155444-3,93724003,93724,Non-WQM,Burn_Herb_A,SW,GP,SAMP,EFIRE,EX,EFIRE,1/28/2025 11:11,,,,0.23,,,,,,,,,,,,,,,,,,,,,,,,2/6/2025 15:11,2/3/2025 8:12,98013,Pheophytin A,181,0.064,ug/L,+/- 0.021,I,,0.02,,,,,93724003,10014024,98013
P155444-4,93724004,93724,Non-WQM,Burn_A,SW,GP,SAMP,EFIRE,EX,EFIRE,1/28/2025 11:35,,,,0.17,,,,,,,,,,,,,,,,,,,,,,,,2/6/2025 15:20,2/3/2025 8:12,98013,Pheophytin A,181,0.088,ug/L,+/- 0.022,,,0.02,,,,,93724004,10014036,98013
P155444-5,93724005,93724,Non-WQM,Untreated_B,SW,GP,SAMP,EFIRE,EX,EFIRE,1/28/2025 12:00,,,,0.16,,,,,,,,,,,,,,,,,,,,,,,,2/6/2025 15:30,2/3/2025 8:46,98013,Pheophytin A,181,0.116,ug/L,+/- 0.023,,,0.02,,Ash from nearby burn in the air,,,93724005,10014048,98013
P155444-6,93724006,93724,Non-WQM,Burn_B,SW,GP,SAMP,EFIRE,EX,EFIRE,1/28/2025 12:20,,,,0.12,,,,,,,,,,,,,,,,,,,,,,,,2/6/2025 15:40,2/3/2025 8:46,98013,Pheophytin A,181,0.112,ug/L,+/- 0.023,,,0.02,,,,,93724006,10014060,98013
P155444-7,93724007,93724,Non-WQM,Burn_Herb_B,SW,GP,SAMP,EFIRE,EX,EFIRE,1/28/2025 12:40,,,,0.11,,,,,,,,,,,,,,,,,,,,,,,,2/6/2025 15:49,2/3/2025 8:46,98013,Pheophytin A,181,0.152,ug/L,+/- 0.025,,,0.02,,,,,93724007,10014072,98013
P155444-8,93724008,93724,Non-WQM,Herbicide_B,SW,GP,SAMP,EFIRE,EX,EFIRE,1/28/2025 12:55,,,,0.09,,,,,,,,,,,,,,,,,,,,,,,,2/6/2025 16:18,2/3/2025 8:46,98013,Pheophytin A,181,0.104,ug/L,+/- 0.022,,,0.02,,,,,93724008,10014084,98013
P155444-9,93724009,93724,Non-WQM,Herbicide_C,SW,GP,SAMP,EFIRE,EX,EFIRE,1/28/2025 13:15,,,,0.14,,,,,,,,,,,,,,,,,,,,,,,,2/6/2025 16:28,2/3/2025 8:46,98013,Pheophytin A,181,0.064,ug/L,+/- 0.021,I,,0.02,,,,,93724009,10014096,98013
P155444-10,93724010,93724,Non-WQM,Burn_Herb_C,SW,GP,SAMP,EFIRE,EX,EFIRE,1/28/2025 13:32,,,,0.14,,,,,,,,,,,,,,,,,,,,,,,,2/6/2025 16:38,2/3/2025 8:46,98013,Pheophytin A,181,0.176,ug/L,+/- 0.026,,,0.02,,,,,93724010,10014108,98013
P155444-11,93724011,93724,Non-WQM,Burn_C,SW,GP,SAMP,EFIRE,EX,EFIRE,1/28/2025 13:47,,,,0.12,,,,,,,,,,,,,,,,,,,,,,,,2/6/2025 16:47,2/3/2025 8:46,98013,Pheophytin A,181,0.152,ug/L,+/- 0.025,,,0.02,,,,,93724011,10014120,98013
P155444-12,93724012,93724,Non-WQM,Untreated_C,SW,GP,SAMP,EFIRE,EX,EFIRE,1/28/2025 14:05,,,,0.2,,,,,,,,,,,,,,,,,,,,,,,,2/6/2025 16:57,2/3/2025 8:46,98013,Pheophytin A,181,0.132,ug/L,+/- 0.024,,,0.02,,,,,93724012,10014132,98013
P155740-1,93870001,93870,Non-WQM,Untreated_A,SW,GP,SAMP,EFIRE,EX,EFIRE,4/14/2025 10:15,,,,0.09,,,,,,,,,,,,,,,,,,,,,,,,4/23/2025 14:16,4/21/2025 9:31,98013,Pheophytin A,181,0.362,ug/L,+/- 0.038,,,0.016,,,,,93870001,10105854,98013
P155740-2,93870002,93870,Non-WQM,Herbicide_A,SW,GP,SAMP,EFIRE,EX,EFIRE,4/14/2025 10:40,,,,0.07,,,,,,,,,,,,,,,,,,,,,,,,4/23/2025 14:36,4/21/2025 10:02,98013,Pheophytin A,181,0.502,ug/L,+/- 0.051,,,0.016,,,,,93870002,10105878,98013
P155740-3,93870003,93870,Non-WQM,Burn_Herb_A,SW,GP,SAMP,EFIRE,EX,EFIRE,4/14/2025 11:00,,,,0.1,,,,,,,,,,,,,,,,,,,,,,,,4/23/2025 14:45,4/21/2025 10:02,98013,Pheophytin A,181,0.176,ug/L,+/- 0.023,,,0.016,,,,,93870003,10105890,98013
P155740-4,93870004,93870,Non-WQM,Burn_A,SW,GP,SAMP,EFIRE,EX,EFIRE,4/14/2025 11:15,,,,0.06,,,,,,,,,,,,,,,,,,,,,,,,4/23/2025 14:55,4/21/2025 10:02,98013,Pheophytin A,181,0.17,ug/L,+/- 0.023,,,0.016,,,,,93870004,10105902,98013
P155740-5,93870005,93870,Non-WQM,Untreated_B,SW,GP,SAMP,EFIRE,EX,EFIRE,4/14/2025 11:30,,,,0.04,,,,,,,,,,,,,,,,,,,,,,,,4/23/2025 15:24,4/21/2025 10:02,98013,Pheophytin A,181,0.17,ug/L,+/- 0.023,,,0.016,,,,,93870005,10105914,98013
P155740-6,93870006,93870,Non-WQM,Burn_B,SW,GP,SAMP,EFIRE,EX,EFIRE,4/14/2025 11:45,,,,0.1,,,,,,,,,,,,,,,,,,,,,,,,4/23/2025 15:34,4/21/2025 10:02,98013,Pheophytin A,181,0.186,ug/L,+/- 0.024,,,0.016,,,,,93870006,10105926,98013
P155740-7,93870007,93870,Non-WQM,Burn_Herb_B,SW,GP,SAMP,EFIRE,EX,EFIRE,4/14/2025 12:00,,,,0.11,,,,,,,,,,,,,,,,,,,,,,,,4/23/2025 15:43,4/21/2025 10:02,98013,Pheophytin A,181,0.31,ug/L,+/- 0.034,,,0.016,,,,,93870007,10105938,98013
P155740-8,93870008,93870,Non-WQM,Herbicide_B,SW,GP,SAMP,EFIRE,EX,EFIRE,4/14/2025 12:15,,,,0.03,,,,,,,,,,,,,,,,,,,,,,,,4/23/2025 15:53,4/21/2025 10:02,98013,Pheophytin A,181,0.582,ug/L,+/- 0.058,,,0.016,,,,,93870008,10105950,98013
P155740-9,93870009,93870,Non-WQM,Herbicide_C,SW,GP,SAMP,EFIRE,EX,EFIRE,4/14/2025 12:30,,,,0.07,,,,,,,,,,,,,,,,,,,,,,,,4/23/2025 16:03,4/21/2025 10:02,98013,Pheophytin A,181,0.202,ug/L,+/- 0.025,,,0.016,,,,,93870009,10105962,98013
P155740-10,93870010,93870,Non-WQM,Burn_Herb_C,SW,GP,SAMP,EFIRE,EX,EFIRE,4/14/2025 12:45,,,,0.1,,,,,,,,,,,,,,,,,,,,,,,,4/23/2025 16:13,4/21/2025 10:02,98013,Pheophytin A,181,0.154,ug/L,+/- 0.022,,,0.016,,,,,93870010,10105974,98013
P155740-11,93870011,93870,Non-WQM,Burn_C,SW,GP,SAMP,EFIRE,EX,EFIRE,4/14/2025 13:00,,,,0.09,,,,,,,,,,,,,,,,,,,,,,,,4/23/2025 16:22,4/21/2025 10:02,98013,Pheophytin A,181,0.15,ug/L,+/- 0.022,,,0.016,,,,,93870011,10105986,98013
P155740-12,93870012,93870,Non-WQM,Untreated_C,SW,GP,SAMP,EFIRE,EX,EFIRE,4/14/2025 13:15,,,,0.08,,,,,,,,,,,,,,,,,,,,,,,,4/23/2025 16:32,4/21/2025 10:02,98013,Pheophytin A,181,0.336,ug/L,+/- 0.036,,,0.016,,,,,93870012,10105998,98013
P155741-1,93871001,93871,Non-WQM,Untreated_A,SW,GP,SAMP,EFIRE,EX,EFIRE,4/16/2025 10:00,,,,0.04,,,,,,,,,,,,,,,,,,,,,,,,4/24/2025 15:36,4/23/2025 8:00,98013,Pheophytin A,181,0.24,ug/L,+/- 0.028,,,0.016,,,,,93871001,10111007,98013
P155741-2,93871002,93871,Non-WQM,Herbicide_A,SW,GP,SAMP,EFIRE,EX,EFIRE,4/16/2025 10:30,,,,0.03,,,,,,,,,,,,,,,,,,,,,,,,4/24/2025 16:15,4/23/2025 8:00,98013,Pheophytin A,181,0.573,ug/L,+/- 0.057,,,0.016,,,,,93871002,10111031,98013
P155741-3,93871003,93871,Non-WQM,Burn_Herb_A,SW,GP,SAMP,EFIRE,EX,EFIRE,4/16/2025 10:50,,,,0.07,,,,,,,,,,,,,,,,,,,,,,,,4/24/2025 16:24,4/23/2025 8:00,98013,Pheophytin A,181,0.259,ug/L,+/- 0.030,,,0.016,,,,,93871003,10111043,98013
P155741-4,93871004,93871,Non-WQM,Burn_A,SW,GP,SAMP,EFIRE,EX,EFIRE,4/16/2025 11:10,,,,0.06,,,,,,,,,,,,,,,,,,,,,,,,4/24/2025 16:34,4/23/2025 8:00,98013,Pheophytin A,181,0.358,ug/L,+/- 0.038,,,0.016,,,,,93871004,10111055,98013
P155741-5,93871005,93871,Non-WQM,Untreated_B,SW,GP,SAMP,EFIRE,EX,EFIRE,4/16/2025 11:25,,,,0.03,,,,,,,,,,,,,,,,,,,,,,,,4/24/2025 16:44,4/23/2025 8:00,98013,Pheophytin A,181,0.202,ug/L,+/- 0.025,,,0.016,,,,,93871005,10111067,98013
P155741-6,93871006,93871,Non-WQM,Burn_B,SW,GP,SAMP,EFIRE,EX,EFIRE,4/16/2025 11:45,,,,0.08,,,,,,,,,,,,,,,,,,,,,,,,4/24/2025 16:54,4/23/2025 8:00,98013,Pheophytin A,181,0.266,ug/L,+/- 0.030,,,0.016,,,,,93871006,10111079,98013
P155741-7,93871007,93871,Non-WQM,Burn_Herb_B,SW,GP,SAMP,EFIRE,EX,EFIRE,4/16/2025 12:00,,,,0.08,,,,,,,,,,,,,,,,,,,,,,,,4/24/2025 17:03,4/23/2025 8:00,98013,Pheophytin A,181,0.467,ug/L,+/- 0.048,,,0.016,,,,,93871007,10111091,98013
P155741-8,93871008,93871,Non-WQM,Herbicide_B,SW,GP,SAMP,EFIRE,EX,EFIRE,4/16/2025 12:15,,,,0.02,,,,,,,,,,,,,,,,,,,,,,,,4/24/2025 17:13,4/23/2025 8:00,98013,Pheophytin A,181,0.55,ug/L,+/- 0.055,,,0.016,,,,,93871008,10111103,98013
P155741-9,93871009,93871,Non-WQM,Herbicide_C,SW,GP,SAMP,EFIRE,EX,EFIRE,4/16/2025 12:40,,,,0.04,,,,,,,,,,,,,,,,,,,,,,,,4/24/2025 17:22,4/23/2025 8:31,98013,Pheophytin A,181,0.218,ug/L,+/- 0.026,,,0.016,,,,,93871009,10111115,98013
P155741-10,93871010,93871,Non-WQM,Burn_Herb_C,SW,GP,SAMP,EFIRE,EX,EFIRE,4/16/2025 13:00,,,,0.07,,,,,,,,,,,,,,,,,,,,,,,,4/24/2025 17:32,4/23/2025 8:31,98013,Pheophytin A,181,0.314,ug/L,+/- 0.034,,,0.016,,,,,93871010,10111127,98013
P155741-11,93871011,93871,Non-WQM,Burn_C,SW,GP,SAMP,EFIRE,EX,EFIRE,4/16/2025 13:20,,,,0.08,,,,,,,,,,,,,,,,,,,,,,,,4/24/2025 17:42,4/23/2025 8:31,98013,Pheophytin A,181,0.368,ug/L,+/- 0.039,,,0.016,,,,,93871011,10111139,98013
P155741-12,93871012,93871,Non-WQM,Untreated_C,SW,GP,SAMP,EFIRE,EX,EFIRE,4/16/2025 13:35,,,,0.04,,,,,,,,,,,,,,,,,,,,,,,,4/24/2025 18:11,4/23/2025 8:31,98013,Pheophytin A,181,0.72,ug/L,+/- 0.071,,,0.016,,,,,93871012,10111151,98013
P155443-1,93723001,93723,Non-WQM,Untreated_A,SW,GP,SAMP,EFIRE,EX,EFIRE,12/17/2024 10:00,,,,0.07,,,,,,,,,,,,,,,,,,,,,,,,12/19/2024 19:59,12/19/2024 8:30,98013,Pheophytin A,181,0.128,ug/L,+/- 0.018,,,0.013,,,,,93723001,9964204,98013
P155443-2,93723002,93723,Non-WQM,Herbicide_A,SW,GP,SAMP,EFIRE,EX,EFIRE,12/17/2024 10:30,,,,0.1,,,,,,,,,,,,,,,,,,,,,,,,12/19/2024 20:18,12/19/2024 8:30,98013,Pheophytin A,181,0.211,ug/L,+/- 0.024,,,0.013,,,,,93723002,9964228,98013
P155443-3,93723003,93723,Non-WQM,Burn_Herb_A,SW,GP,SAMP,EFIRE,EX,EFIRE,12/17/2024 11:10,,,,0.06,,,,,,,,,,,,,,,,,,,,,,,,12/19/2024 20:28,12/19/2024 8:30,98013,Pheophytin A,181,0.171,ug/L,+/- 0.021,,,0.013,,,,,93723003,9964240,98013
P155443-4,93723004,93723,Non-WQM,Burn_A,SW,GP,SAMP,EFIRE,EX,EFIRE,12/17/2024 11:30,,,,0.05,,,,,,,,,,,,,,,,,,,,,,,,12/19/2024 20:38,12/19/2024 8:30,98013,Pheophytin A,181,0.157,ug/L,+/- 0.020,,,0.013,,,,,93723004,9964252,98013
P155443-6,93723006,93723,Non-WQM,Burn_B,SW,GP,SAMP,EFIRE,EX,EFIRE,12/17/2024 11:50,,,,0.06,,,,,,,,,,,,,,,,,,,,,,,,12/19/2024 20:57,12/19/2024 9:01,98013,Pheophytin A,181,0.205,ug/L,+/- 0.024,,,0.013,,,,,93723006,9964264,98013
P155443-5,93723005,93723,Non-WQM,Untreated_B,SW,GP,SAMP,EFIRE,EX,EFIRE,12/17/2024 12:10,,,,0.09,,,,,,,,,,,,,,,,,,,,,,,,12/19/2024 20:47,12/19/2024 9:01,98013,Pheophytin A,181,0.141,ug/L,+/- 0.019,,,0.013,,,,,93723005,9964276,98013
P155443-7,93723007,93723,Non-WQM,Burn_Herb_B,SW,GP,SAMP,EFIRE,EX,EFIRE,12/17/2024 12:30,,,,0.08,,,,,,,,,,,,,,,,,,,,,,,,12/19/2024 21:07,12/19/2024 9:01,98013,Pheophytin A,181,0.24,ug/L,+/- 0.026,,,0.013,,,,,93723007,9964288,98013
P155443-8,93723008,93723,Non-WQM,Herbicide_B,SW,GP,SAMP,EFIRE,EX,EFIRE,12/17/2024 12:45,,,,0.07,,,,,,,,,,,,,,,,,,,,,,,,12/19/2024 21:36,12/19/2024 9:01,98013,Pheophytin A,181,0.192,ug/L,+/- 0.022,,,0.013,,,,,93723008,9964300,98013
P155443-9,93723009,93723,Non-WQM,Herbicide_C,SW,GP,SAMP,EFIRE,EX,EFIRE,12/17/2024 13:00,,,,0.07,,,,,,,,,,,,,,,,,,,,,,,,12/19/2024 21:45,12/19/2024 9:01,98013,Pheophytin A,181,0.133,ug/L,+/- 0.018,,,0.013,,,,,93723009,9964312,98013
P155443-10,93723010,93723,Non-WQM,Burn_Herb_C,SW,GP,SAMP,EFIRE,EX,EFIRE,12/17/2024 13:20,,,,0.11,,,,,,,,,,,,,,,,,,,,,,,,12/19/2024 21:55,12/19/2024 9:01,98013,Pheophytin A,181,0.283,ug/L,+/- 0.030,,,0.013,,,,,93723010,9964324,98013
P155443-11,93723011,93723,Non-WQM,Burn_C,SW,GP,SAMP,EFIRE,EX,EFIRE,12/17/2024 13:30,,,,0.1,,,,,,,,,,,,,,,,,,,,,,,,12/19/2024 22:05,12/19/2024 9:01,98013,Pheophytin A,181,0.264,ug/L,+/- 0.028,,,0.013,,,,,93723011,9964336,98013
P155443-12,93723012,93723,Non-WQM,Untreated_C,SW,GP,SAMP,EFIRE,EX,EFIRE,12/17/2024 13:50,,,,0.1,,,,,,,,,,,,,,,,,,,,,,,,12/19/2024 22:14,12/19/2024 9:01,98013,Pheophytin A,181,0.243,ug/L,+/- 0.027,,,0.013,,,,,93723012,9964348,98013
P154830-1,93426001,93426,Non-WQM,Untreated_A,SW,GP,SAMP,EFIRE,EX,EFIRE,11/19/2024 10:00,,,,0.15,,,,,,,,,,,,,,,,,,,,,,,,11/21/2024 21:41,11/21/2024 9:24,98013,Pheophytin A,181,0.15,ug/L,+/- 0.018,,,0.01,,,,,93426001,9928474,98013
P154830-2,93426002,93426,Non-WQM,Herbicide_A,SW,GP,SAMP,EFIRE,EX,EFIRE,11/19/2024 11:00,,,,0.08,,,,,,,,,,,,,,,,,,,,,,,,11/21/2024 21:51,11/21/2024 9:24,98013,Pheophytin A,181,0.208,ug/L,+/- 0.026,,,0.016,,,,,93426002,9928498,98013
P154830-3,93426003,93426,Non-WQM,Burn_Herb_A,SW,GP,SAMP,EFIRE,EX,EFIRE,11/19/2024 11:35,,,,0.06,,,,,,,,,,,,,,,,,,,,,,,,11/21/2024 22:01,11/21/2024 9:24,98013,Pheophytin A,181,0.208,ug/L,+/- 0.028,,,0.02,,,,,93426003,9928510,98013
P154830-4,93426004,93426,Non-WQM,Burn_A,SW,GP,SAMP,EFIRE,EX,EFIRE,11/19/2024 12:20,,,,0.06,,,,,,,,,,,,,,,,,,,,,,,,11/21/2024 22:10,11/21/2024 9:24,98013,Pheophytin A,181,0.132,ug/L,+/- 0.024,,,0.02,,,,,93426004,9928522,98013
P154830-5,93426005,93426,Non-WQM,Untreated_B,SW,GP,SAMP,EFIRE,EX,EFIRE,11/19/2024 12:50,,,,0.18,,,,,,,,,,,,,,,,,,,,,,,,11/21/2024 22:39,11/21/2024 9:24,98013,Pheophytin A,181,0.304,ug/L,+/- 0.035,,,0.02,,,,,93426005,9928534,98013
P154830-6,93426006,93426,Non-WQM,Burn_B,SW,GP,SAMP,EFIRE,EX,EFIRE,11/19/2024 13:05,,,,0.15,,,,,,,,,,,,,,,,,,,,,,,,11/21/2024 22:49,11/21/2024 9:24,98013,Pheophytin A,181,0.168,ug/L,+/- 0.026,,,0.02,,,,,93426006,9928546,98013
P154830-7,93426007,93426,Non-WQM,Burn_Herb_B,SW,GP,SAMP,EFIRE,EX,EFIRE,11/19/2024 13:25,,,,0.18,,,,,,,,,,,,,,,,,,,,,,,,11/21/2024 22:59,11/21/2024 9:24,98013,Pheophytin A,181,0.428,ug/L,+/- 0.046,,,0.02,,,,,93426007,9928558,98013
P154830-8,93426008,93426,Non-WQM,Herbicide_B,SW,GP,SAMP,EFIRE,EX,EFIRE,11/19/2024 13:30,,,,0.09,,,,,,,,,,,,,,,,,,,,,,,,11/21/2024 23:08,11/21/2024 9:24,98013,Pheophytin A,181,0.316,ug/L,+/- 0.036,,,0.02,,,,,93426008,9928570,98013
P154830-9,93426009,93426,Non-WQM,Herbicide_C,SW,GP,SAMP,EFIRE,EX,EFIRE,11/19/2024 13:50,,,,0.1,,,,,,,,,,,,,,,,,,,,,,,,11/21/2024 23:18,11/21/2024 9:24,98013,Pheophytin A,181,0.216,ug/L,+/- 0.029,,,0.02,,,,,93426009,9928582,98013
P154830-10,93426010,93426,Non-WQM,Burn_Herb_C,SW,GP,SAMP,EFIRE,EX,EFIRE,11/19/2024 14:04,,,,0.12,,,,,,,,,,,,,,,,,,,,,,,,11/21/2024 23:28,11/21/2024 9:53,98013,Pheophytin A,181,0.104,ug/L,+/- 0.022,,,0.02,,,,,93426010,9928594,98013
P154830-11,93426011,93426,Non-WQM,Burn_C,SW,GP,SAMP,EFIRE,EX,EFIRE,11/19/2024 14:20,,,,0.11,,,,,,,,,,,,,,,,,,,,,,,,11/21/2024 23:47,11/21/2024 9:53,98013,Pheophytin A,181,0.248,ug/L,+/- 0.031,,,0.02,,,,,93426011,9928606,98013
P154830-12,93426012,93426,Non-WQM,Untreated_C,SW,GP,SAMP,EFIRE,EX,EFIRE,11/19/2024 14:30,,,,0.1,,,,,,,,,,,,,,,,,,,,,,,,11/21/2024 23:57,11/21/2024 9:53,98013,Pheophytin A,181,0.148,ug/L,+/- 0.024,,,0.02,,,,,93426012,9928618,98013
P155439-1,93719001,93719,Non-WQM,Untreated_A,SW,GP,SAMP,EFIRE,EX,EFIRE,2/26/2025 10:05,,,,0.09,,,,,,,,,,,,,,,,,,,,,,,,3/3/2025 20:37,3/3/2025 9:02,98013,Pheophytin A,181,0.104,ug/L,+/- 0.016,,,0.013,,Ash in the air from nearby burn.,,,93719001,10052408,98013
P155439-2,93719002,93719,Non-WQM,Herbicide_A,SW,GP,SAMP,EFIRE,EX,EFIRE,2/26/2025 10:38,,,,0.09,,,,,,,,,,,,,,,,,,,,,,,,3/3/2025 20:56,3/3/2025 9:02,98013,Pheophytin A,181,0.181,ug/L,+/- 0.022,,,0.013,,,,,93719002,10052432,98013
P155439-3,93719003,93719,Non-WQM,Burn_Herb_A,SW,GP,SAMP,EFIRE,EX,EFIRE,2/26/2025 11:10,,,,0.07,,,,,,,,,,,,,,,,,,,,,,,,3/3/2025 21:06,3/3/2025 9:02,98013,Pheophytin A,181,0.083,ug/L,+/- 0.015,,,0.013,,,,,93719003,10052444,98013
P155439-4,93719004,93719,Non-WQM,Burn_A,SW,GP,SAMP,EFIRE,EX,EFIRE,2/26/2025 11:33,,,,0.08,,,,,,,,,,,,,,,,,,,,,,,,3/3/2025 21:35,3/3/2025 9:02,98013,Pheophytin A,181,0.093,ug/L,+/- 0.016,,,0.013,,,,,93719004,10052456,98013
P155439-5,93719005,93719,Non-WQM,Untreated_B,SW,GP,SAMP,EFIRE,EX,EFIRE,2/26/2025 12:03,,,,0.06,,,,,,,,,,,,,,,,,,,,,,,,3/3/2025 21:44,3/3/2025 9:02,98013,Pheophytin A,181,0.088,ug/L,+/- 0.016,,,0.013,,,,,93719005,10052468,98013
P155439-6,93719006,93719,Non-WQM,Burn_B,SW,GP,SAMP,EFIRE,EX,EFIRE,2/26/2025 12:20,,,,0.11,,,,,,,,,,,,,,,,,,,,,,,,3/3/2025 21:54,3/3/2025 9:02,98013,Pheophytin A,181,0.136,ug/L,+/- 0.018,,,0.013,,,,,93719006,10052480,98013
P155439-7,93719007,93719,Non-WQM,Burn_Herb_B,SW,GP,SAMP,EFIRE,EX,EFIRE,2/26/2025 12:35,,,,0.12,,,,,,,,,,,,,,,,,,,,,,,,3/3/2025 22:04,3/3/2025 9:02,98013,Pheophytin A,181,0.189,ug/L,+/- 0.022,,,0.013,,,,,93719007,10052492,98013
P155439-8,93719008,93719,Non-WQM,Herbicide_B,SW,GP,SAMP,EFIRE,EX,EFIRE,2/26/2025 12:50,,,,0.1,,,,,,,,,,,,,,,,,,,,,,,,3/3/2025 22:13,3/3/2025 9:02,98013,Pheophytin A,181,0.165,ug/L,+/- 0.020,,,0.013,,,,,93719008,10052504,98013
P155439-9,93719009,93719,Non-WQM,Herbicide_C,SW,GP,SAMP,EFIRE,EX,EFIRE,2/26/2025 13:06,,,,0.1,,,,,,,,,,,,,,,,,,,,,,,,3/3/2025 22:23,3/3/2025 9:32,98013,Pheophytin A,181,0.067,ug/L,+/- 0.014,,,0.013,,,,,93719009,10052516,98013
P155439-10,93719010,93719,Non-WQM,Burn_Herb_C,SW,GP,SAMP,EFIRE,EX,EFIRE,2/26/2025 13:21,,,,0.15,,,,,,,,,,,,,,,,,,,,,,,,3/3/2025 22:33,3/3/2025 9:32,98013,Pheophytin A,181,0.139,ug/L,+/- 0.019,,,0.013,,,,,93719010,10052528,98013
P155439-11,93719011,93719,Non-WQM,Burn_C,SW,GP,SAMP,EFIRE,EX,EFIRE,2/26/2025 13:35,,,,0.14,,,,,,,,,,,,,,,,,,,,,,,,3/3/2025 22:42,3/3/2025 9:32,98013,Pheophytin A,181,0.216,ug/L,+/- 0.024,,,0.013,,,,,93719011,10052540,98013
P155439-12,93719012,93719,Non-WQM,Untreated_C,SW,GP,SAMP,EFIRE,EX,EFIRE,2/26/2025 13:50,,,,0.11,,,,,,,,,,,,,,,,,,,,,,,,3/3/2025 22:52,3/3/2025 9:32,98013,Pheophytin A,181,0.219,ug/L,+/- 0.025,,,0.013,,,,,93719012,10052552,98013
P155442-1,93722001,93722,Non-WQM,Untreated_A,SW,GP,SAMP,EFIRE,EX,EFIRE,4/11/2025 10:20,,,,0.09,,,,,,,,,,,,,,,,,,,,,,,,4/23/2025 11:41,4/21/2025 9:31,98013,Pheophytin A,181,0.614,ug/L,+/- 0.061,,,0.016,,,,,93722001,10103918,98013
P155442-2,93722002,93722,Non-WQM,Herbicide_A,SW,GP,SAMP,EFIRE,EX,EFIRE,4/11/2025 10:48,,,,0.06,,,,,,,,,,,,,,,,,,,,,,,,4/23/2025 12:01,4/21/2025 9:31,98013,Pheophytin A,181,0.714,ug/L,+/- 0.070,,,0.016,,,,,93722002,10103942,98013
P155442-3,93722003,93722,Non-WQM,Burn_Herb_A,SW,GP,SAMP,EFIRE,EX,EFIRE,4/11/2025 11:05,,,,0.09,,,,,,,,,,,,,,,,,,,,,,,,4/23/2025 12:11,4/21/2025 9:31,98013,Pheophytin A,181,0.128,ug/L,+/- 0.020,,,0.016,,,,,93722003,10103954,98013
P155442-4,93722004,93722,Non-WQM,Burn_A,SW,GP,SAMP,EFIRE,EX,EFIRE,4/11/2025 11:25,,,,0.06,,,,,,,,,,,,,,,,,,,,,,,,4/23/2025 12:20,4/21/2025 9:31,98013,Pheophytin A,181,0.227,ug/L,+/- 0.027,,,0.016,,,,,93722004,10103966,98013
P155442-5,93722005,93722,Non-WQM,Untreated_B,SW,GP,SAMP,EFIRE,EX,EFIRE,4/11/2025 11:50,,,,0.09,,,,,,,,,,,,,,,,,,,,,,,,4/23/2025 12:30,4/21/2025 9:31,98013,Pheophytin A,181,0.112,ug/L,+/- 0.019,,,0.016,,,,,93722005,10103978,98013
P155442-6,93722006,93722,Non-WQM,Burn_B,SW,GP,SAMP,EFIRE,EX,EFIRE,4/11/2025 12:10,,,,0.1,,,,,,,,,,,,,,,,,,,,,,,,4/23/2025 12:40,4/21/2025 9:31,98013,Pheophytin A,181,0.131,ug/L,+/- 0.020,,,0.016,,,,,93722006,10103990,98013
P155442-7,93722007,93722,Non-WQM,Burn_Herb_B,SW,GP,SAMP,EFIRE,EX,EFIRE,4/11/2025 12:25,,,,0.08,,,,,,,,,,,,,,,,,,,,,,,,4/23/2025 12:49,4/21/2025 9:31,98013,Pheophytin A,181,0.208,ug/L,+/- 0.026,,,0.016,,,,,93722007,10104002,98013
P155442-8,93722008,93722,Non-WQM,Herbicide_B,SW,GP,SAMP,EFIRE,EX,EFIRE,4/11/2025 12:45,,,,0.08,,,,,,,,,,,,,,,,,,,,,,,,4/23/2025 12:59,4/21/2025 9:31,98013,Pheophytin A,181,0.259,ug/L,+/- 0.030,,,0.016,,,,,93722008,10104014,98013
P155442-9,93722009,93722,Non-WQM,Herbicide_C,SW,GP,SAMP,EFIRE,EX,EFIRE,4/11/2025 13:00,,,,0.08,,,,,,,,,,,,,,,,,,,,,,,,4/23/2025 13:28,4/21/2025 9:31,98013,Pheophytin A,181,0.166,ug/L,+/- 0.022,,,0.016,,,,,93722009,10104026,98013
P155442-10,93722010,93722,Non-WQM,Burn_Herb_C,SW,GP,SAMP,EFIRE,EX,EFIRE,4/11/2025 13:20,,,,0.11,,,,,,,,,,,,,,,,,,,,,,,,4/23/2025 13:38,4/21/2025 9:31,98013,Pheophytin A,181,0.112,ug/L,+/- 0.019,,,0.016,,,,,93722010,10104038,98013
P155442-11,93722011,93722,Non-WQM,Burn_C,SW,GP,SAMP,EFIRE,EX,EFIRE,4/11/2025 13:35,,,,0.05,,,,,,,,,,,,,,,,,,,,,,,,4/23/2025 13:47,4/21/2025 9:31,98013,Pheophytin A,181,0.16,ug/L,+/- 0.022,,,0.016,,,,,93722011,10104050,98013
P155442-12,93722012,93722,Non-WQM,Untreated_C,SW,GP,SAMP,EFIRE,EX,EFIRE,4/11/2025 13:55,,,,0.11,,,,,,,,,,,,,,,,,,,,,,,,4/23/2025 13:57,4/21/2025 9:31,98013,Pheophytin A,181,0.358,ug/L,+/- 0.038,,,0.016,,,,,93722012,10104062,98013
P155441-13,93721013,93721,Non-WQM,Untreated_A,DI,GP,FCEB,EFIRE,EX,EFIRE,4/10/2025 15:50,,,,,,,,,,,,,,,,,,,,,,,,,,,,4/17/2025 22:33,4/14/2025 9:59,98013,Pheophytin A,181,0.008,ug/L,+/- 0.008,U,,0.008,,,,,93721013,10114678,98013
P155440-13,93720013,93720,Non-WQM,Untreated_A,DI,GP,FCEB,EFIRE,EX,EFIRE,3/25/2025 10:07,,,,,,,,,,,,,,,,,,,,,,,,,,,,3/27/2025 21:00,3/27/2025 8:18,98013,Pheophytin A,181,0.008,ug/L,+/- 0.008,U,,0.008,,"DI 8186 through peristaltic pump tubing to bucket to sample bottles. Tray Flyers, bucket Kracker, filter lot 18197628, SA lot 072328.",,,93720013,10084954,98013
P155742-13,93872013,93872,Non-WQM,Untreated_A,DI,GP,FCEB,EFIRE,EX,EFIRE,4/21/2025 10:10,,,,,,,,,,,,,,,,,,,,,,,,,,,,4/28/2025 19:44,4/28/2025 9:29,98013,Pheophytin A,181,0.008,ug/L,+/- 0.008,U,,0.008,,"DI 8166 through peristaltic pump tubing to bucket to sample bottles. Bucket Scooter, Tray Sheba, filter 17866092, SA 072823.",,,93872013,10115615,98013
P155444-13,93724013,93724,Non-WQM,Untreated_A,DI,GP,FCEB,EFIRE,EX,EFIRE,1/28/2025 10:30,,,,,,,,,,,,,,,,,,,,,,,,,,,,2/6/2025 17:07,2/3/2025 8:46,98013,Pheophytin A,181,0.008,ug/L,+/- 0.008,U,,0.008,,"DI 8174 through peristaltic pump tubing to bucket to sample bottles. Bucket Dexter, tray Wild Bill, SA lot 072823, filter lot 81724837.",,,93724013,10014000,98013
P155740-13,93870013,93870,Non-WQM,Untreated_A,DI,GP,FCEB,EFIRE,EX,EFIRE,4/14/2025 10:30,,,,,,,,,,,,,,,,,,,,,,,,,,,,4/23/2025 16:42,4/21/2025 10:02,98013,Pheophytin A,181,0.008,ug/L,+/- 0.008,U,,0.008,,"DI 8216 through peristaltic pump to bucket. Tray Sheba, Bucket Scooter, filter 18278596, SA lot 072823.",,,93870013,10105866,98013
P155741-13,93871013,93871,Non-WQM,Untreated_A,DI,GP,FCEB,EFIRE,EX,EFIRE,4/16/2025 10:10,,,,,,,,,,,,,,,,,,,,,,,,,,,,4/24/2025 18:20,4/23/2025 8:31,98013,Pheophytin A,181,0.008,ug/L,+/- 0.008,U,,0.008,,"DI 8213 through peristaltic pump tubing to bucket to sample bottles. Bucket Scooter, Tray ELC 11, SA 072823, filter 18181938.",,,93871013,10111019,98013
P155443-13,93723013,93723,Non-WQM,Untreated_A,DI,GP,FCEB,EFIRE,EX,EFIRE,12/17/2024 10:15,,,,,,,,,,,,,,,,,,,,,,,,,,,,12/19/2024 22:24,12/19/2024 9:01,98013,Pheophytin A,181,0.008,ug/L,+/- 0.008,U,,0.008,,"DI 8075 through peristaltic pump tubing to bucket to sample bottles. Tray Orange, Bucket Dexter, Acid lot 072823, Filter lot 18197628.",,,93723013,9964216,98013
P154830-13,93426013,93426,Non-WQM,Untreated_A,DI,GP,FCEB,EFIRE,EX,EFIRE,11/19/2024 10:30,,,,,,,,,,,,,,,,,,,,,,,,,,,,11/22/2024 0:06,11/21/2024 9:53,98013,Pheophytin A,181,0.008,ug/L,+/- 0.008,U,,0.008,,"DI 8103 through peristaltic pump tubing to bucket to sample bottles. H2SO4 lot 072823, filter lot 17879938. Bucket- Maggie, Tray- Flyers.",,,93426013,9928486,98013
P155439-13,93719013,93719,Non-WQM,Untreated_A,DI,GP,FCEB,EFIRE,EX,EFIRE,2/26/2025 10:20,,,,,,,,,,,,,,,,,,,,,,,,,,,,3/3/2025 23:02,3/3/2025 9:32,98013,Pheophytin A,181,0.008,ug/L,+/- 0.008,U,,0.008,,"DI 8174 through peristaltic pump tubing to bucket to sample bottles. Tray 3, bucket Chimichanga, filter G8825136, SA 072823. Ash in the air from nearby burn.",,,93719013,10052420,98013
P155442-13,93722013,93722,Non-WQM,Untreated_A,DI,GP,FCEB,EFIRE,EX,EFIRE,4/11/2025 10:30,,,,,,,,,,,,,,,,,,,,,,,,,,,,4/23/2025 14:07,4/21/2025 9:31,98013,Pheophytin A,181,0.008,ug/L,+/- 0.008,U,,0.008,,"DI 8229 through peristaltic pump to bucket to sample bottles. Tray Rocky, bucket Nantucket, SA 072823, filter 18278596.",,,93722013,10103930,98013
P155441-1,93721001,93721,Non-WQM,Untreated_A,SW,GP,SAMP,EFIRE,EX,EFIRE,4/10/2025 15:30,,,,0.08,,,,,,,,,,,,,,,,,,,,,,,,4/14/2025 22:31,4/14/2025 9:27,98011,Chlorophyll A,179,2.97,ug/L,+/- 0.200,,,0.02,,,,,93721001,10103012,98011
P155441-2,93721002,93721,Non-WQM,Herbicide_A,SW,GP,SAMP,EFIRE,EX,EFIRE,4/10/2025 16:00,,,,0.07,,,,,,,,,,,,,,,,,,,,,,,,4/14/2025 22:51,4/14/2025 9:59,98011,Chlorophyll A,179,5.37,ug/L,+/- 0.360,,,0.016,,,,,93721002,10103024,98011
P155441-3,93721003,93721,Non-WQM,Burn_Herb_A,SW,GP,SAMP,EFIRE,EX,EFIRE,4/10/2025 16:30,,,,0.11,,,,,,,,,,,,,,,,,,,,,,,,4/14/2025 23:00,4/14/2025 9:59,98011,Chlorophyll A,179,4.88,ug/L,+/- 0.329,,,0.04,,,,,93721003,10103036,98011
P155441-4,93721004,93721,Non-WQM,Burn_A,SW,GP,SAMP,EFIRE,EX,EFIRE,4/10/2025 17:15,,,,0.09,,,,,,,,,,,,,,,,,,,,,,,,4/14/2025 23:10,4/14/2025 9:59,98011,Chlorophyll A,179,10.3,ug/L,+/- 0.695,,,0.08,,,,,93721004,10103048,98011
P155441-6,93721006,93721,Non-WQM,Burn_B,SW,GP,SAMP,EFIRE,EX,EFIRE,4/10/2025 18:05,,,,0.14,,,,,,,,,,,,,,,,,,,,,,,,4/14/2025 23:49,4/14/2025 9:59,98011,Chlorophyll A,179,2.94,ug/L,+/- 0.201,,,0.04,,,,,93721006,10103060,98011
P155441-7,93721007,93721,Non-WQM,Burn_Herb_B,SW,GP,SAMP,EFIRE,EX,EFIRE,4/10/2025 18:10,,,,0.15,,,,,,,,,,,,,,,,,,,,,,,,4/14/2025 23:58,4/14/2025 9:59,98011,Chlorophyll A,179,19.9,ug/L,+/- 1.34,,,0.08,,,,,93721007,10103072,98011
P155441-8,93721008,93721,Non-WQM,Herbicide_B,SW,GP,SAMP,EFIRE,EX,EFIRE,4/10/2025 18:20,,,,0.11,,,,,,,,,,,,,,,,,,,,,,,,4/15/2025 0:08,4/14/2025 9:59,98011,Chlorophyll A,179,4.59,ug/L,+/- 0.308,,,0.016,,,,,93721008,10103084,98011
P155441-9,93721009,93721,Non-WQM,Herbicide_C,SW,GP,SAMP,EFIRE,EX,EFIRE,4/10/2025 18:25,,,,0.11,,,,,,,,,,,,,,,,,,,,,,,,4/15/2025 0:18,4/14/2025 9:59,98011,Chlorophyll A,179,9.03,ug/L,+/- 0.605,,,0.016,,,,,93721009,10103096,98011
P155441-10,93721010,93721,Non-WQM,Burn_Herb_C,SW,GP,SAMP,EFIRE,EX,EFIRE,4/10/2025 18:35,,,,0.15,,,,,,,,,,,,,,,,,,,,,,,,4/15/2025 0:27,4/14/2025 9:59,98011,Chlorophyll A,179,18.4,ug/L,+/- 1.24,,,0.08,,,,,93721010,10103108,98011
P155441-11,93721011,93721,Non-WQM,Burn_C,SW,GP,SAMP,EFIRE,EX,EFIRE,4/10/2025 18:40,,,,0.10,,,,,,,,,,,,,,,,,,,,,,,,4/15/2025 0:37,4/14/2025 9:59,98011,Chlorophyll A,179,6.92,ug/L,+/- 0.464,,,0.02,,,,,93721011,10103120,98011
P155441-12,93721012,93721,Non-WQM,Untreated_C,SW,GP,SAMP,EFIRE,EX,EFIRE,4/10/2025 18:45,,,,0.06,,,,,,,,,,,,,,,,,,,,,,,,4/15/2025 0:47,4/14/2025 9:59,98011,Chlorophyll A,179,6.76,ug/L,+/- 0.453,,,0.016,,,,,93721012,10103132,98011
P155441-5,93721005,93721,Non-WQM,Untreated_B,SW,GP,SAMP,EFIRE,EX,EFIRE,4/10/2025 17:50,,,,0.09,,,,,,,,,,,,,,,,,,,,,,,,4/14/2025 23:20,4/14/2025 9:59,98011,Chlorophyll A,179,1.84,ug/L,+/- 0.124,,,0.016,,,,,93721005,10103156,98011
P155440-1,93720001,93720,Non-WQM,Untreated_A,SW,GP,SAMP,EFIRE,EX,EFIRE,3/25/2025 9:45,,,,0.15,,,,,,,,,,,,,,,,,,,,,,,,3/27/2025 18:36,3/27/2025 7:46,98011,Chlorophyll A,179,1.44,ug/L,+/- 0.100,,,0.027,,,,,93720001,10084942,98011
P155440-2,93720002,93720,Non-WQM,Herbicide_A,SW,GP,SAMP,EFIRE,EX,EFIRE,3/25/2025 10:23,,,,0.11,,,,,,,,,,,,,,,,,,,,,,,,3/27/2025 18:55,3/27/2025 8:18,98011,Chlorophyll A,179,1.14,ug/L,+/- 0.081,,,0.027,,,,,93720002,10084966,98011
P155440-3,93720003,93720,Non-WQM,Burn_Herb_A,SW,GP,SAMP,EFIRE,EX,EFIRE,3/25/2025 10:43,,,,0.14,,,,,,,,,,,,,,,,,,,,,,,,3/27/2025 19:05,3/27/2025 8:18,98011,Chlorophyll A,179,0.712,ug/L,+/- 0.055,,,0.027,,,,,93720003,10084978,98011
P155440-4,93720004,93720,Non-WQM,Burn_A,SW,GP,SAMP,EFIRE,EX,EFIRE,3/25/2025 11:11,,,,0.09,,,,,,,,,,,,,,,,,,,,,,,,3/27/2025 19:34,3/27/2025 8:18,98011,Chlorophyll A,179,0.813,ug/L,+/- 0.061,,,0.027,,,,,93720004,10084990,98011
P155440-5,93720005,93720,Non-WQM,Untreated_B,SW,GP,SAMP,EFIRE,EX,EFIRE,3/25/2025 11:35,,,,0.11,,,,,,,,,,,,,,,,,,,,,,,,3/27/2025 19:43,3/27/2025 8:18,98011,Chlorophyll A,179,1.18,ug/L,+/- 0.084,,,0.027,,,,,93720005,10085002,98011
P155440-6,93720006,93720,Non-WQM,Burn_B,SW,GP,SAMP,EFIRE,EX,EFIRE,3/25/2025 11:51,,,,0.1,,,,,,,,,,,,,,,,,,,,,,,,3/27/2025 19:53,3/27/2025 8:18,98011,Chlorophyll A,179,1.59,ug/L,+/- 0.110,,,0.027,,,,,93720006,10085014,98011
P155440-7,93720007,93720,Non-WQM,Burn_Herb_B,SW,GP,SAMP,EFIRE,EX,EFIRE,3/25/2025 12:07,,,,0.16,,,,,,,,,,,,,,,,,,,,,,,,3/27/2025 20:03,3/27/2025 8:18,98011,Chlorophyll A,179,1.26,ug/L,+/- 0.089,,,0.027,,,,,93720007,10085026,98011
P155440-8,93720008,93720,Non-WQM,Herbicide_B,SW,GP,SAMP,EFIRE,EX,EFIRE,3/25/2025 12:22,,,,0.1,,,,,,,,,,,,,,,,,,,,,,,,3/27/2025 20:12,3/27/2025 8:18,98011,Chlorophyll A,179,1.26,ug/L,+/- 0.089,,,0.027,,,,,93720008,10085038,98011
P155440-9,93720009,93720,Non-WQM,Herbicide_C,SW,GP,SAMP,EFIRE,EX,EFIRE,3/25/2025 12:39,,,,0.12,,,,,,,,,,,,,,,,,,,,,,,,3/27/2025 20:22,3/27/2025 8:18,98011,Chlorophyll A,179,1.31,ug/L,+/- 0.092,,,0.027,,,,,93720009,10085050,98011
P155440-10,93720010,93720,Non-WQM,Burn_Herb_C,SW,GP,SAMP,EFIRE,EX,EFIRE,3/25/2025 12:54,,,,0.14,,,,,,,,,,,,,,,,,,,,,,,,3/27/2025 20:32,3/27/2025 8:18,98011,Chlorophyll A,179,0.992,ug/L,+/- 0.072,,,0.027,,,,,93720010,10085062,98011
P155440-11,93720011,93720,Non-WQM,Burn_C,SW,GP,SAMP,EFIRE,EX,EFIRE,3/25/2025 13:10,,,,0.08,,,,,,,,,,,,,,,,,,,,,,,,3/27/2025 20:41,3/27/2025 8:18,98011,Chlorophyll A,179,1.42,ug/L,+/- 0.099,,,0.027,,,,,93720011,10085074,98011
P155440-12,93720012,93720,Non-WQM,Untreated_C,SW,GP,SAMP,EFIRE,EX,EFIRE,3/25/2025 13:22,,,,0.1,,,,,,,,,,,,,,,,,,,,,,,,3/27/2025 20:51,3/27/2025 8:18,98011,Chlorophyll A,179,1.47,ug/L,+/- 0.102,,,0.027,,,,,93720012,10085086,98011
P155742-1,93872001,93872,Non-WQM,Untreated_A,SW,GP,SAMP,EFIRE,EX,EFIRE,4/21/2025 10:00,,,,0.05,,,,,,,,,,,,,,,,,,,,,,,,4/28/2025 17:19,4/28/2025 9:29,98011,Chlorophyll A,179,2.5,ug/L,+/- 0.170,,,0.032,,,,,93872001,10115603,98011
P155742-2,93872002,93872,Non-WQM,Herbicide_A,SW,GP,SAMP,EFIRE,EX,EFIRE,4/21/2025 10:20,,,,0.05,,,,,,,,,,,,,,,,,,,,,,,,4/28/2025 17:39,4/28/2025 9:29,98011,Chlorophyll A,179,5.32,ug/L,+/- 0.358,,,0.032,,,,,93872002,10115627,98011
P155742-3,93872003,93872,Non-WQM,Burn_Herb_A,SW,GP,SAMP,EFIRE,EX,EFIRE,4/21/2025 10:45,,,,0.06,,,,,,,,,,,,,,,,,,,,,,,,4/28/2025 17:48,4/28/2025 9:29,98011,Chlorophyll A,179,6.65,ug/L,+/- 0.447,,,0.032,,,,,93872003,10115639,98011
P155742-4,93872004,93872,Non-WQM,Burn_A,SW,GP,SAMP,EFIRE,EX,EFIRE,4/21/2025 11:30,,,,0.05,,,,,,,,,,,,,,,,,,,,,,,,4/28/2025 17:58,4/28/2025 9:29,98011,Chlorophyll A,179,4.6,ug/L,+/- 0.310,,,0.032,,,,,93872004,10115651,98011
P155742-5,93872005,93872,Non-WQM,Untreated_B,SW,GP,SAMP,EFIRE,EX,EFIRE,4/21/2025 11:55,,,,0.05,,,,,,,,,,,,,,,,,,,,,,,,4/28/2025 18:08,4/28/2025 9:29,98011,Chlorophyll A,179,3.5,ug/L,+/- 0.237,,,0.032,,,,,93872005,10115663,98011
P155742-6,93872006,93872,Non-WQM,Burn_B,SW,GP,SAMP,EFIRE,EX,EFIRE,4/21/2025 12:20,,,,0.05,,,,,,,,,,,,,,,,,,,,,,,,4/28/2025 18:17,4/28/2025 9:29,98011,Chlorophyll A,179,2.83,ug/L,+/- 0.192,,,0.032,,,,,93872006,10115675,98011
P155742-7,93872007,93872,Non-WQM,Burn_Herb_B,SW,GP,SAMP,EFIRE,EX,EFIRE,4/21/2025 12:35,,,,0.06,,,,,,,,,,,,,,,,,,,,,,,,4/28/2025 18:27,4/28/2025 9:29,98011,Chlorophyll A,179,5.8,ug/L,+/- 0.390,,,0.032,,,,,93872007,10115687,98011
P155742-8,93872008,93872,Non-WQM,Herbicide_B,SW,GP,SAMP,EFIRE,EX,EFIRE,4/21/2025 12:50,,,,0.05,,,,,,,,,,,,,,,,,,,,,,,,4/28/2025 18:37,4/28/2025 9:29,98011,Chlorophyll A,179,3.35,ug/L,+/- 0.227,,,0.032,,,,,93872008,10115699,98011
P155742-9,93872009,93872,Non-WQM,Herbicide_C,SW,GP,SAMP,EFIRE,EX,EFIRE,4/21/2025 13:05,,,,0.04,,,,,,,,,,,,,,,,,,,,,,,,4/28/2025 19:06,4/28/2025 9:29,98011,Chlorophyll A,179,4.83,ug/L,+/- 0.325,,,0.032,,,,,93872009,10115711,98011
P155742-10,93872010,93872,Non-WQM,Burn_Herb_C,SW,GP,SAMP,EFIRE,EX,EFIRE,4/21/2025 13:20,,,,0.08,,,,,,,,,,,,,,,,,,,,,,,,4/28/2025 19:15,4/28/2025 9:29,98011,Chlorophyll A,179,7.57,ug/L,+/- 0.508,,,0.032,,,,,93872010,10115723,98011
P155742-11,93872011,93872,Non-WQM,Burn_C,SW,GP,SAMP,EFIRE,EX,EFIRE,4/21/2025 13:35,,,,0.08,,,,,,,,,,,,,,,,,,,,,,,,4/28/2025 19:25,4/28/2025 9:29,98011,Chlorophyll A,179,8.97,ug/L,+/- 0.602,,,0.032,,,,,93872011,10115735,98011
P155742-12,93872012,93872,Non-WQM,Untreated_C,SW,GP,SAMP,EFIRE,EX,EFIRE,4/21/2025 13:45,,,,0.05,,,,,,,,,,,,,,,,,,,,,,,,4/28/2025 19:35,4/28/2025 9:29,98011,Chlorophyll A,179,19.3,ug/L,+/- 1.29,,,0.032,,,,,93872012,10115747,98011
P155444-1,93724001,93724,Non-WQM,Untreated_A,SW,GP,SAMP,EFIRE,EX,EFIRE,1/28/2025 10:15,,,,0.19,,,,,,,,,,,,,,,,,,,,,,,,2/6/2025 14:42,2/3/2025 8:12,98011,Chlorophyll A,179,0.996,ug/L,+/- 0.078,,,0.04,,,,,93724001,10013988,98011
P155444-2,93724002,93724,Non-WQM,Herbicide_A,SW,GP,SAMP,EFIRE,EX,EFIRE,1/28/2025 10:50,,,,0.23,,,,,,,,,,,,,,,,,,,,,,,,2/6/2025 15:01,2/3/2025 8:12,98011,Chlorophyll A,179,0.928,ug/L,+/- 0.074,,,0.04,,,,,93724002,10014012,98011
P155444-3,93724003,93724,Non-WQM,Burn_Herb_A,SW,GP,SAMP,EFIRE,EX,EFIRE,1/28/2025 11:11,,,,0.23,,,,,,,,,,,,,,,,,,,,,,,,2/6/2025 15:11,2/3/2025 8:12,98011,Chlorophyll A,179,0.652,ug/L,+/- 0.059,,,0.04,,,,,93724003,10014024,98011
P155444-4,93724004,93724,Non-WQM,Burn_A,SW,GP,SAMP,EFIRE,EX,EFIRE,1/28/2025 11:35,,,,0.17,,,,,,,,,,,,,,,,,,,,,,,,2/6/2025 15:20,2/3/2025 8:12,98011,Chlorophyll A,179,0.56,ug/L,+/- 0.055,,,0.04,,,,,93724004,10014036,98011
P155444-5,93724005,93724,Non-WQM,Untreated_B,SW,GP,SAMP,EFIRE,EX,EFIRE,1/28/2025 12:00,,,,0.16,,,,,,,,,,,,,,,,,,,,,,,,2/6/2025 15:30,2/3/2025 8:46,98011,Chlorophyll A,179,1.06,ug/L,+/- 0.082,,,0.04,,Ash from nearby burn in the air,,,93724005,10014048,98011
P155444-6,93724006,93724,Non-WQM,Burn_B,SW,GP,SAMP,EFIRE,EX,EFIRE,1/28/2025 12:20,,,,0.12,,,,,,,,,,,,,,,,,,,,,,,,2/6/2025 15:40,2/3/2025 8:46,98011,Chlorophyll A,179,0.704,ug/L,+/- 0.062,,,0.04,,,,,93724006,10014060,98011
P155444-7,93724007,93724,Non-WQM,Burn_Herb_B,SW,GP,SAMP,EFIRE,EX,EFIRE,1/28/2025 12:40,,,,0.11,,,,,,,,,,,,,,,,,,,,,,,,2/6/2025 15:49,2/3/2025 8:46,98011,Chlorophyll A,179,0.952,ug/L,+/- 0.075,,,0.04,,,,,93724007,10014072,98011
P155444-8,93724008,93724,Non-WQM,Herbicide_B,SW,GP,SAMP,EFIRE,EX,EFIRE,1/28/2025 12:55,,,,0.09,,,,,,,,,,,,,,,,,,,,,,,,2/6/2025 16:18,2/3/2025 8:46,98011,Chlorophyll A,179,0.992,ug/L,+/- 0.078,,,0.04,,,,,93724008,10014084,98011
P155444-9,93724009,93724,Non-WQM,Herbicide_C,SW,GP,SAMP,EFIRE,EX,EFIRE,1/28/2025 13:15,,,,0.14,,,,,,,,,,,,,,,,,,,,,,,,2/6/2025 16:28,2/3/2025 8:46,98011,Chlorophyll A,179,0.6,ug/L,+/- 0.057,,,0.04,,,,,93724009,10014096,98011
P155444-10,93724010,93724,Non-WQM,Burn_Herb_C,SW,GP,SAMP,EFIRE,EX,EFIRE,1/28/2025 13:32,,,,0.14,,,,,,,,,,,,,,,,,,,,,,,,2/6/2025 16:38,2/3/2025 8:46,98011,Chlorophyll A,179,0.688,ug/L,+/- 0.061,,,0.04,,,,,93724010,10014108,98011
P155444-11,93724011,93724,Non-WQM,Burn_C,SW,GP,SAMP,EFIRE,EX,EFIRE,1/28/2025 13:47,,,,0.12,,,,,,,,,,,,,,,,,,,,,,,,2/6/2025 16:47,2/3/2025 8:46,98011,Chlorophyll A,179,0.612,ug/L,+/- 0.057,,,0.04,,,,,93724011,10014120,98011
P155444-12,93724012,93724,Non-WQM,Untreated_C,SW,GP,SAMP,EFIRE,EX,EFIRE,1/28/2025 14:05,,,,0.2,,,,,,,,,,,,,,,,,,,,,,,,2/6/2025 16:57,2/3/2025 8:46,98011,Chlorophyll A,179,1.52,ug/L,+/- 0.109,,,0.04,,,,,93724012,10014132,98011
P155740-1,93870001,93870,Non-WQM,Untreated_A,SW,GP,SAMP,EFIRE,EX,EFIRE,4/14/2025 10:15,,,,0.09,,,,,,,,,,,,,,,,,,,,,,,,4/23/2025 14:16,4/21/2025 9:31,98011,Chlorophyll A,179,5.62,ug/L,+/- 0.378,,,0.032,,,,,93870001,10105854,98011
P155740-2,93870002,93870,Non-WQM,Herbicide_A,SW,GP,SAMP,EFIRE,EX,EFIRE,4/14/2025 10:40,,,,0.07,,,,,,,,,,,,,,,,,,,,,,,,4/23/2025 14:36,4/21/2025 10:02,98011,Chlorophyll A,179,12,ug/L,+/- 0.805,,,0.032,,,,,93870002,10105878,98011
P155740-3,93870003,93870,Non-WQM,Burn_Herb_A,SW,GP,SAMP,EFIRE,EX,EFIRE,4/14/2025 11:00,,,,0.1,,,,,,,,,,,,,,,,,,,,,,,,4/23/2025 14:45,4/21/2025 10:02,98011,Chlorophyll A,179,3.62,ug/L,+/- 0.245,,,0.032,,,,,93870003,10105890,98011
P155740-4,93870004,93870,Non-WQM,Burn_A,SW,GP,SAMP,EFIRE,EX,EFIRE,4/14/2025 11:15,,,,0.06,,,,,,,,,,,,,,,,,,,,,,,,4/23/2025 14:55,4/21/2025 10:02,98011,Chlorophyll A,179,2.04,ug/L,+/- 0.140,,,0.032,,,,,93870004,10105902,98011
P155740-5,93870005,93870,Non-WQM,Untreated_B,SW,GP,SAMP,EFIRE,EX,EFIRE,4/14/2025 11:30,,,,0.04,,,,,,,,,,,,,,,,,,,,,,,,4/23/2025 15:24,4/21/2025 10:02,98011,Chlorophyll A,179,2.41,ug/L,+/- 0.165,,,0.032,,,,,93870005,10105914,98011
P155740-6,93870006,93870,Non-WQM,Burn_B,SW,GP,SAMP,EFIRE,EX,EFIRE,4/14/2025 11:45,,,,0.1,,,,,,,,,,,,,,,,,,,,,,,,4/23/2025 15:34,4/21/2025 10:02,98011,Chlorophyll A,179,3.99,ug/L,+/- 0.269,,,0.032,,,,,93870006,10105926,98011
P155740-7,93870007,93870,Non-WQM,Burn_Herb_B,SW,GP,SAMP,EFIRE,EX,EFIRE,4/14/2025 12:00,,,,0.11,,,,,,,,,,,,,,,,,,,,,,,,4/23/2025 15:43,4/21/2025 10:02,98011,Chlorophyll A,179,9.48,ug/L,+/- 0.636,,,0.032,,,,,93870007,10105938,98011
P155740-8,93870008,93870,Non-WQM,Herbicide_B,SW,GP,SAMP,EFIRE,EX,EFIRE,4/14/2025 12:15,,,,0.03,,,,,,,,,,,,,,,,,,,,,,,,4/23/2025 15:53,4/21/2025 10:02,98011,Chlorophyll A,179,5.5,ug/L,+/- 0.370,,,0.032,,,,,93870008,10105950,98011
P155740-9,93870009,93870,Non-WQM,Herbicide_C,SW,GP,SAMP,EFIRE,EX,EFIRE,4/14/2025 12:30,,,,0.07,,,,,,,,,,,,,,,,,,,,,,,,4/23/2025 16:03,4/21/2025 10:02,98011,Chlorophyll A,179,3.8,ug/L,+/- 0.257,,,0.032,,,,,93870009,10105962,98011
P155740-10,93870010,93870,Non-WQM,Burn_Herb_C,SW,GP,SAMP,EFIRE,EX,EFIRE,4/14/2025 12:45,,,,0.1,,,,,,,,,,,,,,,,,,,,,,,,4/23/2025 16:13,4/21/2025 10:02,98011,Chlorophyll A,179,2.78,ug/L,+/- 0.189,,,0.032,,,,,93870010,10105974,98011
P155740-11,93870011,93870,Non-WQM,Burn_C,SW,GP,SAMP,EFIRE,EX,EFIRE,4/14/2025 13:00,,,,0.09,,,,,,,,,,,,,,,,,,,,,,,,4/23/2025 16:22,4/21/2025 10:02,98011,Chlorophyll A,179,3.21,ug/L,+/- 0.217,,,0.032,,,,,93870011,10105986,98011
P155740-12,93870012,93870,Non-WQM,Untreated_C,SW,GP,SAMP,EFIRE,EX,EFIRE,4/14/2025 13:15,,,,0.08,,,,,,,,,,,,,,,,,,,,,,,,4/23/2025 16:32,4/21/2025 10:02,98011,Chlorophyll A,179,2.73,ug/L,+/- 0.186,,,0.032,,,,,93870012,10105998,98011
P155741-1,93871001,93871,Non-WQM,Untreated_A,SW,GP,SAMP,EFIRE,EX,EFIRE,4/16/2025 10:00,,,,0.04,,,,,,,,,,,,,,,,,,,,,,,,4/24/2025 15:36,4/23/2025 8:00,98011,Chlorophyll A,179,2.67,ug/L,+/- 0.182,,,0.032,,,,,93871001,10111007,98011
P155741-2,93871002,93871,Non-WQM,Herbicide_A,SW,GP,SAMP,EFIRE,EX,EFIRE,4/16/2025 10:30,,,,0.03,,,,,,,,,,,,,,,,,,,,,,,,4/24/2025 16:15,4/23/2025 8:00,98011,Chlorophyll A,179,9.21,ug/L,+/- 0.618,,,0.032,,,,,93871002,10111031,98011
P155741-3,93871003,93871,Non-WQM,Burn_Herb_A,SW,GP,SAMP,EFIRE,EX,EFIRE,4/16/2025 10:50,,,,0.07,,,,,,,,,,,,,,,,,,,,,,,,4/24/2025 16:24,4/23/2025 8:00,98011,Chlorophyll A,179,4.2,ug/L,+/- 0.283,,,0.032,,,,,93871003,10111043,98011
P155741-4,93871004,93871,Non-WQM,Burn_A,SW,GP,SAMP,EFIRE,EX,EFIRE,4/16/2025 11:10,,,,0.06,,,,,,,,,,,,,,,,,,,,,,,,4/24/2025 16:34,4/23/2025 8:00,98011,Chlorophyll A,179,4.17,ug/L,+/- 0.281,,,0.032,,,,,93871004,10111055,98011
P155741-5,93871005,93871,Non-WQM,Untreated_B,SW,GP,SAMP,EFIRE,EX,EFIRE,4/16/2025 11:25,,,,0.03,,,,,,,,,,,,,,,,,,,,,,,,4/24/2025 16:44,4/23/2025 8:00,98011,Chlorophyll A,179,1.74,ug/L,+/- 0.121,,,0.032,,,,,93871005,10111067,98011
P155741-6,93871006,93871,Non-WQM,Burn_B,SW,GP,SAMP,EFIRE,EX,EFIRE,4/16/2025 11:45,,,,0.08,,,,,,,,,,,,,,,,,,,,,,,,4/24/2025 16:54,4/23/2025 8:00,98011,Chlorophyll A,179,5.97,ug/L,+/- 0.401,,,0.032,,,,,93871006,10111079,98011
P155741-7,93871007,93871,Non-WQM,Burn_Herb_B,SW,GP,SAMP,EFIRE,EX,EFIRE,4/16/2025 12:00,,,,0.08,,,,,,,,,,,,,,,,,,,,,,,,4/24/2025 17:03,4/23/2025 8:00,98011,Chlorophyll A,179,8.55,ug/L,+/- 0.574,,,0.032,,,,,93871007,10111091,98011
P155741-8,93871008,93871,Non-WQM,Herbicide_B,SW,GP,SAMP,EFIRE,EX,EFIRE,4/16/2025 12:15,,,,0.02,,,,,,,,,,,,,,,,,,,,,,,,4/24/2025 17:13,4/23/2025 8:00,98011,Chlorophyll A,179,7.76,ug/L,+/- 0.521,,,0.032,,,,,93871008,10111103,98011
P155741-9,93871009,93871,Non-WQM,Herbicide_C,SW,GP,SAMP,EFIRE,EX,EFIRE,4/16/2025 12:40,,,,0.04,,,,,,,,,,,,,,,,,,,,,,,,4/24/2025 17:22,4/23/2025 8:31,98011,Chlorophyll A,179,3.37,ug/L,+/- 0.228,,,0.032,,,,,93871009,10111115,98011
P155741-10,93871010,93871,Non-WQM,Burn_Herb_C,SW,GP,SAMP,EFIRE,EX,EFIRE,4/16/2025 13:00,,,,0.07,,,,,,,,,,,,,,,,,,,,,,,,4/24/2025 17:32,4/23/2025 8:31,98011,Chlorophyll A,179,10.9,ug/L,+/- 0.731,,,0.032,,,,,93871010,10111127,98011
P155741-11,93871011,93871,Non-WQM,Burn_C,SW,GP,SAMP,EFIRE,EX,EFIRE,4/16/2025 13:20,,,,0.08,,,,,,,,,,,,,,,,,,,,,,,,4/24/2025 17:42,4/23/2025 8:31,98011,Chlorophyll A,179,5.12,ug/L,+/- 0.344,,,0.032,,,,,93871011,10111139,98011
P155741-12,93871012,93871,Non-WQM,Untreated_C,SW,GP,SAMP,EFIRE,EX,EFIRE,4/16/2025 13:35,,,,0.04,,,,,,,,,,,,,,,,,,,,,,,,4/24/2025 18:11,4/23/2025 8:31,98011,Chlorophyll A,179,9.33,ug/L,+/- 0.626,,,0.032,,,,,93871012,10111151,98011
P155443-1,93723001,93723,Non-WQM,Untreated_A,SW,GP,SAMP,EFIRE,EX,EFIRE,12/17/2024 10:00,,,,0.07,,,,,,,,,,,,,,,,,,,,,,,,12/19/2024 19:59,12/19/2024 8:30,98011,Chlorophyll A,179,2.77,ug/L,+/- 0.188,,,0.027,,,,,93723001,9964204,98011
P155443-2,93723002,93723,Non-WQM,Herbicide_A,SW,GP,SAMP,EFIRE,EX,EFIRE,12/17/2024 10:30,,,,0.1,,,,,,,,,,,,,,,,,,,,,,,,12/19/2024 20:18,12/19/2024 8:30,98011,Chlorophyll A,179,3.05,ug/L,+/- 0.206,,,0.027,,,,,93723002,9964228,98011
P155443-3,93723003,93723,Non-WQM,Burn_Herb_A,SW,GP,SAMP,EFIRE,EX,EFIRE,12/17/2024 11:10,,,,0.06,,,,,,,,,,,,,,,,,,,,,,,,12/19/2024 20:28,12/19/2024 8:30,98011,Chlorophyll A,179,1.89,ug/L,+/- 0.129,,,0.027,,,,,93723003,9964240,98011
P155443-4,93723004,93723,Non-WQM,Burn_A,SW,GP,SAMP,EFIRE,EX,EFIRE,12/17/2024 11:30,,,,0.05,,,,,,,,,,,,,,,,,,,,,,,,12/19/2024 20:38,12/19/2024 8:30,98011,Chlorophyll A,179,1.71,ug/L,+/- 0.118,,,0.027,,,,,93723004,9964252,98011
P155443-6,93723006,93723,Non-WQM,Burn_B,SW,GP,SAMP,EFIRE,EX,EFIRE,12/17/2024 11:50,,,,0.06,,,,,,,,,,,,,,,,,,,,,,,,12/19/2024 20:57,12/19/2024 9:01,98011,Chlorophyll A,179,2.05,ug/L,+/- 0.140,,,0.027,,,,,93723006,9964264,98011
P155443-5,93723005,93723,Non-WQM,Untreated_B,SW,GP,SAMP,EFIRE,EX,EFIRE,12/17/2024 12:10,,,,0.09,,,,,,,,,,,,,,,,,,,,,,,,12/19/2024 20:47,12/19/2024 9:01,98011,Chlorophyll A,179,1.63,ug/L,+/- 0.112,,,0.027,,,,,93723005,9964276,98011
P155443-7,93723007,93723,Non-WQM,Burn_Herb_B,SW,GP,SAMP,EFIRE,EX,EFIRE,12/17/2024 12:30,,,,0.08,,,,,,,,,,,,,,,,,,,,,,,,12/19/2024 21:07,12/19/2024 9:01,98011,Chlorophyll A,179,2.71,ug/L,+/- 0.184,,,0.027,,,,,93723007,9964288,98011
P155443-8,93723008,93723,Non-WQM,Herbicide_B,SW,GP,SAMP,EFIRE,EX,EFIRE,12/17/2024 12:45,,,,0.07,,,,,,,,,,,,,,,,,,,,,,,,12/19/2024 21:36,12/19/2024 9:01,98011,Chlorophyll A,179,2.25,ug/L,+/- 0.153,,,0.027,,,,,93723008,9964300,98011
P155443-9,93723009,93723,Non-WQM,Herbicide_C,SW,GP,SAMP,EFIRE,EX,EFIRE,12/17/2024 13:00,,,,0.07,,,,,,,,,,,,,,,,,,,,,,,,12/19/2024 21:45,12/19/2024 9:01,98011,Chlorophyll A,179,5.29,ug/L,+/- 0.355,,,0.027,,,,,93723009,9964312,98011
P155443-10,93723010,93723,Non-WQM,Burn_Herb_C,SW,GP,SAMP,EFIRE,EX,EFIRE,12/17/2024 13:20,,,,0.11,,,,,,,,,,,,,,,,,,,,,,,,12/19/2024 21:55,12/19/2024 9:01,98011,Chlorophyll A,179,3.13,ug/L,+/- 0.211,,,0.027,,,,,93723010,9964324,98011
P155443-11,93723011,93723,Non-WQM,Burn_C,SW,GP,SAMP,EFIRE,EX,EFIRE,12/17/2024 13:30,,,,0.1,,,,,,,,,,,,,,,,,,,,,,,,12/19/2024 22:05,12/19/2024 9:01,98011,Chlorophyll A,179,3.52,ug/L,+/- 0.237,,,0.027,,,,,93723011,9964336,98011
P155443-12,93723012,93723,Non-WQM,Untreated_C,SW,GP,SAMP,EFIRE,EX,EFIRE,12/17/2024 13:50,,,,0.1,,,,,,,,,,,,,,,,,,,,,,,,12/19/2024 22:14,12/19/2024 9:01,98011,Chlorophyll A,179,2.74,ug/L,+/- 0.186,,,0.027,,,,,93723012,9964348,98011
P154830-1,93426001,93426,Non-WQM,Untreated_A,SW,GP,SAMP,EFIRE,EX,EFIRE,11/19/2024 10:00,,,,0.15,,,,,,,,,,,,,,,,,,,,,,,,11/21/2024 21:41,11/21/2024 9:24,98011,Chlorophyll A,179,3.7,ug/L,+/- 0.249,,,0.02,,,,,93426001,9928474,98011
P154830-2,93426002,93426,Non-WQM,Herbicide_A,SW,GP,SAMP,EFIRE,EX,EFIRE,11/19/2024 11:00,,,,0.08,,,,,,,,,,,,,,,,,,,,,,,,11/21/2024 21:51,11/21/2024 9:24,98011,Chlorophyll A,179,4.91,ug/L,+/- 0.330,,,0.032,,,,,93426002,9928498,98011
P154830-3,93426003,93426,Non-WQM,Burn_Herb_A,SW,GP,SAMP,EFIRE,EX,EFIRE,11/19/2024 11:35,,,,0.06,,,,,,,,,,,,,,,,,,,,,,,,11/21/2024 22:01,11/21/2024 9:24,98011,Chlorophyll A,179,2.9,ug/L,+/- 0.198,,,0.04,,,,,93426003,9928510,98011
P154830-4,93426004,93426,Non-WQM,Burn_A,SW,GP,SAMP,EFIRE,EX,EFIRE,11/19/2024 12:20,,,,0.06,,,,,,,,,,,,,,,,,,,,,,,,11/21/2024 22:10,11/21/2024 9:24,98011,Chlorophyll A,179,2.25,ug/L,+/- 0.156,,,0.04,,,,,93426004,9928522,98011
P154830-5,93426005,93426,Non-WQM,Untreated_B,SW,GP,SAMP,EFIRE,EX,EFIRE,11/19/2024 12:50,,,,0.18,,,,,,,,,,,,,,,,,,,,,,,,11/21/2024 22:39,11/21/2024 9:24,98011,Chlorophyll A,179,4.91,ug/L,+/- 0.331,,,0.04,,,,,93426005,9928534,98011
P154830-6,93426006,93426,Non-WQM,Burn_B,SW,GP,SAMP,EFIRE,EX,EFIRE,11/19/2024 13:05,,,,0.15,,,,,,,,,,,,,,,,,,,,,,,,11/21/2024 22:49,11/21/2024 9:24,98011,Chlorophyll A,179,1.68,ug/L,+/- 0.119,,,0.04,,,,,93426006,9928546,98011
P154830-7,93426007,93426,Non-WQM,Burn_Herb_B,SW,GP,SAMP,EFIRE,EX,EFIRE,11/19/2024 13:25,,,,0.18,,,,,,,,,,,,,,,,,,,,,,,,11/21/2024 22:59,11/21/2024 9:24,98011,Chlorophyll A,179,15.6,ug/L,+/- 1.04,,,0.04,,,,,93426007,9928558,98011
P154830-8,93426008,93426,Non-WQM,Herbicide_B,SW,GP,SAMP,EFIRE,EX,EFIRE,11/19/2024 13:30,,,,0.09,,,,,,,,,,,,,,,,,,,,,,,,11/21/2024 23:08,11/21/2024 9:24,98011,Chlorophyll A,179,2.55,ug/L,+/- 0.175,,,0.04,,,,,93426008,9928570,98011
P154830-9,93426009,93426,Non-WQM,Herbicide_C,SW,GP,SAMP,EFIRE,EX,EFIRE,11/19/2024 13:50,,,,0.1,,,,,,,,,,,,,,,,,,,,,,,,11/21/2024 23:18,11/21/2024 9:24,98011,Chlorophyll A,179,4.19,ug/L,+/- 0.284,,,0.04,,,,,93426009,9928582,98011
P154830-10,93426010,93426,Non-WQM,Burn_Herb_C,SW,GP,SAMP,EFIRE,EX,EFIRE,11/19/2024 14:04,,,,0.12,,,,,,,,,,,,,,,,,,,,,,,,11/21/2024 23:28,11/21/2024 9:53,98011,Chlorophyll A,179,1.2,ug/L,+/- 0.090,,,0.04,,,,,93426010,9928594,98011
P154830-11,93426011,93426,Non-WQM,Burn_C,SW,GP,SAMP,EFIRE,EX,EFIRE,11/19/2024 14:20,,,,0.11,,,,,,,,,,,,,,,,,,,,,,,,11/21/2024 23:47,11/21/2024 9:53,98011,Chlorophyll A,179,5.8,ug/L,+/- 0.391,,,0.04,,,,,93426011,9928606,98011
P154830-12,93426012,93426,Non-WQM,Untreated_C,SW,GP,SAMP,EFIRE,EX,EFIRE,11/19/2024 14:30,,,,0.1,,,,,,,,,,,,,,,,,,,,,,,,11/21/2024 23:57,11/21/2024 9:53,98011,Chlorophyll A,179,4.6,ug/L,+/- 0.311,,,0.04,,,,,93426012,9928618,98011
P155439-1,93719001,93719,Non-WQM,Untreated_A,SW,GP,SAMP,EFIRE,EX,EFIRE,2/26/2025 10:05,,,,0.09,,,,,,,,,,,,,,,,,,,,,,,,3/3/2025 20:37,3/3/2025 9:02,98011,Chlorophyll A,179,0.995,ug/L,+/- 0.072,,,0.027,,Ash in the air from nearby burn.,,,93719001,10052408,98011
P155439-2,93719002,93719,Non-WQM,Herbicide_A,SW,GP,SAMP,EFIRE,EX,EFIRE,2/26/2025 10:38,,,,0.09,,,,,,,,,,,,,,,,,,,,,,,,3/3/2025 20:56,3/3/2025 9:02,98011,Chlorophyll A,179,1.56,ug/L,+/- 0.108,,,0.027,,,,,93719002,10052432,98011
P155439-3,93719003,93719,Non-WQM,Burn_Herb_A,SW,GP,SAMP,EFIRE,EX,EFIRE,2/26/2025 11:10,,,,0.07,,,,,,,,,,,,,,,,,,,,,,,,3/3/2025 21:06,3/3/2025 9:02,98011,Chlorophyll A,179,1.05,ug/L,+/- 0.075,,,0.027,,,,,93719003,10052444,98011
P155439-4,93719004,93719,Non-WQM,Burn_A,SW,GP,SAMP,EFIRE,EX,EFIRE,2/26/2025 11:33,,,,0.08,,,,,,,,,,,,,,,,,,,,,,,,3/3/2025 21:35,3/3/2025 9:02,98011,Chlorophyll A,179,0.952,ug/L,+/- 0.069,,,0.027,,,,,93719004,10052456,98011
P155439-5,93719005,93719,Non-WQM,Untreated_B,SW,GP,SAMP,EFIRE,EX,EFIRE,2/26/2025 12:03,,,,0.06,,,,,,,,,,,,,,,,,,,,,,,,3/3/2025 21:44,3/3/2025 9:02,98011,Chlorophyll A,179,0.843,ug/L,+/- 0.063,,,0.027,,,,,93719005,10052468,98011
P155439-6,93719006,93719,Non-WQM,Burn_B,SW,GP,SAMP,EFIRE,EX,EFIRE,2/26/2025 12:20,,,,0.11,,,,,,,,,,,,,,,,,,,,,,,,3/3/2025 21:54,3/3/2025 9:02,98011,Chlorophyll A,179,0.877,ug/L,+/- 0.065,,,0.027,,,,,93719006,10052480,98011
P155439-7,93719007,93719,Non-WQM,Burn_Herb_B,SW,GP,SAMP,EFIRE,EX,EFIRE,2/26/2025 12:35,,,,0.12,,,,,,,,,,,,,,,,,,,,,,,,3/3/2025 22:04,3/3/2025 9:02,98011,Chlorophyll A,179,1.1,ug/L,+/- 0.078,,,0.027,,,,,93719007,10052492,98011
P155439-8,93719008,93719,Non-WQM,Herbicide_B,SW,GP,SAMP,EFIRE,EX,EFIRE,2/26/2025 12:50,,,,0.1,,,,,,,,,,,,,,,,,,,,,,,,3/3/2025 22:13,3/3/2025 9:02,98011,Chlorophyll A,179,1.06,ug/L,+/- 0.076,,,0.027,,,,,93719008,10052504,98011
P155439-9,93719009,93719,Non-WQM,Herbicide_C,SW,GP,SAMP,EFIRE,EX,EFIRE,2/26/2025 13:06,,,,0.1,,,,,,,,,,,,,,,,,,,,,,,,3/3/2025 22:23,3/3/2025 9:32,98011,Chlorophyll A,179,0.741,ug/L,+/- 0.056,,,0.027,,,,,93719009,10052516,98011
P155439-10,93719010,93719,Non-WQM,Burn_Herb_C,SW,GP,SAMP,EFIRE,EX,EFIRE,2/26/2025 13:21,,,,0.15,,,,,,,,,,,,,,,,,,,,,,,,3/3/2025 22:33,3/3/2025 9:32,98011,Chlorophyll A,179,1.31,ug/L,+/- 0.092,,,0.027,,,,,93719010,10052528,98011
P155439-11,93719011,93719,Non-WQM,Burn_C,SW,GP,SAMP,EFIRE,EX,EFIRE,2/26/2025 13:35,,,,0.14,,,,,,,,,,,,,,,,,,,,,,,,3/3/2025 22:42,3/3/2025 9:32,98011,Chlorophyll A,179,2.17,ug/L,+/- 0.148,,,0.027,,,,,93719011,10052540,98011
P155439-12,93719012,93719,Non-WQM,Untreated_C,SW,GP,SAMP,EFIRE,EX,EFIRE,2/26/2025 13:50,,,,0.11,,,,,,,,,,,,,,,,,,,,,,,,3/3/2025 22:52,3/3/2025 9:32,98011,Chlorophyll A,179,1.58,ug/L,+/- 0.109,,,0.027,,,,,93719012,10052552,98011
P155442-1,93722001,93722,Non-WQM,Untreated_A,SW,GP,SAMP,EFIRE,EX,EFIRE,4/11/2025 10:20,,,,0.09,,,,,,,,,,,,,,,,,,,,,,,,4/23/2025 11:41,4/21/2025 9:31,98011,Chlorophyll A,179,5.64,ug/L,+/- 0.379,,,0.032,,,,,93722001,10103918,98011
P155442-2,93722002,93722,Non-WQM,Herbicide_A,SW,GP,SAMP,EFIRE,EX,EFIRE,4/11/2025 10:48,,,,0.06,,,,,,,,,,,,,,,,,,,,,,,,4/23/2025 12:01,4/21/2025 9:31,98011,Chlorophyll A,179,7.11,ug/L,+/- 0.477,,,0.032,,,,,93722002,10103942,98011
P155442-3,93722003,93722,Non-WQM,Burn_Herb_A,SW,GP,SAMP,EFIRE,EX,EFIRE,4/11/2025 11:05,,,,0.09,,,,,,,,,,,,,,,,,,,,,,,,4/23/2025 12:11,4/21/2025 9:31,98011,Chlorophyll A,179,1.78,ug/L,+/- 0.123,,,0.032,,,,,93722003,10103954,98011
P155442-4,93722004,93722,Non-WQM,Burn_A,SW,GP,SAMP,EFIRE,EX,EFIRE,4/11/2025 11:25,,,,0.06,,,,,,,,,,,,,,,,,,,,,,,,4/23/2025 12:20,4/21/2025 9:31,98011,Chlorophyll A,179,2.31,ug/L,+/- 0.158,,,0.032,,,,,93722004,10103966,98011
P155442-5,93722005,93722,Non-WQM,Untreated_B,SW,GP,SAMP,EFIRE,EX,EFIRE,4/11/2025 11:50,,,,0.09,,,,,,,,,,,,,,,,,,,,,,,,4/23/2025 12:30,4/21/2025 9:31,98011,Chlorophyll A,179,0.698,ug/L,+/- 0.057,,,0.032,,,,,93722005,10103978,98011
P155442-6,93722006,93722,Non-WQM,Burn_B,SW,GP,SAMP,EFIRE,EX,EFIRE,4/11/2025 12:10,,,,0.1,,,,,,,,,,,,,,,,,,,,,,,,4/23/2025 12:40,4/21/2025 9:31,98011,Chlorophyll A,179,1.34,ug/L,+/- 0.095,,,0.032,,,,,93722006,10103990,98011
P155442-7,93722007,93722,Non-WQM,Burn_Herb_B,SW,GP,SAMP,EFIRE,EX,EFIRE,4/11/2025 12:25,,,,0.08,,,,,,,,,,,,,,,,,,,,,,,,4/23/2025 12:49,4/21/2025 9:31,98011,Chlorophyll A,179,2.22,ug/L,+/- 0.152,,,0.032,,,,,93722007,10104002,98011
P155442-8,93722008,93722,Non-WQM,Herbicide_B,SW,GP,SAMP,EFIRE,EX,EFIRE,4/11/2025 12:45,,,,0.08,,,,,,,,,,,,,,,,,,,,,,,,4/23/2025 12:59,4/21/2025 9:31,98011,Chlorophyll A,179,3.03,ug/L,+/- 0.206,,,0.032,,,,,93722008,10104014,98011
P155442-9,93722009,93722,Non-WQM,Herbicide_C,SW,GP,SAMP,EFIRE,EX,EFIRE,4/11/2025 13:00,,,,0.08,,,,,,,,,,,,,,,,,,,,,,,,4/23/2025 13:28,4/21/2025 9:31,98011,Chlorophyll A,179,1.66,ug/L,+/- 0.116,,,0.032,,,,,93722009,10104026,98011
P155442-10,93722010,93722,Non-WQM,Burn_Herb_C,SW,GP,SAMP,EFIRE,EX,EFIRE,4/11/2025 13:20,,,,0.11,,,,,,,,,,,,,,,,,,,,,,,,4/23/2025 13:38,4/21/2025 9:31,98011,Chlorophyll A,179,1.03,ug/L,+/- 0.076,,,0.032,,,,,93722010,10104038,98011
P155442-11,93722011,93722,Non-WQM,Burn_C,SW,GP,SAMP,EFIRE,EX,EFIRE,4/11/2025 13:35,,,,0.05,,,,,,,,,,,,,,,,,,,,,,,,4/23/2025 13:47,4/21/2025 9:31,98011,Chlorophyll A,179,1.52,ug/L,+/- 0.107,,,0.032,,,,,93722011,10104050,98011
P155442-12,93722012,93722,Non-WQM,Untreated_C,SW,GP,SAMP,EFIRE,EX,EFIRE,4/11/2025 13:55,,,,0.11,,,,,,,,,,,,,,,,,,,,,,,,4/23/2025 13:57,4/21/2025 9:31,98011,Chlorophyll A,179,5.08,ug/L,+/- 0.342,,,0.032,,,,,93722012,10104062,98011
P155441-13,93721013,93721,Non-WQM,Untreated_A,DI,GP,FCEB,EFIRE,EX,EFIRE,4/10/2025 15:50,,,,,,,,,,,,,,,,,,,,,,,,,,,,4/15/2025 0:56,4/14/2025 9:59,98011,Chlorophyll A,179,0.016,ug/L,+/- 0.016,U,,0.016,,,,,93721013,10103144,98011
P155440-13,93720013,93720,Non-WQM,Untreated_A,DI,GP,FCEB,EFIRE,EX,EFIRE,3/25/2025 10:07,,,,,,,,,,,,,,,,,,,,,,,,,,,,3/27/2025 21:00,3/27/2025 8:18,98011,Chlorophyll A,179,0.016,ug/L,+/- 0.016,U,,0.016,,"DI 8186 through peristaltic pump tubing to bucket to sample bottles. Tray Flyers, bucket Kracker, filter lot 18197628, SA lot 072328.",,,93720013,10084954,98011
P155742-13,93872013,93872,Non-WQM,Untreated_A,DI,GP,FCEB,EFIRE,EX,EFIRE,4/21/2025 10:10,,,,,,,,,,,,,,,,,,,,,,,,,,,,4/28/2025 19:44,4/28/2025 9:29,98011,Chlorophyll A,179,0.016,ug/L,+/- 0.016,U,,0.016,,"DI 8166 through peristaltic pump tubing to bucket to sample bottles. Bucket Scooter, Tray Sheba, filter 17866092, SA 072823.",,,93872013,10115615,98011
P155444-13,93724013,93724,Non-WQM,Untreated_A,DI,GP,FCEB,EFIRE,EX,EFIRE,1/28/2025 10:30,,,,,,,,,,,,,,,,,,,,,,,,,,,,2/6/2025 17:07,2/3/2025 8:46,98011,Chlorophyll A,179,0.016,ug/L,+/- 0.016,U,,0.016,,"DI 8174 through peristaltic pump tubing to bucket to sample bottles. Bucket Dexter, tray Wild Bill, SA lot 072823, filter lot 81724837.",,,93724013,10014000,98011
P155740-13,93870013,93870,Non-WQM,Untreated_A,DI,GP,FCEB,EFIRE,EX,EFIRE,4/14/2025 10:30,,,,,,,,,,,,,,,,,,,,,,,,,,,,4/23/2025 16:42,4/21/2025 10:02,98011,Chlorophyll A,179,0.016,ug/L,+/- 0.016,U,,0.016,,"DI 8216 through peristaltic pump to bucket. Tray Sheba, Bucket Scooter, filter 18278596, SA lot 072823.",,,93870013,10105866,98011
P155741-13,93871013,93871,Non-WQM,Untreated_A,DI,GP,FCEB,EFIRE,EX,EFIRE,4/16/2025 10:10,,,,,,,,,,,,,,,,,,,,,,,,,,,,4/24/2025 18:20,4/23/2025 8:31,98011,Chlorophyll A,179,0.016,ug/L,+/- 0.016,U,,0.016,,"DI 8213 through peristaltic pump tubing to bucket to sample bottles. Bucket Scooter, Tray ELC 11, SA 072823, filter 18181938.",,,93871013,10111019,98011
P155443-13,93723013,93723,Non-WQM,Untreated_A,DI,GP,FCEB,EFIRE,EX,EFIRE,12/17/2024 10:15,,,,,,,,,,,,,,,,,,,,,,,,,,,,12/19/2024 22:24,12/19/2024 9:01,98011,Chlorophyll A,179,0.016,ug/L,+/- 0.016,U,,0.016,,"DI 8075 through peristaltic pump tubing to bucket to sample bottles. Tray Orange, Bucket Dexter, Acid lot 072823, Filter lot 18197628.",,,93723013,9964216,98011
P154830-13,93426013,93426,Non-WQM,Untreated_A,DI,GP,FCEB,EFIRE,EX,EFIRE,11/19/2024 10:30,,,,,,,,,,,,,,,,,,,,,,,,,,,,11/22/2024 0:06,11/21/2024 9:53,98011,Chlorophyll A,179,0.016,ug/L,+/- 0.016,U,,0.016,,"DI 8103 through peristaltic pump tubing to bucket to sample bottles. H2SO4 lot 072823, filter lot 17879938. Bucket- Maggie, Tray- Flyers.",,,93426013,9928486,98011
P155439-13,93719013,93719,Non-WQM,Untreated_A,DI,GP,FCEB,EFIRE,EX,EFIRE,2/26/2025 10:20,,,,,,,,,,,,,,,,,,,,,,,,,,,,3/3/2025 23:02,3/3/2025 9:32,98011,Chlorophyll A,179,0.016,ug/L,+/- 0.016,U,,0.016,,"DI 8174 through peristaltic pump tubing to bucket to sample bottles. Tray 3, bucket Chimichanga, filter G8825136, SA 072823. Ash in the air from nearby burn.",,,93719013,10052420,98011
P155442-13,93722013,93722,Non-WQM,Untreated_A,DI,GP,FCEB,EFIRE,EX,EFIRE,4/11/2025 10:30,,,,,,,,,,,,,,,,,,,,,,,,,,,,4/23/2025 14:07,4/21/2025 9:31,98011,Chlorophyll A,179,0.016,ug/L,+/- 0.016,U,,0.016,,"DI 8229 through peristaltic pump to bucket to sample bottles. Tray Rocky, bucket Nantucket, SA 072823, filter 18278596.",,,93722013,10103930,98011
P155441-1,93721001,93721,Non-WQM,Untreated_A,SW,GP,SAMP,EFIRE,EX,EFIRE,4/10/2025 15:30,,,,0.08,,,,,,,,,,,,,,,,,,,,,,,,4/14/2025 22:31,4/14/2025 9:27,98010,Chlorophyll B,180,0.188,ug/L,UNK,,,0.02,,,,,93721001,10103012,98010
P155441-2,93721002,93721,Non-WQM,Herbicide_A,SW,GP,SAMP,EFIRE,EX,EFIRE,4/10/2025 16:00,,,,0.07,,,,,,,,,,,,,,,,,,,,,,,,4/14/2025 22:51,4/14/2025 9:59,98010,Chlorophyll B,180,0.315,ug/L,UNK,,,0.016,,,,,93721002,10103024,98010
P155441-3,93721003,93721,Non-WQM,Burn_Herb_A,SW,GP,SAMP,EFIRE,EX,EFIRE,4/10/2025 16:30,,,,0.11,,,,,,,,,,,,,,,,,,,,,,,,4/14/2025 23:00,4/14/2025 9:59,98010,Chlorophyll B,180,0.768,ug/L,UNK,,,0.04,,,,,93721003,10103036,98010
P155441-4,93721004,93721,Non-WQM,Burn_A,SW,GP,SAMP,EFIRE,EX,EFIRE,4/10/2025 17:15,,,,0.09,,,,,,,,,,,,,,,,,,,,,,,,4/14/2025 23:10,4/14/2025 9:59,98010,Chlorophyll B,180,1.52,ug/L,UNK,,,0.08,,,,,93721004,10103048,98010
P155441-6,93721006,93721,Non-WQM,Burn_B,SW,GP,SAMP,EFIRE,EX,EFIRE,4/10/2025 18:05,,,,0.14,,,,,,,,,,,,,,,,,,,,,,,,4/14/2025 23:49,4/14/2025 9:59,98010,Chlorophyll B,180,0.308,ug/L,UNK,,,0.04,,,,,93721006,10103060,98010
P155441-7,93721007,93721,Non-WQM,Burn_Herb_B,SW,GP,SAMP,EFIRE,EX,EFIRE,4/10/2025 18:10,,,,0.15,,,,,,,,,,,,,,,,,,,,,,,,4/14/2025 23:58,4/14/2025 9:59,98010,Chlorophyll B,180,1.94,ug/L,UNK,,,0.08,,,,,93721007,10103072,98010
P155441-8,93721008,93721,Non-WQM,Herbicide_B,SW,GP,SAMP,EFIRE,EX,EFIRE,4/10/2025 18:20,,,,0.11,,,,,,,,,,,,,,,,,,,,,,,,4/15/2025 0:08,4/14/2025 9:59,98010,Chlorophyll B,180,0.654,ug/L,UNK,,,0.016,,,,,93721008,10103084,98010
P155441-9,93721009,93721,Non-WQM,Herbicide_C,SW,GP,SAMP,EFIRE,EX,EFIRE,4/10/2025 18:25,,,,0.11,,,,,,,,,,,,,,,,,,,,,,,,4/15/2025 0:18,4/14/2025 9:59,98010,Chlorophyll B,180,1.06,ug/L,UNK,,,0.016,,,,,93721009,10103096,98010
P155441-10,93721010,93721,Non-WQM,Burn_Herb_C,SW,GP,SAMP,EFIRE,EX,EFIRE,4/10/2025 18:35,,,,0.15,,,,,,,,,,,,,,,,,,,,,,,,4/15/2025 0:27,4/14/2025 9:59,98010,Chlorophyll B,180,2.25,ug/L,UNK,,,0.08,,,,,93721010,10103108,98010
P155441-11,93721011,93721,Non-WQM,Burn_C,SW,GP,SAMP,EFIRE,EX,EFIRE,4/10/2025 18:40,,,,0.10,,,,,,,,,,,,,,,,,,,,,,,,4/15/2025 0:37,4/14/2025 9:59,98010,Chlorophyll B,180,0.562,ug/L,UNK,,,0.02,,,,,93721011,10103120,98010
P155441-12,93721012,93721,Non-WQM,Untreated_C,SW,GP,SAMP,EFIRE,EX,EFIRE,4/10/2025 18:45,,,,0.06,,,,,,,,,,,,,,,,,,,,,,,,4/15/2025 0:47,4/14/2025 9:59,98010,Chlorophyll B,180,0.805,ug/L,UNK,,,0.016,,,,,93721012,10103132,98010
P155441-5,93721005,93721,Non-WQM,Untreated_B,SW,GP,SAMP,EFIRE,EX,EFIRE,4/10/2025 17:50,,,,0.09,,,,,,,,,,,,,,,,,,,,,,,,4/14/2025 23:20,4/14/2025 9:59,98010,Chlorophyll B,180,0.114,ug/L,UNK,,,0.016,,,,,93721005,10103156,98010
P155440-1,93720001,93720,Non-WQM,Untreated_A,SW,GP,SAMP,EFIRE,EX,EFIRE,3/25/2025 9:45,,,,0.15,,,,,,,,,,,,,,,,,,,,,,,,3/27/2025 18:36,3/27/2025 7:46,98010,Chlorophyll B,180,0.165,ug/L,UNK,,,0.027,,,,,93720001,10084942,98010
P155440-2,93720002,93720,Non-WQM,Herbicide_A,SW,GP,SAMP,EFIRE,EX,EFIRE,3/25/2025 10:23,,,,0.11,,,,,,,,,,,,,,,,,,,,,,,,3/27/2025 18:55,3/27/2025 8:18,98010,Chlorophyll B,180,0.144,ug/L,UNK,,,0.027,,,,,93720002,10084966,98010
P155440-3,93720003,93720,Non-WQM,Burn_Herb_A,SW,GP,SAMP,EFIRE,EX,EFIRE,3/25/2025 10:43,,,,0.14,,,,,,,,,,,,,,,,,,,,,,,,3/27/2025 19:05,3/27/2025 8:18,98010,Chlorophyll B,180,0.027,ug/L,UNK,U,,0.027,,,,,93720003,10084978,98010
P155440-4,93720004,93720,Non-WQM,Burn_A,SW,GP,SAMP,EFIRE,EX,EFIRE,3/25/2025 11:11,,,,0.09,,,,,,,,,,,,,,,,,,,,,,,,3/27/2025 19:34,3/27/2025 8:18,98010,Chlorophyll B,180,0.091,ug/L,UNK,I,,0.027,,,,,93720004,10084990,98010
P155440-5,93720005,93720,Non-WQM,Untreated_B,SW,GP,SAMP,EFIRE,EX,EFIRE,3/25/2025 11:35,,,,0.11,,,,,,,,,,,,,,,,,,,,,,,,3/27/2025 19:43,3/27/2025 8:18,98010,Chlorophyll B,180,0.115,ug/L,UNK,,,0.027,,,,,93720005,10085002,98010
P155440-6,93720006,93720,Non-WQM,Burn_B,SW,GP,SAMP,EFIRE,EX,EFIRE,3/25/2025 11:51,,,,0.1,,,,,,,,,,,,,,,,,,,,,,,,3/27/2025 19:53,3/27/2025 8:18,98010,Chlorophyll B,180,0.176,ug/L,UNK,,,0.027,,,,,93720006,10085014,98010
P155440-7,93720007,93720,Non-WQM,Burn_Herb_B,SW,GP,SAMP,EFIRE,EX,EFIRE,3/25/2025 12:07,,,,0.16,,,,,,,,,,,,,,,,,,,,,,,,3/27/2025 20:03,3/27/2025 8:18,98010,Chlorophyll B,180,0.176,ug/L,UNK,,,0.027,,,,,93720007,10085026,98010
P155440-8,93720008,93720,Non-WQM,Herbicide_B,SW,GP,SAMP,EFIRE,EX,EFIRE,3/25/2025 12:22,,,,0.1,,,,,,,,,,,,,,,,,,,,,,,,3/27/2025 20:12,3/27/2025 8:18,98010,Chlorophyll B,180,0.176,ug/L,UNK,,,0.027,,,,,93720008,10085038,98010
P155440-9,93720009,93720,Non-WQM,Herbicide_C,SW,GP,SAMP,EFIRE,EX,EFIRE,3/25/2025 12:39,,,,0.12,,,,,,,,,,,,,,,,,,,,,,,,3/27/2025 20:22,3/27/2025 8:18,98010,Chlorophyll B,180,0.163,ug/L,UNK,,,0.027,,,,,93720009,10085050,98010
P155440-10,93720010,93720,Non-WQM,Burn_Herb_C,SW,GP,SAMP,EFIRE,EX,EFIRE,3/25/2025 12:54,,,,0.14,,,,,,,,,,,,,,,,,,,,,,,,3/27/2025 20:32,3/27/2025 8:18,98010,Chlorophyll B,180,0.109,ug/L,UNK,,,0.027,,,,,93720010,10085062,98010
P155440-11,93720011,93720,Non-WQM,Burn_C,SW,GP,SAMP,EFIRE,EX,EFIRE,3/25/2025 13:10,,,,0.08,,,,,,,,,,,,,,,,,,,,,,,,3/27/2025 20:41,3/27/2025 8:18,98010,Chlorophyll B,180,0.168,ug/L,UNK,,,0.027,,,,,93720011,10085074,98010
P155440-12,93720012,93720,Non-WQM,Untreated_C,SW,GP,SAMP,EFIRE,EX,EFIRE,3/25/2025 13:22,,,,0.1,,,,,,,,,,,,,,,,,,,,,,,,3/27/2025 20:51,3/27/2025 8:18,98010,Chlorophyll B,180,0.176,ug/L,UNK,,,0.027,,,,,93720012,10085086,98010
P155742-1,93872001,93872,Non-WQM,Untreated_A,SW,GP,SAMP,EFIRE,EX,EFIRE,4/21/2025 10:00,,,,0.05,,,,,,,,,,,,,,,,,,,,,,,,4/28/2025 17:19,4/28/2025 9:29,98010,Chlorophyll B,180,0.23,ug/L,UNK,,,0.032,,,,,93872001,10115603,98010
P155742-2,93872002,93872,Non-WQM,Herbicide_A,SW,GP,SAMP,EFIRE,EX,EFIRE,4/21/2025 10:20,,,,0.05,,,,,,,,,,,,,,,,,,,,,,,,4/28/2025 17:39,4/28/2025 9:29,98010,Chlorophyll B,180,0.669,ug/L,UNK,,,0.032,,,,,93872002,10115627,98010
P155742-3,93872003,93872,Non-WQM,Burn_Herb_A,SW,GP,SAMP,EFIRE,EX,EFIRE,4/21/2025 10:45,,,,0.06,,,,,,,,,,,,,,,,,,,,,,,,4/28/2025 17:48,4/28/2025 9:29,98010,Chlorophyll B,180,0.57,ug/L,UNK,,,0.032,,,,,93872003,10115639,98010
P155742-4,93872004,93872,Non-WQM,Burn_A,SW,GP,SAMP,EFIRE,EX,EFIRE,4/21/2025 11:30,,,,0.05,,,,,,,,,,,,,,,,,,,,,,,,4/28/2025 17:58,4/28/2025 9:29,98010,Chlorophyll B,180,0.682,ug/L,UNK,,,0.032,,,,,93872004,10115651,98010
P155742-5,93872005,93872,Non-WQM,Untreated_B,SW,GP,SAMP,EFIRE,EX,EFIRE,4/21/2025 11:55,,,,0.05,,,,,,,,,,,,,,,,,,,,,,,,4/28/2025 18:08,4/28/2025 9:29,98010,Chlorophyll B,180,0.349,ug/L,UNK,,,0.032,,,,,93872005,10115663,98010
P155742-6,93872006,93872,Non-WQM,Burn_B,SW,GP,SAMP,EFIRE,EX,EFIRE,4/21/2025 12:20,,,,0.05,,,,,,,,,,,,,,,,,,,,,,,,4/28/2025 18:17,4/28/2025 9:29,98010,Chlorophyll B,180,0.24,ug/L,UNK,,,0.032,,,,,93872006,10115675,98010
P155742-7,93872007,93872,Non-WQM,Burn_Herb_B,SW,GP,SAMP,EFIRE,EX,EFIRE,4/21/2025 12:35,,,,0.06,,,,,,,,,,,,,,,,,,,,,,,,4/28/2025 18:27,4/28/2025 9:29,98010,Chlorophyll B,180,0.56,ug/L,UNK,,,0.032,,,,,93872007,10115687,98010
P155742-8,93872008,93872,Non-WQM,Herbicide_B,SW,GP,SAMP,EFIRE,EX,EFIRE,4/21/2025 12:50,,,,0.05,,,,,,,,,,,,,,,,,,,,,,,,4/28/2025 18:37,4/28/2025 9:29,98010,Chlorophyll B,180,0.378,ug/L,UNK,,,0.032,,,,,93872008,10115699,98010
P155742-9,93872009,93872,Non-WQM,Herbicide_C,SW,GP,SAMP,EFIRE,EX,EFIRE,4/21/2025 13:05,,,,0.04,,,,,,,,,,,,,,,,,,,,,,,,4/28/2025 19:06,4/28/2025 9:29,98010,Chlorophyll B,180,0.454,ug/L,UNK,,,0.032,,,,,93872009,10115711,98010
P155742-10,93872010,93872,Non-WQM,Burn_Herb_C,SW,GP,SAMP,EFIRE,EX,EFIRE,4/21/2025 13:20,,,,0.08,,,,,,,,,,,,,,,,,,,,,,,,4/28/2025 19:15,4/28/2025 9:29,98010,Chlorophyll B,180,0.573,ug/L,UNK,,,0.032,,,,,93872010,10115723,98010
P155742-11,93872011,93872,Non-WQM,Burn_C,SW,GP,SAMP,EFIRE,EX,EFIRE,4/21/2025 13:35,,,,0.08,,,,,,,,,,,,,,,,,,,,,,,,4/28/2025 19:25,4/28/2025 9:29,98010,Chlorophyll B,180,0.55,ug/L,UNK,,,0.032,,,,,93872011,10115735,98010
P155742-12,93872012,93872,Non-WQM,Untreated_C,SW,GP,SAMP,EFIRE,EX,EFIRE,4/21/2025 13:45,,,,0.05,,,,,,,,,,,,,,,,,,,,,,,,4/28/2025 19:35,4/28/2025 9:29,98010,Chlorophyll B,180,1.06,ug/L,UNK,,,0.032,,,,,93872012,10115747,98010
P155444-1,93724001,93724,Non-WQM,Untreated_A,SW,GP,SAMP,EFIRE,EX,EFIRE,1/28/2025 10:15,,,,0.19,,,,,,,,,,,,,,,,,,,,,,,,2/6/2025 14:42,2/3/2025 8:12,98010,Chlorophyll B,180,0.04,ug/L,UNK,U,,0.04,,,,,93724001,10013988,98010
P155444-2,93724002,93724,Non-WQM,Herbicide_A,SW,GP,SAMP,EFIRE,EX,EFIRE,1/28/2025 10:50,,,,0.23,,,,,,,,,,,,,,,,,,,,,,,,2/6/2025 15:01,2/3/2025 8:12,98010,Chlorophyll B,180,0.04,ug/L,UNK,U,,0.04,,,,,93724002,10014012,98010
P155444-3,93724003,93724,Non-WQM,Burn_Herb_A,SW,GP,SAMP,EFIRE,EX,EFIRE,1/28/2025 11:11,,,,0.23,,,,,,,,,,,,,,,,,,,,,,,,2/6/2025 15:11,2/3/2025 8:12,98010,Chlorophyll B,180,0.04,ug/L,UNK,U,,0.04,,,,,93724003,10014024,98010
P155444-4,93724004,93724,Non-WQM,Burn_A,SW,GP,SAMP,EFIRE,EX,EFIRE,1/28/2025 11:35,,,,0.17,,,,,,,,,,,,,,,,,,,,,,,,2/6/2025 15:20,2/3/2025 8:12,98010,Chlorophyll B,180,0.04,ug/L,UNK,U,,0.04,,,,,93724004,10014036,98010
P155444-5,93724005,93724,Non-WQM,Untreated_B,SW,GP,SAMP,EFIRE,EX,EFIRE,1/28/2025 12:00,,,,0.16,,,,,,,,,,,,,,,,,,,,,,,,2/6/2025 15:30,2/3/2025 8:46,98010,Chlorophyll B,180,0.04,ug/L,UNK,U,,0.04,,Ash from nearby burn in the air,,,93724005,10014048,98010
P155444-6,93724006,93724,Non-WQM,Burn_B,SW,GP,SAMP,EFIRE,EX,EFIRE,1/28/2025 12:20,,,,0.12,,,,,,,,,,,,,,,,,,,,,,,,2/6/2025 15:40,2/3/2025 8:46,98010,Chlorophyll B,180,0.04,ug/L,UNK,U,,0.04,,,,,93724006,10014060,98010
P155444-7,93724007,93724,Non-WQM,Burn_Herb_B,SW,GP,SAMP,EFIRE,EX,EFIRE,1/28/2025 12:40,,,,0.11,,,,,,,,,,,,,,,,,,,,,,,,2/6/2025 15:49,2/3/2025 8:46,98010,Chlorophyll B,180,0.04,ug/L,UNK,U,,0.04,,,,,93724007,10014072,98010
P155444-8,93724008,93724,Non-WQM,Herbicide_B,SW,GP,SAMP,EFIRE,EX,EFIRE,1/28/2025 12:55,,,,0.09,,,,,,,,,,,,,,,,,,,,,,,,2/6/2025 16:18,2/3/2025 8:46,98010,Chlorophyll B,180,0.04,ug/L,UNK,U,,0.04,,,,,93724008,10014084,98010
P155444-9,93724009,93724,Non-WQM,Herbicide_C,SW,GP,SAMP,EFIRE,EX,EFIRE,1/28/2025 13:15,,,,0.14,,,,,,,,,,,,,,,,,,,,,,,,2/6/2025 16:28,2/3/2025 8:46,98010,Chlorophyll B,180,0.04,ug/L,UNK,U,,0.04,,,,,93724009,10014096,98010
P155444-10,93724010,93724,Non-WQM,Burn_Herb_C,SW,GP,SAMP,EFIRE,EX,EFIRE,1/28/2025 13:32,,,,0.14,,,,,,,,,,,,,,,,,,,,,,,,2/6/2025 16:38,2/3/2025 8:46,98010,Chlorophyll B,180,0.04,ug/L,UNK,U,,0.04,,,,,93724010,10014108,98010
P155444-11,93724011,93724,Non-WQM,Burn_C,SW,GP,SAMP,EFIRE,EX,EFIRE,1/28/2025 13:47,,,,0.12,,,,,,,,,,,,,,,,,,,,,,,,2/6/2025 16:47,2/3/2025 8:46,98010,Chlorophyll B,180,0.04,ug/L,UNK,U,,0.04,,,,,93724011,10014120,98010
P155444-12,93724012,93724,Non-WQM,Untreated_C,SW,GP,SAMP,EFIRE,EX,EFIRE,1/28/2025 14:05,,,,0.2,,,,,,,,,,,,,,,,,,,,,,,,2/6/2025 16:57,2/3/2025 8:46,98010,Chlorophyll B,180,0.136,ug/L,UNK,I,,0.04,,,,,93724012,10014132,98010
P155740-1,93870001,93870,Non-WQM,Untreated_A,SW,GP,SAMP,EFIRE,EX,EFIRE,4/14/2025 10:15,,,,0.09,,,,,,,,,,,,,,,,,,,,,,,,4/23/2025 14:16,4/21/2025 9:31,98010,Chlorophyll B,180,0.429,ug/L,UNK,,,0.032,,,,,93870001,10105854,98010
P155740-2,93870002,93870,Non-WQM,Herbicide_A,SW,GP,SAMP,EFIRE,EX,EFIRE,4/14/2025 10:40,,,,0.07,,,,,,,,,,,,,,,,,,,,,,,,4/23/2025 14:36,4/21/2025 10:02,98010,Chlorophyll B,180,1.07,ug/L,UNK,,,0.032,,,,,93870002,10105878,98010
P155740-3,93870003,93870,Non-WQM,Burn_Herb_A,SW,GP,SAMP,EFIRE,EX,EFIRE,4/14/2025 11:00,,,,0.1,,,,,,,,,,,,,,,,,,,,,,,,4/23/2025 14:45,4/21/2025 10:02,98010,Chlorophyll B,180,0.134,ug/L,UNK,,,0.032,,,,,93870003,10105890,98010
P155740-4,93870004,93870,Non-WQM,Burn_A,SW,GP,SAMP,EFIRE,EX,EFIRE,4/14/2025 11:15,,,,0.06,,,,,,,,,,,,,,,,,,,,,,,,4/23/2025 14:55,4/21/2025 10:02,98010,Chlorophyll B,180,0.205,ug/L,UNK,,,0.032,,,,,93870004,10105902,98010
P155740-5,93870005,93870,Non-WQM,Untreated_B,SW,GP,SAMP,EFIRE,EX,EFIRE,4/14/2025 11:30,,,,0.04,,,,,,,,,,,,,,,,,,,,,,,,4/23/2025 15:24,4/21/2025 10:02,98010,Chlorophyll B,180,0.17,ug/L,UNK,,,0.032,,,,,93870005,10105914,98010
P155740-6,93870006,93870,Non-WQM,Burn_B,SW,GP,SAMP,EFIRE,EX,EFIRE,4/14/2025 11:45,,,,0.1,,,,,,,,,,,,,,,,,,,,,,,,4/23/2025 15:34,4/21/2025 10:02,98010,Chlorophyll B,180,0.118,ug/L,UNK,I,,0.032,,,,,93870006,10105926,98010
P155740-7,93870007,93870,Non-WQM,Burn_Herb_B,SW,GP,SAMP,EFIRE,EX,EFIRE,4/14/2025 12:00,,,,0.11,,,,,,,,,,,,,,,,,,,,,,,,4/23/2025 15:43,4/21/2025 10:02,98010,Chlorophyll B,180,0.41,ug/L,UNK,,,0.032,,,,,93870007,10105938,98010
P155740-8,93870008,93870,Non-WQM,Herbicide_B,SW,GP,SAMP,EFIRE,EX,EFIRE,4/14/2025 12:15,,,,0.03,,,,,,,,,,,,,,,,,,,,,,,,4/23/2025 15:53,4/21/2025 10:02,98010,Chlorophyll B,180,0.464,ug/L,UNK,,,0.032,,,,,93870008,10105950,98010
P155740-9,93870009,93870,Non-WQM,Herbicide_C,SW,GP,SAMP,EFIRE,EX,EFIRE,4/14/2025 12:30,,,,0.07,,,,,,,,,,,,,,,,,,,,,,,,4/23/2025 16:03,4/21/2025 10:02,98010,Chlorophyll B,180,0.198,ug/L,UNK,,,0.032,,,,,93870009,10105962,98010
P155740-10,93870010,93870,Non-WQM,Burn_Herb_C,SW,GP,SAMP,EFIRE,EX,EFIRE,4/14/2025 12:45,,,,0.1,,,,,,,,,,,,,,,,,,,,,,,,4/23/2025 16:13,4/21/2025 10:02,98010,Chlorophyll B,180,0.234,ug/L,UNK,,,0.032,,,,,93870010,10105974,98010
P155740-11,93870011,93870,Non-WQM,Burn_C,SW,GP,SAMP,EFIRE,EX,EFIRE,4/14/2025 13:00,,,,0.09,,,,,,,,,,,,,,,,,,,,,,,,4/23/2025 16:22,4/21/2025 10:02,98010,Chlorophyll B,180,0.499,ug/L,UNK,,,0.032,,,,,93870011,10105986,98010
P155740-12,93870012,93870,Non-WQM,Untreated_C,SW,GP,SAMP,EFIRE,EX,EFIRE,4/14/2025 13:15,,,,0.08,,,,,,,,,,,,,,,,,,,,,,,,4/23/2025 16:32,4/21/2025 10:02,98010,Chlorophyll B,180,0.426,ug/L,UNK,,,0.032,,,,,93870012,10105998,98010
P155741-1,93871001,93871,Non-WQM,Untreated_A,SW,GP,SAMP,EFIRE,EX,EFIRE,4/16/2025 10:00,,,,0.04,,,,,,,,,,,,,,,,,,,,,,,,4/24/2025 15:36,4/23/2025 8:00,98010,Chlorophyll B,180,0.211,ug/L,UNK,,,0.032,,,,,93871001,10111007,98010
P155741-2,93871002,93871,Non-WQM,Herbicide_A,SW,GP,SAMP,EFIRE,EX,EFIRE,4/16/2025 10:30,,,,0.03,,,,,,,,,,,,,,,,,,,,,,,,4/24/2025 16:15,4/23/2025 8:00,98010,Chlorophyll B,180,0.746,ug/L,UNK,,,0.032,,,,,93871002,10111031,98010
P155741-3,93871003,93871,Non-WQM,Burn_Herb_A,SW,GP,SAMP,EFIRE,EX,EFIRE,4/16/2025 10:50,,,,0.07,,,,,,,,,,,,,,,,,,,,,,,,4/24/2025 16:24,4/23/2025 8:00,98010,Chlorophyll B,180,0.298,ug/L,UNK,,,0.032,,,,,93871003,10111043,98010
P155741-4,93871004,93871,Non-WQM,Burn_A,SW,GP,SAMP,EFIRE,EX,EFIRE,4/16/2025 11:10,,,,0.06,,,,,,,,,,,,,,,,,,,,,,,,4/24/2025 16:34,4/23/2025 8:00,98010,Chlorophyll B,180,0.63,ug/L,UNK,,,0.032,,,,,93871004,10111055,98010
P155741-5,93871005,93871,Non-WQM,Untreated_B,SW,GP,SAMP,EFIRE,EX,EFIRE,4/16/2025 11:25,,,,0.03,,,,,,,,,,,,,,,,,,,,,,,,4/24/2025 16:44,4/23/2025 8:00,98010,Chlorophyll B,180,0.154,ug/L,UNK,,,0.032,,,,,93871005,10111067,98010
P155741-6,93871006,93871,Non-WQM,Burn_B,SW,GP,SAMP,EFIRE,EX,EFIRE,4/16/2025 11:45,,,,0.08,,,,,,,,,,,,,,,,,,,,,,,,4/24/2025 16:54,4/23/2025 8:00,98010,Chlorophyll B,180,0.445,ug/L,UNK,,,0.032,,,,,93871006,10111079,98010
P155741-7,93871007,93871,Non-WQM,Burn_Herb_B,SW,GP,SAMP,EFIRE,EX,EFIRE,4/16/2025 12:00,,,,0.08,,,,,,,,,,,,,,,,,,,,,,,,4/24/2025 17:03,4/23/2025 8:00,98010,Chlorophyll B,180,0.73,ug/L,UNK,,,0.032,,,,,93871007,10111091,98010
P155741-8,93871008,93871,Non-WQM,Herbicide_B,SW,GP,SAMP,EFIRE,EX,EFIRE,4/16/2025 12:15,,,,0.02,,,,,,,,,,,,,,,,,,,,,,,,4/24/2025 17:13,4/23/2025 8:00,98010,Chlorophyll B,180,0.49,ug/L,UNK,,,0.032,,,,,93871008,10111103,98010
P155741-9,93871009,93871,Non-WQM,Herbicide_C,SW,GP,SAMP,EFIRE,EX,EFIRE,4/16/2025 12:40,,,,0.04,,,,,,,,,,,,,,,,,,,,,,,,4/24/2025 17:22,4/23/2025 8:31,98010,Chlorophyll B,180,0.134,ug/L,UNK,,,0.032,,,,,93871009,10111115,98010
P155741-10,93871010,93871,Non-WQM,Burn_Herb_C,SW,GP,SAMP,EFIRE,EX,EFIRE,4/16/2025 13:00,,,,0.07,,,,,,,,,,,,,,,,,,,,,,,,4/24/2025 17:32,4/23/2025 8:31,98010,Chlorophyll B,180,0.288,ug/L,UNK,,,0.032,,,,,93871010,10111127,98010
P155741-11,93871011,93871,Non-WQM,Burn_C,SW,GP,SAMP,EFIRE,EX,EFIRE,4/16/2025 13:20,,,,0.08,,,,,,,,,,,,,,,,,,,,,,,,4/24/2025 17:42,4/23/2025 8:31,98010,Chlorophyll B,180,0.688,ug/L,UNK,,,0.032,,,,,93871011,10111139,98010
P155741-12,93871012,93871,Non-WQM,Untreated_C,SW,GP,SAMP,EFIRE,EX,EFIRE,4/16/2025 13:35,,,,0.04,,,,,,,,,,,,,,,,,,,,,,,,4/24/2025 18:11,4/23/2025 8:31,98010,Chlorophyll B,180,0.749,ug/L,UNK,,,0.032,,,,,93871012,10111151,98010
P155443-1,93723001,93723,Non-WQM,Untreated_A,SW,GP,SAMP,EFIRE,EX,EFIRE,12/17/2024 10:00,,,,0.07,,,,,,,,,,,,,,,,,,,,,,,,12/19/2024 19:59,12/19/2024 8:30,98010,Chlorophyll B,180,0.435,ug/L,UNK,,,0.027,,,,,93723001,9964204,98010
P155443-2,93723002,93723,Non-WQM,Herbicide_A,SW,GP,SAMP,EFIRE,EX,EFIRE,12/17/2024 10:30,,,,0.1,,,,,,,,,,,,,,,,,,,,,,,,12/19/2024 20:18,12/19/2024 8:30,98010,Chlorophyll B,180,0.395,ug/L,UNK,,,0.027,,,,,93723002,9964228,98010
P155443-3,93723003,93723,Non-WQM,Burn_Herb_A,SW,GP,SAMP,EFIRE,EX,EFIRE,12/17/2024 11:10,,,,0.06,,,,,,,,,,,,,,,,,,,,,,,,12/19/2024 20:28,12/19/2024 8:30,98010,Chlorophyll B,180,0.195,ug/L,UNK,,,0.027,,,,,93723003,9964240,98010
P155443-4,93723004,93723,Non-WQM,Burn_A,SW,GP,SAMP,EFIRE,EX,EFIRE,12/17/2024 11:30,,,,0.05,,,,,,,,,,,,,,,,,,,,,,,,12/19/2024 20:38,12/19/2024 8:30,98010,Chlorophyll B,180,0.288,ug/L,UNK,,,0.027,,,,,93723004,9964252,98010
P155443-6,93723006,93723,Non-WQM,Burn_B,SW,GP,SAMP,EFIRE,EX,EFIRE,12/17/2024 11:50,,,,0.06,,,,,,,,,,,,,,,,,,,,,,,,12/19/2024 20:57,12/19/2024 9:01,98010,Chlorophyll B,180,0.224,ug/L,UNK,,,0.027,,,,,93723006,9964264,98010
P155443-5,93723005,93723,Non-WQM,Untreated_B,SW,GP,SAMP,EFIRE,EX,EFIRE,12/17/2024 12:10,,,,0.09,,,,,,,,,,,,,,,,,,,,,,,,12/19/2024 20:47,12/19/2024 9:01,98010,Chlorophyll B,180,0.205,ug/L,UNK,,,0.027,,,,,93723005,9964276,98010
P155443-7,93723007,93723,Non-WQM,Burn_Herb_B,SW,GP,SAMP,EFIRE,EX,EFIRE,12/17/2024 12:30,,,,0.08,,,,,,,,,,,,,,,,,,,,,,,,12/19/2024 21:07,12/19/2024 9:01,98010,Chlorophyll B,180,0.373,ug/L,UNK,,,0.027,,,,,93723007,9964288,98010
P155443-8,93723008,93723,Non-WQM,Herbicide_B,SW,GP,SAMP,EFIRE,EX,EFIRE,12/17/2024 12:45,,,,0.07,,,,,,,,,,,,,,,,,,,,,,,,12/19/2024 21:36,12/19/2024 9:01,98010,Chlorophyll B,180,0.307,ug/L,UNK,,,0.027,,,,,93723008,9964300,98010
P155443-9,93723009,93723,Non-WQM,Herbicide_C,SW,GP,SAMP,EFIRE,EX,EFIRE,12/17/2024 13:00,,,,0.07,,,,,,,,,,,,,,,,,,,,,,,,12/19/2024 21:45,12/19/2024 9:01,98010,Chlorophyll B,180,0.187,ug/L,UNK,,,0.027,,,,,93723009,9964312,98010
P155443-10,93723010,93723,Non-WQM,Burn_Herb_C,SW,GP,SAMP,EFIRE,EX,EFIRE,12/17/2024 13:20,,,,0.11,,,,,,,,,,,,,,,,,,,,,,,,12/19/2024 21:55,12/19/2024 9:01,98010,Chlorophyll B,180,0.331,ug/L,UNK,,,0.027,,,,,93723010,9964324,98010
P155443-11,93723011,93723,Non-WQM,Burn_C,SW,GP,SAMP,EFIRE,EX,EFIRE,12/17/2024 13:30,,,,0.1,,,,,,,,,,,,,,,,,,,,,,,,12/19/2024 22:05,12/19/2024 9:01,98010,Chlorophyll B,180,0.493,ug/L,UNK,,,0.027,,,,,93723011,9964336,98010
P155443-12,93723012,93723,Non-WQM,Untreated_C,SW,GP,SAMP,EFIRE,EX,EFIRE,12/17/2024 13:50,,,,0.1,,,,,,,,,,,,,,,,,,,,,,,,12/19/2024 22:14,12/19/2024 9:01,98010,Chlorophyll B,180,0.331,ug/L,UNK,,,0.027,,,,,93723012,9964348,98010
P154830-1,93426001,93426,Non-WQM,Untreated_A,SW,GP,SAMP,EFIRE,EX,EFIRE,11/19/2024 10:00,,,,0.15,,,,,,,,,,,,,,,,,,,,,,,,11/21/2024 21:41,11/21/2024 9:24,98010,Chlorophyll B,180,0.234,ug/L,UNK,,,0.02,,,,,93426001,9928474,98010
P154830-2,93426002,93426,Non-WQM,Herbicide_A,SW,GP,SAMP,EFIRE,EX,EFIRE,11/19/2024 11:00,,,,0.08,,,,,,,,,,,,,,,,,,,,,,,,11/21/2024 21:51,11/21/2024 9:24,98010,Chlorophyll B,180,0.333,ug/L,UNK,,,0.032,,,,,93426002,9928498,98010
P154830-3,93426003,93426,Non-WQM,Burn_Herb_A,SW,GP,SAMP,EFIRE,EX,EFIRE,11/19/2024 11:35,,,,0.06,,,,,,,,,,,,,,,,,,,,,,,,11/21/2024 22:01,11/21/2024 9:24,98010,Chlorophyll B,180,0.204,ug/L,UNK,,,0.04,,,,,93426003,9928510,98010
P154830-4,93426004,93426,Non-WQM,Burn_A,SW,GP,SAMP,EFIRE,EX,EFIRE,11/19/2024 12:20,,,,0.06,,,,,,,,,,,,,,,,,,,,,,,,11/21/2024 22:10,11/21/2024 9:24,98010,Chlorophyll B,180,0.232,ug/L,UNK,,,0.04,,,,,93426004,9928522,98010
P154830-5,93426005,93426,Non-WQM,Untreated_B,SW,GP,SAMP,EFIRE,EX,EFIRE,11/19/2024 12:50,,,,0.18,,,,,,,,,,,,,,,,,,,,,,,,11/21/2024 22:39,11/21/2024 9:24,98010,Chlorophyll B,180,0.392,ug/L,UNK,,,0.04,,,,,93426005,9928534,98010
P154830-6,93426006,93426,Non-WQM,Burn_B,SW,GP,SAMP,EFIRE,EX,EFIRE,11/19/2024 13:05,,,,0.15,,,,,,,,,,,,,,,,,,,,,,,,11/21/2024 22:49,11/21/2024 9:24,98010,Chlorophyll B,180,0.132,ug/L,UNK,I,,0.04,,,,,93426006,9928546,98010
P154830-7,93426007,93426,Non-WQM,Burn_Herb_B,SW,GP,SAMP,EFIRE,EX,EFIRE,11/19/2024 13:25,,,,0.18,,,,,,,,,,,,,,,,,,,,,,,,11/21/2024 22:59,11/21/2024 9:24,98010,Chlorophyll B,180,0.46,ug/L,UNK,,,0.04,,,,,93426007,9928558,98010
P154830-8,93426008,93426,Non-WQM,Herbicide_B,SW,GP,SAMP,EFIRE,EX,EFIRE,11/19/2024 13:30,,,,0.09,,,,,,,,,,,,,,,,,,,,,,,,11/21/2024 23:08,11/21/2024 9:24,98010,Chlorophyll B,180,0.348,ug/L,UNK,,,0.04,,,,,93426008,9928570,98010
P154830-9,93426009,93426,Non-WQM,Herbicide_C,SW,GP,SAMP,EFIRE,EX,EFIRE,11/19/2024 13:50,,,,0.1,,,,,,,,,,,,,,,,,,,,,,,,11/21/2024 23:18,11/21/2024 9:24,98010,Chlorophyll B,180,0.36,ug/L,UNK,,,0.04,,,,,93426009,9928582,98010
P154830-10,93426010,93426,Non-WQM,Burn_Herb_C,SW,GP,SAMP,EFIRE,EX,EFIRE,11/19/2024 14:04,,,,0.12,,,,,,,,,,,,,,,,,,,,,,,,11/21/2024 23:28,11/21/2024 9:53,98010,Chlorophyll B,180,0.04,ug/L,UNK,U,,0.04,,,,,93426010,9928594,98010
P154830-11,93426011,93426,Non-WQM,Burn_C,SW,GP,SAMP,EFIRE,EX,EFIRE,11/19/2024 14:20,,,,0.11,,,,,,,,,,,,,,,,,,,,,,,,11/21/2024 23:47,11/21/2024 9:53,98010,Chlorophyll B,180,0.284,ug/L,UNK,,,0.04,,,,,93426011,9928606,98010
P154830-12,93426012,93426,Non-WQM,Untreated_C,SW,GP,SAMP,EFIRE,EX,EFIRE,11/19/2024 14:30,,,,0.1,,,,,,,,,,,,,,,,,,,,,,,,11/21/2024 23:57,11/21/2024 9:53,98010,Chlorophyll B,180,0.208,ug/L,UNK,,,0.04,,,,,93426012,9928618,98010
P155439-1,93719001,93719,Non-WQM,Untreated_A,SW,GP,SAMP,EFIRE,EX,EFIRE,2/26/2025 10:05,,,,0.09,,,,,,,,,,,,,,,,,,,,,,,,3/3/2025 20:37,3/3/2025 9:02,98010,Chlorophyll B,180,0.144,ug/L,UNK,,,0.027,,Ash in the air from nearby burn.,,,93719001,10052408,98010
P155439-2,93719002,93719,Non-WQM,Herbicide_A,SW,GP,SAMP,EFIRE,EX,EFIRE,2/26/2025 10:38,,,,0.09,,,,,,,,,,,,,,,,,,,,,,,,3/3/2025 20:56,3/3/2025 9:02,98010,Chlorophyll B,180,0.216,ug/L,UNK,,,0.027,,,,,93719002,10052432,98010
P155439-3,93719003,93719,Non-WQM,Burn_Herb_A,SW,GP,SAMP,EFIRE,EX,EFIRE,2/26/2025 11:10,,,,0.07,,,,,,,,,,,,,,,,,,,,,,,,3/3/2025 21:06,3/3/2025 9:02,98010,Chlorophyll B,180,0.12,ug/L,UNK,,,0.027,,,,,93719003,10052444,98010
P155439-4,93719004,93719,Non-WQM,Burn_A,SW,GP,SAMP,EFIRE,EX,EFIRE,2/26/2025 11:33,,,,0.08,,,,,,,,,,,,,,,,,,,,,,,,3/3/2025 21:35,3/3/2025 9:02,98010,Chlorophyll B,180,0.072,ug/L,UNK,I,,0.027,,,,,93719004,10052456,98010
P155439-5,93719005,93719,Non-WQM,Untreated_B,SW,GP,SAMP,EFIRE,EX,EFIRE,2/26/2025 12:03,,,,0.06,,,,,,,,,,,,,,,,,,,,,,,,3/3/2025 21:44,3/3/2025 9:02,98010,Chlorophyll B,180,0.08,ug/L,UNK,I,,0.027,,,,,93719005,10052468,98010
P155439-6,93719006,93719,Non-WQM,Burn_B,SW,GP,SAMP,EFIRE,EX,EFIRE,2/26/2025 12:20,,,,0.11,,,,,,,,,,,,,,,,,,,,,,,,3/3/2025 21:54,3/3/2025 9:02,98010,Chlorophyll B,180,0.107,ug/L,UNK,,,0.027,,,,,93719006,10052480,98010
P155439-7,93719007,93719,Non-WQM,Burn_Herb_B,SW,GP,SAMP,EFIRE,EX,EFIRE,2/26/2025 12:35,,,,0.12,,,,,,,,,,,,,,,,,,,,,,,,3/3/2025 22:04,3/3/2025 9:02,98010,Chlorophyll B,180,0.139,ug/L,UNK,,,0.027,,,,,93719007,10052492,98010
P155439-8,93719008,93719,Non-WQM,Herbicide_B,SW,GP,SAMP,EFIRE,EX,EFIRE,2/26/2025 12:50,,,,0.1,,,,,,,,,,,,,,,,,,,,,,,,3/3/2025 22:13,3/3/2025 9:02,98010,Chlorophyll B,180,0.128,ug/L,UNK,,,0.027,,,,,93719008,10052504,98010
P155439-9,93719009,93719,Non-WQM,Herbicide_C,SW,GP,SAMP,EFIRE,EX,EFIRE,2/26/2025 13:06,,,,0.1,,,,,,,,,,,,,,,,,,,,,,,,3/3/2025 22:23,3/3/2025 9:32,98010,Chlorophyll B,180,0.085,ug/L,UNK,I,,0.027,,,,,93719009,10052516,98010
P155439-10,93719010,93719,Non-WQM,Burn_Herb_C,SW,GP,SAMP,EFIRE,EX,EFIRE,2/26/2025 13:21,,,,0.15,,,,,,,,,,,,,,,,,,,,,,,,3/3/2025 22:33,3/3/2025 9:32,98010,Chlorophyll B,180,0.128,ug/L,UNK,,,0.027,,,,,93719010,10052528,98010
P155439-11,93719011,93719,Non-WQM,Burn_C,SW,GP,SAMP,EFIRE,EX,EFIRE,2/26/2025 13:35,,,,0.14,,,,,,,,,,,,,,,,,,,,,,,,3/3/2025 22:42,3/3/2025 9:32,98010,Chlorophyll B,180,0.229,ug/L,UNK,,,0.027,,,,,93719011,10052540,98010
P155439-12,93719012,93719,Non-WQM,Untreated_C,SW,GP,SAMP,EFIRE,EX,EFIRE,2/26/2025 13:50,,,,0.11,,,,,,,,,,,,,,,,,,,,,,,,3/3/2025 22:52,3/3/2025 9:32,98010,Chlorophyll B,180,0.195,ug/L,UNK,,,0.027,,,,,93719012,10052552,98010
P155442-1,93722001,93722,Non-WQM,Untreated_A,SW,GP,SAMP,EFIRE,EX,EFIRE,4/11/2025 10:20,,,,0.09,,,,,,,,,,,,,,,,,,,,,,,,4/23/2025 11:41,4/21/2025 9:31,98010,Chlorophyll B,180,0.602,ug/L,UNK,,,0.032,,,,,93722001,10103918,98010
P155442-2,93722002,93722,Non-WQM,Herbicide_A,SW,GP,SAMP,EFIRE,EX,EFIRE,4/11/2025 10:48,,,,0.06,,,,,,,,,,,,,,,,,,,,,,,,4/23/2025 12:01,4/21/2025 9:31,98010,Chlorophyll B,180,0.874,ug/L,UNK,,,0.032,,,,,93722002,10103942,98010
P155442-3,93722003,93722,Non-WQM,Burn_Herb_A,SW,GP,SAMP,EFIRE,EX,EFIRE,4/11/2025 11:05,,,,0.09,,,,,,,,,,,,,,,,,,,,,,,,4/23/2025 12:11,4/21/2025 9:31,98010,Chlorophyll B,180,0.138,ug/L,UNK,,,0.032,,,,,93722003,10103954,98010
P155442-4,93722004,93722,Non-WQM,Burn_A,SW,GP,SAMP,EFIRE,EX,EFIRE,4/11/2025 11:25,,,,0.06,,,,,,,,,,,,,,,,,,,,,,,,4/23/2025 12:20,4/21/2025 9:31,98010,Chlorophyll B,180,0.33,ug/L,UNK,,,0.032,,,,,93722004,10103966,98010
P155442-5,93722005,93722,Non-WQM,Untreated_B,SW,GP,SAMP,EFIRE,EX,EFIRE,4/11/2025 11:50,,,,0.09,,,,,,,,,,,,,,,,,,,,,,,,4/23/2025 12:30,4/21/2025 9:31,98010,Chlorophyll B,180,0.032,ug/L,UNK,U,,0.032,,,,,93722005,10103978,98010
P155442-6,93722006,93722,Non-WQM,Burn_B,SW,GP,SAMP,EFIRE,EX,EFIRE,4/11/2025 12:10,,,,0.1,,,,,,,,,,,,,,,,,,,,,,,,4/23/2025 12:40,4/21/2025 9:31,98010,Chlorophyll B,180,0.166,ug/L,UNK,,,0.032,,,,,93722006,10103990,98010
P155442-7,93722007,93722,Non-WQM,Burn_Herb_B,SW,GP,SAMP,EFIRE,EX,EFIRE,4/11/2025 12:25,,,,0.08,,,,,,,,,,,,,,,,,,,,,,,,4/23/2025 12:49,4/21/2025 9:31,98010,Chlorophyll B,180,0.31,ug/L,UNK,,,0.032,,,,,93722007,10104002,98010
P155442-8,93722008,93722,Non-WQM,Herbicide_B,SW,GP,SAMP,EFIRE,EX,EFIRE,4/11/2025 12:45,,,,0.08,,,,,,,,,,,,,,,,,,,,,,,,4/23/2025 12:59,4/21/2025 9:31,98010,Chlorophyll B,180,0.198,ug/L,UNK,,,0.032,,,,,93722008,10104014,98010
P155442-9,93722009,93722,Non-WQM,Herbicide_C,SW,GP,SAMP,EFIRE,EX,EFIRE,4/11/2025 13:00,,,,0.08,,,,,,,,,,,,,,,,,,,,,,,,4/23/2025 13:28,4/21/2025 9:31,98010,Chlorophyll B,180,0.125,ug/L,UNK,I,,0.032,,,,,93722009,10104026,98010
P155442-10,93722010,93722,Non-WQM,Burn_Herb_C,SW,GP,SAMP,EFIRE,EX,EFIRE,4/11/2025 13:20,,,,0.11,,,,,,,,,,,,,,,,,,,,,,,,4/23/2025 13:38,4/21/2025 9:31,98010,Chlorophyll B,180,0.122,ug/L,UNK,I,,0.032,,,,,93722010,10104038,98010
P155442-11,93722011,93722,Non-WQM,Burn_C,SW,GP,SAMP,EFIRE,EX,EFIRE,4/11/2025 13:35,,,,0.05,,,,,,,,,,,,,,,,,,,,,,,,4/23/2025 13:47,4/21/2025 9:31,98010,Chlorophyll B,180,0.33,ug/L,UNK,,,0.032,,,,,93722011,10104050,98010
P155442-12,93722012,93722,Non-WQM,Untreated_C,SW,GP,SAMP,EFIRE,EX,EFIRE,4/11/2025 13:55,,,,0.11,,,,,,,,,,,,,,,,,,,,,,,,4/23/2025 13:57,4/21/2025 9:31,98010,Chlorophyll B,180,0.502,ug/L,UNK,,,0.032,,,,,93722012,10104062,98010
P155441-13,93721013,93721,Non-WQM,Untreated_A,DI,GP,FCEB,EFIRE,EX,EFIRE,4/10/2025 15:50,,,,,,,,,,,,,,,,,,,,,,,,,,,,4/15/2025 0:56,4/14/2025 9:59,98010,Chlorophyll B,180,0.016,ug/L,UNK,U,,0.016,,,,,93721013,10103144,98010
P155440-13,93720013,93720,Non-WQM,Untreated_A,DI,GP,FCEB,EFIRE,EX,EFIRE,3/25/2025 10:07,,,,,,,,,,,,,,,,,,,,,,,,,,,,3/27/2025 21:00,3/27/2025 8:18,98010,Chlorophyll B,180,0.016,ug/L,UNK,U,,0.016,,"DI 8186 through peristaltic pump tubing to bucket to sample bottles. Tray Flyers, bucket Kracker, filter lot 18197628, SA lot 072328.",,,93720013,10084954,98010
P155742-13,93872013,93872,Non-WQM,Untreated_A,DI,GP,FCEB,EFIRE,EX,EFIRE,4/21/2025 10:10,,,,,,,,,,,,,,,,,,,,,,,,,,,,4/28/2025 19:44,4/28/2025 9:29,98010,Chlorophyll B,180,0.016,ug/L,UNK,U,,0.016,,"DI 8166 through peristaltic pump tubing to bucket to sample bottles. Bucket Scooter, Tray Sheba, filter 17866092, SA 072823.",,,93872013,10115615,98010
P155444-13,93724013,93724,Non-WQM,Untreated_A,DI,GP,FCEB,EFIRE,EX,EFIRE,1/28/2025 10:30,,,,,,,,,,,,,,,,,,,,,,,,,,,,2/6/2025 17:07,2/3/2025 8:46,98010,Chlorophyll B,180,0.016,ug/L,UNK,U,,0.016,,"DI 8174 through peristaltic pump tubing to bucket to sample bottles. Bucket Dexter, tray Wild Bill, SA lot 072823, filter lot 81724837.",,,93724013,10014000,98010
P155740-13,93870013,93870,Non-WQM,Untreated_A,DI,GP,FCEB,EFIRE,EX,EFIRE,4/14/2025 10:30,,,,,,,,,,,,,,,,,,,,,,,,,,,,4/23/2025 16:42,4/21/2025 10:02,98010,Chlorophyll B,180,0.016,ug/L,UNK,U,,0.016,,"DI 8216 through peristaltic pump to bucket. Tray Sheba, Bucket Scooter, filter 18278596, SA lot 072823.",,,93870013,10105866,98010
P155741-13,93871013,93871,Non-WQM,Untreated_A,DI,GP,FCEB,EFIRE,EX,EFIRE,4/16/2025 10:10,,,,,,,,,,,,,,,,,,,,,,,,,,,,4/24/2025 18:20,4/23/2025 8:31,98010,Chlorophyll B,180,0.016,ug/L,UNK,U,,0.016,,"DI 8213 through peristaltic pump tubing to bucket to sample bottles. Bucket Scooter, Tray ELC 11, SA 072823, filter 18181938.",,,93871013,10111019,98010
P155443-13,93723013,93723,Non-WQM,Untreated_A,DI,GP,FCEB,EFIRE,EX,EFIRE,12/17/2024 10:15,,,,,,,,,,,,,,,,,,,,,,,,,,,,12/19/2024 22:24,12/19/2024 9:01,98010,Chlorophyll B,180,0.016,ug/L,UNK,U,,0.016,,"DI 8075 through peristaltic pump tubing to bucket to sample bottles. Tray Orange, Bucket Dexter, Acid lot 072823, Filter lot 18197628.",,,93723013,9964216,98010
P154830-13,93426013,93426,Non-WQM,Untreated_A,DI,GP,FCEB,EFIRE,EX,EFIRE,11/19/2024 10:30,,,,,,,,,,,,,,,,,,,,,,,,,,,,11/22/2024 0:06,11/21/2024 9:53,98010,Chlorophyll B,180,0.016,ug/L,UNK,U,,0.016,,"DI 8103 through peristaltic pump tubing to bucket to sample bottles. H2SO4 lot 072823, filter lot 17879938. Bucket- Maggie, Tray- Flyers.",,,93426013,9928486,98010
P155439-13,93719013,93719,Non-WQM,Untreated_A,DI,GP,FCEB,EFIRE,EX,EFIRE,2/26/2025 10:20,,,,,,,,,,,,,,,,,,,,,,,,,,,,3/3/2025 23:02,3/3/2025 9:32,98010,Chlorophyll B,180,0.016,ug/L,UNK,U,,0.016,,"DI 8174 through peristaltic pump tubing to bucket to sample bottles. Tray 3, bucket Chimichanga, filter G8825136, SA 072823. Ash in the air from nearby burn.",,,93719013,10052420,98010
P155442-13,93722013,93722,Non-WQM,Untreated_A,DI,GP,FCEB,EFIRE,EX,EFIRE,4/11/2025 10:30,,,,,,,,,,,,,,,,,,,,,,,,,,,,4/23/2025 14:07,4/21/2025 9:31,98010,Chlorophyll B,180,0.016,ug/L,UNK,U,,0.016,,"DI 8229 through peristaltic pump to bucket to sample bottles. Tray Rocky, bucket Nantucket, SA 072823, filter 18278596.",,,93722013,10103930,98010
P157646-2,94825002,94825,Non-WQM,Untreated_A,SO,COR,SAMP,EFIRE,EX,EFIRE,4/15/2025 10:05,,,,,,5,22,,,,17,,,,,,,,,,,,,,,,,5/22/2025 10:34,5/16/2025 0:00,00917,TCA-SOL,219,311838,mg/Kg,+/- 58626,,EPA 6010,243,,1189.6 g wet weight,,,94825002,10112268,00917
P157646-4,94825004,94825,Non-WQM,Untreated_A,SO,COR,SAMP,EFIRE,EX,EFIRE,4/15/2025 10:15,,,,,,5,19,,,,14,,,,,,,,,,,,,,,,,5/22/2025 10:39,5/16/2025 0:00,00917,TCA-SOL,219,329838,mg/Kg,+/- 62010,,EPA 6010,248,,1359.88g wet weight,,,94825004,10112284,00917
P157646-6,94825006,94825,Non-WQM,Untreated_A,SO,COR,SAMP,EFIRE,EX,EFIRE,4/15/2025 10:25,,,,,,4,16,,,,12,,,,,,,,,,,,,,,,,5/22/2025 10:46,5/16/2025 0:00,00917,TCA-SOL,219,321651,mg/Kg,+/- 60471,,EPA 6010,244,,727.88g wet weight,,,94825006,10112300,00917
P157646-8,94825008,94825,Non-WQM,Herbicide_A,SO,COR,SAMP,EFIRE,EX,EFIRE,4/15/2025 11:05,,,,,,5,20,,,,15,,,,,,,,,,,,,,,,,5/22/2025 10:55,5/16/2025 0:00,00917,TCA-SOL,219,317992,mg/Kg,+/- 59783,,EPA 6010,237,,1081.88g wet weight,,,94825008,10112316,00917
P157646-10,94825010,94825,Non-WQM,Herbicide_A,SO,COR,SAMP,EFIRE,EX,EFIRE,4/15/2025 11:15,,,,,,9,29,,,,20,,,,,,,,,,,,,,,,,5/22/2025 11:06,5/16/2025 0:00,00917,TCA-SOL,219,313559,mg/Kg,+/- 58950,,EPA 6010,249,,1512.88g wet weight,,,94825010,10112332,00917
P157646-12,94825012,94825,Non-WQM,Herbicide_A,SO,COR,SAMP,EFIRE,EX,EFIRE,4/15/2025 11:25,,,,,,8,26,,,,18,,,,,,,,,,,,,,,,,5/22/2025 11:10,5/16/2025 0:00,00917,TCA-SOL,219,319243,mg/Kg,+/- 60018,,EPA 6010,248,,1307.88g wet weight,,,94825012,10112348,00917
P157646-14,94825014,94825,Non-WQM,Burn_Herb_A,SO,COR,SAMP,EFIRE,EX,EFIRE,4/15/2025 12:05,,,,,,4,23,,,,19,,,,,,,,,,,,,,,,,5/22/2025 11:15,5/16/2025 0:00,00917,TCA-SOL,219,339214,mg/Kg,+/- 63773,,EPA 6010,248,,1372.88g wet weight,,,94825014,10112364,00917
P157646-16,94825016,94825,Non-WQM,Burn_Herb_A,SO,COR,SAMP,EFIRE,EX,EFIRE,4/15/2025 12:15,,,,,,5,25,,,,20,,,,,,,,,,,,,,,,,5/22/2025 11:19,5/16/2025 0:00,00917,TCA-SOL,219,339458,mg/Kg,+/- 63818,,EPA 6010,246,,1470.88g wet weight,,,94825016,10112380,00917
P157646-18,94825018,94825,Non-WQM,Burn_Herb_A,SO,COR,SAMP,EFIRE,EX,EFIRE,4/15/2025 12:25,,,,,,3,21,,,,18,,,,,,,,,,,,,,,,,5/22/2025 11:24,5/16/2025 0:00,00917,TCA-SOL,219,344524,mg/Kg,+/- 64771,,EPA 6010,238,,1373.88g wet weight. rehydrated due to leak in the core.,,,94825018,10112396,00917
P157646-20,94825020,94825,Non-WQM,Burn_A,SO,COR,SAMP,EFIRE,EX,EFIRE,4/15/2025 13:05,,,,,,5,16,,,,11,,,,,,,,,,,,,,,,,5/22/2025 11:53,5/16/2025 0:00,00917,TCA-SOL,219,313488,mg/Kg,+/- 58936,,EPA 6010,243,,876.88g wet weight,,,94825020,10153537,00917
P157646-22,94825022,94825,Non-WQM,Burn_A,SO,COR,SAMP,EFIRE,EX,EFIRE,4/15/2025 13:15,,,,,,4,23,,,,19,,,,,,,,,,,,,,,,,5/22/2025 12:14,5/16/2025 0:00,00917,TCA-SOL,219,313010,mg/Kg,+/- 58846,,EPA 6010,246,,1389.88g wet weight,,,94825022,10153543,00917
P157646-24,94825024,94825,Non-WQM,Burn_A,SO,COR,SAMP,EFIRE,EX,EFIRE,4/15/2025 13:20,,,,,,5,19,,,,14,,,,,,,,,,,,,,,,,5/22/2025 12:11,5/16/2025 0:00,00917,TCA-SOL,219,316350,mg/Kg,+/- 59474,,EPA 6010,239,,1020.88g wet weight,,,94825024,10153542,00917
P154832-2,93428002,93428,Non-WQM,Untreated_A,SO,COR,SAMP,EFIRE,EX,EFIRE,1/16/2025 9:20,,,,,,6,21,,,,15,,,,,,,,,,,,,,,,,3/6/2025 12:41,3/4/2025 0:00,00917,TCA-SOL,219,306303,mg/Kg,+/- 57585,,EPA 6010,242,,Wet weight 1186.8 g,,,93428002,9998274,00917
P154832-4,93428004,93428,Non-WQM,Untreated_A,SO,COR,SAMP,EFIRE,EX,EFIRE,1/16/2025 10:05,,,,,,8,21,,,,13,,,,,,,,,,,,,,,,,3/6/2025 12:44,3/4/2025 0:00,00917,TCA-SOL,219,319230,mg/Kg,+/- 60016,,EPA 6010,239,,Wet weight 871.0 g,,,93428004,9998290,00917
P154832-6,93428006,93428,Non-WQM,Untreated_A,SO,COR,SAMP,EFIRE,EX,EFIRE,1/16/2025 10:25,,,,,,13,24,,,,11,,,,,,,,,,,,,,,,,3/6/2025 12:47,3/4/2025 0:00,00917,TCA-SOL,219,328865,mg/Kg,+/- 61827,,EPA 6010,237,,Wet weight 873.8 g,,,93428006,9998306,00917
P154832-8,93428008,93428,Non-WQM,Herbicide_A,SO,COR,SAMP,EFIRE,EX,EFIRE,1/16/2025 10:40,,,,,,15,27,,,,12,,,,,,,,,,,,,,,,,3/6/2025 12:49,3/4/2025 0:00,00917,TCA-SOL,219,343146,mg/Kg,+/- 64512,,EPA 6010,239,,Wet weight 1003.5,,,93428008,9998322,00917
P154832-10,93428010,93428,Non-WQM,Herbicide_A,SO,COR,SAMP,EFIRE,EX,EFIRE,1/16/2025 10:55,,,,,,12,22,,,,10,,,,,,,,,,,,,,,,,3/6/2025 12:52,3/4/2025 0:00,00917,TCA-SOL,219,338514,mg/Kg,+/- 63641,,EPA 6010,246,,Wet weight 673.8 g,,,93428010,9998338,00917
P154832-12,93428012,93428,Non-WQM,Herbicide_A,SO,COR,SAMP,EFIRE,EX,EFIRE,1/16/2025 11:10,,,,,,8,18,,,,10,,,,,,,,,,,,,,,,,3/6/2025 12:57,3/4/2025 0:00,00917,TCA-SOL,219,325208,mg/Kg,+/- 61140,,EPA 6010,250,,Wet weight 778.1,,,93428012,9998354,00917
P154832-14,93428014,93428,Non-WQM,Burn_Herb_A,SO,COR,SAMP,EFIRE,EX,EFIRE,1/16/2025 11:30,,,,,,4,12,,,,8,,,,,,,,,,,,,,,,,3/6/2025 13:00,3/4/2025 0:00,00917,TCA-SOL,219,89866,mg/Kg,+/- 16895,,EPA 6010,121,,Wet weight 573.6,,,93428014,9998370,00917
P154832-16,93428016,93428,Non-WQM,Burn_Herb_A,SO,COR,SAMP,EFIRE,EX,EFIRE,1/16/2025 11:50,,,,,,7,17,,,,10,,,,,,,,,,,,,,,,,3/6/2025 13:02,3/4/2025 0:00,00917,TCA-SOL,219,89750,mg/Kg,+/- 16873,,EPA 6010,124,,Wet weight 631.1 g,,,93428016,9998386,00917
P154832-18,93428018,93428,Non-WQM,Burn_Herb_A,SO,COR,SAMP,EFIRE,EX,EFIRE,1/16/2025 12:05,,,,,,5,14,,,,9,,,,,,,,,,,,,,,,,3/6/2025 13:05,3/4/2025 0:00,00917,TCA-SOL,219,28531,mg/Kg,+/- 5365,,EPA 6010,125,,Wet weight 622.9,,,93428018,9998402,00917
P154832-20,93428020,93428,Non-WQM,Burn_A,SO,COR,SAMP,EFIRE,EX,EFIRE,1/16/2025 12:15,,,,,,7,15,,,,8,,,,,,,,,,,,,,,,,3/6/2025 13:07,3/4/2025 0:00,00917,TCA-SOL,219,54577,mg/Kg,+/- 10261,,EPA 6010,125,,Wet weight 477.8g,,,93428020,9998418,00917
P154832-22,93428022,93428,Non-WQM,Burn_A,SO,COR,SAMP,EFIRE,EX,EFIRE,1/16/2025 12:25,,,,,,6,17,,,,11,,,,,,,,,,,,,,,,,3/6/2025 13:18,3/4/2025 0:00,00917,TCA-SOL,219,45994,mg/Kg,+/- 8648,,EPA 6010,124,,Wet weight 717.8,,,93428022,9998434,00917
P154832-24,93428024,93428,Non-WQM,Burn_A,SO,COR,SAMP,EFIRE,EX,EFIRE,1/16/2025 12:35,,,,,,5,15,,,,10,,,,,,,,,,,,,,,,,3/6/2025 13:21,3/4/2025 0:00,00917,TCA-SOL,219,46220,mg/Kg,+/- 8690,,EPA 6010,124,,Wet weight 641.4 g,,,93428024,9998450,00917
P157646-1,94825001,94825,Non-WQM,Untreated_A,FLOC,COR,SAMP,EFIRE,EX,EFIRE,4/15/2025 10:00,,,,,,0,5,,,,5,,,,,,,,,,,,,,,,,5/22/2025 10:32,5/16/2025 0:00,00917,TCA-SOL,219,256689,mg/Kg,+/- 48258,,EPA 6010,125,,Wet Weight 329.6g,,,94825001,10112260,00917
P157646-3,94825003,94825,Non-WQM,Untreated_A,FLOC,COR,SAMP,EFIRE,EX,EFIRE,4/15/2025 10:10,,,,,,0,5,,,,5,,,,,,,,,,,,,,,,,5/22/2025 10:36,5/16/2025 0:00,00917,TCA-SOL,219,209632,mg/Kg,+/- 39411,,EPA 6010,124,,232.1g wet weight,,,94825003,10112276,00917
P157646-5,94825005,94825,Non-WQM,Untreated_A,FLOC,COR,SAMP,EFIRE,EX,EFIRE,4/15/2025 10:20,,,,,,0,4,,,,4,,,,,,,,,,,,,,,,,5/22/2025 10:43,5/16/2025 0:00,00917,TCA-SOL,219,210833,mg/Kg,+/- 39637,,EPA 6010,124,,248.5g wet weight,,,94825005,10112292,00917
P157646-7,94825007,94825,Non-WQM,Herbicide_A,FLOC,COR,SAMP,EFIRE,EX,EFIRE,4/15/2025 11:00,,,,,,0,5,,,,5,,,,,,,,,,,,,,,,,5/22/2025 10:48,5/16/2025 0:00,00917,TCA-SOL,219,143248,mg/Kg,+/- 26931,,EPA 6010,124,,321.6g wet weight,,,94825007,10112308,00917
P157646-9,94825009,94825,Non-WQM,Herbicide_A,FLOC,COR,SAMP,EFIRE,EX,EFIRE,4/15/2025 11:10,,,,,,0,9,,,,9,,,,,,,,,,,,,,,,,5/22/2025 10:57,5/16/2025 0:00,00917,TCA-SOL,219,194871,mg/Kg,+/- 36636,,EPA 6010,126,,567.1g wet weight,,,94825009,10112324,00917
P157646-11,94825011,94825,Non-WQM,Herbicide_A,FLOC,COR,SAMP,EFIRE,EX,EFIRE,4/15/2025 11:20,,,,,,0,8,,,,8,,,,,,,,,,,,,,,,,5/22/2025 11:08,5/16/2025 0:00,00917,TCA-SOL,219,179713,mg/Kg,+/- 33786,,EPA 6010,123,,537.8g wet weight,,,94825011,10112340,00917
P157646-13,94825013,94825,Non-WQM,Burn_Herb_A,FLOC,COR,SAMP,EFIRE,EX,EFIRE,4/15/2025 12:00,,,,,,0,4,,,,4,,,,,,,,,,,,,,,,,5/22/2025 11:13,5/16/2025 0:00,00917,TCA-SOL,219,211617,mg/Kg,+/- 39784,,EPA 6010,124,,256.5g wet weight,,,94825013,10112356,00917
P157646-15,94825015,94825,Non-WQM,Burn_Herb_A,FLOC,COR,SAMP,EFIRE,EX,EFIRE,4/15/2025 12:10,,,,,,0,5,,,,5,,,,,,,,,,,,,,,,,5/22/2025 11:17,5/16/2025 0:00,00917,TCA-SOL,219,207504,mg/Kg,+/- 39011,,EPA 6010,125,,264.4g wet weight,,,94825015,10112372,00917
P157646-17,94825017,94825,Non-WQM,Burn_Herb_A,FLOC,COR,SAMP,EFIRE,EX,EFIRE,4/15/2025 12:20,,,,,,0,3,,,,3,,,,,,,,,,,,,,,,,5/22/2025 11:22,5/16/2025 0:00,00917,TCA-SOL,219,266778,mg/Kg,+/- 50154,,EPA 6010,124,,214.3g wet weight. Sample was rehydrated due to a leak in the core.,,,94825017,10112388,00917
P157646-19,94825019,94825,Non-WQM,Burn_A,FLOC,COR,SAMP,EFIRE,EX,EFIRE,4/15/2025 13:00,,,,,,0,5,,,,5,,,,,,,,,,,,,,,,,5/22/2025 11:26,5/16/2025 0:00,00917,TCA-SOL,219,192790,mg/Kg,+/- 36245,,EPA 6010,122,,292.0g wet weight,,,94825019,10112404,00917
P157646-21,94825021,94825,Non-WQM,Burn_A,FLOC,COR,SAMP,EFIRE,EX,EFIRE,4/15/2025 13:10,,,,,,0,4,,,,4,,,,,,,,,,,,,,,,,5/22/2025 11:44,5/16/2025 0:00,00917,TCA-SOL,219,165360,mg/Kg,+/- 31088,,EPA 6010,125,,284.7g wet weight,,,94825021,10112420,00917
P157646-23,94825023,94825,Non-WQM,Burn_A,FLOC,COR,SAMP,EFIRE,EX,EFIRE,4/15/2025 13:15,,,,,,0,5,,,,5,,,,,,,,,,,,,,,,,5/22/2025 11:49,5/16/2025 0:00,00917,TCA-SOL,219,189641,mg/Kg,+/- 35653,,EPA 6010,124,,242.0g wet weight,,,94825023,10112436,00917
P154832-1,93428001,93428,Non-WQM,Untreated_A,FLOC,COR,SAMP,EFIRE,EX,EFIRE,1/16/2025 9:15,,,,,,0,6,,,,6,,,,,,,,,,,,,,,,,3/6/2025 12:39,3/4/2025 0:00,00917,TCA-SOL,219,160959,mg/Kg,+/- 30260,,EPA 6010,126,,Wet weight 222.2g,,,93428001,9998266,00917
P154832-3,93428003,93428,Non-WQM,Untreated_A,FLOC,COR,SAMP,EFIRE,EX,EFIRE,1/16/2025 10:00,,,,,,0,8,,,,8,,,,,,,,,,,,,,,,,3/6/2025 12:43,3/4/2025 0:00,00917,TCA-SOL,219,200038,mg/Kg,+/- 37607,,EPA 6010,124,,Wet weight 257.5 g,,,93428003,9998282,00917
P154832-5,93428005,93428,Non-WQM,Untreated_A,FLOC,COR,SAMP,EFIRE,EX,EFIRE,1/16/2025 10:20,,,,,,0,13,,,,13,,,,,,,,,,,,,,,,,3/6/2025 12:45,3/4/2025 0:00,00917,TCA-SOL,219,250052,mg/Kg,+/- 47010,,EPA 6010,124,,Wet weight 552.8 g,,,93428005,9998298,00917
P154832-7,93428007,93428,Non-WQM,Herbicide_A,FLOC,COR,SAMP,EFIRE,EX,EFIRE,1/16/2025 10:35,,,,,,0,15,,,,15,,,,,,,,,,,,,,,,,3/6/2025 12:48,3/4/2025 0:00,00917,TCA-SOL,219,270949,mg/Kg,+/- 50938,,EPA 6010,119,,Wet weight 499.2,,,93428007,9998314,00917
P154832-9,93428009,93428,Non-WQM,Herbicide_A,FLOC,COR,SAMP,EFIRE,EX,EFIRE,1/16/2025 10:50,,,,,,0,12,,,,12,,,,,,,,,,,,,,,,,3/6/2025 13:33,3/4/2025 0:00,00917,TCA-SOL,219,286977,mg/Kg,+/- 53952,,EPA 6010,248,,Wet weight 356.8,,,93428009,10064879,00917
P154832-11,93428011,93428,Non-WQM,Herbicide_A,FLOC,COR,SAMP,EFIRE,EX,EFIRE,1/16/2025 11:05,,,,,,0,8,,,,8,,,,,,,,,,,,,,,,,3/6/2025 12:56,3/4/2025 0:00,00917,TCA-SOL,219,221504,mg/Kg,+/- 41643,,EPA 6010,125,,Wet weight 473.3 g,,,93428011,9998346,00917
P154832-13,93428013,93428,Non-WQM,Burn_Herb_A,FLOC,COR,SAMP,EFIRE,EX,EFIRE,1/16/2025 11:25,,,,,,0,4,,,,4,,,,,,,,,,,,,,,,,3/6/2025 12:58,3/4/2025 0:00,00917,TCA-SOL,219,39140,mg/Kg,+/- 7359,,EPA 6010,124,,Wet weight 180.4 g,,,93428013,9998362,00917
P154832-15,93428015,93428,Non-WQM,Burn_Herb_A,FLOC,COR,SAMP,EFIRE,EX,EFIRE,1/16/2025 11:45,,,,,,0,7,,,,7,,,,,,,,,,,,,,,,,3/6/2025 13:01,3/4/2025 0:00,00917,TCA-SOL,219,23555,mg/Kg,+/- 4430,,EPA 6010,124,,Wet weight 314.1 g,,,93428015,9998378,00917
P154832-17,93428017,93428,Non-WQM,Burn_Herb_A,FLOC,COR,SAMP,EFIRE,EX,EFIRE,1/16/2025 12:00,,,,,,0,5,,,,5,,,,,,,,,,,,,,,,,3/6/2025 13:04,3/4/2025 0:00,00917,TCA-SOL,219,22839,mg/Kg,+/- 4296,,EPA 6010,124,,Wet weight 222.8,,,93428017,9998394,00917
P154832-19,93428019,93428,Non-WQM,Burn_A,FLOC,COR,SAMP,EFIRE,EX,EFIRE,1/16/2025 12:10,,,,,,0,7,,,,7,,,,,,,,,,,,,,,,,3/6/2025 13:06,3/4/2025 0:00,00917,TCA-SOL,219,50036,mg/Kg,+/- 9408,,EPA 6010,124,,Wet weight 270.0 g,,,93428019,9998410,00917
P154832-21,93428021,93428,Non-WQM,Burn_A,FLOC,COR,SAMP,EFIRE,EX,EFIRE,1/16/2025 12:20,,,,,,0,6,,,,6,,,,,,,,,,,,,,,,,3/6/2025 13:16,3/4/2025 0:00,00917,TCA-SOL,219,36057,mg/Kg,+/- 6780,,EPA 6010,125,,Wet weight 185.8 g,,,93428021,9998426,00917
P154832-23,93428023,93428,Non-WQM,Burn_A,FLOC,COR,SAMP,EFIRE,EX,EFIRE,1/16/2025 12:30,,,,,,0,5,,,,5,,,,,,,,,,,,,,,,,3/6/2025 13:20,3/4/2025 0:00,00917,TCA-SOL,219,60789,mg/Kg,+/- 11429,,EPA 6010,123,,Wet weight 238.9,,,93428023,9998442,00917
P155441-1,93721001,93721,Non-WQM,Untreated_A,SW,GP,SAMP,EFIRE,EX,EFIRE,4/10/2025 15:30,,,,0.08,,,,,,,,,,,,,,,,,,,,,,,,4/15/2025 21:14,4/15/2025 21:14,00681,DOC,89,18.1,mg/L,+/- 1.5,,SM5310B,0.8,,,,,93721001,10103013,00681
P155441-2,93721002,93721,Non-WQM,Herbicide_A,SW,GP,SAMP,EFIRE,EX,EFIRE,4/10/2025 16:00,,,,0.07,,,,,,,,,,,,,,,,,,,,,,,,4/15/2025 21:52,4/15/2025 21:52,00681,DOC,89,19.3,mg/L,+/- 1.6,,SM5310B,0.8,,,,,93721002,10103025,00681
P155441-3,93721003,93721,Non-WQM,Burn_Herb_A,SW,GP,SAMP,EFIRE,EX,EFIRE,4/10/2025 16:30,,,,0.11,,,,,,,,,,,,,,,,,,,,,,,,4/15/2025 22:11,4/15/2025 22:11,00681,DOC,89,20.1,mg/L,+/- 1.7,,SM5310B,0.8,,,,,93721003,10103037,00681
P155441-4,93721004,93721,Non-WQM,Burn_A,SW,GP,SAMP,EFIRE,EX,EFIRE,4/10/2025 17:15,,,,0.09,,,,,,,,,,,,,,,,,,,,,,,,4/15/2025 22:29,4/15/2025 22:29,00681,DOC,89,20.5,mg/L,+/- 1.7,,SM5310B,0.8,,,,,93721004,10103049,00681
P155441-6,93721006,93721,Non-WQM,Burn_B,SW,GP,SAMP,EFIRE,EX,EFIRE,4/10/2025 18:05,,,,0.14,,,,,,,,,,,,,,,,,,,,,,,,4/15/2025 23:07,4/15/2025 23:07,00681,DOC,89,19.1,mg/L,+/- 1.6,,SM5310B,0.8,,,,,93721006,10103061,00681
P155441-7,93721007,93721,Non-WQM,Burn_Herb_B,SW,GP,SAMP,EFIRE,EX,EFIRE,4/10/2025 18:10,,,,0.15,,,,,,,,,,,,,,,,,,,,,,,,4/15/2025 23:26,4/15/2025 23:26,00681,DOC,89,21.8,mg/L,+/- 1.8,,SM5310B,0.8,,,,,93721007,10103073,00681
P155441-8,93721008,93721,Non-WQM,Herbicide_B,SW,GP,SAMP,EFIRE,EX,EFIRE,4/10/2025 18:20,,,,0.11,,,,,,,,,,,,,,,,,,,,,,,,4/15/2025 23:44,4/15/2025 23:44,00681,DOC,89,18.8,mg/L,+/- 1.6,,SM5310B,0.8,,,,,93721008,10103085,00681
P155441-9,93721009,93721,Non-WQM,Herbicide_C,SW,GP,SAMP,EFIRE,EX,EFIRE,4/10/2025 18:25,,,,0.11,,,,,,,,,,,,,,,,,,,,,,,,4/16/2025 0:03,4/16/2025 0:03,00681,DOC,89,18.1,mg/L,+/- 1.5,,SM5310B,0.8,,,,,93721009,10103097,00681
P155441-10,93721010,93721,Non-WQM,Burn_Herb_C,SW,GP,SAMP,EFIRE,EX,EFIRE,4/10/2025 18:35,,,,0.15,,,,,,,,,,,,,,,,,,,,,,,,4/16/2025 0:26,4/16/2025 0:26,00681,DOC,89,19.6,mg/L,+/- 1.6,,SM5310B,0.8,,,,,93721010,10103109,00681
P155441-11,93721011,93721,Non-WQM,Burn_C,SW,GP,SAMP,EFIRE,EX,EFIRE,4/10/2025 18:40,,,,0.10,,,,,,,,,,,,,,,,,,,,,,,,4/16/2025 1:25,4/16/2025 1:25,00681,DOC,89,19.6,mg/L,+/- 1.6,,SM5310B,0.8,,,,,93721011,10103121,00681
P155441-12,93721012,93721,Non-WQM,Untreated_C,SW,GP,SAMP,EFIRE,EX,EFIRE,4/10/2025 18:45,,,,0.06,,,,,,,,,,,,,,,,,,,,,,,,4/16/2025 1:44,4/16/2025 1:44,00681,DOC,89,18.9,mg/L,+/- 1.6,,SM5310B,0.8,,,,,93721012,10103133,00681
P155441-5,93721005,93721,Non-WQM,Untreated_B,SW,GP,SAMP,EFIRE,EX,EFIRE,4/10/2025 17:50,,,,0.09,,,,,,,,,,,,,,,,,,,,,,,,4/15/2025 22:48,4/15/2025 22:48,00681,DOC,89,18.5,mg/L,+/- 1.6,,SM5310B,0.8,,,,,93721005,10103157,00681
P155440-1,93720001,93720,Non-WQM,Untreated_A,SW,GP,SAMP,EFIRE,EX,EFIRE,3/25/2025 9:45,,,,0.15,,,,,,,,,,,,,,,,,,,,,,,,4/9/2025 17:44,4/9/2025 17:44,00681,DOC,89,18.1,mg/L,+/- 1.5,,SM5310B,0.8,,,,,93720001,10084943,00681
P155440-2,93720002,93720,Non-WQM,Herbicide_A,SW,GP,SAMP,EFIRE,EX,EFIRE,3/25/2025 10:23,,,,0.11,,,,,,,,,,,,,,,,,,,,,,,,4/9/2025 18:02,4/9/2025 18:02,00681,DOC,89,18.4,mg/L,+/- 1.6,,SM5310B,0.8,,,,,93720002,10084967,00681
P155440-3,93720003,93720,Non-WQM,Burn_Herb_A,SW,GP,SAMP,EFIRE,EX,EFIRE,3/25/2025 10:43,,,,0.14,,,,,,,,,,,,,,,,,,,,,,,,4/8/2025 21:07,4/8/2025 21:07,00681,DOC,89,17,mg/L,+/- 1.5,,SM5310B,0.8,,,,,93720003,10084979,00681
P155440-4,93720004,93720,Non-WQM,Burn_A,SW,GP,SAMP,EFIRE,EX,EFIRE,3/25/2025 11:11,,,,0.09,,,,,,,,,,,,,,,,,,,,,,,,4/8/2025 21:26,4/8/2025 21:26,00681,DOC,89,17.4,mg/L,+/- 1.5,,SM5310B,0.8,,,,,93720004,10084991,00681
P155440-5,93720005,93720,Non-WQM,Untreated_B,SW,GP,SAMP,EFIRE,EX,EFIRE,3/25/2025 11:35,,,,0.11,,,,,,,,,,,,,,,,,,,,,,,,4/8/2025 22:22,4/8/2025 22:22,00681,DOC,89,17.2,mg/L,+/- 1.5,,SM5310B,0.8,,,,,93720005,10085003,00681
P155440-6,93720006,93720,Non-WQM,Burn_B,SW,GP,SAMP,EFIRE,EX,EFIRE,3/25/2025 11:51,,,,0.1,,,,,,,,,,,,,,,,,,,,,,,,4/8/2025 22:40,4/8/2025 22:40,00681,DOC,89,17.6,mg/L,+/- 1.5,,SM5310B,0.8,,,,,93720006,10085015,00681
P155440-7,93720007,93720,Non-WQM,Burn_Herb_B,SW,GP,SAMP,EFIRE,EX,EFIRE,3/25/2025 12:07,,,,0.16,,,,,,,,,,,,,,,,,,,,,,,,4/8/2025 22:59,4/8/2025 22:59,00681,DOC,89,17.6,mg/L,+/- 1.5,,SM5310B,0.8,,,,,93720007,10085027,00681
P155440-8,93720008,93720,Non-WQM,Herbicide_B,SW,GP,SAMP,EFIRE,EX,EFIRE,3/25/2025 12:22,,,,0.1,,,,,,,,,,,,,,,,,,,,,,,,4/8/2025 23:18,4/8/2025 23:18,00681,DOC,89,17.5,mg/L,+/- 1.5,,SM5310B,0.8,,,,,93720008,10085039,00681
P155440-9,93720009,93720,Non-WQM,Herbicide_C,SW,GP,SAMP,EFIRE,EX,EFIRE,3/25/2025 12:39,,,,0.12,,,,,,,,,,,,,,,,,,,,,,,,4/8/2025 23:37,4/8/2025 23:37,00681,DOC,89,17.5,mg/L,+/- 1.5,,SM5310B,0.8,,,,,93720009,10085051,00681
P155440-10,93720010,93720,Non-WQM,Burn_Herb_C,SW,GP,SAMP,EFIRE,EX,EFIRE,3/25/2025 12:54,,,,0.14,,,,,,,,,,,,,,,,,,,,,,,,4/8/2025 23:55,4/8/2025 23:55,00681,DOC,89,18.7,mg/L,+/- 1.6,,SM5310B,0.8,,,,,93720010,10085063,00681
P155440-11,93720011,93720,Non-WQM,Burn_C,SW,GP,SAMP,EFIRE,EX,EFIRE,3/25/2025 13:10,,,,0.08,,,,,,,,,,,,,,,,,,,,,,,,4/9/2025 0:14,4/9/2025 0:14,00681,DOC,89,17.9,mg/L,+/- 1.5,,SM5310B,0.8,,,,,93720011,10085075,00681
P155440-12,93720012,93720,Non-WQM,Untreated_C,SW,GP,SAMP,EFIRE,EX,EFIRE,3/25/2025 13:22,,,,0.1,,,,,,,,,,,,,,,,,,,,,,,,4/9/2025 0:33,4/9/2025 0:33,00681,DOC,89,17.8,mg/L,+/- 1.5,,SM5310B,0.8,,,,,93720012,10085087,00681
P155742-1,93872001,93872,Non-WQM,Untreated_A,SW,GP,SAMP,EFIRE,EX,EFIRE,4/21/2025 10:00,,,,0.05,,,,,,,,,,,,,,,,,,,,,,,,4/29/2025 10:00,4/29/2025 10:00,00681,DOC,89,19.3,mg/L,+/- 1.6,,SM5310B,0.8,,,,,93872001,10115604,00681
P155742-2,93872002,93872,Non-WQM,Herbicide_A,SW,GP,SAMP,EFIRE,EX,EFIRE,4/21/2025 10:20,,,,0.05,,,,,,,,,,,,,,,,,,,,,,,,4/29/2025 10:19,4/29/2025 10:19,00681,DOC,89,25.2,mg/L,+/- 2.0,,SM5310B,0.8,,,,,93872002,10115628,00681
P155742-3,93872003,93872,Non-WQM,Burn_Herb_A,SW,GP,SAMP,EFIRE,EX,EFIRE,4/21/2025 10:45,,,,0.06,,,,,,,,,,,,,,,,,,,,,,,,4/29/2025 10:38,4/29/2025 10:38,00681,DOC,89,25.3,mg/L,+/- 2.0,,SM5310B,0.8,,,,,93872003,10115640,00681
P155742-4,93872004,93872,Non-WQM,Burn_A,SW,GP,SAMP,EFIRE,EX,EFIRE,4/21/2025 11:30,,,,0.05,,,,,,,,,,,,,,,,,,,,,,,,4/29/2025 10:57,4/29/2025 10:57,00681,DOC,89,25.7,mg/L,+/- 2.0,,SM5310B,0.8,,,,,93872004,10115652,00681
P155742-5,93872005,93872,Non-WQM,Untreated_B,SW,GP,SAMP,EFIRE,EX,EFIRE,4/21/2025 11:55,,,,0.05,,,,,,,,,,,,,,,,,,,,,,,,4/29/2025 11:16,4/29/2025 11:16,00681,DOC,89,22.8,mg/L,+/- 1.8,,SM5310B,0.8,,,,,93872005,10115664,00681
P155742-6,93872006,93872,Non-WQM,Burn_B,SW,GP,SAMP,EFIRE,EX,EFIRE,4/21/2025 12:20,,,,0.05,,,,,,,,,,,,,,,,,,,,,,,,4/29/2025 12:12,4/29/2025 12:12,00681,DOC,89,24.7,mg/L,+/- 2.0,,SM5310B,0.8,,,,,93872006,10115676,00681
P155742-7,93872007,93872,Non-WQM,Burn_Herb_B,SW,GP,SAMP,EFIRE,EX,EFIRE,4/21/2025 12:35,,,,0.06,,,,,,,,,,,,,,,,,,,,,,,,4/29/2025 12:31,4/29/2025 12:31,00681,DOC,89,29.8,mg/L,+/- 2.3,,SM5310B,0.8,,,,,93872007,10115688,00681
P155742-8,93872008,93872,Non-WQM,Herbicide_B,SW,GP,SAMP,EFIRE,EX,EFIRE,4/21/2025 12:50,,,,0.05,,,,,,,,,,,,,,,,,,,,,,,,4/29/2025 12:50,4/29/2025 12:50,00681,DOC,89,20.9,mg/L,+/- 1.7,,SM5310B,0.8,,,,,93872008,10115700,00681
P155742-9,93872009,93872,Non-WQM,Herbicide_C,SW,GP,SAMP,EFIRE,EX,EFIRE,4/21/2025 13:05,,,,0.04,,,,,,,,,,,,,,,,,,,,,,,,4/29/2025 13:08,4/29/2025 13:08,00681,DOC,89,24.9,mg/L,+/- 2.0,,SM5310B,0.8,,,,,93872009,10115712,00681
P155742-10,93872010,93872,Non-WQM,Burn_Herb_C,SW,GP,SAMP,EFIRE,EX,EFIRE,4/21/2025 13:20,,,,0.08,,,,,,,,,,,,,,,,,,,,,,,,4/29/2025 13:27,4/29/2025 13:27,00681,DOC,89,24.1,mg/L,+/- 1.9,,SM5310B,0.8,,,,,93872010,10115724,00681
P155742-11,93872011,93872,Non-WQM,Burn_C,SW,GP,SAMP,EFIRE,EX,EFIRE,4/21/2025 13:35,,,,0.08,,,,,,,,,,,,,,,,,,,,,,,,4/29/2025 13:46,4/29/2025 13:46,00681,DOC,89,23.6,mg/L,+/- 1.9,,SM5310B,0.8,,,,,93872011,10115736,00681
P155742-12,93872012,93872,Non-WQM,Untreated_C,SW,GP,SAMP,EFIRE,EX,EFIRE,4/21/2025 13:45,,,,0.05,,,,,,,,,,,,,,,,,,,,,,,,4/29/2025 14:06,4/29/2025 14:06,00681,DOC,89,27.2,mg/L,+/- 2.1,,SM5310B,0.8,,,,,93872012,10115748,00681
P155740-1,93870001,93870,Non-WQM,Untreated_A,SW,GP,SAMP,EFIRE,EX,EFIRE,4/14/2025 10:15,,,,0.09,,,,,,,,,,,,,,,,,,,,,,,,4/28/2025 16:49,4/28/2025 16:49,00681,DOC,89,19.1,mg/L,+/- 1.6,,SM5310B,0.8,,,,,93870001,10105855,00681
P155740-2,93870002,93870,Non-WQM,Herbicide_A,SW,GP,SAMP,EFIRE,EX,EFIRE,4/14/2025 10:40,,,,0.07,,,,,,,,,,,,,,,,,,,,,,,,4/28/2025 17:08,4/28/2025 17:08,00681,DOC,89,22.1,mg/L,+/- 1.8,,SM5310B,0.8,,,,,93870002,10105879,00681
P155740-3,93870003,93870,Non-WQM,Burn_Herb_A,SW,GP,SAMP,EFIRE,EX,EFIRE,4/14/2025 11:00,,,,0.1,,,,,,,,,,,,,,,,,,,,,,,,4/28/2025 17:27,4/28/2025 17:27,00681,DOC,89,20.6,mg/L,+/- 1.7,,SM5310B,0.8,,,,,93870003,10105891,00681
P155740-4,93870004,93870,Non-WQM,Burn_A,SW,GP,SAMP,EFIRE,EX,EFIRE,4/14/2025 11:15,,,,0.06,,,,,,,,,,,,,,,,,,,,,,,,4/28/2025 17:46,4/28/2025 17:46,00681,DOC,89,20.1,mg/L,+/- 1.7,,SM5310B,0.8,,,,,93870004,10105903,00681
P155740-5,93870005,93870,Non-WQM,Untreated_B,SW,GP,SAMP,EFIRE,EX,EFIRE,4/14/2025 11:30,,,,0.04,,,,,,,,,,,,,,,,,,,,,,,,4/28/2025 18:05,4/28/2025 18:05,00681,DOC,89,19.1,mg/L,+/- 1.6,,SM5310B,0.8,,,,,93870005,10105915,00681
P155740-6,93870006,93870,Non-WQM,Burn_B,SW,GP,SAMP,EFIRE,EX,EFIRE,4/14/2025 11:45,,,,0.1,,,,,,,,,,,,,,,,,,,,,,,,4/28/2025 18:24,4/28/2025 18:24,00681,DOC,89,20,mg/L,+/- 1.7,,SM5310B,0.8,,,,,93870006,10105927,00681
P155740-7,93870007,93870,Non-WQM,Burn_Herb_B,SW,GP,SAMP,EFIRE,EX,EFIRE,4/14/2025 12:00,,,,0.11,,,,,,,,,,,,,,,,,,,,,,,,4/28/2025 19:18,4/28/2025 19:18,00681,DOC,89,22.3,mg/L,+/- 1.8,,SM5310B,0.8,,,,,93870007,10105939,00681
P155740-8,93870008,93870,Non-WQM,Herbicide_B,SW,GP,SAMP,EFIRE,EX,EFIRE,4/14/2025 12:15,,,,0.03,,,,,,,,,,,,,,,,,,,,,,,,4/28/2025 19:37,4/28/2025 19:37,00681,DOC,89,22.1,mg/L,+/- 1.8,,SM5310B,0.8,,,,,93870008,10105951,00681
P155740-9,93870009,93870,Non-WQM,Herbicide_C,SW,GP,SAMP,EFIRE,EX,EFIRE,4/14/2025 12:30,,,,0.07,,,,,,,,,,,,,,,,,,,,,,,,4/28/2025 19:56,4/28/2025 19:56,00681,DOC,89,20.1,mg/L,+/- 1.7,,SM5310B,0.8,,,,,93870009,10105963,00681
P155740-10,93870010,93870,Non-WQM,Burn_Herb_C,SW,GP,SAMP,EFIRE,EX,EFIRE,4/14/2025 12:45,,,,0.1,,,,,,,,,,,,,,,,,,,,,,,,4/28/2025 20:14,4/28/2025 20:14,00681,DOC,89,19,mg/L,+/- 1.6,,SM5310B,0.8,,,,,93870010,10105975,00681
P155740-11,93870011,93870,Non-WQM,Burn_C,SW,GP,SAMP,EFIRE,EX,EFIRE,4/14/2025 13:00,,,,0.09,,,,,,,,,,,,,,,,,,,,,,,,4/28/2025 20:33,4/28/2025 20:33,00681,DOC,89,19.5,mg/L,+/- 1.6,,SM5310B,0.8,,,,,93870011,10105987,00681
P155740-12,93870012,93870,Non-WQM,Untreated_C,SW,GP,SAMP,EFIRE,EX,EFIRE,4/14/2025 13:15,,,,0.08,,,,,,,,,,,,,,,,,,,,,,,,4/28/2025 20:52,4/28/2025 20:52,00681,DOC,89,22.1,mg/L,+/- 1.8,,SM5310B,0.8,,,,,93870012,10105999,00681
P155741-1,93871001,93871,Non-WQM,Untreated_A,SW,GP,SAMP,EFIRE,EX,EFIRE,4/16/2025 10:00,,,,0.04,,,,,,,,,,,,,,,,,,,,,,,,4/29/2025 4:21,4/29/2025 4:21,00681,DOC,89,19.3,mg/L,+/- 1.6,,SM5310B,0.8,,,,,93871001,10111008,00681
P155741-2,93871002,93871,Non-WQM,Herbicide_A,SW,GP,SAMP,EFIRE,EX,EFIRE,4/16/2025 10:30,,,,0.03,,,,,,,,,,,,,,,,,,,,,,,,4/29/2025 4:40,4/29/2025 4:40,00681,DOC,89,24.2,mg/L,+/- 1.9,,SM5310B,0.8,,,,,93871002,10111032,00681
P155741-3,93871003,93871,Non-WQM,Burn_Herb_A,SW,GP,SAMP,EFIRE,EX,EFIRE,4/16/2025 10:50,,,,0.07,,,,,,,,,,,,,,,,,,,,,,,,4/29/2025 4:59,4/29/2025 4:59,00681,DOC,89,22.8,mg/L,+/- 1.8,,SM5310B,0.8,,,,,93871003,10111044,00681
P155741-4,93871004,93871,Non-WQM,Burn_A,SW,GP,SAMP,EFIRE,EX,EFIRE,4/16/2025 11:10,,,,0.06,,,,,,,,,,,,,,,,,,,,,,,,4/29/2025 5:18,4/29/2025 5:18,00681,DOC,89,22.4,mg/L,+/- 1.8,,SM5310B,0.8,,,,,93871004,10111056,00681
P155741-5,93871005,93871,Non-WQM,Untreated_B,SW,GP,SAMP,EFIRE,EX,EFIRE,4/16/2025 11:25,,,,0.03,,,,,,,,,,,,,,,,,,,,,,,,4/29/2025 5:36,4/29/2025 5:36,00681,DOC,89,20.1,mg/L,+/- 1.7,,SM5310B,0.8,,,,,93871005,10111068,00681
P155741-6,93871006,93871,Non-WQM,Burn_B,SW,GP,SAMP,EFIRE,EX,EFIRE,4/16/2025 11:45,,,,0.08,,,,,,,,,,,,,,,,,,,,,,,,4/29/2025 5:55,4/29/2025 5:55,00681,DOC,89,21.2,mg/L,+/- 1.7,,SM5310B,0.8,,,,,93871006,10111080,00681
P155741-7,93871007,93871,Non-WQM,Burn_Herb_B,SW,GP,SAMP,EFIRE,EX,EFIRE,4/16/2025 12:00,,,,0.08,,,,,,,,,,,,,,,,,,,,,,,,4/29/2025 6:14,4/29/2025 6:14,00681,DOC,89,24.4,mg/L,+/- 2.0,,SM5310B,0.8,,,,,93871007,10111092,00681
P155741-8,93871008,93871,Non-WQM,Herbicide_B,SW,GP,SAMP,EFIRE,EX,EFIRE,4/16/2025 12:15,,,,0.02,,,,,,,,,,,,,,,,,,,,,,,,4/29/2025 6:32,4/29/2025 6:32,00681,DOC,89,20,mg/L,+/- 1.7,,SM5310B,0.8,,,,,93871008,10111104,00681
P155741-9,93871009,93871,Non-WQM,Herbicide_C,SW,GP,SAMP,EFIRE,EX,EFIRE,4/16/2025 12:40,,,,0.04,,,,,,,,,,,,,,,,,,,,,,,,4/29/2025 8:07,4/29/2025 8:07,00681,DOC,89,20.1,mg/L,+/- 1.7,,SM5310B,0.8,,,,,93871009,10111116,00681
P155741-10,93871010,93871,Non-WQM,Burn_Herb_C,SW,GP,SAMP,EFIRE,EX,EFIRE,4/16/2025 13:00,,,,0.07,,,,,,,,,,,,,,,,,,,,,,,,4/29/2025 8:45,4/29/2025 8:45,00681,DOC,89,20.6,mg/L,+/- 1.7,,SM5310B,0.8,,,,,93871010,10111128,00681
P155741-11,93871011,93871,Non-WQM,Burn_C,SW,GP,SAMP,EFIRE,EX,EFIRE,4/16/2025 13:20,,,,0.08,,,,,,,,,,,,,,,,,,,,,,,,4/29/2025 9:04,4/29/2025 9:04,00681,DOC,89,22,mg/L,+/- 1.8,,SM5310B,0.8,,,,,93871011,10111140,00681
P155741-12,93871012,93871,Non-WQM,Untreated_C,SW,GP,SAMP,EFIRE,EX,EFIRE,4/16/2025 13:35,,,,0.04,,,,,,,,,,,,,,,,,,,,,,,,4/29/2025 9:23,4/29/2025 9:23,00681,DOC,89,25.6,mg/L,+/- 2.0,,SM5310B,0.8,,,,,93871012,10111152,00681
P155443-1,93723001,93723,Non-WQM,Untreated_A,SW,GP,SAMP,EFIRE,EX,EFIRE,12/17/2024 10:00,,,,0.07,,,,,,,,,,,,,,,,,,,,,,,,1/3/2025 1:08,1/3/2025 1:08,00681,DOC,89,25.5,mg/L,+/- 2.0,,SM5310B,0.8,,,,,93723001,9964205,00681
P155443-2,93723002,93723,Non-WQM,Herbicide_A,SW,GP,SAMP,EFIRE,EX,EFIRE,12/17/2024 10:30,,,,0.1,,,,,,,,,,,,,,,,,,,,,,,,1/3/2025 1:28,1/3/2025 1:28,00681,DOC,89,26.6,mg/L,+/- 2.1,,SM5310B,0.8,,,,,93723002,9964229,00681
P155443-3,93723003,93723,Non-WQM,Burn_Herb_A,SW,GP,SAMP,EFIRE,EX,EFIRE,12/17/2024 11:10,,,,0.06,,,,,,,,,,,,,,,,,,,,,,,,1/3/2025 2:28,1/3/2025 2:28,00681,DOC,89,27.4,mg/L,+/- 2.2,,SM5310B,0.8,,,,,93723003,9964241,00681
P155443-4,93723004,93723,Non-WQM,Burn_A,SW,GP,SAMP,EFIRE,EX,EFIRE,12/17/2024 11:30,,,,0.05,,,,,,,,,,,,,,,,,,,,,,,,1/3/2025 2:47,1/3/2025 2:47,00681,DOC,89,27.6,mg/L,+/- 2.2,,SM5310B,0.8,,,,,93723004,9964253,00681
P155443-6,93723006,93723,Non-WQM,Burn_B,SW,GP,SAMP,EFIRE,EX,EFIRE,12/17/2024 11:50,,,,0.06,,,,,,,,,,,,,,,,,,,,,,,,1/3/2025 3:27,1/3/2025 3:27,00681,DOC,89,28.4,mg/L,+/- 2.2,,SM5310B,0.8,,,,,93723006,9964265,00681
P155443-5,93723005,93723,Non-WQM,Untreated_B,SW,GP,SAMP,EFIRE,EX,EFIRE,12/17/2024 12:10,,,,0.09,,,,,,,,,,,,,,,,,,,,,,,,1/3/2025 3:07,1/3/2025 3:07,00681,DOC,89,27.2,mg/L,+/- 2.1,,SM5310B,0.8,,,,,93723005,9964277,00681
P155443-7,93723007,93723,Non-WQM,Burn_Herb_B,SW,GP,SAMP,EFIRE,EX,EFIRE,12/17/2024 12:30,,,,0.08,,,,,,,,,,,,,,,,,,,,,,,,1/3/2025 3:47,1/3/2025 3:47,00681,DOC,89,28.7,mg/L,+/- 2.2,,SM5310B,0.8,,,,,93723007,9964289,00681
P155443-8,93723008,93723,Non-WQM,Herbicide_B,SW,GP,SAMP,EFIRE,EX,EFIRE,12/17/2024 12:45,,,,0.07,,,,,,,,,,,,,,,,,,,,,,,,1/3/2025 4:08,1/3/2025 4:08,00681,DOC,89,27.4,mg/L,+/- 2.2,,SM5310B,0.8,,,,,93723008,9964301,00681
P155443-9,93723009,93723,Non-WQM,Herbicide_C,SW,GP,SAMP,EFIRE,EX,EFIRE,12/17/2024 13:00,,,,0.07,,,,,,,,,,,,,,,,,,,,,,,,1/3/2025 4:28,1/3/2025 4:28,00681,DOC,89,29.4,mg/L,+/- 2.3,,SM5310B,0.8,,,,,93723009,9964313,00681
P155443-10,93723010,93723,Non-WQM,Burn_Herb_C,SW,GP,SAMP,EFIRE,EX,EFIRE,12/17/2024 13:20,,,,0.11,,,,,,,,,,,,,,,,,,,,,,,,1/3/2025 4:47,1/3/2025 4:47,00681,DOC,89,31.9,mg/L,+/- 2.5,,SM5310B,0.8,,,,,93723010,9964325,00681
P155443-11,93723011,93723,Non-WQM,Burn_C,SW,GP,SAMP,EFIRE,EX,EFIRE,12/17/2024 13:30,,,,0.1,,,,,,,,,,,,,,,,,,,,,,,,1/3/2025 5:07,1/3/2025 5:07,00681,DOC,89,31.9,mg/L,+/- 2.5,,SM5310B,0.8,,,,,93723011,9964337,00681
P155443-12,93723012,93723,Non-WQM,Untreated_C,SW,GP,SAMP,EFIRE,EX,EFIRE,12/17/2024 13:50,,,,0.1,,,,,,,,,,,,,,,,,,,,,,,,1/3/2025 5:27,1/3/2025 5:27,00681,DOC,89,29.6,mg/L,+/- 2.3,,SM5310B,0.8,,,,,93723012,9964349,00681
P154830-1,93426001,93426,Non-WQM,Untreated_A,SW,GP,SAMP,EFIRE,EX,EFIRE,11/19/2024 10:00,,,,0.15,,,,,,,,,,,,,,,,,,,,,,,,11/26/2024 11:07,11/26/2024 11:07,00681,DOC,89,29.8,mg/L,+/- 2.3,,SM5310B,0.8,,,,,93426001,9928475,00681
P155439-1,93719001,93719,Non-WQM,Untreated_A,SW,GP,SAMP,EFIRE,EX,EFIRE,2/26/2025 10:05,,,,0.09,,,,,,,,,,,,,,,,,,,,,,,,3/4/2025 4:37,3/4/2025 4:37,00681,DOC,89,17.1,mg/L,+/- 1.5,,SM5310B,0.8,,Ash in the air from nearby burn.,,,93719001,10052409,00681
P155439-2,93719002,93719,Non-WQM,Herbicide_A,SW,GP,SAMP,EFIRE,EX,EFIRE,2/26/2025 10:38,,,,0.09,,,,,,,,,,,,,,,,,,,,,,,,3/4/2025 4:56,3/4/2025 4:56,00681,DOC,89,17.2,mg/L,+/- 1.5,,SM5310B,0.8,,,,,93719002,10052433,00681
P155439-3,93719003,93719,Non-WQM,Burn_Herb_A,SW,GP,SAMP,EFIRE,EX,EFIRE,2/26/2025 11:10,,,,0.07,,,,,,,,,,,,,,,,,,,,,,,,3/4/2025 5:18,3/4/2025 5:18,00681,DOC,89,17,mg/L,+/- 1.5,,SM5310B,0.8,,,,,93719003,10052445,00681
P155439-4,93719004,93719,Non-WQM,Burn_A,SW,GP,SAMP,EFIRE,EX,EFIRE,2/26/2025 11:33,,,,0.08,,,,,,,,,,,,,,,,,,,,,,,,3/4/2025 5:40,3/4/2025 5:40,00681,DOC,89,16.8,mg/L,+/- 1.5,,SM5310B,0.8,,,,,93719004,10052457,00681
P155439-5,93719005,93719,Non-WQM,Untreated_B,SW,GP,SAMP,EFIRE,EX,EFIRE,2/26/2025 12:03,,,,0.06,,,,,,,,,,,,,,,,,,,,,,,,3/4/2025 6:39,3/4/2025 6:39,00681,DOC,89,16.8,mg/L,+/- 1.5,,SM5310B,0.8,,,,,93719005,10052469,00681
P155439-6,93719006,93719,Non-WQM,Burn_B,SW,GP,SAMP,EFIRE,EX,EFIRE,2/26/2025 12:20,,,,0.11,,,,,,,,,,,,,,,,,,,,,,,,3/4/2025 6:58,3/4/2025 6:58,00681,DOC,89,17.5,mg/L,+/- 1.5,,SM5310B,0.8,,,,,93719006,10052481,00681
P155439-7,93719007,93719,Non-WQM,Burn_Herb_B,SW,GP,SAMP,EFIRE,EX,EFIRE,2/26/2025 12:35,,,,0.12,,,,,,,,,,,,,,,,,,,,,,,,3/4/2025 7:18,3/4/2025 7:18,00681,DOC,89,17.4,mg/L,+/- 1.5,,SM5310B,0.8,,,,,93719007,10052493,00681
P155439-8,93719008,93719,Non-WQM,Herbicide_B,SW,GP,SAMP,EFIRE,EX,EFIRE,2/26/2025 12:50,,,,0.1,,,,,,,,,,,,,,,,,,,,,,,,3/4/2025 7:37,3/4/2025 7:37,00681,DOC,89,18.1,mg/L,+/- 1.5,,SM5310B,0.8,,,,,93719008,10052505,00681
P155439-9,93719009,93719,Non-WQM,Herbicide_C,SW,GP,SAMP,EFIRE,EX,EFIRE,2/26/2025 13:06,,,,0.1,,,,,,,,,,,,,,,,,,,,,,,,3/4/2025 7:59,3/4/2025 7:59,00681,DOC,89,17.2,mg/L,+/- 1.5,,SM5310B,0.8,,,,,93719009,10052517,00681
P155439-10,93719010,93719,Non-WQM,Burn_Herb_C,SW,GP,SAMP,EFIRE,EX,EFIRE,2/26/2025 13:21,,,,0.15,,,,,,,,,,,,,,,,,,,,,,,,3/4/2025 8:38,3/4/2025 8:38,00681,DOC,89,18.4,mg/L,+/- 1.6,,SM5310B,0.8,,,,,93719010,10052529,00681
P155439-11,93719011,93719,Non-WQM,Burn_C,SW,GP,SAMP,EFIRE,EX,EFIRE,2/26/2025 13:35,,,,0.14,,,,,,,,,,,,,,,,,,,,,,,,3/4/2025 4:18,3/4/2025 4:18,00681,DOC,89,18,mg/L,+/- 1.5,,SM5310B,0.8,,,,,93719011,10052541,00681
P155439-12,93719012,93719,Non-WQM,Untreated_C,SW,GP,SAMP,EFIRE,EX,EFIRE,2/26/2025 13:50,,,,0.11,,,,,,,,,,,,,,,,,,,,,,,,3/4/2025 3:37,3/4/2025 3:37,00681,DOC,89,17.8,mg/L,+/- 1.5,,SM5310B,0.8,,,,,93719012,10052553,00681
P155442-1,93722001,93722,Non-WQM,Untreated_A,SW,GP,SAMP,EFIRE,EX,EFIRE,4/11/2025 10:20,,,,0.09,,,,,,,,,,,,,,,,,,,,,,,,4/16/2025 8:07,4/16/2025 8:07,00681,DOC,89,21.4,mg/L,+/- 1.8,,SM5310B,0.8,,,,,93722001,10103919,00681
P155442-2,93722002,93722,Non-WQM,Herbicide_A,SW,GP,SAMP,EFIRE,EX,EFIRE,4/11/2025 10:48,,,,0.06,,,,,,,,,,,,,,,,,,,,,,,,4/16/2025 8:26,4/16/2025 8:26,00681,DOC,89,21,mg/L,+/- 1.7,,SM5310B,0.8,,,,,93722002,10103943,00681
P155442-3,93722003,93722,Non-WQM,Burn_Herb_A,SW,GP,SAMP,EFIRE,EX,EFIRE,4/11/2025 11:05,,,,0.09,,,,,,,,,,,,,,,,,,,,,,,,4/16/2025 8:45,4/16/2025 8:45,00681,DOC,89,19.6,mg/L,+/- 1.6,,SM5310B,0.8,,,,,93722003,10103955,00681
P155442-4,93722004,93722,Non-WQM,Burn_A,SW,GP,SAMP,EFIRE,EX,EFIRE,4/11/2025 11:25,,,,0.06,,,,,,,,,,,,,,,,,,,,,,,,4/16/2025 9:45,4/16/2025 9:45,00681,DOC,89,19.8,mg/L,+/- 1.6,,SM5310B,0.8,,,,,93722004,10103967,00681
P155442-5,93722005,93722,Non-WQM,Untreated_B,SW,GP,SAMP,EFIRE,EX,EFIRE,4/11/2025 11:50,,,,0.09,,,,,,,,,,,,,,,,,,,,,,,,4/16/2025 10:05,4/16/2025 10:05,00681,DOC,89,18.6,mg/L,+/- 1.6,,SM5310B,0.8,,,,,93722005,10103979,00681
P155442-6,93722006,93722,Non-WQM,Burn_B,SW,GP,SAMP,EFIRE,EX,EFIRE,4/11/2025 12:10,,,,0.1,,,,,,,,,,,,,,,,,,,,,,,,4/16/2025 10:24,4/16/2025 10:24,00681,DOC,89,19.6,mg/L,+/- 1.6,,SM5310B,0.8,,,,,93722006,10103991,00681
P155442-7,93722007,93722,Non-WQM,Burn_Herb_B,SW,GP,SAMP,EFIRE,EX,EFIRE,4/11/2025 12:25,,,,0.08,,,,,,,,,,,,,,,,,,,,,,,,4/16/2025 10:44,4/16/2025 10:44,00681,DOC,89,18.6,mg/L,+/- 1.6,,SM5310B,0.8,,,,,93722007,10104003,00681
P155442-8,93722008,93722,Non-WQM,Herbicide_B,SW,GP,SAMP,EFIRE,EX,EFIRE,4/11/2025 12:45,,,,0.08,,,,,,,,,,,,,,,,,,,,,,,,4/16/2025 11:03,4/16/2025 11:03,00681,DOC,89,18.6,mg/L,+/- 1.6,,SM5310B,0.8,,,,,93722008,10104015,00681
P155442-9,93722009,93722,Non-WQM,Herbicide_C,SW,GP,SAMP,EFIRE,EX,EFIRE,4/11/2025 13:00,,,,0.08,,,,,,,,,,,,,,,,,,,,,,,,4/16/2025 11:22,4/16/2025 11:22,00681,DOC,89,18.5,mg/L,+/- 1.6,,SM5310B,0.8,,,,,93722009,10104027,00681
P155442-10,93722010,93722,Non-WQM,Burn_Herb_C,SW,GP,SAMP,EFIRE,EX,EFIRE,4/11/2025 13:20,,,,0.11,,,,,,,,,,,,,,,,,,,,,,,,4/16/2025 11:42,4/16/2025 11:42,00681,DOC,89,18.2,mg/L,+/- 1.6,,SM5310B,0.8,,,,,93722010,10104039,00681
P155442-11,93722011,93722,Non-WQM,Burn_C,SW,GP,SAMP,EFIRE,EX,EFIRE,4/11/2025 13:35,,,,0.05,,,,,,,,,,,,,,,,,,,,,,,,4/16/2025 12:02,4/16/2025 12:02,00681,DOC,89,19.6,mg/L,+/- 1.6,,SM5310B,0.8,,,,,93722011,10104051,00681
P155442-12,93722012,93722,Non-WQM,Untreated_C,SW,GP,SAMP,EFIRE,EX,EFIRE,4/11/2025 13:55,,,,0.11,,,,,,,,,,,,,,,,,,,,,,,,4/16/2025 12:40,4/16/2025 12:40,00681,DOC,89,19.9,mg/L,+/- 1.6,,SM5310B,0.8,,,,,93722012,10104063,00681
P155441-13,93721013,93721,Non-WQM,Untreated_A,DI,GP,FCEB,EFIRE,EX,EFIRE,4/10/2025 15:50,,,,,,,,,,,,,,,,,,,,,,,,,,,,4/16/2025 2:03,4/16/2025 2:03,00681,DOC,89,0.8,mg/L,+/- 0.80,U,SM5310B,0.8,,,,,93721013,10103145,00681
P155440-13,93720013,93720,Non-WQM,Untreated_A,DI,GP,FCEB,EFIRE,EX,EFIRE,3/25/2025 10:07,,,,,,,,,,,,,,,,,,,,,,,,,,,,4/9/2025 0:53,4/9/2025 0:53,00681,DOC,89,0.8,mg/L,+/- 0.80,U,SM5310B,0.8,,"DI 8186 through peristaltic pump tubing to bucket to sample bottles. Tray Flyers, bucket Kracker, filter lot 18197628, SA lot 072328.",,,93720013,10084955,00681
P155742-13,93872013,93872,Non-WQM,Untreated_A,DI,GP,FCEB,EFIRE,EX,EFIRE,4/21/2025 10:10,,,,,,,,,,,,,,,,,,,,,,,,,,,,4/29/2025 14:24,4/29/2025 14:24,00681,DOC,89,0.8,mg/L,+/- 0.80,U,SM5310B,0.8,,"DI 8166 through peristaltic pump tubing to bucket to sample bottles. Bucket Scooter, Tray Sheba, filter 17866092, SA 072823.",,,93872013,10115616,00681
P155740-13,93870013,93870,Non-WQM,Untreated_A,DI,GP,FCEB,EFIRE,EX,EFIRE,4/14/2025 10:30,,,,,,,,,,,,,,,,,,,,,,,,,,,,4/28/2025 21:13,4/28/2025 21:13,00681,DOC,89,0.8,mg/L,+/- 0.80,U,SM5310B,0.8,,"DI 8216 through peristaltic pump to bucket. Tray Sheba, Bucket Scooter, filter 18278596, SA lot 072823.",,,93870013,10105867,00681
P155741-13,93871013,93871,Non-WQM,Untreated_A,DI,GP,FCEB,EFIRE,EX,EFIRE,4/16/2025 10:10,,,,,,,,,,,,,,,,,,,,,,,,,,,,4/29/2025 9:41,4/29/2025 9:41,00681,DOC,89,0.8,mg/L,+/- 0.80,U,SM5310B,0.8,,"DI 8213 through peristaltic pump tubing to bucket to sample bottles. Bucket Scooter, Tray ELC 11, SA 072823, filter 18181938.",,,93871013,10111020,00681
P155443-13,93723013,93723,Non-WQM,Untreated_A,DI,GP,FCEB,EFIRE,EX,EFIRE,12/17/2024 10:15,,,,,,,,,,,,,,,,,,,,,,,,,,,,1/3/2025 8:55,1/3/2025 8:55,00681,DOC,89,0.84,mg/L,+/- 0.80,I,SM5310B,0.8,,"DI 8075 through peristaltic pump tubing to bucket to sample bottles. Tray Orange, Bucket Dexter, Acid lot 072823, Filter lot 18197628.",,G,93723013,9964217,00681
P155439-13,93719013,93719,Non-WQM,Untreated_A,DI,GP,FCEB,EFIRE,EX,EFIRE,2/26/2025 10:20,,,,,,,,,,,,,,,,,,,,,,,,,,,,3/4/2025 8:19,3/4/2025 8:19,00681,DOC,89,0.8,mg/L,+/- 0.80,U,SM5310B,0.8,,"DI 8174 through peristaltic pump tubing to bucket to sample bottles. Tray 3, bucket Chimichanga, filter G8825136, SA 072823. Ash in the air from nearby burn.",,,93719013,10052421,00681
P155442-13,93722013,93722,Non-WQM,Untreated_A,DI,GP,FCEB,EFIRE,EX,EFIRE,4/11/2025 10:30,,,,,,,,,,,,,,,,,,,,,,,,,,,,4/16/2025 12:20,4/16/2025 12:20,00681,DOC,89,0.8,mg/L,+/- 0.80,U,SM5310B,0.8,,"DI 8229 through peristaltic pump to bucket to sample bottles. Tray Rocky, bucket Nantucket, SA 072823, filter 18278596.",,,93722013,10103931,00681
P155441-1,93721001,93721,Non-WQM,Untreated_A,SW,GP,SAMP,EFIRE,EX,EFIRE,4/10/2025 15:30,,,,0.08,,,,,,,,,,,,,,,,,,,,,,,,4/16/2025 12:30,4/16/2025 12:30,00631,NOX,18,0.005,mg/L,+/- 0.005,U,SM4500NO3F,0.005,,,,,93721001,10103014,00631
P155441-2,93721002,93721,Non-WQM,Herbicide_A,SW,GP,SAMP,EFIRE,EX,EFIRE,4/10/2025 16:00,,,,0.07,,,,,,,,,,,,,,,,,,,,,,,,4/16/2025 12:32,4/16/2025 12:32,00631,NOX,18,0.005,mg/L,+/- 0.005,U,SM4500NO3F,0.005,,,,,93721002,10103026,00631
P155441-3,93721003,93721,Non-WQM,Burn_Herb_A,SW,GP,SAMP,EFIRE,EX,EFIRE,4/10/2025 16:30,,,,0.11,,,,,,,,,,,,,,,,,,,,,,,,4/16/2025 12:34,4/16/2025 12:34,00631,NOX,18,0.009,mg/L,+/- 0.005,I,SM4500NO3F,0.005,,,,,93721003,10103038,00631
P155441-4,93721004,93721,Non-WQM,Burn_A,SW,GP,SAMP,EFIRE,EX,EFIRE,4/10/2025 17:15,,,,0.09,,,,,,,,,,,,,,,,,,,,,,,,4/16/2025 12:35,4/16/2025 12:35,00631,NOX,18,0.005,mg/L,+/- 0.005,U,SM4500NO3F,0.005,,,,,93721004,10103050,00631
P155441-6,93721006,93721,Non-WQM,Burn_B,SW,GP,SAMP,EFIRE,EX,EFIRE,4/10/2025 18:05,,,,0.14,,,,,,,,,,,,,,,,,,,,,,,,4/16/2025 12:40,4/16/2025 12:40,00631,NOX,18,0.011,mg/L,+/- 0.005,,SM4500NO3F,0.005,,,,,93721006,10103062,00631
P155441-7,93721007,93721,Non-WQM,Burn_Herb_B,SW,GP,SAMP,EFIRE,EX,EFIRE,4/10/2025 18:10,,,,0.15,,,,,,,,,,,,,,,,,,,,,,,,4/16/2025 12:42,4/16/2025 12:42,00631,NOX,18,0.014,mg/L,+/- 0.005,,SM4500NO3F,0.005,,,,,93721007,10103074,00631
P155441-8,93721008,93721,Non-WQM,Herbicide_B,SW,GP,SAMP,EFIRE,EX,EFIRE,4/10/2025 18:20,,,,0.11,,,,,,,,,,,,,,,,,,,,,,,,4/16/2025 12:44,4/16/2025 12:44,00631,NOX,18,0.005,mg/L,+/- 0.005,I,SM4500NO3F,0.005,,,,,93721008,10103086,00631
P155441-9,93721009,93721,Non-WQM,Herbicide_C,SW,GP,SAMP,EFIRE,EX,EFIRE,4/10/2025 18:25,,,,0.11,,,,,,,,,,,,,,,,,,,,,,,,4/16/2025 12:45,4/16/2025 12:45,00631,NOX,18,0.005,mg/L,+/- 0.005,U,SM4500NO3F,0.005,,,,,93721009,10103098,00631
P155441-10,93721010,93721,Non-WQM,Burn_Herb_C,SW,GP,SAMP,EFIRE,EX,EFIRE,4/10/2025 18:35,,,,0.15,,,,,,,,,,,,,,,,,,,,,,,,4/16/2025 12:47,4/16/2025 12:47,00631,NOX,18,0.01,mg/L,+/- 0.005,,SM4500NO3F,0.005,,,,,93721010,10103110,00631
P155441-11,93721011,93721,Non-WQM,Burn_C,SW,GP,SAMP,EFIRE,EX,EFIRE,4/10/2025 18:40,,,,0.10,,,,,,,,,,,,,,,,,,,,,,,,4/16/2025 12:49,4/16/2025 12:49,00631,NOX,18,0.006,mg/L,+/- 0.005,I,SM4500NO3F,0.005,,,,,93721011,10103122,00631
P155441-12,93721012,93721,Non-WQM,Untreated_C,SW,GP,SAMP,EFIRE,EX,EFIRE,4/10/2025 18:45,,,,0.06,,,,,,,,,,,,,,,,,,,,,,,,4/16/2025 12:51,4/16/2025 12:51,00631,NOX,18,0.005,mg/L,+/- 0.005,U,SM4500NO3F,0.005,,,,,93721012,10103134,00631
P155441-5,93721005,93721,Non-WQM,Untreated_B,SW,GP,SAMP,EFIRE,EX,EFIRE,4/10/2025 17:50,,,,0.09,,,,,,,,,,,,,,,,,,,,,,,,4/16/2025 12:37,4/16/2025 12:37,00631,NOX,18,0.005,mg/L,+/- 0.005,U,SM4500NO3F,0.005,,,,,93721005,10103158,00631
P155440-1,93720001,93720,Non-WQM,Untreated_A,SW,GP,SAMP,EFIRE,EX,EFIRE,3/25/2025 9:45,,,,0.15,,,,,,,,,,,,,,,,,,,,,,,,4/8/2025 13:00,4/8/2025 13:00,00631,NOX,18,0.015,mg/L,+/- 0.005,,SM4500NO3F,0.005,,,,,93720001,10084944,00631
P155440-2,93720002,93720,Non-WQM,Herbicide_A,SW,GP,SAMP,EFIRE,EX,EFIRE,3/25/2025 10:23,,,,0.11,,,,,,,,,,,,,,,,,,,,,,,,4/8/2025 13:01,4/8/2025 13:01,00631,NOX,18,0.005,mg/L,+/- 0.005,U,SM4500NO3F,0.005,,,,,93720002,10084968,00631
P155440-3,93720003,93720,Non-WQM,Burn_Herb_A,SW,GP,SAMP,EFIRE,EX,EFIRE,3/25/2025 10:43,,,,0.14,,,,,,,,,,,,,,,,,,,,,,,,4/8/2025 13:03,4/8/2025 13:03,00631,NOX,18,0.007,mg/L,+/- 0.005,I,SM4500NO3F,0.005,,,,,93720003,10084980,00631
P155440-4,93720004,93720,Non-WQM,Burn_A,SW,GP,SAMP,EFIRE,EX,EFIRE,3/25/2025 11:11,,,,0.09,,,,,,,,,,,,,,,,,,,,,,,,4/8/2025 13:05,4/8/2025 13:05,00631,NOX,18,0.008,mg/L,+/- 0.005,I,SM4500NO3F,0.005,,,,,93720004,10084992,00631
P155440-5,93720005,93720,Non-WQM,Untreated_B,SW,GP,SAMP,EFIRE,EX,EFIRE,3/25/2025 11:35,,,,0.11,,,,,,,,,,,,,,,,,,,,,,,,4/8/2025 13:06,4/8/2025 13:06,00631,NOX,18,0.008,mg/L,+/- 0.005,I,SM4500NO3F,0.005,,,,,93720005,10085004,00631
P155440-6,93720006,93720,Non-WQM,Burn_B,SW,GP,SAMP,EFIRE,EX,EFIRE,3/25/2025 11:51,,,,0.1,,,,,,,,,,,,,,,,,,,,,,,,4/8/2025 13:15,4/8/2025 13:15,00631,NOX,18,0.007,mg/L,+/- 0.005,I,SM4500NO3F,0.005,,,,,93720006,10085016,00631
P155440-7,93720007,93720,Non-WQM,Burn_Herb_B,SW,GP,SAMP,EFIRE,EX,EFIRE,3/25/2025 12:07,,,,0.16,,,,,,,,,,,,,,,,,,,,,,,,4/8/2025 13:18,4/8/2025 13:18,00631,NOX,18,0.006,mg/L,+/- 0.005,I,SM4500NO3F,0.005,,,,,93720007,10085028,00631
P155440-8,93720008,93720,Non-WQM,Herbicide_B,SW,GP,SAMP,EFIRE,EX,EFIRE,3/25/2025 12:22,,,,0.1,,,,,,,,,,,,,,,,,,,,,,,,4/8/2025 13:20,4/8/2025 13:20,00631,NOX,18,0.008,mg/L,+/- 0.005,I,SM4500NO3F,0.005,,,,,93720008,10085040,00631
P155440-9,93720009,93720,Non-WQM,Herbicide_C,SW,GP,SAMP,EFIRE,EX,EFIRE,3/25/2025 12:39,,,,0.12,,,,,,,,,,,,,,,,,,,,,,,,4/8/2025 13:22,4/8/2025 13:22,00631,NOX,18,0.008,mg/L,+/- 0.005,I,SM4500NO3F,0.005,,,,,93720009,10085052,00631
P155440-10,93720010,93720,Non-WQM,Burn_Herb_C,SW,GP,SAMP,EFIRE,EX,EFIRE,3/25/2025 12:54,,,,0.14,,,,,,,,,,,,,,,,,,,,,,,,4/8/2025 13:23,4/8/2025 13:23,00631,NOX,18,0.005,mg/L,+/- 0.005,U,SM4500NO3F,0.005,,,,,93720010,10085064,00631
P155440-11,93720011,93720,Non-WQM,Burn_C,SW,GP,SAMP,EFIRE,EX,EFIRE,3/25/2025 13:10,,,,0.08,,,,,,,,,,,,,,,,,,,,,,,,4/8/2025 13:25,4/8/2025 13:25,00631,NOX,18,0.009,mg/L,+/- 0.005,I,SM4500NO3F,0.005,,,,,93720011,10085076,00631
P155440-12,93720012,93720,Non-WQM,Untreated_C,SW,GP,SAMP,EFIRE,EX,EFIRE,3/25/2025 13:22,,,,0.1,,,,,,,,,,,,,,,,,,,,,,,,4/8/2025 13:27,4/8/2025 13:27,00631,NOX,18,0.005,mg/L,+/- 0.005,U,SM4500NO3F,0.005,,,,,93720012,10085088,00631
P155742-1,93872001,93872,Non-WQM,Untreated_A,SW,GP,SAMP,EFIRE,EX,EFIRE,4/21/2025 10:00,,,,0.05,,,,,,,,,,,,,,,,,,,,,,,,5/9/2025 12:40,5/9/2025 12:40,00631,NOX,18,0.01,mg/L,+/- 0.005,,SM4500NO3F,0.005,,,,,93872001,10115605,00631
P155742-2,93872002,93872,Non-WQM,Herbicide_A,SW,GP,SAMP,EFIRE,EX,EFIRE,4/21/2025 10:20,,,,0.05,,,,,,,,,,,,,,,,,,,,,,,,5/9/2025 12:42,5/9/2025 12:42,00631,NOX,18,0.005,mg/L,+/- 0.005,U,SM4500NO3F,0.005,,,,,93872002,10115629,00631
P155742-3,93872003,93872,Non-WQM,Burn_Herb_A,SW,GP,SAMP,EFIRE,EX,EFIRE,4/21/2025 10:45,,,,0.06,,,,,,,,,,,,,,,,,,,,,,,,5/9/2025 12:44,5/9/2025 12:44,00631,NOX,18,0.006,mg/L,+/- 0.005,I,SM4500NO3F,0.005,,,,,93872003,10115641,00631
P155742-4,93872004,93872,Non-WQM,Burn_A,SW,GP,SAMP,EFIRE,EX,EFIRE,4/21/2025 11:30,,,,0.05,,,,,,,,,,,,,,,,,,,,,,,,5/9/2025 12:45,5/9/2025 12:45,00631,NOX,18,0.005,mg/L,+/- 0.005,U,SM4500NO3F,0.005,,,,,93872004,10115653,00631
P155742-5,93872005,93872,Non-WQM,Untreated_B,SW,GP,SAMP,EFIRE,EX,EFIRE,4/21/2025 11:55,,,,0.05,,,,,,,,,,,,,,,,,,,,,,,,5/9/2025 12:47,5/9/2025 12:47,00631,NOX,18,0.005,mg/L,+/- 0.005,U,SM4500NO3F,0.005,,,,,93872005,10115665,00631
P155742-6,93872006,93872,Non-WQM,Burn_B,SW,GP,SAMP,EFIRE,EX,EFIRE,4/21/2025 12:20,,,,0.05,,,,,,,,,,,,,,,,,,,,,,,,5/9/2025 12:49,5/9/2025 12:49,00631,NOX,18,0.005,mg/L,+/- 0.005,U,SM4500NO3F,0.005,,,,,93872006,10115677,00631
P155742-7,93872007,93872,Non-WQM,Burn_Herb_B,SW,GP,SAMP,EFIRE,EX,EFIRE,4/21/2025 12:35,,,,0.06,,,,,,,,,,,,,,,,,,,,,,,,5/9/2025 12:50,5/9/2025 12:50,00631,NOX,18,0.005,mg/L,+/- 0.005,U,SM4500NO3F,0.005,,,,,93872007,10115689,00631
P155742-8,93872008,93872,Non-WQM,Herbicide_B,SW,GP,SAMP,EFIRE,EX,EFIRE,4/21/2025 12:50,,,,0.05,,,,,,,,,,,,,,,,,,,,,,,,5/9/2025 12:52,5/9/2025 12:52,00631,NOX,18,0.005,mg/L,+/- 0.005,U,SM4500NO3F,0.005,,,,,93872008,10115701,00631
P155742-9,93872009,93872,Non-WQM,Herbicide_C,SW,GP,SAMP,EFIRE,EX,EFIRE,4/21/2025 13:05,,,,0.04,,,,,,,,,,,,,,,,,,,,,,,,5/9/2025 12:54,5/9/2025 12:54,00631,NOX,18,0.005,mg/L,+/- 0.005,U,SM4500NO3F,0.005,,,,,93872009,10115713,00631
P155742-10,93872010,93872,Non-WQM,Burn_Herb_C,SW,GP,SAMP,EFIRE,EX,EFIRE,4/21/2025 13:20,,,,0.08,,,,,,,,,,,,,,,,,,,,,,,,5/9/2025 12:55,5/9/2025 12:55,00631,NOX,18,0.005,mg/L,+/- 0.005,U,SM4500NO3F,0.005,,,,,93872010,10115725,00631
P155742-11,93872011,93872,Non-WQM,Burn_C,SW,GP,SAMP,EFIRE,EX,EFIRE,4/21/2025 13:35,,,,0.08,,,,,,,,,,,,,,,,,,,,,,,,5/9/2025 13:04,5/9/2025 13:04,00631,NOX,18,0.005,mg/L,+/- 0.005,U,SM4500NO3F,0.005,,,,,93872011,10115737,00631
P155742-12,93872012,93872,Non-WQM,Untreated_C,SW,GP,SAMP,EFIRE,EX,EFIRE,4/21/2025 13:45,,,,0.05,,,,,,,,,,,,,,,,,,,,,,,,5/9/2025 13:07,5/9/2025 13:07,00631,NOX,18,0.005,mg/L,+/- 0.005,U,SM4500NO3F,0.005,,,,,93872012,10115749,00631
P155444-1,93724001,93724,Non-WQM,Untreated_A,SW,GP,SAMP,EFIRE,EX,EFIRE,1/28/2025 10:15,,,,0.19,,,,,,,,,,,,,,,,,,,,,,,,2/18/2025 14:28,2/18/2025 14:28,00631,NOX,18,0.01,mg/L,+/- 0.005,,SM4500NO3F,0.005,,,,,93724001,10013990,00631
P155444-2,93724002,93724,Non-WQM,Herbicide_A,SW,GP,SAMP,EFIRE,EX,EFIRE,1/28/2025 10:50,,,,0.23,,,,,,,,,,,,,,,,,,,,,,,,2/18/2025 14:30,2/18/2025 14:30,00631,NOX,18,0.007,mg/L,+/- 0.005,I,SM4500NO3F,0.005,,,,,93724002,10014014,00631
P155444-3,93724003,93724,Non-WQM,Burn_Herb_A,SW,GP,SAMP,EFIRE,EX,EFIRE,1/28/2025 11:11,,,,0.23,,,,,,,,,,,,,,,,,,,,,,,,2/18/2025 14:32,2/18/2025 14:32,00631,NOX,18,0.005,mg/L,+/- 0.005,U,SM4500NO3F,0.005,,,,,93724003,10014026,00631
P155444-4,93724004,93724,Non-WQM,Burn_A,SW,GP,SAMP,EFIRE,EX,EFIRE,1/28/2025 11:35,,,,0.17,,,,,,,,,,,,,,,,,,,,,,,,2/18/2025 14:40,2/18/2025 14:40,00631,NOX,18,0.005,mg/L,+/- 0.005,U,SM4500NO3F,0.005,,,,,93724004,10014038,00631
P155444-5,93724005,93724,Non-WQM,Untreated_B,SW,GP,SAMP,EFIRE,EX,EFIRE,1/28/2025 12:00,,,,0.16,,,,,,,,,,,,,,,,,,,,,,,,2/18/2025 14:45,2/18/2025 14:45,00631,NOX,18,0.005,mg/L,+/- 0.005,U,SM4500NO3F,0.005,,Ash from nearby burn in the air,,,93724005,10014050,00631
P155444-6,93724006,93724,Non-WQM,Burn_B,SW,GP,SAMP,EFIRE,EX,EFIRE,1/28/2025 12:20,,,,0.12,,,,,,,,,,,,,,,,,,,,,,,,2/18/2025 14:47,2/18/2025 14:47,00631,NOX,18,0.005,mg/L,+/- 0.005,U,SM4500NO3F,0.005,,,,,93724006,10014062,00631
P155444-7,93724007,93724,Non-WQM,Burn_Herb_B,SW,GP,SAMP,EFIRE,EX,EFIRE,1/28/2025 12:40,,,,0.11,,,,,,,,,,,,,,,,,,,,,,,,2/18/2025 14:49,2/18/2025 14:49,00631,NOX,18,0.005,mg/L,+/- 0.005,U,SM4500NO3F,0.005,,,,,93724007,10014074,00631
P155444-8,93724008,93724,Non-WQM,Herbicide_B,SW,GP,SAMP,EFIRE,EX,EFIRE,1/28/2025 12:55,,,,0.09,,,,,,,,,,,,,,,,,,,,,,,,2/18/2025 14:50,2/18/2025 14:50,00631,NOX,18,0.005,mg/L,+/- 0.005,U,SM4500NO3F,0.005,,,,,93724008,10014086,00631
P155444-9,93724009,93724,Non-WQM,Herbicide_C,SW,GP,SAMP,EFIRE,EX,EFIRE,1/28/2025 13:15,,,,0.14,,,,,,,,,,,,,,,,,,,,,,,,2/18/2025 14:52,2/18/2025 14:52,00631,NOX,18,0.005,mg/L,+/- 0.005,I,SM4500NO3F,0.005,,,,,93724009,10014098,00631
P155444-10,93724010,93724,Non-WQM,Burn_Herb_C,SW,GP,SAMP,EFIRE,EX,EFIRE,1/28/2025 13:32,,,,0.14,,,,,,,,,,,,,,,,,,,,,,,,2/18/2025 14:54,2/18/2025 14:54,00631,NOX,18,0.005,mg/L,+/- 0.005,U,SM4500NO3F,0.005,,,,,93724010,10014110,00631
P155444-11,93724011,93724,Non-WQM,Burn_C,SW,GP,SAMP,EFIRE,EX,EFIRE,1/28/2025 13:47,,,,0.12,,,,,,,,,,,,,,,,,,,,,,,,2/18/2025 14:55,2/18/2025 14:55,00631,NOX,18,0.007,mg/L,+/- 0.005,I,SM4500NO3F,0.005,,,,,93724011,10014122,00631
P155444-12,93724012,93724,Non-WQM,Untreated_C,SW,GP,SAMP,EFIRE,EX,EFIRE,1/28/2025 14:05,,,,0.2,,,,,,,,,,,,,,,,,,,,,,,,2/18/2025 14:57,2/18/2025 14:57,00631,NOX,18,0.005,mg/L,+/- 0.005,U,SM4500NO3F,0.005,,,,,93724012,10014134,00631
P155740-1,93870001,93870,Non-WQM,Untreated_A,SW,GP,SAMP,EFIRE,EX,EFIRE,4/14/2025 10:15,,,,0.09,,,,,,,,,,,,,,,,,,,,,,,,4/16/2025 14:11,4/16/2025 14:11,00631,NOX,18,0.006,mg/L,+/- 0.005,I,SM4500NO3F,0.005,,,,,93870001,10105856,00631
P155740-2,93870002,93870,Non-WQM,Herbicide_A,SW,GP,SAMP,EFIRE,EX,EFIRE,4/14/2025 10:40,,,,0.07,,,,,,,,,,,,,,,,,,,,,,,,4/16/2025 14:12,4/16/2025 14:12,00631,NOX,18,0.005,mg/L,+/- 0.005,U,SM4500NO3F,0.005,,,,,93870002,10105880,00631
P155740-3,93870003,93870,Non-WQM,Burn_Herb_A,SW,GP,SAMP,EFIRE,EX,EFIRE,4/14/2025 11:00,,,,0.1,,,,,,,,,,,,,,,,,,,,,,,,4/16/2025 14:14,4/16/2025 14:14,00631,NOX,18,0.005,mg/L,+/- 0.005,U,SM4500NO3F,0.005,,,,,93870003,10105892,00631
P155740-4,93870004,93870,Non-WQM,Burn_A,SW,GP,SAMP,EFIRE,EX,EFIRE,4/14/2025 11:15,,,,0.06,,,,,,,,,,,,,,,,,,,,,,,,4/16/2025 14:16,4/16/2025 14:16,00631,NOX,18,0.005,mg/L,+/- 0.005,U,SM4500NO3F,0.005,,,,,93870004,10105904,00631
P155740-5,93870005,93870,Non-WQM,Untreated_B,SW,GP,SAMP,EFIRE,EX,EFIRE,4/14/2025 11:30,,,,0.04,,,,,,,,,,,,,,,,,,,,,,,,4/16/2025 14:17,4/16/2025 14:17,00631,NOX,18,0.005,mg/L,+/- 0.005,U,SM4500NO3F,0.005,,,,,93870005,10105916,00631
P155740-6,93870006,93870,Non-WQM,Burn_B,SW,GP,SAMP,EFIRE,EX,EFIRE,4/14/2025 11:45,,,,0.1,,,,,,,,,,,,,,,,,,,,,,,,4/16/2025 14:19,4/16/2025 14:19,00631,NOX,18,0.005,mg/L,+/- 0.005,U,SM4500NO3F,0.005,,,,,93870006,10105928,00631
P155740-7,93870007,93870,Non-WQM,Burn_Herb_B,SW,GP,SAMP,EFIRE,EX,EFIRE,4/14/2025 12:00,,,,0.11,,,,,,,,,,,,,,,,,,,,,,,,4/16/2025 14:21,4/16/2025 14:21,00631,NOX,18,0.005,mg/L,+/- 0.005,U,SM4500NO3F,0.005,,,,,93870007,10105940,00631
P155740-8,93870008,93870,Non-WQM,Herbicide_B,SW,GP,SAMP,EFIRE,EX,EFIRE,4/14/2025 12:15,,,,0.03,,,,,,,,,,,,,,,,,,,,,,,,4/16/2025 14:23,4/16/2025 14:23,00631,NOX,18,0.005,mg/L,+/- 0.005,U,SM4500NO3F,0.005,,,,,93870008,10105952,00631
P155740-9,93870009,93870,Non-WQM,Herbicide_C,SW,GP,SAMP,EFIRE,EX,EFIRE,4/14/2025 12:30,,,,0.07,,,,,,,,,,,,,,,,,,,,,,,,4/16/2025 14:24,4/16/2025 14:24,00631,NOX,18,0.005,mg/L,+/- 0.005,U,SM4500NO3F,0.005,,,,,93870009,10105964,00631
P155740-10,93870010,93870,Non-WQM,Burn_Herb_C,SW,GP,SAMP,EFIRE,EX,EFIRE,4/14/2025 12:45,,,,0.1,,,,,,,,,,,,,,,,,,,,,,,,4/16/2025 14:33,4/16/2025 14:33,00631,NOX,18,0.005,mg/L,+/- 0.005,U,SM4500NO3F,0.005,,,,,93870010,10105976,00631
P155740-11,93870011,93870,Non-WQM,Burn_C,SW,GP,SAMP,EFIRE,EX,EFIRE,4/14/2025 13:00,,,,0.09,,,,,,,,,,,,,,,,,,,,,,,,4/16/2025 14:36,4/16/2025 14:36,00631,NOX,18,0.005,mg/L,+/- 0.005,U,SM4500NO3F,0.005,,,,,93870011,10105988,00631
P155740-12,93870012,93870,Non-WQM,Untreated_C,SW,GP,SAMP,EFIRE,EX,EFIRE,4/14/2025 13:15,,,,0.08,,,,,,,,,,,,,,,,,,,,,,,,4/16/2025 14:38,4/16/2025 14:38,00631,NOX,18,0.005,mg/L,+/- 0.005,U,SM4500NO3F,0.005,,,,,93870012,10106000,00631
P155741-1,93871001,93871,Non-WQM,Untreated_A,SW,GP,SAMP,EFIRE,EX,EFIRE,4/16/2025 10:00,,,,0.04,,,,,,,,,,,,,,,,,,,,,,,,4/18/2025 14:17,4/18/2025 14:17,00631,NOX,18,0.008,mg/L,+/- 0.005,I,SM4500NO3F,0.005,,,,,93871001,10111009,00631
P155741-2,93871002,93871,Non-WQM,Herbicide_A,SW,GP,SAMP,EFIRE,EX,EFIRE,4/16/2025 10:30,,,,0.03,,,,,,,,,,,,,,,,,,,,,,,,4/18/2025 14:25,4/18/2025 14:25,00631,NOX,18,0.005,mg/L,+/- 0.005,U,SM4500NO3F,0.005,,,,,93871002,10111033,00631
P155741-3,93871003,93871,Non-WQM,Burn_Herb_A,SW,GP,SAMP,EFIRE,EX,EFIRE,4/16/2025 10:50,,,,0.07,,,,,,,,,,,,,,,,,,,,,,,,4/18/2025 14:27,4/18/2025 14:27,00631,NOX,18,0.005,mg/L,+/- 0.005,U,SM4500NO3F,0.005,,,,,93871003,10111045,00631
P155741-4,93871004,93871,Non-WQM,Burn_A,SW,GP,SAMP,EFIRE,EX,EFIRE,4/16/2025 11:10,,,,0.06,,,,,,,,,,,,,,,,,,,,,,,,4/18/2025 14:29,4/18/2025 14:29,00631,NOX,18,0.005,mg/L,+/- 0.005,U,SM4500NO3F,0.005,,,,,93871004,10111057,00631
P155741-5,93871005,93871,Non-WQM,Untreated_B,SW,GP,SAMP,EFIRE,EX,EFIRE,4/16/2025 11:25,,,,0.03,,,,,,,,,,,,,,,,,,,,,,,,4/18/2025 14:30,4/18/2025 14:30,00631,NOX,18,0.005,mg/L,+/- 0.005,U,SM4500NO3F,0.005,,,,,93871005,10111069,00631
P155741-6,93871006,93871,Non-WQM,Burn_B,SW,GP,SAMP,EFIRE,EX,EFIRE,4/16/2025 11:45,,,,0.08,,,,,,,,,,,,,,,,,,,,,,,,4/18/2025 14:32,4/18/2025 14:32,00631,NOX,18,0.005,mg/L,+/- 0.005,U,SM4500NO3F,0.005,,,,,93871006,10111081,00631
P155741-7,93871007,93871,Non-WQM,Burn_Herb_B,SW,GP,SAMP,EFIRE,EX,EFIRE,4/16/2025 12:00,,,,0.08,,,,,,,,,,,,,,,,,,,,,,,,4/18/2025 14:34,4/18/2025 14:34,00631,NOX,18,0.005,mg/L,+/- 0.005,U,SM4500NO3F,0.005,,,,,93871007,10111093,00631
P155741-8,93871008,93871,Non-WQM,Herbicide_B,SW,GP,SAMP,EFIRE,EX,EFIRE,4/16/2025 12:15,,,,0.02,,,,,,,,,,,,,,,,,,,,,,,,4/18/2025 14:37,4/18/2025 14:37,00631,NOX,18,0.005,mg/L,+/- 0.005,U,SM4500NO3F,0.005,,,,,93871008,10111105,00631
P155741-9,93871009,93871,Non-WQM,Herbicide_C,SW,GP,SAMP,EFIRE,EX,EFIRE,4/16/2025 12:40,,,,0.04,,,,,,,,,,,,,,,,,,,,,,,,4/18/2025 14:39,4/18/2025 14:39,00631,NOX,18,0.005,mg/L,+/- 0.005,U,SM4500NO3F,0.005,,,,,93871009,10111117,00631
P155741-10,93871010,93871,Non-WQM,Burn_Herb_C,SW,GP,SAMP,EFIRE,EX,EFIRE,4/16/2025 13:00,,,,0.07,,,,,,,,,,,,,,,,,,,,,,,,4/18/2025 14:41,4/18/2025 14:41,00631,NOX,18,0.005,mg/L,+/- 0.005,U,SM4500NO3F,0.005,,,,,93871010,10111129,00631
P155741-11,93871011,93871,Non-WQM,Burn_C,SW,GP,SAMP,EFIRE,EX,EFIRE,4/16/2025 13:20,,,,0.08,,,,,,,,,,,,,,,,,,,,,,,,4/18/2025 14:42,4/18/2025 14:42,00631,NOX,18,0.005,mg/L,+/- 0.005,U,SM4500NO3F,0.005,,,,,93871011,10111141,00631
P155741-12,93871012,93871,Non-WQM,Untreated_C,SW,GP,SAMP,EFIRE,EX,EFIRE,4/16/2025 13:35,,,,0.04,,,,,,,,,,,,,,,,,,,,,,,,4/18/2025 14:44,4/18/2025 14:44,00631,NOX,18,0.005,mg/L,+/- 0.005,U,SM4500NO3F,0.005,,,,,93871012,10111153,00631
P155443-1,93723001,93723,Non-WQM,Untreated_A,SW,GP,SAMP,EFIRE,EX,EFIRE,12/17/2024 10:00,,,,0.07,,,,,,,,,,,,,,,,,,,,,,,,1/7/2025 15:50,1/7/2025 15:50,00631,NOX,18,0.005,mg/L,+/- 0.005,U,SM4500NO3F,0.005,,,,,93723001,9964206,00631
P155443-2,93723002,93723,Non-WQM,Herbicide_A,SW,GP,SAMP,EFIRE,EX,EFIRE,12/17/2024 10:30,,,,0.1,,,,,,,,,,,,,,,,,,,,,,,,1/7/2025 16:07,1/7/2025 16:07,00631,NOX,18,0.005,mg/L,+/- 0.005,U,SM4500NO3F,0.005,,,,,93723002,9964230,00631
P155443-3,93723003,93723,Non-WQM,Burn_Herb_A,SW,GP,SAMP,EFIRE,EX,EFIRE,12/17/2024 11:10,,,,0.06,,,,,,,,,,,,,,,,,,,,,,,,1/7/2025 16:25,1/7/2025 16:25,00631,NOX,18,0.005,mg/L,+/- 0.005,U,SM4500NO3F,0.005,,,,,93723003,9964242,00631
P155443-4,93723004,93723,Non-WQM,Burn_A,SW,GP,SAMP,EFIRE,EX,EFIRE,12/17/2024 11:30,,,,0.05,,,,,,,,,,,,,,,,,,,,,,,,1/7/2025 16:12,1/7/2025 16:12,00631,NOX,18,0.005,mg/L,+/- 0.005,U,SM4500NO3F,0.005,,,,,93723004,9964254,00631
P155443-6,93723006,93723,Non-WQM,Burn_B,SW,GP,SAMP,EFIRE,EX,EFIRE,12/17/2024 11:50,,,,0.06,,,,,,,,,,,,,,,,,,,,,,,,1/7/2025 16:15,1/7/2025 16:15,00631,NOX,18,0.005,mg/L,+/- 0.005,U,SM4500NO3F,0.005,,,,,93723006,9964266,00631
P155443-5,93723005,93723,Non-WQM,Untreated_B,SW,GP,SAMP,EFIRE,EX,EFIRE,12/17/2024 12:10,,,,0.09,,,,,,,,,,,,,,,,,,,,,,,,1/7/2025 16:13,1/7/2025 16:13,00631,NOX,18,0.005,mg/L,+/- 0.005,U,SM4500NO3F,0.005,,,,,93723005,9964278,00631
P155443-7,93723007,93723,Non-WQM,Burn_Herb_B,SW,GP,SAMP,EFIRE,EX,EFIRE,12/17/2024 12:30,,,,0.08,,,,,,,,,,,,,,,,,,,,,,,,1/7/2025 16:17,1/7/2025 16:17,00631,NOX,18,0.005,mg/L,+/- 0.005,U,SM4500NO3F,0.005,,,,,93723007,9964290,00631
P155443-8,93723008,93723,Non-WQM,Herbicide_B,SW,GP,SAMP,EFIRE,EX,EFIRE,12/17/2024 12:45,,,,0.07,,,,,,,,,,,,,,,,,,,,,,,,1/7/2025 16:18,1/7/2025 16:18,00631,NOX,18,0.005,mg/L,+/- 0.005,U,SM4500NO3F,0.005,,,,,93723008,9964302,00631
P155443-9,93723009,93723,Non-WQM,Herbicide_C,SW,GP,SAMP,EFIRE,EX,EFIRE,12/17/2024 13:00,,,,0.07,,,,,,,,,,,,,,,,,,,,,,,,1/7/2025 16:20,1/7/2025 16:20,00631,NOX,18,0.005,mg/L,+/- 0.005,U,SM4500NO3F,0.005,,,,,93723009,9964314,00631
P155443-10,93723010,93723,Non-WQM,Burn_Herb_C,SW,GP,SAMP,EFIRE,EX,EFIRE,12/17/2024 13:20,,,,0.11,,,,,,,,,,,,,,,,,,,,,,,,1/8/2025 13:32,1/8/2025 13:32,00631,NOX,18,0.005,mg/L,+/- 0.005,U,SM4500NO3F,0.005,,,,,93723010,9964326,00631
P155443-11,93723011,93723,Non-WQM,Burn_C,SW,GP,SAMP,EFIRE,EX,EFIRE,12/17/2024 13:30,,,,0.1,,,,,,,,,,,,,,,,,,,,,,,,1/8/2025 13:36,1/8/2025 13:36,00631,NOX,18,0.005,mg/L,+/- 0.005,U,SM4500NO3F,0.005,,,,,93723011,9964338,00631
P155443-12,93723012,93723,Non-WQM,Untreated_C,SW,GP,SAMP,EFIRE,EX,EFIRE,12/17/2024 13:50,,,,0.1,,,,,,,,,,,,,,,,,,,,,,,,1/8/2025 13:37,1/8/2025 13:37,00631,NOX,18,0.005,mg/L,+/- 0.005,U,SM4500NO3F,0.005,,,,,93723012,9964350,00631
P154830-1,93426001,93426,Non-WQM,Untreated_A,SW,GP,SAMP,EFIRE,EX,EFIRE,11/19/2024 10:00,,,,0.15,,,,,,,,,,,,,,,,,,,,,,,,12/6/2024 14:53,12/6/2024 14:53,00631,NOX,18,0.014,mg/L,+/- 0.005,,SM4500NO3F,0.005,,,,,93426001,9928476,00631
P154830-2,93426002,93426,Non-WQM,Herbicide_A,SW,GP,SAMP,EFIRE,EX,EFIRE,11/19/2024 11:00,,,,0.08,,,,,,,,,,,,,,,,,,,,,,,,12/6/2024 14:54,12/6/2024 14:54,00631,NOX,18,0.005,mg/L,+/- 0.005,U,SM4500NO3F,0.005,,,,,93426002,9928500,00631
P154830-3,93426003,93426,Non-WQM,Burn_Herb_A,SW,GP,SAMP,EFIRE,EX,EFIRE,11/19/2024 11:35,,,,0.06,,,,,,,,,,,,,,,,,,,,,,,,12/6/2024 14:56,12/6/2024 14:56,00631,NOX,18,0.005,mg/L,+/- 0.005,U,SM4500NO3F,0.005,,,,,93426003,9928512,00631
P154830-4,93426004,93426,Non-WQM,Burn_A,SW,GP,SAMP,EFIRE,EX,EFIRE,11/19/2024 12:20,,,,0.06,,,,,,,,,,,,,,,,,,,,,,,,12/6/2024 15:46,12/6/2024 15:46,00631,NOX,18,0.005,mg/L,+/- 0.005,U,SM4500NO3F,0.005,,,,,93426004,9928524,00631
P154830-5,93426005,93426,Non-WQM,Untreated_B,SW,GP,SAMP,EFIRE,EX,EFIRE,11/19/2024 12:50,,,,0.18,,,,,,,,,,,,,,,,,,,,,,,,12/6/2024 15:47,12/6/2024 15:47,00631,NOX,18,0.005,mg/L,+/- 0.005,U,SM4500NO3F,0.005,,,,,93426005,9928536,00631
P154830-6,93426006,93426,Non-WQM,Burn_B,SW,GP,SAMP,EFIRE,EX,EFIRE,11/19/2024 13:05,,,,0.15,,,,,,,,,,,,,,,,,,,,,,,,12/6/2024 15:49,12/6/2024 15:49,00631,NOX,18,0.005,mg/L,+/- 0.005,U,SM4500NO3F,0.005,,,,,93426006,9928548,00631
P154830-7,93426007,93426,Non-WQM,Burn_Herb_B,SW,GP,SAMP,EFIRE,EX,EFIRE,11/19/2024 13:25,,,,0.18,,,,,,,,,,,,,,,,,,,,,,,,12/6/2024 15:51,12/6/2024 15:51,00631,NOX,18,0.005,mg/L,+/- 0.005,U,SM4500NO3F,0.005,,,,,93426007,9928560,00631
P154830-8,93426008,93426,Non-WQM,Herbicide_B,SW,GP,SAMP,EFIRE,EX,EFIRE,11/19/2024 13:30,,,,0.09,,,,,,,,,,,,,,,,,,,,,,,,12/6/2024 15:53,12/6/2024 15:53,00631,NOX,18,0.005,mg/L,+/- 0.005,U,SM4500NO3F,0.005,,,,,93426008,9928572,00631
P154830-9,93426009,93426,Non-WQM,Herbicide_C,SW,GP,SAMP,EFIRE,EX,EFIRE,11/19/2024 13:50,,,,0.1,,,,,,,,,,,,,,,,,,,,,,,,12/6/2024 15:54,12/6/2024 15:54,00631,NOX,18,0.005,mg/L,+/- 0.005,U,SM4500NO3F,0.005,,,,,93426009,9928584,00631
P154830-10,93426010,93426,Non-WQM,Burn_Herb_C,SW,GP,SAMP,EFIRE,EX,EFIRE,11/19/2024 14:04,,,,0.12,,,,,,,,,,,,,,,,,,,,,,,,12/6/2024 15:56,12/6/2024 15:56,00631,NOX,18,0.005,mg/L,+/- 0.005,U,SM4500NO3F,0.005,,,,,93426010,9928596,00631
P154830-11,93426011,93426,Non-WQM,Burn_C,SW,GP,SAMP,EFIRE,EX,EFIRE,11/19/2024 14:20,,,,0.11,,,,,,,,,,,,,,,,,,,,,,,,12/6/2024 15:58,12/6/2024 15:58,00631,NOX,18,0.005,mg/L,+/- 0.005,U,SM4500NO3F,0.005,,,,,93426011,9928608,00631
P154830-12,93426012,93426,Non-WQM,Untreated_C,SW,GP,SAMP,EFIRE,EX,EFIRE,11/19/2024 14:30,,,,0.1,,,,,,,,,,,,,,,,,,,,,,,,12/6/2024 15:59,12/6/2024 15:59,00631,NOX,18,0.005,mg/L,+/- 0.005,U,SM4500NO3F,0.005,,,,,93426012,9928620,00631
P155439-1,93719001,93719,Non-WQM,Untreated_A,SW,GP,SAMP,EFIRE,EX,EFIRE,2/26/2025 10:05,,,,0.09,,,,,,,,,,,,,,,,,,,,,,,,3/10/2025 11:46,3/10/2025 11:46,00631,NOX,18,0.006,mg/L,+/- 0.005,I,SM4500NO3F,0.005,,Ash in the air from nearby burn.,,,93719001,10052410,00631
P155439-2,93719002,93719,Non-WQM,Herbicide_A,SW,GP,SAMP,EFIRE,EX,EFIRE,2/26/2025 10:38,,,,0.09,,,,,,,,,,,,,,,,,,,,,,,,3/10/2025 11:49,3/10/2025 11:49,00631,NOX,18,0.005,mg/L,+/- 0.005,U,SM4500NO3F,0.005,,,,,93719002,10052434,00631
P155439-3,93719003,93719,Non-WQM,Burn_Herb_A,SW,GP,SAMP,EFIRE,EX,EFIRE,2/26/2025 11:10,,,,0.07,,,,,,,,,,,,,,,,,,,,,,,,3/10/2025 11:51,3/10/2025 11:51,00631,NOX,18,0.005,mg/L,+/- 0.005,U,SM4500NO3F,0.005,,,,,93719003,10052446,00631
P155439-4,93719004,93719,Non-WQM,Burn_A,SW,GP,SAMP,EFIRE,EX,EFIRE,2/26/2025 11:33,,,,0.08,,,,,,,,,,,,,,,,,,,,,,,,3/10/2025 11:52,3/10/2025 11:52,00631,NOX,18,0.005,mg/L,+/- 0.005,U,SM4500NO3F,0.005,,,,,93719004,10052458,00631
P155439-5,93719005,93719,Non-WQM,Untreated_B,SW,GP,SAMP,EFIRE,EX,EFIRE,2/26/2025 12:03,,,,0.06,,,,,,,,,,,,,,,,,,,,,,,,3/10/2025 11:54,3/10/2025 11:54,00631,NOX,18,0.005,mg/L,+/- 0.005,U,SM4500NO3F,0.005,,,,,93719005,10052470,00631
P155439-6,93719006,93719,Non-WQM,Burn_B,SW,GP,SAMP,EFIRE,EX,EFIRE,2/26/2025 12:20,,,,0.11,,,,,,,,,,,,,,,,,,,,,,,,3/10/2025 11:56,3/10/2025 11:56,00631,NOX,18,0.005,mg/L,+/- 0.005,U,SM4500NO3F,0.005,,,,,93719006,10052482,00631
P155439-7,93719007,93719,Non-WQM,Burn_Herb_B,SW,GP,SAMP,EFIRE,EX,EFIRE,2/26/2025 12:35,,,,0.12,,,,,,,,,,,,,,,,,,,,,,,,3/10/2025 11:57,3/10/2025 11:57,00631,NOX,18,0.005,mg/L,+/- 0.005,U,SM4500NO3F,0.005,,,,,93719007,10052494,00631
P155439-8,93719008,93719,Non-WQM,Herbicide_B,SW,GP,SAMP,EFIRE,EX,EFIRE,2/26/2025 12:50,,,,0.1,,,,,,,,,,,,,,,,,,,,,,,,3/10/2025 11:59,3/10/2025 11:59,00631,NOX,18,0.005,mg/L,+/- 0.005,U,SM4500NO3F,0.005,,,,,93719008,10052506,00631
P155439-9,93719009,93719,Non-WQM,Herbicide_C,SW,GP,SAMP,EFIRE,EX,EFIRE,2/26/2025 13:06,,,,0.1,,,,,,,,,,,,,,,,,,,,,,,,3/10/2025 12:01,3/10/2025 12:01,00631,NOX,18,0.005,mg/L,+/- 0.005,U,SM4500NO3F,0.005,,,,,93719009,10052518,00631
P155439-10,93719010,93719,Non-WQM,Burn_Herb_C,SW,GP,SAMP,EFIRE,EX,EFIRE,2/26/2025 13:21,,,,0.15,,,,,,,,,,,,,,,,,,,,,,,,3/10/2025 12:02,3/10/2025 12:02,00631,NOX,18,0.005,mg/L,+/- 0.005,U,SM4500NO3F,0.005,,,,,93719010,10052530,00631
P155439-11,93719011,93719,Non-WQM,Burn_C,SW,GP,SAMP,EFIRE,EX,EFIRE,2/26/2025 13:35,,,,0.14,,,,,,,,,,,,,,,,,,,,,,,,3/10/2025 12:13,3/10/2025 12:13,00631,NOX,18,0.005,mg/L,+/- 0.005,U,SM4500NO3F,0.005,,,,,93719011,10052542,00631
P155439-12,93719012,93719,Non-WQM,Untreated_C,SW,GP,SAMP,EFIRE,EX,EFIRE,2/26/2025 13:50,,,,0.11,,,,,,,,,,,,,,,,,,,,,,,,3/10/2025 12:16,3/10/2025 12:16,00631,NOX,18,0.005,mg/L,+/- 0.005,U,SM4500NO3F,0.005,,,,,93719012,10052554,00631
P155442-1,93722001,93722,Non-WQM,Untreated_A,SW,GP,SAMP,EFIRE,EX,EFIRE,4/11/2025 10:20,,,,0.09,,,,,,,,,,,,,,,,,,,,,,,,4/16/2025 13:14,4/16/2025 13:14,00631,NOX,18,0.005,mg/L,+/- 0.005,U,SM4500NO3F,0.005,,,,,93722001,10103920,00631
P155442-2,93722002,93722,Non-WQM,Herbicide_A,SW,GP,SAMP,EFIRE,EX,EFIRE,4/11/2025 10:48,,,,0.06,,,,,,,,,,,,,,,,,,,,,,,,4/16/2025 13:16,4/16/2025 13:16,00631,NOX,18,0.005,mg/L,+/- 0.005,U,SM4500NO3F,0.005,,,,,93722002,10103944,00631
P155442-3,93722003,93722,Non-WQM,Burn_Herb_A,SW,GP,SAMP,EFIRE,EX,EFIRE,4/11/2025 11:05,,,,0.09,,,,,,,,,,,,,,,,,,,,,,,,4/16/2025 13:18,4/16/2025 13:18,00631,NOX,18,0.005,mg/L,+/- 0.005,U,SM4500NO3F,0.005,,,,,93722003,10103956,00631
P155442-4,93722004,93722,Non-WQM,Burn_A,SW,GP,SAMP,EFIRE,EX,EFIRE,4/11/2025 11:25,,,,0.06,,,,,,,,,,,,,,,,,,,,,,,,4/16/2025 13:19,4/16/2025 13:19,00631,NOX,18,0.005,mg/L,+/- 0.005,U,SM4500NO3F,0.005,,,,,93722004,10103968,00631
P155442-5,93722005,93722,Non-WQM,Untreated_B,SW,GP,SAMP,EFIRE,EX,EFIRE,4/11/2025 11:50,,,,0.09,,,,,,,,,,,,,,,,,,,,,,,,4/16/2025 13:21,4/16/2025 13:21,00631,NOX,18,0.005,mg/L,+/- 0.005,U,SM4500NO3F,0.005,,,,,93722005,10103980,00631
P155442-6,93722006,93722,Non-WQM,Burn_B,SW,GP,SAMP,EFIRE,EX,EFIRE,4/11/2025 12:10,,,,0.1,,,,,,,,,,,,,,,,,,,,,,,,4/16/2025 13:25,4/16/2025 13:25,00631,NOX,18,0.005,mg/L,+/- 0.005,U,SM4500NO3F,0.005,,,,,93722006,10103992,00631
P155442-7,93722007,93722,Non-WQM,Burn_Herb_B,SW,GP,SAMP,EFIRE,EX,EFIRE,4/11/2025 12:25,,,,0.08,,,,,,,,,,,,,,,,,,,,,,,,4/16/2025 13:26,4/16/2025 13:26,00631,NOX,18,0.005,mg/L,+/- 0.005,U,SM4500NO3F,0.005,,,,,93722007,10104004,00631
P155442-8,93722008,93722,Non-WQM,Herbicide_B,SW,GP,SAMP,EFIRE,EX,EFIRE,4/11/2025 12:45,,,,0.08,,,,,,,,,,,,,,,,,,,,,,,,4/16/2025 13:28,4/16/2025 13:28,00631,NOX,18,0.006,mg/L,+/- 0.005,I,SM4500NO3F,0.005,,,,,93722008,10104016,00631
P155442-9,93722009,93722,Non-WQM,Herbicide_C,SW,GP,SAMP,EFIRE,EX,EFIRE,4/11/2025 13:00,,,,0.08,,,,,,,,,,,,,,,,,,,,,,,,4/16/2025 13:30,4/16/2025 13:30,00631,NOX,18,0.005,mg/L,+/- 0.005,U,SM4500NO3F,0.005,,,,,93722009,10104028,00631
P155442-10,93722010,93722,Non-WQM,Burn_Herb_C,SW,GP,SAMP,EFIRE,EX,EFIRE,4/11/2025 13:20,,,,0.11,,,,,,,,,,,,,,,,,,,,,,,,4/16/2025 13:31,4/16/2025 13:31,00631,NOX,18,0.005,mg/L,+/- 0.005,U,SM4500NO3F,0.005,,,,,93722010,10104040,00631
P155442-11,93722011,93722,Non-WQM,Burn_C,SW,GP,SAMP,EFIRE,EX,EFIRE,4/11/2025 13:35,,,,0.05,,,,,,,,,,,,,,,,,,,,,,,,4/16/2025 13:33,4/16/2025 13:33,00631,NOX,18,0.005,mg/L,+/- 0.005,U,SM4500NO3F,0.005,,,,,93722011,10104052,00631
P155442-12,93722012,93722,Non-WQM,Untreated_C,SW,GP,SAMP,EFIRE,EX,EFIRE,4/11/2025 13:55,,,,0.11,,,,,,,,,,,,,,,,,,,,,,,,4/16/2025 13:35,4/16/2025 13:35,00631,NOX,18,0.005,mg/L,+/- 0.005,U,SM4500NO3F,0.005,,,,,93722012,10104064,00631
P155441-13,93721013,93721,Non-WQM,Untreated_A,DI,GP,FCEB,EFIRE,EX,EFIRE,4/10/2025 15:50,,,,,,,,,,,,,,,,,,,,,,,,,,,,4/16/2025 12:52,4/16/2025 12:52,00631,NOX,18,0.005,mg/L,+/- 0.005,U,SM4500NO3F,0.005,,,,,93721013,10103146,00631
P155440-13,93720013,93720,Non-WQM,Untreated_A,DI,GP,FCEB,EFIRE,EX,EFIRE,3/25/2025 10:07,,,,,,,,,,,,,,,,,,,,,,,,,,,,4/8/2025 13:28,4/8/2025 13:28,00631,NOX,18,0.005,mg/L,+/- 0.005,U,SM4500NO3F,0.005,,"DI 8186 through peristaltic pump tubing to bucket to sample bottles. Tray Flyers, bucket Kracker, filter lot 18197628, SA lot 072328.",,,93720013,10084956,00631
P155742-13,93872013,93872,Non-WQM,Untreated_A,DI,GP,FCEB,EFIRE,EX,EFIRE,4/21/2025 10:10,,,,,,,,,,,,,,,,,,,,,,,,,,,,5/9/2025 13:09,5/9/2025 13:09,00631,NOX,18,0.005,mg/L,+/- 0.005,U,SM4500NO3F,0.005,,"DI 8166 through peristaltic pump tubing to bucket to sample bottles. Bucket Scooter, Tray Sheba, filter 17866092, SA 072823.",,,93872013,10115617,00631
P155444-13,93724013,93724,Non-WQM,Untreated_A,DI,GP,FCEB,EFIRE,EX,EFIRE,1/28/2025 10:30,,,,,,,,,,,,,,,,,,,,,,,,,,,,2/18/2025 14:44,2/18/2025 14:44,00631,NOX,18,0.005,mg/L,+/- 0.005,U,SM4500NO3F,0.005,,"DI 8174 through peristaltic pump tubing to bucket to sample bottles. Bucket Dexter, tray Wild Bill, SA lot 072823, filter lot 81724837.",,,93724013,10014002,00631
P155740-13,93870013,93870,Non-WQM,Untreated_A,DI,GP,FCEB,EFIRE,EX,EFIRE,4/14/2025 10:30,,,,,,,,,,,,,,,,,,,,,,,,,,,,4/16/2025 14:40,4/16/2025 14:40,00631,NOX,18,0.005,mg/L,+/- 0.005,U,SM4500NO3F,0.005,,"DI 8216 through peristaltic pump to bucket. Tray Sheba, Bucket Scooter, filter 18278596, SA lot 072823.",,,93870013,10105868,00631
P155741-13,93871013,93871,Non-WQM,Untreated_A,DI,GP,FCEB,EFIRE,EX,EFIRE,4/16/2025 10:10,,,,,,,,,,,,,,,,,,,,,,,,,,,,4/18/2025 14:46,4/18/2025 14:46,00631,NOX,18,0.005,mg/L,+/- 0.005,U,SM4500NO3F,0.005,,"DI 8213 through peristaltic pump tubing to bucket to sample bottles. Bucket Scooter, Tray ELC 11, SA 072823, filter 18181938.",,,93871013,10111021,00631
P155443-13,93723013,93723,Non-WQM,Untreated_A,DI,GP,FCEB,EFIRE,EX,EFIRE,12/17/2024 10:15,,,,,,,,,,,,,,,,,,,,,,,,,,,,1/8/2025 13:39,1/8/2025 13:39,00631,NOX,18,0.005,mg/L,+/- 0.005,U,SM4500NO3F,0.005,,"DI 8075 through peristaltic pump tubing to bucket to sample bottles. Tray Orange, Bucket Dexter, Acid lot 072823, Filter lot 18197628.",,,93723013,9964218,00631
P154830-13,93426013,93426,Non-WQM,Untreated_A,DI,GP,FCEB,EFIRE,EX,EFIRE,11/19/2024 10:30,,,,,,,,,,,,,,,,,,,,,,,,,,,,12/6/2024 16:10,12/6/2024 16:10,00631,NOX,18,0.005,mg/L,+/- 0.005,U,SM4500NO3F,0.005,,"DI 8103 through peristaltic pump tubing to bucket to sample bottles. H2SO4 lot 072823, filter lot 17879938. Bucket- Maggie, Tray- Flyers.",,,93426013,9928488,00631
P155439-13,93719013,93719,Non-WQM,Untreated_A,DI,GP,FCEB,EFIRE,EX,EFIRE,2/26/2025 10:20,,,,,,,,,,,,,,,,,,,,,,,,,,,,3/10/2025 12:04,3/10/2025 12:04,00631,NOX,18,0.005,mg/L,+/- 0.005,U,SM4500NO3F,0.005,,"DI 8174 through peristaltic pump tubing to bucket to sample bottles. Tray 3, bucket Chimichanga, filter G8825136, SA 072823. Ash in the air from nearby burn.",,,93719013,10052422,00631
P155442-13,93722013,93722,Non-WQM,Untreated_A,DI,GP,FCEB,EFIRE,EX,EFIRE,4/11/2025 10:30,,,,,,,,,,,,,,,,,,,,,,,,,,,,4/16/2025 13:37,4/16/2025 13:37,00631,NOX,18,0.005,mg/L,+/- 0.005,U,SM4500NO3F,0.005,,"DI 8229 through peristaltic pump to bucket to sample bottles. Tray Rocky, bucket Nantucket, SA 072823, filter 18278596.",,,93722013,10103932,00631
P155441-1,93721001,93721,Non-WQM,Untreated_A,SW,GP,SAMP,EFIRE,EX,EFIRE,4/10/2025 15:30,,,,0.08,,,,,,,,,,,,,,,,,,,,,,,,4/16/2025 12:30,4/16/2025 12:30,00608,NH4,20,0.036,mg/L,+/- 0.005,,SM4500NH3H,0.005,,,,,93721001,10103014,00608
P155441-2,93721002,93721,Non-WQM,Herbicide_A,SW,GP,SAMP,EFIRE,EX,EFIRE,4/10/2025 16:00,,,,0.07,,,,,,,,,,,,,,,,,,,,,,,,4/16/2025 12:32,4/16/2025 12:32,00608,NH4,20,0.024,mg/L,+/- 0.005,,SM4500NH3H,0.005,,,,,93721002,10103026,00608
P155441-3,93721003,93721,Non-WQM,Burn_Herb_A,SW,GP,SAMP,EFIRE,EX,EFIRE,4/10/2025 16:30,,,,0.11,,,,,,,,,,,,,,,,,,,,,,,,4/16/2025 12:34,4/16/2025 12:34,00608,NH4,20,0.152,mg/L,+/- 0.009,,SM4500NH3H,0.005,,,,,93721003,10103038,00608
P155441-4,93721004,93721,Non-WQM,Burn_A,SW,GP,SAMP,EFIRE,EX,EFIRE,4/10/2025 17:15,,,,0.09,,,,,,,,,,,,,,,,,,,,,,,,4/16/2025 12:35,4/16/2025 12:35,00608,NH4,20,0.066,mg/L,+/- 0.006,,SM4500NH3H,0.005,,,,,93721004,10103050,00608
P155441-6,93721006,93721,Non-WQM,Burn_B,SW,GP,SAMP,EFIRE,EX,EFIRE,4/10/2025 18:05,,,,0.14,,,,,,,,,,,,,,,,,,,,,,,,4/16/2025 12:40,4/16/2025 12:40,00608,NH4,20,0.086,mg/L,+/- 0.007,,SM4500NH3H,0.005,,,,,93721006,10103062,00608
P155441-7,93721007,93721,Non-WQM,Burn_Herb_B,SW,GP,SAMP,EFIRE,EX,EFIRE,4/10/2025 18:10,,,,0.15,,,,,,,,,,,,,,,,,,,,,,,,4/16/2025 12:42,4/16/2025 12:42,00608,NH4,20,0.187,mg/L,+/- 0.011,,SM4500NH3H,0.005,,,,,93721007,10103074,00608
P155441-8,93721008,93721,Non-WQM,Herbicide_B,SW,GP,SAMP,EFIRE,EX,EFIRE,4/10/2025 18:20,,,,0.11,,,,,,,,,,,,,,,,,,,,,,,,4/16/2025 12:44,4/16/2025 12:44,00608,NH4,20,0.027,mg/L,+/- 0.005,,SM4500NH3H,0.005,,,,,93721008,10103086,00608
P155441-9,93721009,93721,Non-WQM,Herbicide_C,SW,GP,SAMP,EFIRE,EX,EFIRE,4/10/2025 18:25,,,,0.11,,,,,,,,,,,,,,,,,,,,,,,,4/16/2025 12:45,4/16/2025 12:45,00608,NH4,20,0.028,mg/L,+/- 0.005,,SM4500NH3H,0.005,,,,,93721009,10103098,00608
P155441-10,93721010,93721,Non-WQM,Burn_Herb_C,SW,GP,SAMP,EFIRE,EX,EFIRE,4/10/2025 18:35,,,,0.15,,,,,,,,,,,,,,,,,,,,,,,,4/16/2025 12:47,4/16/2025 12:47,00608,NH4,20,0.203,mg/L,+/- 0.012,,SM4500NH3H,0.005,,,,,93721010,10103110,00608
P155441-11,93721011,93721,Non-WQM,Burn_C,SW,GP,SAMP,EFIRE,EX,EFIRE,4/10/2025 18:40,,,,0.10,,,,,,,,,,,,,,,,,,,,,,,,4/16/2025 12:49,4/16/2025 12:49,00608,NH4,20,0.048,mg/L,+/- 0.006,,SM4500NH3H,0.005,,,,,93721011,10103122,00608
P155441-12,93721012,93721,Non-WQM,Untreated_C,SW,GP,SAMP,EFIRE,EX,EFIRE,4/10/2025 18:45,,,,0.06,,,,,,,,,,,,,,,,,,,,,,,,4/16/2025 12:51,4/16/2025 12:51,00608,NH4,20,0.039,mg/L,+/- 0.005,,SM4500NH3H,0.005,,,,,93721012,10103134,00608
P155441-5,93721005,93721,Non-WQM,Untreated_B,SW,GP,SAMP,EFIRE,EX,EFIRE,4/10/2025 17:50,,,,0.09,,,,,,,,,,,,,,,,,,,,,,,,4/16/2025 12:37,4/16/2025 12:37,00608,NH4,20,0.022,mg/L,+/- 0.005,,SM4500NH3H,0.005,,,,,93721005,10103158,00608
P155440-1,93720001,93720,Non-WQM,Untreated_A,SW,GP,SAMP,EFIRE,EX,EFIRE,3/25/2025 9:45,,,,0.15,,,,,,,,,,,,,,,,,,,,,,,,4/8/2025 13:00,4/8/2025 13:00,00608,NH4,20,0.034,mg/L,+/- 0.005,,SM4500NH3H,0.005,,,,,93720001,10084944,00608
P155440-2,93720002,93720,Non-WQM,Herbicide_A,SW,GP,SAMP,EFIRE,EX,EFIRE,3/25/2025 10:23,,,,0.11,,,,,,,,,,,,,,,,,,,,,,,,4/8/2025 13:01,4/8/2025 13:01,00608,NH4,20,0.024,mg/L,+/- 0.005,,SM4500NH3H,0.005,,,,,93720002,10084968,00608
P155440-3,93720003,93720,Non-WQM,Burn_Herb_A,SW,GP,SAMP,EFIRE,EX,EFIRE,3/25/2025 10:43,,,,0.14,,,,,,,,,,,,,,,,,,,,,,,,4/8/2025 13:03,4/8/2025 13:03,00608,NH4,20,0.018,mg/L,+/- 0.005,,SM4500NH3H,0.005,,,,,93720003,10084980,00608
P155440-4,93720004,93720,Non-WQM,Burn_A,SW,GP,SAMP,EFIRE,EX,EFIRE,3/25/2025 11:11,,,,0.09,,,,,,,,,,,,,,,,,,,,,,,,4/8/2025 13:05,4/8/2025 13:05,00608,NH4,20,0.021,mg/L,+/- 0.005,,SM4500NH3H,0.005,,,,,93720004,10084992,00608
P155440-5,93720005,93720,Non-WQM,Untreated_B,SW,GP,SAMP,EFIRE,EX,EFIRE,3/25/2025 11:35,,,,0.11,,,,,,,,,,,,,,,,,,,,,,,,4/8/2025 13:06,4/8/2025 13:06,00608,NH4,20,0.026,mg/L,+/- 0.005,,SM4500NH3H,0.005,,,,,93720005,10085004,00608
P155440-6,93720006,93720,Non-WQM,Burn_B,SW,GP,SAMP,EFIRE,EX,EFIRE,3/25/2025 11:51,,,,0.1,,,,,,,,,,,,,,,,,,,,,,,,4/8/2025 13:15,4/8/2025 13:15,00608,NH4,20,0.028,mg/L,+/- 0.005,,SM4500NH3H,0.005,,,,,93720006,10085016,00608
P155440-7,93720007,93720,Non-WQM,Burn_Herb_B,SW,GP,SAMP,EFIRE,EX,EFIRE,3/25/2025 12:07,,,,0.16,,,,,,,,,,,,,,,,,,,,,,,,4/8/2025 13:18,4/8/2025 13:18,00608,NH4,20,0.026,mg/L,+/- 0.005,,SM4500NH3H,0.005,,,,,93720007,10085028,00608
P155440-8,93720008,93720,Non-WQM,Herbicide_B,SW,GP,SAMP,EFIRE,EX,EFIRE,3/25/2025 12:22,,,,0.1,,,,,,,,,,,,,,,,,,,,,,,,4/8/2025 13:20,4/8/2025 13:20,00608,NH4,20,0.033,mg/L,+/- 0.005,,SM4500NH3H,0.005,,,,,93720008,10085040,00608
P155440-9,93720009,93720,Non-WQM,Herbicide_C,SW,GP,SAMP,EFIRE,EX,EFIRE,3/25/2025 12:39,,,,0.12,,,,,,,,,,,,,,,,,,,,,,,,4/8/2025 13:22,4/8/2025 13:22,00608,NH4,20,0.024,mg/L,+/- 0.005,,SM4500NH3H,0.005,,,,,93720009,10085052,00608
P155440-10,93720010,93720,Non-WQM,Burn_Herb_C,SW,GP,SAMP,EFIRE,EX,EFIRE,3/25/2025 12:54,,,,0.14,,,,,,,,,,,,,,,,,,,,,,,,4/8/2025 13:23,4/8/2025 13:23,00608,NH4,20,0.028,mg/L,+/- 0.005,,SM4500NH3H,0.005,,,,,93720010,10085064,00608
P155440-11,93720011,93720,Non-WQM,Burn_C,SW,GP,SAMP,EFIRE,EX,EFIRE,3/25/2025 13:10,,,,0.08,,,,,,,,,,,,,,,,,,,,,,,,4/8/2025 13:25,4/8/2025 13:25,00608,NH4,20,0.034,mg/L,+/- 0.005,,SM4500NH3H,0.005,,,,,93720011,10085076,00608
P155440-12,93720012,93720,Non-WQM,Untreated_C,SW,GP,SAMP,EFIRE,EX,EFIRE,3/25/2025 13:22,,,,0.1,,,,,,,,,,,,,,,,,,,,,,,,4/8/2025 13:27,4/8/2025 13:27,00608,NH4,20,0.032,mg/L,+/- 0.005,,SM4500NH3H,0.005,,,,,93720012,10085088,00608
P155742-1,93872001,93872,Non-WQM,Untreated_A,SW,GP,SAMP,EFIRE,EX,EFIRE,4/21/2025 10:00,,,,0.05,,,,,,,,,,,,,,,,,,,,,,,,5/9/2025 12:40,5/9/2025 12:40,00608,NH4,20,0.052,mg/L,+/- 0.006,,SM4500NH3H,0.005,,,,,93872001,10115605,00608
P155742-2,93872002,93872,Non-WQM,Herbicide_A,SW,GP,SAMP,EFIRE,EX,EFIRE,4/21/2025 10:20,,,,0.05,,,,,,,,,,,,,,,,,,,,,,,,5/9/2025 12:42,5/9/2025 12:42,00608,NH4,20,0.107,mg/L,+/- 0.007,,SM4500NH3H,0.005,,,,,93872002,10115629,00608
P155742-3,93872003,93872,Non-WQM,Burn_Herb_A,SW,GP,SAMP,EFIRE,EX,EFIRE,4/21/2025 10:45,,,,0.06,,,,,,,,,,,,,,,,,,,,,,,,5/9/2025 12:44,5/9/2025 12:44,00608,NH4,20,0.04,mg/L,+/- 0.005,,SM4500NH3H,0.005,,,,,93872003,10115641,00608
P155742-4,93872004,93872,Non-WQM,Burn_A,SW,GP,SAMP,EFIRE,EX,EFIRE,4/21/2025 11:30,,,,0.05,,,,,,,,,,,,,,,,,,,,,,,,5/9/2025 12:45,5/9/2025 12:45,00608,NH4,20,0.029,mg/L,+/- 0.005,,SM4500NH3H,0.005,,,,,93872004,10115653,00608
P155742-5,93872005,93872,Non-WQM,Untreated_B,SW,GP,SAMP,EFIRE,EX,EFIRE,4/21/2025 11:55,,,,0.05,,,,,,,,,,,,,,,,,,,,,,,,5/9/2025 12:47,5/9/2025 12:47,00608,NH4,20,0.225,mg/L,+/- 0.013,,SM4500NH3H,0.005,,,,,93872005,10115665,00608
P155742-6,93872006,93872,Non-WQM,Burn_B,SW,GP,SAMP,EFIRE,EX,EFIRE,4/21/2025 12:20,,,,0.05,,,,,,,,,,,,,,,,,,,,,,,,5/9/2025 12:49,5/9/2025 12:49,00608,NH4,20,0.039,mg/L,+/- 0.005,,SM4500NH3H,0.005,,,,,93872006,10115677,00608
P155742-7,93872007,93872,Non-WQM,Burn_Herb_B,SW,GP,SAMP,EFIRE,EX,EFIRE,4/21/2025 12:35,,,,0.06,,,,,,,,,,,,,,,,,,,,,,,,5/9/2025 12:50,5/9/2025 12:50,00608,NH4,20,0.03,mg/L,+/- 0.005,,SM4500NH3H,0.005,,,,,93872007,10115689,00608
P155742-8,93872008,93872,Non-WQM,Herbicide_B,SW,GP,SAMP,EFIRE,EX,EFIRE,4/21/2025 12:50,,,,0.05,,,,,,,,,,,,,,,,,,,,,,,,5/9/2025 12:52,5/9/2025 12:52,00608,NH4,20,0.045,mg/L,+/- 0.006,,SM4500NH3H,0.005,,,,,93872008,10115701,00608
P155742-9,93872009,93872,Non-WQM,Herbicide_C,SW,GP,SAMP,EFIRE,EX,EFIRE,4/21/2025 13:05,,,,0.04,,,,,,,,,,,,,,,,,,,,,,,,5/9/2025 12:54,5/9/2025 12:54,00608,NH4,20,0.2,mg/L,+/- 0.012,,SM4500NH3H,0.005,,,,,93872009,10115713,00608
P155742-10,93872010,93872,Non-WQM,Burn_Herb_C,SW,GP,SAMP,EFIRE,EX,EFIRE,4/21/2025 13:20,,,,0.08,,,,,,,,,,,,,,,,,,,,,,,,5/9/2025 12:55,5/9/2025 12:55,00608,NH4,20,0.026,mg/L,+/- 0.005,,SM4500NH3H,0.005,,,,,93872010,10115725,00608
P155742-11,93872011,93872,Non-WQM,Burn_C,SW,GP,SAMP,EFIRE,EX,EFIRE,4/21/2025 13:35,,,,0.08,,,,,,,,,,,,,,,,,,,,,,,,5/9/2025 13:04,5/9/2025 13:04,00608,NH4,20,0.03,mg/L,+/- 0.005,,SM4500NH3H,0.005,,,,,93872011,10115737,00608
P155742-12,93872012,93872,Non-WQM,Untreated_C,SW,GP,SAMP,EFIRE,EX,EFIRE,4/21/2025 13:45,,,,0.05,,,,,,,,,,,,,,,,,,,,,,,,5/9/2025 13:07,5/9/2025 13:07,00608,NH4,20,0.056,mg/L,+/- 0.006,,SM4500NH3H,0.005,,,,,93872012,10115749,00608
P155444-1,93724001,93724,Non-WQM,Untreated_A,SW,GP,SAMP,EFIRE,EX,EFIRE,1/28/2025 10:15,,,,0.19,,,,,,,,,,,,,,,,,,,,,,,,2/18/2025 14:28,2/18/2025 14:28,00608,NH4,20,0.05,mg/L,+/- 0.006,,SM4500NH3H,0.005,,,,,93724001,10013990,00608
P155444-2,93724002,93724,Non-WQM,Herbicide_A,SW,GP,SAMP,EFIRE,EX,EFIRE,1/28/2025 10:50,,,,0.23,,,,,,,,,,,,,,,,,,,,,,,,2/18/2025 14:30,2/18/2025 14:30,00608,NH4,20,0.033,mg/L,+/- 0.005,,SM4500NH3H,0.005,,,,,93724002,10014014,00608
P155444-3,93724003,93724,Non-WQM,Burn_Herb_A,SW,GP,SAMP,EFIRE,EX,EFIRE,1/28/2025 11:11,,,,0.23,,,,,,,,,,,,,,,,,,,,,,,,2/18/2025 14:32,2/18/2025 14:32,00608,NH4,20,0.041,mg/L,+/- 0.005,,SM4500NH3H,0.005,,,,,93724003,10014026,00608
P155444-4,93724004,93724,Non-WQM,Burn_A,SW,GP,SAMP,EFIRE,EX,EFIRE,1/28/2025 11:35,,,,0.17,,,,,,,,,,,,,,,,,,,,,,,,2/18/2025 14:40,2/18/2025 14:40,00608,NH4,20,0.028,mg/L,+/- 0.005,,SM4500NH3H,0.005,,,,,93724004,10014038,00608
P155444-5,93724005,93724,Non-WQM,Untreated_B,SW,GP,SAMP,EFIRE,EX,EFIRE,1/28/2025 12:00,,,,0.16,,,,,,,,,,,,,,,,,,,,,,,,2/18/2025 14:45,2/18/2025 14:45,00608,NH4,20,0.022,mg/L,+/- 0.005,,SM4500NH3H,0.005,,Ash from nearby burn in the air,,,93724005,10014050,00608
P155444-6,93724006,93724,Non-WQM,Burn_B,SW,GP,SAMP,EFIRE,EX,EFIRE,1/28/2025 12:20,,,,0.12,,,,,,,,,,,,,,,,,,,,,,,,2/18/2025 14:47,2/18/2025 14:47,00608,NH4,20,0.02,mg/L,+/- 0.005,,SM4500NH3H,0.005,,,,,93724006,10014062,00608
P155444-7,93724007,93724,Non-WQM,Burn_Herb_B,SW,GP,SAMP,EFIRE,EX,EFIRE,1/28/2025 12:40,,,,0.11,,,,,,,,,,,,,,,,,,,,,,,,2/18/2025 14:49,2/18/2025 14:49,00608,NH4,20,0.023,mg/L,+/- 0.005,,SM4500NH3H,0.005,,,,,93724007,10014074,00608
P155444-8,93724008,93724,Non-WQM,Herbicide_B,SW,GP,SAMP,EFIRE,EX,EFIRE,1/28/2025 12:55,,,,0.09,,,,,,,,,,,,,,,,,,,,,,,,2/18/2025 14:50,2/18/2025 14:50,00608,NH4,20,0.024,mg/L,+/- 0.005,,SM4500NH3H,0.005,,,,,93724008,10014086,00608
P155444-9,93724009,93724,Non-WQM,Herbicide_C,SW,GP,SAMP,EFIRE,EX,EFIRE,1/28/2025 13:15,,,,0.14,,,,,,,,,,,,,,,,,,,,,,,,2/18/2025 14:52,2/18/2025 14:52,00608,NH4,20,0.035,mg/L,+/- 0.005,,SM4500NH3H,0.005,,,,,93724009,10014098,00608
P155444-10,93724010,93724,Non-WQM,Burn_Herb_C,SW,GP,SAMP,EFIRE,EX,EFIRE,1/28/2025 13:32,,,,0.14,,,,,,,,,,,,,,,,,,,,,,,,2/18/2025 14:54,2/18/2025 14:54,00608,NH4,20,0.024,mg/L,+/- 0.005,,SM4500NH3H,0.005,,,,,93724010,10014110,00608
P155444-11,93724011,93724,Non-WQM,Burn_C,SW,GP,SAMP,EFIRE,EX,EFIRE,1/28/2025 13:47,,,,0.12,,,,,,,,,,,,,,,,,,,,,,,,2/18/2025 14:55,2/18/2025 14:55,00608,NH4,20,0.028,mg/L,+/- 0.005,,SM4500NH3H,0.005,,,,,93724011,10014122,00608
P155444-12,93724012,93724,Non-WQM,Untreated_C,SW,GP,SAMP,EFIRE,EX,EFIRE,1/28/2025 14:05,,,,0.2,,,,,,,,,,,,,,,,,,,,,,,,2/18/2025 14:57,2/18/2025 14:57,00608,NH4,20,0.021,mg/L,+/- 0.005,,SM4500NH3H,0.005,,,,,93724012,10014134,00608
P155740-1,93870001,93870,Non-WQM,Untreated_A,SW,GP,SAMP,EFIRE,EX,EFIRE,4/14/2025 10:15,,,,0.09,,,,,,,,,,,,,,,,,,,,,,,,4/16/2025 14:11,4/16/2025 14:11,00608,NH4,20,0.068,mg/L,+/- 0.006,,SM4500NH3H,0.005,,,,,93870001,10105856,00608
P155740-2,93870002,93870,Non-WQM,Herbicide_A,SW,GP,SAMP,EFIRE,EX,EFIRE,4/14/2025 10:40,,,,0.07,,,,,,,,,,,,,,,,,,,,,,,,4/16/2025 14:12,4/16/2025 14:12,00608,NH4,20,0.073,mg/L,+/- 0.006,,SM4500NH3H,0.005,,,,,93870002,10105880,00608
P155740-3,93870003,93870,Non-WQM,Burn_Herb_A,SW,GP,SAMP,EFIRE,EX,EFIRE,4/14/2025 11:00,,,,0.1,,,,,,,,,,,,,,,,,,,,,,,,4/16/2025 14:14,4/16/2025 14:14,00608,NH4,20,0.022,mg/L,+/- 0.005,,SM4500NH3H,0.005,,,,,93870003,10105892,00608
P155740-4,93870004,93870,Non-WQM,Burn_A,SW,GP,SAMP,EFIRE,EX,EFIRE,4/14/2025 11:15,,,,0.06,,,,,,,,,,,,,,,,,,,,,,,,4/16/2025 14:16,4/16/2025 14:16,00608,NH4,20,0.026,mg/L,+/- 0.005,,SM4500NH3H,0.005,,,,,93870004,10105904,00608
P155740-5,93870005,93870,Non-WQM,Untreated_B,SW,GP,SAMP,EFIRE,EX,EFIRE,4/14/2025 11:30,,,,0.04,,,,,,,,,,,,,,,,,,,,,,,,4/16/2025 14:17,4/16/2025 14:17,00608,NH4,20,0.048,mg/L,+/- 0.006,,SM4500NH3H,0.005,,,,,93870005,10105916,00608
P155740-6,93870006,93870,Non-WQM,Burn_B,SW,GP,SAMP,EFIRE,EX,EFIRE,4/14/2025 11:45,,,,0.1,,,,,,,,,,,,,,,,,,,,,,,,4/16/2025 14:19,4/16/2025 14:19,00608,NH4,20,0.014,mg/L,+/- 0.005,,SM4500NH3H,0.005,,,,,93870006,10105928,00608
P155740-7,93870007,93870,Non-WQM,Burn_Herb_B,SW,GP,SAMP,EFIRE,EX,EFIRE,4/14/2025 12:00,,,,0.11,,,,,,,,,,,,,,,,,,,,,,,,4/16/2025 14:21,4/16/2025 14:21,00608,NH4,20,0.027,mg/L,+/- 0.005,,SM4500NH3H,0.005,,,,,93870007,10105940,00608
P155740-8,93870008,93870,Non-WQM,Herbicide_B,SW,GP,SAMP,EFIRE,EX,EFIRE,4/14/2025 12:15,,,,0.03,,,,,,,,,,,,,,,,,,,,,,,,4/16/2025 14:23,4/16/2025 14:23,00608,NH4,20,0.028,mg/L,+/- 0.005,,SM4500NH3H,0.005,,,,,93870008,10105952,00608
P155740-9,93870009,93870,Non-WQM,Herbicide_C,SW,GP,SAMP,EFIRE,EX,EFIRE,4/14/2025 12:30,,,,0.07,,,,,,,,,,,,,,,,,,,,,,,,4/16/2025 14:24,4/16/2025 14:24,00608,NH4,20,0.028,mg/L,+/- 0.005,,SM4500NH3H,0.005,,,,,93870009,10105964,00608
P155740-10,93870010,93870,Non-WQM,Burn_Herb_C,SW,GP,SAMP,EFIRE,EX,EFIRE,4/14/2025 12:45,,,,0.1,,,,,,,,,,,,,,,,,,,,,,,,4/16/2025 14:33,4/16/2025 14:33,00608,NH4,20,0.019,mg/L,+/- 0.005,,SM4500NH3H,0.005,,,,,93870010,10105976,00608
P155740-11,93870011,93870,Non-WQM,Burn_C,SW,GP,SAMP,EFIRE,EX,EFIRE,4/14/2025 13:00,,,,0.09,,,,,,,,,,,,,,,,,,,,,,,,4/16/2025 14:36,4/16/2025 14:36,00608,NH4,20,0.027,mg/L,+/- 0.005,,SM4500NH3H,0.005,,,,,93870011,10105988,00608
P155740-12,93870012,93870,Non-WQM,Untreated_C,SW,GP,SAMP,EFIRE,EX,EFIRE,4/14/2025 13:15,,,,0.08,,,,,,,,,,,,,,,,,,,,,,,,4/16/2025 14:38,4/16/2025 14:38,00608,NH4,20,0.033,mg/L,+/- 0.005,,SM4500NH3H,0.005,,,,,93870012,10106000,00608
P155741-1,93871001,93871,Non-WQM,Untreated_A,SW,GP,SAMP,EFIRE,EX,EFIRE,4/16/2025 10:00,,,,0.04,,,,,,,,,,,,,,,,,,,,,,,,4/18/2025 14:17,4/18/2025 14:17,00608,NH4,20,0.024,mg/L,+/- 0.005,,SM4500NH3H,0.005,,,,,93871001,10111009,00608
P155741-2,93871002,93871,Non-WQM,Herbicide_A,SW,GP,SAMP,EFIRE,EX,EFIRE,4/16/2025 10:30,,,,0.03,,,,,,,,,,,,,,,,,,,,,,,,4/18/2025 14:25,4/18/2025 14:25,00608,NH4,20,0.109,mg/L,+/- 0.008,,SM4500NH3H,0.005,,,,,93871002,10111033,00608
P155741-3,93871003,93871,Non-WQM,Burn_Herb_A,SW,GP,SAMP,EFIRE,EX,EFIRE,4/16/2025 10:50,,,,0.07,,,,,,,,,,,,,,,,,,,,,,,,4/18/2025 14:27,4/18/2025 14:27,00608,NH4,20,0.013,mg/L,+/- 0.005,,SM4500NH3H,0.005,,,,,93871003,10111045,00608
P155741-4,93871004,93871,Non-WQM,Burn_A,SW,GP,SAMP,EFIRE,EX,EFIRE,4/16/2025 11:10,,,,0.06,,,,,,,,,,,,,,,,,,,,,,,,4/18/2025 14:29,4/18/2025 14:29,00608,NH4,20,0.034,mg/L,+/- 0.005,,SM4500NH3H,0.005,,,,,93871004,10111057,00608
P155741-5,93871005,93871,Non-WQM,Untreated_B,SW,GP,SAMP,EFIRE,EX,EFIRE,4/16/2025 11:25,,,,0.03,,,,,,,,,,,,,,,,,,,,,,,,4/18/2025 14:30,4/18/2025 14:30,00608,NH4,20,0.066,mg/L,+/- 0.006,,SM4500NH3H,0.005,,,,,93871005,10111069,00608
P155741-6,93871006,93871,Non-WQM,Burn_B,SW,GP,SAMP,EFIRE,EX,EFIRE,4/16/2025 11:45,,,,0.08,,,,,,,,,,,,,,,,,,,,,,,,4/18/2025 14:32,4/18/2025 14:32,00608,NH4,20,0.021,mg/L,+/- 0.005,,SM4500NH3H,0.005,,,,,93871006,10111081,00608
P155741-7,93871007,93871,Non-WQM,Burn_Herb_B,SW,GP,SAMP,EFIRE,EX,EFIRE,4/16/2025 12:00,,,,0.08,,,,,,,,,,,,,,,,,,,,,,,,4/18/2025 14:34,4/18/2025 14:34,00608,NH4,20,0.023,mg/L,+/- 0.005,,SM4500NH3H,0.005,,,,,93871007,10111093,00608
P155741-8,93871008,93871,Non-WQM,Herbicide_B,SW,GP,SAMP,EFIRE,EX,EFIRE,4/16/2025 12:15,,,,0.02,,,,,,,,,,,,,,,,,,,,,,,,4/18/2025 14:37,4/18/2025 14:37,00608,NH4,20,0.064,mg/L,+/- 0.006,,SM4500NH3H,0.005,,,,,93871008,10111105,00608
P155741-9,93871009,93871,Non-WQM,Herbicide_C,SW,GP,SAMP,EFIRE,EX,EFIRE,4/16/2025 12:40,,,,0.04,,,,,,,,,,,,,,,,,,,,,,,,4/18/2025 14:39,4/18/2025 14:39,00608,NH4,20,0.038,mg/L,+/- 0.005,,SM4500NH3H,0.005,,,,,93871009,10111117,00608
P155741-10,93871010,93871,Non-WQM,Burn_Herb_C,SW,GP,SAMP,EFIRE,EX,EFIRE,4/16/2025 13:00,,,,0.07,,,,,,,,,,,,,,,,,,,,,,,,4/18/2025 14:41,4/18/2025 14:41,00608,NH4,20,0.01,mg/L,+/- 0.005,,SM4500NH3H,0.005,,,,,93871010,10111129,00608
P155741-11,93871011,93871,Non-WQM,Burn_C,SW,GP,SAMP,EFIRE,EX,EFIRE,4/16/2025 13:20,,,,0.08,,,,,,,,,,,,,,,,,,,,,,,,4/18/2025 14:42,4/18/2025 14:42,00608,NH4,20,0.008,mg/L,+/- 0.005,I,SM4500NH3H,0.005,,,,,93871011,10111141,00608
P155741-12,93871012,93871,Non-WQM,Untreated_C,SW,GP,SAMP,EFIRE,EX,EFIRE,4/16/2025 13:35,,,,0.04,,,,,,,,,,,,,,,,,,,,,,,,4/18/2025 14:44,4/18/2025 14:44,00608,NH4,20,0.035,mg/L,+/- 0.005,,SM4500NH3H,0.005,,,,,93871012,10111153,00608
P155443-1,93723001,93723,Non-WQM,Untreated_A,SW,GP,SAMP,EFIRE,EX,EFIRE,12/17/2024 10:00,,,,0.07,,,,,,,,,,,,,,,,,,,,,,,,1/7/2025 15:50,1/7/2025 15:50,00608,NH4,20,0.021,mg/L,+/- 0.005,,SM4500NH3H,0.005,,,,,93723001,9964206,00608
P155443-2,93723002,93723,Non-WQM,Herbicide_A,SW,GP,SAMP,EFIRE,EX,EFIRE,12/17/2024 10:30,,,,0.1,,,,,,,,,,,,,,,,,,,,,,,,1/7/2025 16:07,1/7/2025 16:07,00608,NH4,20,0.021,mg/L,+/- 0.005,,SM4500NH3H,0.005,,,,,93723002,9964230,00608
P155443-3,93723003,93723,Non-WQM,Burn_Herb_A,SW,GP,SAMP,EFIRE,EX,EFIRE,12/17/2024 11:10,,,,0.06,,,,,,,,,,,,,,,,,,,,,,,,1/7/2025 16:25,1/7/2025 16:25,00608,NH4,20,0.018,mg/L,+/- 0.005,,SM4500NH3H,0.005,,,,,93723003,9964242,00608
P155443-4,93723004,93723,Non-WQM,Burn_A,SW,GP,SAMP,EFIRE,EX,EFIRE,12/17/2024 11:30,,,,0.05,,,,,,,,,,,,,,,,,,,,,,,,1/7/2025 16:12,1/7/2025 16:12,00608,NH4,20,0.019,mg/L,+/- 0.005,,SM4500NH3H,0.005,,,,,93723004,9964254,00608
P155443-6,93723006,93723,Non-WQM,Burn_B,SW,GP,SAMP,EFIRE,EX,EFIRE,12/17/2024 11:50,,,,0.06,,,,,,,,,,,,,,,,,,,,,,,,1/7/2025 16:15,1/7/2025 16:15,00608,NH4,20,0.021,mg/L,+/- 0.005,,SM4500NH3H,0.005,,,,,93723006,9964266,00608
P155443-5,93723005,93723,Non-WQM,Untreated_B,SW,GP,SAMP,EFIRE,EX,EFIRE,12/17/2024 12:10,,,,0.09,,,,,,,,,,,,,,,,,,,,,,,,1/7/2025 16:13,1/7/2025 16:13,00608,NH4,20,0.022,mg/L,+/- 0.005,,SM4500NH3H,0.005,,,,,93723005,9964278,00608
P155443-7,93723007,93723,Non-WQM,Burn_Herb_B,SW,GP,SAMP,EFIRE,EX,EFIRE,12/17/2024 12:30,,,,0.08,,,,,,,,,,,,,,,,,,,,,,,,1/7/2025 16:17,1/7/2025 16:17,00608,NH4,20,0.022,mg/L,+/- 0.005,,SM4500NH3H,0.005,,,,,93723007,9964290,00608
P155443-8,93723008,93723,Non-WQM,Herbicide_B,SW,GP,SAMP,EFIRE,EX,EFIRE,12/17/2024 12:45,,,,0.07,,,,,,,,,,,,,,,,,,,,,,,,1/7/2025 16:18,1/7/2025 16:18,00608,NH4,20,0.021,mg/L,+/- 0.005,,SM4500NH3H,0.005,,,,,93723008,9964302,00608
P155443-9,93723009,93723,Non-WQM,Herbicide_C,SW,GP,SAMP,EFIRE,EX,EFIRE,12/17/2024 13:00,,,,0.07,,,,,,,,,,,,,,,,,,,,,,,,1/7/2025 16:20,1/7/2025 16:20,00608,NH4,20,0.018,mg/L,+/- 0.005,,SM4500NH3H,0.005,,,,,93723009,9964314,00608
P155443-10,93723010,93723,Non-WQM,Burn_Herb_C,SW,GP,SAMP,EFIRE,EX,EFIRE,12/17/2024 13:20,,,,0.11,,,,,,,,,,,,,,,,,,,,,,,,1/8/2025 13:32,1/8/2025 13:32,00608,NH4,20,0.028,mg/L,+/- 0.005,,SM4500NH3H,0.005,,,,,93723010,9964326,00608
P155443-11,93723011,93723,Non-WQM,Burn_C,SW,GP,SAMP,EFIRE,EX,EFIRE,12/17/2024 13:30,,,,0.1,,,,,,,,,,,,,,,,,,,,,,,,1/8/2025 13:36,1/8/2025 13:36,00608,NH4,20,0.026,mg/L,+/- 0.005,,SM4500NH3H,0.005,,,,,93723011,9964338,00608
P155443-12,93723012,93723,Non-WQM,Untreated_C,SW,GP,SAMP,EFIRE,EX,EFIRE,12/17/2024 13:50,,,,0.1,,,,,,,,,,,,,,,,,,,,,,,,1/8/2025 13:37,1/8/2025 13:37,00608,NH4,20,0.027,mg/L,+/- 0.005,,SM4500NH3H,0.005,,,,,93723012,9964350,00608
P154830-1,93426001,93426,Non-WQM,Untreated_A,SW,GP,SAMP,EFIRE,EX,EFIRE,11/19/2024 10:00,,,,0.15,,,,,,,,,,,,,,,,,,,,,,,,12/6/2024 14:53,12/6/2024 14:53,00608,NH4,20,0.053,mg/L,+/- 0.006,,SM4500NH3H,0.005,,,,,93426001,9928476,00608
P154830-2,93426002,93426,Non-WQM,Herbicide_A,SW,GP,SAMP,EFIRE,EX,EFIRE,11/19/2024 11:00,,,,0.08,,,,,,,,,,,,,,,,,,,,,,,,12/6/2024 14:54,12/6/2024 14:54,00608,NH4,20,0.033,mg/L,+/- 0.005,,SM4500NH3H,0.005,,,,,93426002,9928500,00608
P154830-3,93426003,93426,Non-WQM,Burn_Herb_A,SW,GP,SAMP,EFIRE,EX,EFIRE,11/19/2024 11:35,,,,0.06,,,,,,,,,,,,,,,,,,,,,,,,12/6/2024 14:56,12/6/2024 14:56,00608,NH4,20,0.023,mg/L,+/- 0.005,,SM4500NH3H,0.005,,,,,93426003,9928512,00608
P154830-4,93426004,93426,Non-WQM,Burn_A,SW,GP,SAMP,EFIRE,EX,EFIRE,11/19/2024 12:20,,,,0.06,,,,,,,,,,,,,,,,,,,,,,,,12/6/2024 15:46,12/6/2024 15:46,00608,NH4,20,0.027,mg/L,+/- 0.005,,SM4500NH3H,0.005,,,,,93426004,9928524,00608
P154830-5,93426005,93426,Non-WQM,Untreated_B,SW,GP,SAMP,EFIRE,EX,EFIRE,11/19/2024 12:50,,,,0.18,,,,,,,,,,,,,,,,,,,,,,,,12/6/2024 15:47,12/6/2024 15:47,00608,NH4,20,0.035,mg/L,+/- 0.005,,SM4500NH3H,0.005,,,,,93426005,9928536,00608
P154830-6,93426006,93426,Non-WQM,Burn_B,SW,GP,SAMP,EFIRE,EX,EFIRE,11/19/2024 13:05,,,,0.15,,,,,,,,,,,,,,,,,,,,,,,,12/6/2024 15:49,12/6/2024 15:49,00608,NH4,20,0.029,mg/L,+/- 0.005,,SM4500NH3H,0.005,,,,,93426006,9928548,00608
P154830-7,93426007,93426,Non-WQM,Burn_Herb_B,SW,GP,SAMP,EFIRE,EX,EFIRE,11/19/2024 13:25,,,,0.18,,,,,,,,,,,,,,,,,,,,,,,,12/6/2024 15:51,12/6/2024 15:51,00608,NH4,20,0.035,mg/L,+/- 0.005,,SM4500NH3H,0.005,,,,,93426007,9928560,00608
P154830-8,93426008,93426,Non-WQM,Herbicide_B,SW,GP,SAMP,EFIRE,EX,EFIRE,11/19/2024 13:30,,,,0.09,,,,,,,,,,,,,,,,,,,,,,,,12/6/2024 15:53,12/6/2024 15:53,00608,NH4,20,0.037,mg/L,+/- 0.005,,SM4500NH3H,0.005,,,,,93426008,9928572,00608
P154830-9,93426009,93426,Non-WQM,Herbicide_C,SW,GP,SAMP,EFIRE,EX,EFIRE,11/19/2024 13:50,,,,0.1,,,,,,,,,,,,,,,,,,,,,,,,12/6/2024 15:54,12/6/2024 15:54,00608,NH4,20,0.047,mg/L,+/- 0.006,,SM4500NH3H,0.005,,,,,93426009,9928584,00608
P154830-10,93426010,93426,Non-WQM,Burn_Herb_C,SW,GP,SAMP,EFIRE,EX,EFIRE,11/19/2024 14:04,,,,0.12,,,,,,,,,,,,,,,,,,,,,,,,12/6/2024 15:56,12/6/2024 15:56,00608,NH4,20,0.026,mg/L,+/- 0.005,,SM4500NH3H,0.005,,,,,93426010,9928596,00608
P154830-11,93426011,93426,Non-WQM,Burn_C,SW,GP,SAMP,EFIRE,EX,EFIRE,11/19/2024 14:20,,,,0.11,,,,,,,,,,,,,,,,,,,,,,,,12/6/2024 15:58,12/6/2024 15:58,00608,NH4,20,0.03,mg/L,+/- 0.005,,SM4500NH3H,0.005,,,,,93426011,9928608,00608
P154830-12,93426012,93426,Non-WQM,Untreated_C,SW,GP,SAMP,EFIRE,EX,EFIRE,11/19/2024 14:30,,,,0.1,,,,,,,,,,,,,,,,,,,,,,,,12/6/2024 15:59,12/6/2024 15:59,00608,NH4,20,0.028,mg/L,+/- 0.005,,SM4500NH3H,0.005,,,,,93426012,9928620,00608
P155439-1,93719001,93719,Non-WQM,Untreated_A,SW,GP,SAMP,EFIRE,EX,EFIRE,2/26/2025 10:05,,,,0.09,,,,,,,,,,,,,,,,,,,,,,,,3/10/2025 11:46,3/10/2025 11:46,00608,NH4,20,0.022,mg/L,+/- 0.005,,SM4500NH3H,0.005,,Ash in the air from nearby burn.,,,93719001,10052410,00608
P155439-2,93719002,93719,Non-WQM,Herbicide_A,SW,GP,SAMP,EFIRE,EX,EFIRE,2/26/2025 10:38,,,,0.09,,,,,,,,,,,,,,,,,,,,,,,,3/10/2025 11:49,3/10/2025 11:49,00608,NH4,20,0.024,mg/L,+/- 0.005,,SM4500NH3H,0.005,,,,,93719002,10052434,00608
P155439-3,93719003,93719,Non-WQM,Burn_Herb_A,SW,GP,SAMP,EFIRE,EX,EFIRE,2/26/2025 11:10,,,,0.07,,,,,,,,,,,,,,,,,,,,,,,,3/10/2025 11:51,3/10/2025 11:51,00608,NH4,20,0.018,mg/L,+/- 0.005,,SM4500NH3H,0.005,,,,,93719003,10052446,00608
P155439-4,93719004,93719,Non-WQM,Burn_A,SW,GP,SAMP,EFIRE,EX,EFIRE,2/26/2025 11:33,,,,0.08,,,,,,,,,,,,,,,,,,,,,,,,3/10/2025 11:52,3/10/2025 11:52,00608,NH4,20,0.019,mg/L,+/- 0.005,,SM4500NH3H,0.005,,,,,93719004,10052458,00608
P155439-5,93719005,93719,Non-WQM,Untreated_B,SW,GP,SAMP,EFIRE,EX,EFIRE,2/26/2025 12:03,,,,0.06,,,,,,,,,,,,,,,,,,,,,,,,3/10/2025 11:54,3/10/2025 11:54,00608,NH4,20,0.021,mg/L,+/- 0.005,,SM4500NH3H,0.005,,,,,93719005,10052470,00608
P155439-6,93719006,93719,Non-WQM,Burn_B,SW,GP,SAMP,EFIRE,EX,EFIRE,2/26/2025 12:20,,,,0.11,,,,,,,,,,,,,,,,,,,,,,,,3/10/2025 11:56,3/10/2025 11:56,00608,NH4,20,0.024,mg/L,+/- 0.005,,SM4500NH3H,0.005,,,,,93719006,10052482,00608
P155439-7,93719007,93719,Non-WQM,Burn_Herb_B,SW,GP,SAMP,EFIRE,EX,EFIRE,2/26/2025 12:35,,,,0.12,,,,,,,,,,,,,,,,,,,,,,,,3/10/2025 11:57,3/10/2025 11:57,00608,NH4,20,0.023,mg/L,+/- 0.005,,SM4500NH3H,0.005,,,,,93719007,10052494,00608
P155439-8,93719008,93719,Non-WQM,Herbicide_B,SW,GP,SAMP,EFIRE,EX,EFIRE,2/26/2025 12:50,,,,0.1,,,,,,,,,,,,,,,,,,,,,,,,3/10/2025 11:59,3/10/2025 11:59,00608,NH4,20,0.023,mg/L,+/- 0.005,,SM4500NH3H,0.005,,,,,93719008,10052506,00608
P155439-9,93719009,93719,Non-WQM,Herbicide_C,SW,GP,SAMP,EFIRE,EX,EFIRE,2/26/2025 13:06,,,,0.1,,,,,,,,,,,,,,,,,,,,,,,,3/10/2025 12:01,3/10/2025 12:01,00608,NH4,20,0.018,mg/L,+/- 0.005,,SM4500NH3H,0.005,,,,,93719009,10052518,00608
P155439-10,93719010,93719,Non-WQM,Burn_Herb_C,SW,GP,SAMP,EFIRE,EX,EFIRE,2/26/2025 13:21,,,,0.15,,,,,,,,,,,,,,,,,,,,,,,,3/10/2025 12:02,3/10/2025 12:02,00608,NH4,20,0.022,mg/L,+/- 0.005,,SM4500NH3H,0.005,,,,,93719010,10052530,00608
P155439-11,93719011,93719,Non-WQM,Burn_C,SW,GP,SAMP,EFIRE,EX,EFIRE,2/26/2025 13:35,,,,0.14,,,,,,,,,,,,,,,,,,,,,,,,3/10/2025 12:13,3/10/2025 12:13,00608,NH4,20,0.026,mg/L,+/- 0.005,,SM4500NH3H,0.005,,,,,93719011,10052542,00608
P155439-12,93719012,93719,Non-WQM,Untreated_C,SW,GP,SAMP,EFIRE,EX,EFIRE,2/26/2025 13:50,,,,0.11,,,,,,,,,,,,,,,,,,,,,,,,3/10/2025 12:16,3/10/2025 12:16,00608,NH4,20,0.027,mg/L,+/- 0.005,,SM4500NH3H,0.005,,,,,93719012,10052554,00608
P155442-1,93722001,93722,Non-WQM,Untreated_A,SW,GP,SAMP,EFIRE,EX,EFIRE,4/11/2025 10:20,,,,0.09,,,,,,,,,,,,,,,,,,,,,,,,4/16/2025 13:14,4/16/2025 13:14,00608,NH4,20,0.073,mg/L,+/- 0.006,,SM4500NH3H,0.005,,,,,93722001,10103920,00608
P155442-2,93722002,93722,Non-WQM,Herbicide_A,SW,GP,SAMP,EFIRE,EX,EFIRE,4/11/2025 10:48,,,,0.06,,,,,,,,,,,,,,,,,,,,,,,,4/16/2025 13:16,4/16/2025 13:16,00608,NH4,20,0.151,mg/L,+/- 0.009,,SM4500NH3H,0.005,,,,,93722002,10103944,00608
P155442-3,93722003,93722,Non-WQM,Burn_Herb_A,SW,GP,SAMP,EFIRE,EX,EFIRE,4/11/2025 11:05,,,,0.09,,,,,,,,,,,,,,,,,,,,,,,,4/16/2025 13:18,4/16/2025 13:18,00608,NH4,20,0.046,mg/L,+/- 0.006,,SM4500NH3H,0.005,,,,,93722003,10103956,00608
P155442-4,93722004,93722,Non-WQM,Burn_A,SW,GP,SAMP,EFIRE,EX,EFIRE,4/11/2025 11:25,,,,0.06,,,,,,,,,,,,,,,,,,,,,,,,4/16/2025 13:19,4/16/2025 13:19,00608,NH4,20,0.017,mg/L,+/- 0.005,,SM4500NH3H,0.005,,,,,93722004,10103968,00608
P155442-5,93722005,93722,Non-WQM,Untreated_B,SW,GP,SAMP,EFIRE,EX,EFIRE,4/11/2025 11:50,,,,0.09,,,,,,,,,,,,,,,,,,,,,,,,4/16/2025 13:21,4/16/2025 13:21,00608,NH4,20,0.022,mg/L,+/- 0.005,,SM4500NH3H,0.005,,,,,93722005,10103980,00608
P155442-6,93722006,93722,Non-WQM,Burn_B,SW,GP,SAMP,EFIRE,EX,EFIRE,4/11/2025 12:10,,,,0.1,,,,,,,,,,,,,,,,,,,,,,,,4/16/2025 13:25,4/16/2025 13:25,00608,NH4,20,0.031,mg/L,+/- 0.005,,SM4500NH3H,0.005,,,,,93722006,10103992,00608
P155442-7,93722007,93722,Non-WQM,Burn_Herb_B,SW,GP,SAMP,EFIRE,EX,EFIRE,4/11/2025 12:25,,,,0.08,,,,,,,,,,,,,,,,,,,,,,,,4/16/2025 13:26,4/16/2025 13:26,00608,NH4,20,0.034,mg/L,+/- 0.005,,SM4500NH3H,0.005,,,,,93722007,10104004,00608
P155442-8,93722008,93722,Non-WQM,Herbicide_B,SW,GP,SAMP,EFIRE,EX,EFIRE,4/11/2025 12:45,,,,0.08,,,,,,,,,,,,,,,,,,,,,,,,4/16/2025 13:28,4/16/2025 13:28,00608,NH4,20,0.036,mg/L,+/- 0.005,,SM4500NH3H,0.005,,,,,93722008,10104016,00608
P155442-9,93722009,93722,Non-WQM,Herbicide_C,SW,GP,SAMP,EFIRE,EX,EFIRE,4/11/2025 13:00,,,,0.08,,,,,,,,,,,,,,,,,,,,,,,,4/16/2025 13:30,4/16/2025 13:30,00608,NH4,20,0.013,mg/L,+/- 0.005,,SM4500NH3H,0.005,,,,,93722009,10104028,00608
P155442-10,93722010,93722,Non-WQM,Burn_Herb_C,SW,GP,SAMP,EFIRE,EX,EFIRE,4/11/2025 13:20,,,,0.11,,,,,,,,,,,,,,,,,,,,,,,,4/16/2025 13:31,4/16/2025 13:31,00608,NH4,20,0.034,mg/L,+/- 0.005,,SM4500NH3H,0.005,,,,,93722010,10104040,00608
P155442-11,93722011,93722,Non-WQM,Burn_C,SW,GP,SAMP,EFIRE,EX,EFIRE,4/11/2025 13:35,,,,0.05,,,,,,,,,,,,,,,,,,,,,,,,4/16/2025 13:33,4/16/2025 13:33,00608,NH4,20,0.034,mg/L,+/- 0.005,,SM4500NH3H,0.005,,,,,93722011,10104052,00608
P155442-12,93722012,93722,Non-WQM,Untreated_C,SW,GP,SAMP,EFIRE,EX,EFIRE,4/11/2025 13:55,,,,0.11,,,,,,,,,,,,,,,,,,,,,,,,4/16/2025 13:35,4/16/2025 13:35,00608,NH4,20,0.03,mg/L,+/- 0.005,,SM4500NH3H,0.005,,,,,93722012,10104064,00608
P155441-13,93721013,93721,Non-WQM,Untreated_A,DI,GP,FCEB,EFIRE,EX,EFIRE,4/10/2025 15:50,,,,,,,,,,,,,,,,,,,,,,,,,,,,4/16/2025 12:52,4/16/2025 12:52,00608,NH4,20,0.005,mg/L,+/- 0.005,U,SM4500NH3H,0.005,,,,,93721013,10103146,00608
P155440-13,93720013,93720,Non-WQM,Untreated_A,DI,GP,FCEB,EFIRE,EX,EFIRE,3/25/2025 10:07,,,,,,,,,,,,,,,,,,,,,,,,,,,,4/8/2025 13:28,4/8/2025 13:28,00608,NH4,20,0.005,mg/L,+/- 0.005,U,SM4500NH3H,0.005,,"DI 8186 through peristaltic pump tubing to bucket to sample bottles. Tray Flyers, bucket Kracker, filter lot 18197628, SA lot 072328.",,,93720013,10084956,00608
P155742-13,93872013,93872,Non-WQM,Untreated_A,DI,GP,FCEB,EFIRE,EX,EFIRE,4/21/2025 10:10,,,,,,,,,,,,,,,,,,,,,,,,,,,,5/9/2025 13:09,5/9/2025 13:09,00608,NH4,20,0.005,mg/L,+/- 0.005,U,SM4500NH3H,0.005,,"DI 8166 through peristaltic pump tubing to bucket to sample bottles. Bucket Scooter, Tray Sheba, filter 17866092, SA 072823.",,,93872013,10115617,00608
P155444-13,93724013,93724,Non-WQM,Untreated_A,DI,GP,FCEB,EFIRE,EX,EFIRE,1/28/2025 10:30,,,,,,,,,,,,,,,,,,,,,,,,,,,,2/18/2025 14:44,2/18/2025 14:44,00608,NH4,20,0.005,mg/L,+/- 0.005,U,SM4500NH3H,0.005,,"DI 8174 through peristaltic pump tubing to bucket to sample bottles. Bucket Dexter, tray Wild Bill, SA lot 072823, filter lot 81724837.",,,93724013,10014002,00608
P155740-13,93870013,93870,Non-WQM,Untreated_A,DI,GP,FCEB,EFIRE,EX,EFIRE,4/14/2025 10:30,,,,,,,,,,,,,,,,,,,,,,,,,,,,4/16/2025 14:40,4/16/2025 14:40,00608,NH4,20,0.005,mg/L,+/- 0.005,U,SM4500NH3H,0.005,,"DI 8216 through peristaltic pump to bucket. Tray Sheba, Bucket Scooter, filter 18278596, SA lot 072823.",,,93870013,10105868,00608
P155741-13,93871013,93871,Non-WQM,Untreated_A,DI,GP,FCEB,EFIRE,EX,EFIRE,4/16/2025 10:10,,,,,,,,,,,,,,,,,,,,,,,,,,,,4/18/2025 14:46,4/18/2025 14:46,00608,NH4,20,0.005,mg/L,+/- 0.005,U,SM4500NH3H,0.005,,"DI 8213 through peristaltic pump tubing to bucket to sample bottles. Bucket Scooter, Tray ELC 11, SA 072823, filter 18181938.",,,93871013,10111021,00608
P155443-13,93723013,93723,Non-WQM,Untreated_A,DI,GP,FCEB,EFIRE,EX,EFIRE,12/17/2024 10:15,,,,,,,,,,,,,,,,,,,,,,,,,,,,1/8/2025 13:39,1/8/2025 13:39,00608,NH4,20,0.005,mg/L,+/- 0.005,U,SM4500NH3H,0.005,,"DI 8075 through peristaltic pump tubing to bucket to sample bottles. Tray Orange, Bucket Dexter, Acid lot 072823, Filter lot 18197628.",,,93723013,9964218,00608
P154830-13,93426013,93426,Non-WQM,Untreated_A,DI,GP,FCEB,EFIRE,EX,EFIRE,11/19/2024 10:30,,,,,,,,,,,,,,,,,,,,,,,,,,,,12/6/2024 16:10,12/6/2024 16:10,00608,NH4,20,0.005,mg/L,+/- 0.005,U,SM4500NH3H,0.005,,"DI 8103 through peristaltic pump tubing to bucket to sample bottles. H2SO4 lot 072823, filter lot 17879938. Bucket- Maggie, Tray- Flyers.",,,93426013,9928488,00608
P155439-13,93719013,93719,Non-WQM,Untreated_A,DI,GP,FCEB,EFIRE,EX,EFIRE,2/26/2025 10:20,,,,,,,,,,,,,,,,,,,,,,,,,,,,3/10/2025 12:04,3/10/2025 12:04,00608,NH4,20,0.005,mg/L,+/- 0.005,U,SM4500NH3H,0.005,,"DI 8174 through peristaltic pump tubing to bucket to sample bottles. Tray 3, bucket Chimichanga, filter G8825136, SA 072823. Ash in the air from nearby burn.",,,93719013,10052422,00608
P155442-13,93722013,93722,Non-WQM,Untreated_A,DI,GP,FCEB,EFIRE,EX,EFIRE,4/11/2025 10:30,,,,,,,,,,,,,,,,,,,,,,,,,,,,4/16/2025 13:37,4/16/2025 13:37,00608,NH4,20,0.005,mg/L,+/- 0.005,U,SM4500NH3H,0.005,,"DI 8229 through peristaltic pump to bucket to sample bottles. Tray Rocky, bucket Nantucket, SA 072823, filter 18278596.",,,93722013,10103932,00608
P157646-2,94825002,94825,Non-WQM,Untreated_A,SO,COR,SAMP,EFIRE,EX,EFIRE,4/15/2025 10:05,,,,,,5,22,,,,17,,,,,,,,,,,,,,,,,5/19/2025 9:30,5/16/2025 14:47,00668,TP-SOL,101,584,mg/Kg,+/- 47.5,,SM4500PF,19.8,,1189.6 g wet weight,,,94825002,10112270,00668
P157646-4,94825004,94825,Non-WQM,Untreated_A,SO,COR,SAMP,EFIRE,EX,EFIRE,4/15/2025 10:15,,,,,,5,19,,,,14,,,,,,,,,,,,,,,,,5/19/2025 9:34,5/16/2025 14:47,00668,TP-SOL,101,375,mg/Kg,+/- 34.2,,SM4500PF,20,,1359.88g wet weight,,,94825004,10112286,00668
P157646-6,94825006,94825,Non-WQM,Untreated_A,SO,COR,SAMP,EFIRE,EX,EFIRE,4/15/2025 10:25,,,,,,4,16,,,,12,,,,,,,,,,,,,,,,,5/19/2025 9:39,5/16/2025 14:47,00668,TP-SOL,101,363,mg/Kg,+/- 33.3,,SM4500PF,19.7,,727.88g wet weight,,,94825006,10112302,00668
P157646-8,94825008,94825,Non-WQM,Herbicide_A,SO,COR,SAMP,EFIRE,EX,EFIRE,4/15/2025 11:05,,,,,,5,20,,,,15,,,,,,,,,,,,,,,,,5/19/2025 9:43,5/16/2025 14:47,00668,TP-SOL,101,485,mg/Kg,+/- 40.9,,SM4500PF,19.7,,1081.88g wet weight,,,94825008,10112318,00668
P157646-10,94825010,94825,Non-WQM,Herbicide_A,SO,COR,SAMP,EFIRE,EX,EFIRE,4/15/2025 11:15,,,,,,9,29,,,,20,,,,,,,,,,,,,,,,,5/19/2025 9:49,5/16/2025 14:47,00668,TP-SOL,101,577,mg/Kg,+/- 46.9,,SM4500PF,19.4,,1512.88g wet weight,,,94825010,10112334,00668
P157646-12,94825012,94825,Non-WQM,Herbicide_A,SO,COR,SAMP,EFIRE,EX,EFIRE,4/15/2025 11:25,,,,,,8,26,,,,18,,,,,,,,,,,,,,,,,5/19/2025 9:53,5/16/2025 14:47,00668,TP-SOL,101,651,mg/Kg,+/- 51.9,,SM4500PF,19.4,,1307.88g wet weight,,,94825012,10112350,00668
P157646-14,94825014,94825,Non-WQM,Burn_Herb_A,SO,COR,SAMP,EFIRE,EX,EFIRE,4/15/2025 12:05,,,,,,4,23,,,,19,,,,,,,,,,,,,,,,,5/19/2025 9:58,5/16/2025 14:47,00668,TP-SOL,101,325,mg/Kg,+/- 31.3,,SM4500PF,20.1,,1372.88g wet weight,,,94825014,10112366,00668
P157646-16,94825016,94825,Non-WQM,Burn_Herb_A,SO,COR,SAMP,EFIRE,EX,EFIRE,4/15/2025 12:15,,,,,,5,25,,,,20,,,,,,,,,,,,,,,,,5/19/2025 10:02,5/16/2025 14:47,00668,TP-SOL,101,466,mg/Kg,+/- 39.8,,SM4500PF,19.8,,1470.88g wet weight,,,94825016,10112382,00668
P157646-18,94825018,94825,Non-WQM,Burn_Herb_A,SO,COR,SAMP,EFIRE,EX,EFIRE,4/15/2025 12:25,,,,,,3,21,,,,18,,,,,,,,,,,,,,,,,5/19/2025 10:06,5/16/2025 14:47,00668,TP-SOL,101,452,mg/Kg,+/- 38.8,,SM4500PF,19.6,,1373.88g wet weight. rehydrated due to leak in the core.,,,94825018,10112398,00668
P157646-20,94825020,94825,Non-WQM,Burn_A,SO,COR,SAMP,EFIRE,EX,EFIRE,4/15/2025 13:05,,,,,,5,16,,,,11,,,,,,,,,,,,,,,,,5/19/2025 10:21,5/16/2025 14:47,00668,TP-SOL,101,605,mg/Kg,+/- 48.8,,SM4500PF,19.4,,876.88g wet weight,,,94825020,10112414,00668
P157646-22,94825022,94825,Non-WQM,Burn_A,SO,COR,SAMP,EFIRE,EX,EFIRE,4/15/2025 13:15,,,,,,4,23,,,,19,,,,,,,,,,,,,,,,,5/19/2025 10:27,5/16/2025 14:47,00668,TP-SOL,101,521,mg/Kg,+/- 43.1,,SM4500PF,19.3,,1389.88g wet weight,,,94825022,10112430,00668
P157646-24,94825024,94825,Non-WQM,Burn_A,SO,COR,SAMP,EFIRE,EX,EFIRE,4/15/2025 13:20,,,,,,5,19,,,,14,,,,,,,,,,,,,,,,,5/19/2025 10:32,5/16/2025 14:47,00668,TP-SOL,101,517,mg/Kg,+/- 42.9,,SM4500PF,19.4,,1020.88g wet weight,,,94825024,10112446,00668
P154832-2,93428002,93428,Non-WQM,Untreated_A,SO,COR,SAMP,EFIRE,EX,EFIRE,1/16/2025 9:20,,,,,,6,21,,,,15,,,,,,,,,,,,,,,,,3/7/2025 9:07,3/6/2025 6:27,00668,TP-SOL,101,364,mg/Kg,+/- 33.2,,SM4500PF,19.5,,Wet weight 1186.8 g,,,93428002,9998276,00668
P154832-4,93428004,93428,Non-WQM,Untreated_A,SO,COR,SAMP,EFIRE,EX,EFIRE,1/16/2025 10:05,,,,,,8,21,,,,13,,,,,,,,,,,,,,,,,3/7/2025 9:12,3/6/2025 6:27,00668,TP-SOL,101,475,mg/Kg,+/- 40.3,,SM4500PF,19.8,,Wet weight 871.0 g,,,93428004,9998292,00668
P154832-6,93428006,93428,Non-WQM,Untreated_A,SO,COR,SAMP,EFIRE,EX,EFIRE,1/16/2025 10:25,,,,,,13,24,,,,11,,,,,,,,,,,,,,,,,3/7/2025 9:16,3/6/2025 6:27,00668,TP-SOL,101,339,mg/Kg,+/- 31.7,,SM4500PF,19.4,,Wet weight 873.8 g,,,93428006,9998308,00668
P154832-8,93428008,93428,Non-WQM,Herbicide_A,SO,COR,SAMP,EFIRE,EX,EFIRE,1/16/2025 10:40,,,,,,15,27,,,,12,,,,,,,,,,,,,,,,,3/7/2025 9:20,3/6/2025 6:27,00668,TP-SOL,101,335,mg/Kg,+/- 31.8,,SM4500PF,20,,Wet weight 1003.5,,,93428008,9998324,00668
P154832-10,93428010,93428,Non-WQM,Herbicide_A,SO,COR,SAMP,EFIRE,EX,EFIRE,1/16/2025 10:55,,,,,,12,22,,,,10,,,,,,,,,,,,,,,,,3/7/2025 9:27,3/6/2025 6:27,00668,TP-SOL,101,544,mg/Kg,+/- 44.9,,SM4500PF,19.9,,Wet weight 673.8 g,,,93428010,9998340,00668
P154832-12,93428012,93428,Non-WQM,Herbicide_A,SO,COR,SAMP,EFIRE,EX,EFIRE,1/16/2025 11:10,,,,,,8,18,,,,10,,,,,,,,,,,,,,,,,3/7/2025 9:31,3/6/2025 6:27,00668,TP-SOL,101,1549,mg/Kg,+/- 116,,SM4500PF,19.9,,Wet weight 778.1,,,93428012,9998356,00668
P154832-14,93428014,93428,Non-WQM,Burn_Herb_A,SO,COR,SAMP,EFIRE,EX,EFIRE,1/16/2025 11:30,,,,,,4,12,,,,8,,,,,,,,,,,,,,,,,3/7/2025 9:35,3/6/2025 6:27,00668,TP-SOL,101,1044,mg/Kg,+/- 79.7,,SM4500PF,19.6,,Wet weight 573.6,,,93428014,9998372,00668
P154832-16,93428016,93428,Non-WQM,Burn_Herb_A,SO,COR,SAMP,EFIRE,EX,EFIRE,1/16/2025 11:50,,,,,,7,17,,,,10,,,,,,,,,,,,,,,,,3/7/2025 9:39,3/6/2025 6:27,00668,TP-SOL,101,1478,mg/Kg,+/- 111,,SM4500PF,20.1,,Wet weight 631.1 g,,,93428016,9998388,00668
P154832-18,93428018,93428,Non-WQM,Burn_Herb_A,SO,COR,SAMP,EFIRE,EX,EFIRE,1/16/2025 12:05,,,,,,5,14,,,,9,,,,,,,,,,,,,,,,,3/7/2025 9:43,3/6/2025 6:27,00668,TP-SOL,101,1029,mg/Kg,+/- 78.7,,SM4500PF,19.8,,Wet weight 622.9,,,93428018,9998404,00668
P154832-20,93428020,93428,Non-WQM,Burn_A,SO,COR,SAMP,EFIRE,EX,EFIRE,1/16/2025 12:15,,,,,,7,15,,,,8,,,,,,,,,,,,,,,,,3/7/2025 9:58,3/6/2025 6:27,00668,TP-SOL,101,975,mg/Kg,+/- 74.8,,SM4500PF,19.8,,Wet weight 477.8g,,,93428020,9998420,00668
P154832-22,93428022,93428,Non-WQM,Burn_A,SO,COR,SAMP,EFIRE,EX,EFIRE,1/16/2025 12:25,,,,,,6,17,,,,11,,,,,,,,,,,,,,,,,3/7/2025 10:03,3/6/2025 6:27,00668,TP-SOL,101,1157,mg/Kg,+/- 88.0,,SM4500PF,20.2,,Wet weight 717.8,,,93428022,9998436,00668
P154832-24,93428024,93428,Non-WQM,Burn_A,SO,COR,SAMP,EFIRE,EX,EFIRE,1/16/2025 12:35,,,,,,5,15,,,,10,,,,,,,,,,,,,,,,,3/7/2025 10:07,3/6/2025 6:27,00668,TP-SOL,101,1400,mg/Kg,+/- 105,,SM4500PF,19.8,,Wet weight 641.4 g,,,93428024,9998452,00668
P157646-1,94825001,94825,Non-WQM,Untreated_A,FLOC,COR,SAMP,EFIRE,EX,EFIRE,4/15/2025 10:00,,,,,,0,5,,,,5,,,,,,,,,,,,,,,,,5/19/2025 9:28,5/16/2025 14:47,00668,TP-SOL,101,1096,mg/Kg,+/- 83.5,,SM4500PF,20,,Wet Weight 329.6g,,,94825001,10112262,00668
P157646-3,94825003,94825,Non-WQM,Untreated_A,FLOC,COR,SAMP,EFIRE,EX,EFIRE,4/15/2025 10:10,,,,,,0,5,,,,5,,,,,,,,,,,,,,,,,5/19/2025 9:32,5/16/2025 14:47,00668,TP-SOL,101,1650,mg/Kg,+/- 124,,SM4500PF,20.1,,232.1g wet weight,,,94825003,10112278,00668
P157646-5,94825005,94825,Non-WQM,Untreated_A,FLOC,COR,SAMP,EFIRE,EX,EFIRE,4/15/2025 10:20,,,,,,0,4,,,,4,,,,,,,,,,,,,,,,,5/19/2025 9:36,5/16/2025 14:47,00668,TP-SOL,101,1459,mg/Kg,+/- 110,,SM4500PF,19.6,,248.5g wet weight,,,94825005,10112294,00668
P157646-7,94825007,94825,Non-WQM,Herbicide_A,FLOC,COR,SAMP,EFIRE,EX,EFIRE,4/15/2025 11:00,,,,,,0,5,,,,5,,,,,,,,,,,,,,,,,5/19/2025 9:41,5/16/2025 14:47,00668,TP-SOL,101,1365,mg/Kg,+/- 103,,SM4500PF,19.9,,321.6g wet weight,,,94825007,10112310,00668
P157646-9,94825009,94825,Non-WQM,Herbicide_A,FLOC,COR,SAMP,EFIRE,EX,EFIRE,4/15/2025 11:10,,,,,,0,9,,,,9,,,,,,,,,,,,,,,,,5/19/2025 9:45,5/16/2025 14:47,00668,TP-SOL,101,1798,mg/Kg,+/- 134,,SM4500PF,19.7,,567.1g wet weight,,,94825009,10112326,00668
P157646-11,94825011,94825,Non-WQM,Herbicide_A,FLOC,COR,SAMP,EFIRE,EX,EFIRE,4/15/2025 11:20,,,,,,0,8,,,,8,,,,,,,,,,,,,,,,,5/19/2025 9:51,5/16/2025 14:47,00668,TP-SOL,101,1916,mg/Kg,+/- 143,,SM4500PF,19.8,,537.8g wet weight,,,94825011,10112342,00668
P157646-13,94825013,94825,Non-WQM,Burn_Herb_A,FLOC,COR,SAMP,EFIRE,EX,EFIRE,4/15/2025 12:00,,,,,,0,4,,,,4,,,,,,,,,,,,,,,,,5/19/2025 9:56,5/16/2025 14:47,00668,TP-SOL,101,1328,mg/Kg,+/- 100,,SM4500PF,19.4,,256.5g wet weight,,,94825013,10112358,00668
P157646-15,94825015,94825,Non-WQM,Burn_Herb_A,FLOC,COR,SAMP,EFIRE,EX,EFIRE,4/15/2025 12:10,,,,,,0,5,,,,5,,,,,,,,,,,,,,,,,5/19/2025 10:00,5/16/2025 14:47,00668,TP-SOL,101,1661,mg/Kg,+/- 124,,SM4500PF,20,,264.4g wet weight,,,94825015,10112374,00668
P157646-17,94825017,94825,Non-WQM,Burn_Herb_A,FLOC,COR,SAMP,EFIRE,EX,EFIRE,4/15/2025 12:20,,,,,,0,3,,,,3,,,,,,,,,,,,,,,,,5/19/2025 10:04,5/16/2025 14:47,00668,TP-SOL,101,1387,mg/Kg,+/- 104,,SM4500PF,20.1,,214.3g wet weight. Sample was rehydrated due to a leak in the core.,,,94825017,10112390,00668
P157646-19,94825019,94825,Non-WQM,Burn_A,FLOC,COR,SAMP,EFIRE,EX,EFIRE,4/15/2025 13:00,,,,,,0,5,,,,5,,,,,,,,,,,,,,,,,5/19/2025 10:08,5/16/2025 14:47,00668,TP-SOL,101,1630,mg/Kg,+/- 122,,SM4500PF,20.6,,292.0g wet weight,,,94825019,10112406,00668
P157646-21,94825021,94825,Non-WQM,Burn_A,FLOC,COR,SAMP,EFIRE,EX,EFIRE,4/15/2025 13:10,,,,,,0,4,,,,4,,,,,,,,,,,,,,,,,5/19/2025 10:25,5/16/2025 14:47,00668,TP-SOL,101,1574,mg/Kg,+/- 118,,SM4500PF,19.5,,284.7g wet weight,,,94825021,10112422,00668
P157646-23,94825023,94825,Non-WQM,Burn_A,FLOC,COR,SAMP,EFIRE,EX,EFIRE,4/15/2025 13:15,,,,,,0,5,,,,5,,,,,,,,,,,,,,,,,5/19/2025 10:30,5/16/2025 14:47,00668,TP-SOL,101,1472,mg/Kg,+/- 111,,SM4500PF,19.2,,242.0g wet weight,,,94825023,10112438,00668
P154832-1,93428001,93428,Non-WQM,Untreated_A,FLOC,COR,SAMP,EFIRE,EX,EFIRE,1/16/2025 9:15,,,,,,0,6,,,,6,,,,,,,,,,,,,,,,,3/7/2025 8:59,3/6/2025 6:27,00668,TP-SOL,101,1315,mg/Kg,+/- 99.3,,SM4500PF,19.8,,Wet weight 222.2g,,,93428001,9998268,00668
P154832-3,93428003,93428,Non-WQM,Untreated_A,FLOC,COR,SAMP,EFIRE,EX,EFIRE,1/16/2025 10:00,,,,,,0,8,,,,8,,,,,,,,,,,,,,,,,3/7/2025 9:10,3/6/2025 6:27,00668,TP-SOL,101,1964,mg/Kg,+/- 147,,SM4500PF,19.5,,Wet weight 257.5 g,,,93428003,9998284,00668
P154832-5,93428005,93428,Non-WQM,Untreated_A,FLOC,COR,SAMP,EFIRE,EX,EFIRE,1/16/2025 10:20,,,,,,0,13,,,,13,,,,,,,,,,,,,,,,,3/7/2025 9:14,3/6/2025 6:27,00668,TP-SOL,101,978,mg/Kg,+/- 75.1,,SM4500PF,20.2,,Wet weight 552.8 g,,,93428005,9998300,00668
P154832-7,93428007,93428,Non-WQM,Herbicide_A,FLOC,COR,SAMP,EFIRE,EX,EFIRE,1/16/2025 10:35,,,,,,0,15,,,,15,,,,,,,,,,,,,,,,,3/7/2025 9:18,3/6/2025 6:27,00668,TP-SOL,101,942,mg/Kg,+/- 72.6,,SM4500PF,20.2,,Wet weight 499.2,,,93428007,9998316,00668
P154832-9,93428009,93428,Non-WQM,Herbicide_A,FLOC,COR,SAMP,EFIRE,EX,EFIRE,1/16/2025 10:50,,,,,,0,12,,,,12,,,,,,,,,,,,,,,,,3/7/2025 9:24,3/6/2025 6:27,00668,TP-SOL,101,1105,mg/Kg,+/- 84.1,,SM4500PF,19.8,,Wet weight 356.8,,,93428009,9998332,00668
P154832-11,93428011,93428,Non-WQM,Herbicide_A,FLOC,COR,SAMP,EFIRE,EX,EFIRE,1/16/2025 11:05,,,,,,0,8,,,,8,,,,,,,,,,,,,,,,,3/7/2025 9:29,3/6/2025 6:27,00668,TP-SOL,101,530,mg/Kg,+/- 44.0,,SM4500PF,20,,Wet weight 473.3 g,,,93428011,9998348,00668
P154832-13,93428013,93428,Non-WQM,Burn_Herb_A,FLOC,COR,SAMP,EFIRE,EX,EFIRE,1/16/2025 11:25,,,,,,0,4,,,,4,,,,,,,,,,,,,,,,,3/7/2025 9:33,3/6/2025 6:27,00668,TP-SOL,101,1580,mg/Kg,+/- 119,,SM4500PF,20,,Wet weight 180.4 g,,,93428013,9998364,00668
P154832-15,93428015,93428,Non-WQM,Burn_Herb_A,FLOC,COR,SAMP,EFIRE,EX,EFIRE,1/16/2025 11:45,,,,,,0,7,,,,7,,,,,,,,,,,,,,,,,3/7/2025 9:37,3/6/2025 6:27,00668,TP-SOL,101,1355,mg/Kg,+/- 102,,SM4500PF,20.1,,Wet weight 314.1 g,,,93428015,9998380,00668
P154832-17,93428017,93428,Non-WQM,Burn_Herb_A,FLOC,COR,SAMP,EFIRE,EX,EFIRE,1/16/2025 12:00,,,,,,0,5,,,,5,,,,,,,,,,,,,,,,,3/7/2025 9:41,3/6/2025 6:27,00668,TP-SOL,101,1296,mg/Kg,+/- 97.9,,SM4500PF,19.7,,Wet weight 222.8,,,93428017,9998396,00668
P154832-19,93428019,93428,Non-WQM,Burn_A,FLOC,COR,SAMP,EFIRE,EX,EFIRE,1/16/2025 12:10,,,,,,0,7,,,,7,,,,,,,,,,,,,,,,,3/7/2025 9:54,3/6/2025 6:27,00668,TP-SOL,101,1480,mg/Kg,+/- 111,,SM4500PF,20,,Wet weight 270.0 g,,,93428019,9998412,00668
P154832-21,93428021,93428,Non-WQM,Burn_A,FLOC,COR,SAMP,EFIRE,EX,EFIRE,1/16/2025 12:20,,,,,,0,6,,,,6,,,,,,,,,,,,,,,,,3/7/2025 10:01,3/6/2025 6:27,00668,TP-SOL,101,1431,mg/Kg,+/- 108,,SM4500PF,20.1,,Wet weight 185.8 g,,,93428021,9998428,00668
P154832-23,93428023,93428,Non-WQM,Burn_A,FLOC,COR,SAMP,EFIRE,EX,EFIRE,1/16/2025 12:30,,,,,,0,5,,,,5,,,,,,,,,,,,,,,,,3/7/2025 10:05,3/6/2025 6:27,00668,TP-SOL,101,1876,mg/Kg,+/- 140,,SM4500PF,19.3,,Wet weight 238.9,,,93428023,9998444,00668
P155441-1,93721001,93721,Non-WQM,Untreated_A,SW,GP,SAMP,EFIRE,EX,EFIRE,4/10/2025 15:30,,,,0.08,,,,,,,,,,,,,,,,,,,,,,,,4/22/2025 9:54,4/21/2025 12:20,97017,TN,80,1.04,mg/L,+/- 0.093,,SM4500NC,0.05,,,,,93721001,10103019,97017
P155441-2,93721002,93721,Non-WQM,Herbicide_A,SW,GP,SAMP,EFIRE,EX,EFIRE,4/10/2025 16:00,,,,0.07,,,,,,,,,,,,,,,,,,,,,,,,4/22/2025 9:56,4/21/2025 12:20,97017,TN,80,1.14,mg/L,+/- 0.099,,SM4500NC,0.05,,,,,93721002,10103031,97017
P155441-3,93721003,93721,Non-WQM,Burn_Herb_A,SW,GP,SAMP,EFIRE,EX,EFIRE,4/10/2025 16:30,,,,0.11,,,,,,,,,,,,,,,,,,,,,,,,4/22/2025 9:58,4/21/2025 12:20,97017,TN,80,1.83,mg/L,+/- 0.146,,SM4500NC,0.05,,,,,93721003,10103043,97017
P155441-4,93721004,93721,Non-WQM,Burn_A,SW,GP,SAMP,EFIRE,EX,EFIRE,4/10/2025 17:15,,,,0.09,,,,,,,,,,,,,,,,,,,,,,,,4/22/2025 9:59,4/21/2025 12:20,97017,TN,80,1.98,mg/L,+/- 0.157,,SM4500NC,0.05,,,,,93721004,10103055,97017
P155441-6,93721006,93721,Non-WQM,Burn_B,SW,GP,SAMP,EFIRE,EX,EFIRE,4/10/2025 18:05,,,,0.14,,,,,,,,,,,,,,,,,,,,,,,,4/22/2025 10:12,4/21/2025 12:20,97017,TN,80,1.43,mg/L,+/- 0.118,,SM4500NC,0.05,,,,,93721006,10103067,97017
P155441-7,93721007,93721,Non-WQM,Burn_Herb_B,SW,GP,SAMP,EFIRE,EX,EFIRE,4/10/2025 18:10,,,,0.15,,,,,,,,,,,,,,,,,,,,,,,,4/22/2025 10:14,4/21/2025 12:20,97017,TN,80,1.99,mg/L,+/- 0.157,,SM4500NC,0.05,,,,,93721007,10103079,97017
P155441-8,93721008,93721,Non-WQM,Herbicide_B,SW,GP,SAMP,EFIRE,EX,EFIRE,4/10/2025 18:20,,,,0.11,,,,,,,,,,,,,,,,,,,,,,,,4/22/2025 10:16,4/21/2025 12:20,97017,TN,80,1.49,mg/L,+/- 0.122,,SM4500NC,0.05,,,,,93721008,10103091,97017
P155441-9,93721009,93721,Non-WQM,Herbicide_C,SW,GP,SAMP,EFIRE,EX,EFIRE,4/10/2025 18:25,,,,0.11,,,,,,,,,,,,,,,,,,,,,,,,4/22/2025 10:17,4/21/2025 12:20,97017,TN,80,1.37,mg/L,+/- 0.114,,SM4500NC,0.05,,,,,93721009,10103103,97017
P155441-10,93721010,93721,Non-WQM,Burn_Herb_C,SW,GP,SAMP,EFIRE,EX,EFIRE,4/10/2025 18:35,,,,0.15,,,,,,,,,,,,,,,,,,,,,,,,4/22/2025 10:19,4/21/2025 12:20,97017,TN,80,3.51,mg/L,+/- 0.268,,SM4500NC,0.05,,,,,93721010,10103115,97017
P155441-11,93721011,93721,Non-WQM,Burn_C,SW,GP,SAMP,EFIRE,EX,EFIRE,4/10/2025 18:40,,,,0.10,,,,,,,,,,,,,,,,,,,,,,,,4/22/2025 10:21,4/21/2025 12:20,97017,TN,80,1.36,mg/L,+/- 0.114,,SM4500NC,0.05,,,,,93721011,10103127,97017
P155441-12,93721012,93721,Non-WQM,Untreated_C,SW,GP,SAMP,EFIRE,EX,EFIRE,4/10/2025 18:45,,,,0.06,,,,,,,,,,,,,,,,,,,,,,,,4/22/2025 10:23,4/21/2025 12:20,97017,TN,80,1.54,mg/L,+/- 0.126,,SM4500NC,0.05,,,,,93721012,10103139,97017
P155441-5,93721005,93721,Non-WQM,Untreated_B,SW,GP,SAMP,EFIRE,EX,EFIRE,4/10/2025 17:50,,,,0.09,,,,,,,,,,,,,,,,,,,,,,,,4/22/2025 10:08,4/21/2025 12:20,97017,TN,80,1.06,mg/L,+/- 0.094,,SM4500NC,0.05,,,,,93721005,10103163,97017
P155742-10,93872010,93872,Non-WQM,Burn_Herb_C,SW,GP,SAMP,EFIRE,EX,EFIRE,4/21/2025 13:20,,,,0.08,,,,,,,,,,,,,,,,,,,,,,,,5/2/2025 9:35,5/1/2025 15:20,97017,TN,80,1.33,mg/L,+/- 0.112,,SM4500NC,0.05,,,,,93872010,10125928,97017
P155742-11,93872011,93872,Non-WQM,Burn_C,SW,GP,SAMP,EFIRE,EX,EFIRE,4/21/2025 13:35,,,,0.08,,,,,,,,,,,,,,,,,,,,,,,,5/2/2025 9:38,5/1/2025 15:20,97017,TN,80,1.32,mg/L,+/- 0.111,,SM4500NC,0.05,,,,,93872011,10125930,97017
P155741-1,93871001,93871,Non-WQM,Untreated_A,SW,GP,SAMP,EFIRE,EX,EFIRE,4/16/2025 10:00,,,,0.04,,,,,,,,,,,,,,,,,,,,,,,,4/25/2025 14:53,4/25/2025 9:36,97017,TN,80,1.07,mg/L,+/- 0.094,,SM4500NC,0.05,,,,,93871001,10111014,97017
P155741-2,93871002,93871,Non-WQM,Herbicide_A,SW,GP,SAMP,EFIRE,EX,EFIRE,4/16/2025 10:30,,,,0.03,,,,,,,,,,,,,,,,,,,,,,,,4/25/2025 14:56,4/25/2025 9:36,97017,TN,80,1.62,mg/L,+/- 0.131,,SM4500NC,0.05,,,,,93871002,10111038,97017
P155741-3,93871003,93871,Non-WQM,Burn_Herb_A,SW,GP,SAMP,EFIRE,EX,EFIRE,4/16/2025 10:50,,,,0.07,,,,,,,,,,,,,,,,,,,,,,,,4/25/2025 14:58,4/25/2025 9:36,97017,TN,80,1.31,mg/L,+/- 0.110,,SM4500NC,0.05,,,,,93871003,10111050,97017
P155741-4,93871004,93871,Non-WQM,Burn_A,SW,GP,SAMP,EFIRE,EX,EFIRE,4/16/2025 11:10,,,,0.06,,,,,,,,,,,,,,,,,,,,,,,,4/25/2025 15:00,4/25/2025 9:36,97017,TN,80,1.78,mg/L,+/- 0.142,,SM4500NC,0.05,,,,,93871004,10111062,97017
P155741-5,93871005,93871,Non-WQM,Untreated_B,SW,GP,SAMP,EFIRE,EX,EFIRE,4/16/2025 11:25,,,,0.03,,,,,,,,,,,,,,,,,,,,,,,,4/25/2025 15:02,4/25/2025 9:36,97017,TN,80,1.16,mg/L,+/- 0.100,,SM4500NC,0.05,,,,,93871005,10111074,97017
P155741-6,93871006,93871,Non-WQM,Burn_B,SW,GP,SAMP,EFIRE,EX,EFIRE,4/16/2025 11:45,,,,0.08,,,,,,,,,,,,,,,,,,,,,,,,4/25/2025 15:03,4/25/2025 9:36,97017,TN,80,1.27,mg/L,+/- 0.108,,SM4500NC,0.05,,,,,93871006,10111086,97017
P155741-7,93871007,93871,Non-WQM,Burn_Herb_B,SW,GP,SAMP,EFIRE,EX,EFIRE,4/16/2025 12:00,,,,0.08,,,,,,,,,,,,,,,,,,,,,,,,4/25/2025 15:05,4/25/2025 9:36,97017,TN,80,1.47,mg/L,+/- 0.121,,SM4500NC,0.05,,,,,93871007,10111098,97017
P155741-8,93871008,93871,Non-WQM,Herbicide_B,SW,GP,SAMP,EFIRE,EX,EFIRE,4/16/2025 12:15,,,,0.02,,,,,,,,,,,,,,,,,,,,,,,,4/25/2025 15:07,4/25/2025 9:36,97017,TN,80,1.27,mg/L,+/- 0.108,,SM4500NC,0.05,,,,,93871008,10111110,97017
P155741-9,93871009,93871,Non-WQM,Herbicide_C,SW,GP,SAMP,EFIRE,EX,EFIRE,4/16/2025 12:40,,,,0.04,,,,,,,,,,,,,,,,,,,,,,,,4/25/2025 15:09,4/25/2025 9:36,97017,TN,80,1.15,mg/L,+/- 0.100,,SM4500NC,0.05,,,,,93871009,10111122,97017
P155741-10,93871010,93871,Non-WQM,Burn_Herb_C,SW,GP,SAMP,EFIRE,EX,EFIRE,4/16/2025 13:00,,,,0.07,,,,,,,,,,,,,,,,,,,,,,,,4/25/2025 15:10,4/25/2025 9:36,97017,TN,80,1.22,mg/L,+/- 0.104,,SM4500NC,0.05,,,,,93871010,10111134,97017
P155741-11,93871011,93871,Non-WQM,Burn_C,SW,GP,SAMP,EFIRE,EX,EFIRE,4/16/2025 13:20,,,,0.08,,,,,,,,,,,,,,,,,,,,,,,,4/25/2025 15:12,4/25/2025 9:36,97017,TN,80,1.34,mg/L,+/- 0.112,,SM4500NC,0.05,,,,,93871011,10111146,97017
P155741-12,93871012,93871,Non-WQM,Untreated_C,SW,GP,SAMP,EFIRE,EX,EFIRE,4/16/2025 13:35,,,,0.04,,,,,,,,,,,,,,,,,,,,,,,,4/25/2025 15:21,4/25/2025 9:36,97017,TN,80,1.51,mg/L,+/- 0.124,,SM4500NC,0.05,,,,,93871012,10111158,97017
P155443-1,93723001,93723,Non-WQM,Untreated_A,SW,GP,SAMP,EFIRE,EX,EFIRE,12/17/2024 10:00,,,,0.07,,,,,,,,,,,,,,,,,,,,,,,,1/7/2025 9:44,1/6/2025 16:41,97017,TN,80,1.5,mg/L,+/- 0.123,,SM4500NC,0.05,,,,,93723001,9964211,97017
P155443-2,93723002,93723,Non-WQM,Herbicide_A,SW,GP,SAMP,EFIRE,EX,EFIRE,12/17/2024 10:30,,,,0.1,,,,,,,,,,,,,,,,,,,,,,,,1/7/2025 9:45,1/6/2025 16:41,97017,TN,80,1.58,mg/L,+/- 0.129,,SM4500NC,0.05,,,,,93723002,9964235,97017
P155443-3,93723003,93723,Non-WQM,Burn_Herb_A,SW,GP,SAMP,EFIRE,EX,EFIRE,12/17/2024 11:10,,,,0.06,,,,,,,,,,,,,,,,,,,,,,,,1/7/2025 9:47,1/6/2025 16:41,97017,TN,80,1.64,mg/L,+/- 0.133,,SM4500NC,0.05,,,,,93723003,9964247,97017
P155443-4,93723004,93723,Non-WQM,Burn_A,SW,GP,SAMP,EFIRE,EX,EFIRE,12/17/2024 11:30,,,,0.05,,,,,,,,,,,,,,,,,,,,,,,,1/7/2025 9:49,1/6/2025 16:41,97017,TN,80,1.62,mg/L,+/- 0.131,,SM4500NC,0.05,,,,,93723004,9964259,97017
P155443-6,93723006,93723,Non-WQM,Burn_B,SW,GP,SAMP,EFIRE,EX,EFIRE,12/17/2024 11:50,,,,0.06,,,,,,,,,,,,,,,,,,,,,,,,1/7/2025 10:01,1/6/2025 16:41,97017,TN,80,1.66,mg/L,+/- 0.134,,SM4500NC,0.05,,,,,93723006,9964271,97017
P155443-5,93723005,93723,Non-WQM,Untreated_B,SW,GP,SAMP,EFIRE,EX,EFIRE,12/17/2024 12:10,,,,0.09,,,,,,,,,,,,,,,,,,,,,,,,1/7/2025 9:58,1/6/2025 16:41,97017,TN,80,1.6,mg/L,+/- 0.130,,SM4500NC,0.05,,,,,93723005,9964283,97017
P155443-7,93723007,93723,Non-WQM,Burn_Herb_B,SW,GP,SAMP,EFIRE,EX,EFIRE,12/17/2024 12:30,,,,0.08,,,,,,,,,,,,,,,,,,,,,,,,1/7/2025 10:03,1/6/2025 16:41,97017,TN,80,1.7,mg/L,+/- 0.137,,SM4500NC,0.05,,,,,93723007,9964295,97017
P155443-8,93723008,93723,Non-WQM,Herbicide_B,SW,GP,SAMP,EFIRE,EX,EFIRE,12/17/2024 12:45,,,,0.07,,,,,,,,,,,,,,,,,,,,,,,,1/7/2025 10:05,1/6/2025 16:41,97017,TN,80,1.57,mg/L,+/- 0.128,,SM4500NC,0.05,,,,,93723008,9964307,97017
P155443-9,93723009,93723,Non-WQM,Herbicide_C,SW,GP,SAMP,EFIRE,EX,EFIRE,12/17/2024 13:00,,,,0.07,,,,,,,,,,,,,,,,,,,,,,,,1/7/2025 10:07,1/6/2025 16:41,97017,TN,80,1.69,mg/L,+/- 0.136,,SM4500NC,0.05,,,,,93723009,9964319,97017
P155443-10,93723010,93723,Non-WQM,Burn_Herb_C,SW,GP,SAMP,EFIRE,EX,EFIRE,12/17/2024 13:20,,,,0.11,,,,,,,,,,,,,,,,,,,,,,,,1/7/2025 10:09,1/6/2025 16:41,97017,TN,80,1.91,mg/L,+/- 0.152,,SM4500NC,0.05,,,,,93723010,9964331,97017
P155443-11,93723011,93723,Non-WQM,Burn_C,SW,GP,SAMP,EFIRE,EX,EFIRE,12/17/2024 13:30,,,,0.1,,,,,,,,,,,,,,,,,,,,,,,,1/7/2025 10:10,1/6/2025 16:41,97017,TN,80,1.88,mg/L,+/- 0.150,,SM4500NC,0.05,,,,,93723011,9964343,97017
P155443-12,93723012,93723,Non-WQM,Untreated_C,SW,GP,SAMP,EFIRE,EX,EFIRE,12/17/2024 13:50,,,,0.1,,,,,,,,,,,,,,,,,,,,,,,,1/7/2025 10:12,1/6/2025 16:41,97017,TN,80,1.74,mg/L,+/- 0.140,,SM4500NC,0.05,,,,,93723012,9964355,97017
P154830-1,93426001,93426,Non-WQM,Untreated_A,SW,GP,SAMP,EFIRE,EX,EFIRE,11/19/2024 10:00,,,,0.15,,,,,,,,,,,,,,,,,,,,,,,,12/10/2024 15:00,12/6/2024 17:22,97017,TN,80,1.88,mg/L,+/- 0.150,,SM4500NC,0.05,,,,,93426001,9928481,97017
P154830-2,93426002,93426,Non-WQM,Herbicide_A,SW,GP,SAMP,EFIRE,EX,EFIRE,11/19/2024 11:00,,,,0.08,,,,,,,,,,,,,,,,,,,,,,,,12/10/2024 15:02,12/6/2024 17:22,97017,TN,80,1.8,mg/L,+/- 0.144,,SM4500NC,0.05,,,,,93426002,9928505,97017
P154830-3,93426003,93426,Non-WQM,Burn_Herb_A,SW,GP,SAMP,EFIRE,EX,EFIRE,11/19/2024 11:35,,,,0.06,,,,,,,,,,,,,,,,,,,,,,,,12/10/2024 15:04,12/6/2024 17:22,97017,TN,80,1.86,mg/L,+/- 0.148,,SM4500NC,0.05,,,,,93426003,9928517,97017
P154830-4,93426004,93426,Non-WQM,Burn_A,SW,GP,SAMP,EFIRE,EX,EFIRE,11/19/2024 12:20,,,,0.06,,,,,,,,,,,,,,,,,,,,,,,,12/10/2024 15:05,12/6/2024 17:22,97017,TN,80,1.76,mg/L,+/- 0.141,,SM4500NC,0.05,,,,,93426004,9928529,97017
P154830-5,93426005,93426,Non-WQM,Untreated_B,SW,GP,SAMP,EFIRE,EX,EFIRE,11/19/2024 12:50,,,,0.18,,,,,,,,,,,,,,,,,,,,,,,,12/10/2024 15:07,12/6/2024 17:22,97017,TN,80,1.87,mg/L,+/- 0.149,,SM4500NC,0.05,,,,,93426005,9928541,97017
P154830-6,93426006,93426,Non-WQM,Burn_B,SW,GP,SAMP,EFIRE,EX,EFIRE,11/19/2024 13:05,,,,0.15,,,,,,,,,,,,,,,,,,,,,,,,12/10/2024 15:09,12/6/2024 17:22,97017,TN,80,1.72,mg/L,+/- 0.138,,SM4500NC,0.05,,,,,93426006,9928553,97017
P154830-7,93426007,93426,Non-WQM,Burn_Herb_B,SW,GP,SAMP,EFIRE,EX,EFIRE,11/19/2024 13:25,,,,0.18,,,,,,,,,,,,,,,,,,,,,,,,12/10/2024 15:11,12/6/2024 17:22,97017,TN,80,2.01,mg/L,+/- 0.159,,SM4500NC,0.05,,,,,93426007,9928565,97017
P154830-8,93426008,93426,Non-WQM,Herbicide_B,SW,GP,SAMP,EFIRE,EX,EFIRE,11/19/2024 13:30,,,,0.09,,,,,,,,,,,,,,,,,,,,,,,,12/10/2024 15:14,12/6/2024 17:22,97017,TN,80,1.88,mg/L,+/- 0.150,,SM4500NC,0.05,,,,,93426008,9928577,97017
P154830-9,93426009,93426,Non-WQM,Herbicide_C,SW,GP,SAMP,EFIRE,EX,EFIRE,11/19/2024 13:50,,,,0.1,,,,,,,,,,,,,,,,,,,,,,,,12/10/2024 15:16,12/6/2024 17:22,97017,TN,80,1.84,mg/L,+/- 0.147,,SM4500NC,0.05,,,,,93426009,9928589,97017
P154830-10,93426010,93426,Non-WQM,Burn_Herb_C,SW,GP,SAMP,EFIRE,EX,EFIRE,11/19/2024 14:04,,,,0.12,,,,,,,,,,,,,,,,,,,,,,,,12/10/2024 15:18,12/6/2024 17:22,97017,TN,80,1.78,mg/L,+/- 0.142,,SM4500NC,0.05,,,,,93426010,9928601,97017
P154830-11,93426011,93426,Non-WQM,Burn_C,SW,GP,SAMP,EFIRE,EX,EFIRE,11/19/2024 14:20,,,,0.11,,,,,,,,,,,,,,,,,,,,,,,,12/10/2024 15:20,12/6/2024 17:22,97017,TN,80,1.83,mg/L,+/- 0.146,,SM4500NC,0.05,,,,,93426011,9928613,97017
P154830-12,93426012,93426,Non-WQM,Untreated_C,SW,GP,SAMP,EFIRE,EX,EFIRE,11/19/2024 14:30,,,,0.1,,,,,,,,,,,,,,,,,,,,,,,,12/10/2024 15:22,12/6/2024 17:22,97017,TN,80,1.83,mg/L,+/- 0.146,,SM4500NC,0.05,,,,,93426012,9928625,97017
P155439-1,93719001,93719,Non-WQM,Untreated_A,SW,GP,SAMP,EFIRE,EX,EFIRE,2/26/2025 10:05,,,,0.09,,,,,,,,,,,,,,,,,,,,,,,,2/28/2025 11:19,2/27/2025 16:21,97017,TN,80,0.961,mg/L,+/- 0.088,,SM4500NC,0.05,,Ash in the air from nearby burn.,,,93719001,10052415,97017
P155439-2,93719002,93719,Non-WQM,Herbicide_A,SW,GP,SAMP,EFIRE,EX,EFIRE,2/26/2025 10:38,,,,0.09,,,,,,,,,,,,,,,,,,,,,,,,2/28/2025 11:21,2/27/2025 16:21,97017,TN,80,0.991,mg/L,+/- 0.090,,SM4500NC,0.05,,,,,93719002,10052439,97017
P155439-3,93719003,93719,Non-WQM,Burn_Herb_A,SW,GP,SAMP,EFIRE,EX,EFIRE,2/26/2025 11:10,,,,0.07,,,,,,,,,,,,,,,,,,,,,,,,2/28/2025 11:23,2/27/2025 16:21,97017,TN,80,0.957,mg/L,+/- 0.087,,SM4500NC,0.05,,,,,93719003,10052451,97017
P155439-4,93719004,93719,Non-WQM,Burn_A,SW,GP,SAMP,EFIRE,EX,EFIRE,2/26/2025 11:33,,,,0.08,,,,,,,,,,,,,,,,,,,,,,,,2/28/2025 11:26,2/27/2025 16:21,97017,TN,80,0.981,mg/L,+/- 0.089,,SM4500NC,0.05,,,,,93719004,10052463,97017
P155439-5,93719005,93719,Non-WQM,Untreated_B,SW,GP,SAMP,EFIRE,EX,EFIRE,2/26/2025 12:03,,,,0.06,,,,,,,,,,,,,,,,,,,,,,,,2/28/2025 11:28,2/27/2025 16:21,97017,TN,80,0.974,mg/L,+/- 0.088,,SM4500NC,0.05,,,,,93719005,10052475,97017
P155439-6,93719006,93719,Non-WQM,Burn_B,SW,GP,SAMP,EFIRE,EX,EFIRE,2/26/2025 12:20,,,,0.11,,,,,,,,,,,,,,,,,,,,,,,,2/28/2025 11:30,2/27/2025 16:21,97017,TN,80,0.975,mg/L,+/- 0.088,,SM4500NC,0.05,,,,,93719006,10052487,97017
P155439-7,93719007,93719,Non-WQM,Burn_Herb_B,SW,GP,SAMP,EFIRE,EX,EFIRE,2/26/2025 12:35,,,,0.12,,,,,,,,,,,,,,,,,,,,,,,,2/28/2025 11:32,2/27/2025 16:21,97017,TN,80,1.02,mg/L,+/- 0.091,,SM4500NC,0.05,,,,,93719007,10052499,97017
P155439-8,93719008,93719,Non-WQM,Herbicide_B,SW,GP,SAMP,EFIRE,EX,EFIRE,2/26/2025 12:50,,,,0.1,,,,,,,,,,,,,,,,,,,,,,,,2/28/2025 11:33,2/27/2025 16:21,97017,TN,80,1.04,mg/L,+/- 0.093,,SM4500NC,0.05,,,,,93719008,10052511,97017
P155439-9,93719009,93719,Non-WQM,Herbicide_C,SW,GP,SAMP,EFIRE,EX,EFIRE,2/26/2025 13:06,,,,0.1,,,,,,,,,,,,,,,,,,,,,,,,2/28/2025 11:35,2/27/2025 16:21,97017,TN,80,1,mg/L,+/- 0.090,,SM4500NC,0.05,,,,,93719009,10052523,97017
P155439-10,93719010,93719,Non-WQM,Burn_Herb_C,SW,GP,SAMP,EFIRE,EX,EFIRE,2/26/2025 13:21,,,,0.15,,,,,,,,,,,,,,,,,,,,,,,,2/28/2025 11:37,2/27/2025 16:21,97017,TN,80,1.03,mg/L,+/- 0.092,,SM4500NC,0.05,,,,,93719010,10052535,97017
P155439-11,93719011,93719,Non-WQM,Burn_C,SW,GP,SAMP,EFIRE,EX,EFIRE,2/26/2025 13:35,,,,0.14,,,,,,,,,,,,,,,,,,,,,,,,2/28/2025 11:39,2/27/2025 16:21,97017,TN,80,1.06,mg/L,+/- 0.094,,SM4500NC,0.05,,,,,93719011,10052547,97017
P155439-12,93719012,93719,Non-WQM,Untreated_C,SW,GP,SAMP,EFIRE,EX,EFIRE,2/26/2025 13:50,,,,0.11,,,,,,,,,,,,,,,,,,,,,,,,2/28/2025 11:42,2/27/2025 16:21,97017,TN,80,1.02,mg/L,+/- 0.091,,SM4500NC,0.05,,,,,93719012,10052559,97017
P155442-1,93722001,93722,Non-WQM,Untreated_A,SW,GP,SAMP,EFIRE,EX,EFIRE,4/11/2025 10:20,,,,0.09,,,,,,,,,,,,,,,,,,,,,,,,4/22/2025 11:02,4/21/2025 12:20,97017,TN,80,1.46,mg/L,+/- 0.120,,SM4500NC,0.05,,,,,93722001,10103925,97017
P155442-2,93722002,93722,Non-WQM,Herbicide_A,SW,GP,SAMP,EFIRE,EX,EFIRE,4/11/2025 10:48,,,,0.06,,,,,,,,,,,,,,,,,,,,,,,,4/22/2025 11:04,4/21/2025 12:20,97017,TN,80,1.5,mg/L,+/- 0.123,,SM4500NC,0.05,,,,,93722002,10103949,97017
P155442-3,93722003,93722,Non-WQM,Burn_Herb_A,SW,GP,SAMP,EFIRE,EX,EFIRE,4/11/2025 11:05,,,,0.09,,,,,,,,,,,,,,,,,,,,,,,,4/22/2025 11:06,4/21/2025 12:20,97017,TN,80,1.19,mg/L,+/- 0.102,,SM4500NC,0.05,,,,,93722003,10103961,97017
P155442-4,93722004,93722,Non-WQM,Burn_A,SW,GP,SAMP,EFIRE,EX,EFIRE,4/11/2025 11:25,,,,0.06,,,,,,,,,,,,,,,,,,,,,,,,4/22/2025 11:07,4/21/2025 12:20,97017,TN,80,1.19,mg/L,+/- 0.102,,SM4500NC,0.05,,,,,93722004,10103973,97017
P155442-5,93722005,93722,Non-WQM,Untreated_B,SW,GP,SAMP,EFIRE,EX,EFIRE,4/11/2025 11:50,,,,0.09,,,,,,,,,,,,,,,,,,,,,,,,4/22/2025 11:09,4/21/2025 12:20,97017,TN,80,1.02,mg/L,+/- 0.091,,SM4500NC,0.05,,,,,93722005,10103985,97017
P155442-6,93722006,93722,Non-WQM,Burn_B,SW,GP,SAMP,EFIRE,EX,EFIRE,4/11/2025 12:10,,,,0.1,,,,,,,,,,,,,,,,,,,,,,,,4/22/2025 11:11,4/21/2025 12:20,97017,TN,80,1.05,mg/L,+/- 0.093,,SM4500NC,0.05,,,,,93722006,10103997,97017
P155442-7,93722007,93722,Non-WQM,Burn_Herb_B,SW,GP,SAMP,EFIRE,EX,EFIRE,4/11/2025 12:25,,,,0.08,,,,,,,,,,,,,,,,,,,,,,,,4/22/2025 11:13,4/21/2025 12:20,97017,TN,80,1.09,mg/L,+/- 0.096,,SM4500NC,0.05,,,,,93722007,10104009,97017
P155442-8,93722008,93722,Non-WQM,Herbicide_B,SW,GP,SAMP,EFIRE,EX,EFIRE,4/11/2025 12:45,,,,0.08,,,,,,,,,,,,,,,,,,,,,,,,4/22/2025 11:16,4/21/2025 12:20,97017,TN,80,1.09,mg/L,+/- 0.096,,SM4500NC,0.05,,,,,93722008,10104021,97017
P155442-9,93722009,93722,Non-WQM,Herbicide_C,SW,GP,SAMP,EFIRE,EX,EFIRE,4/11/2025 13:00,,,,0.08,,,,,,,,,,,,,,,,,,,,,,,,4/22/2025 11:18,4/21/2025 12:20,97017,TN,80,1,mg/L,+/- 0.090,,SM4500NC,0.05,,,,,93722009,10104033,97017
P155442-10,93722010,93722,Non-WQM,Burn_Herb_C,SW,GP,SAMP,EFIRE,EX,EFIRE,4/11/2025 13:20,,,,0.11,,,,,,,,,,,,,,,,,,,,,,,,4/22/2025 11:20,4/21/2025 12:20,97017,TN,80,1.03,mg/L,+/- 0.092,,SM4500NC,0.05,,,,,93722010,10104045,97017
P155442-11,93722011,93722,Non-WQM,Burn_C,SW,GP,SAMP,EFIRE,EX,EFIRE,4/11/2025 13:35,,,,0.05,,,,,,,,,,,,,,,,,,,,,,,,4/22/2025 11:22,4/21/2025 12:20,97017,TN,80,1.08,mg/L,+/- 0.095,,SM4500NC,0.05,,,,,93722011,10104057,97017
P155442-12,93722012,93722,Non-WQM,Untreated_C,SW,GP,SAMP,EFIRE,EX,EFIRE,4/11/2025 13:55,,,,0.11,,,,,,,,,,,,,,,,,,,,,,,,4/22/2025 11:23,4/21/2025 12:20,97017,TN,80,1.17,mg/L,+/- 0.101,,SM4500NC,0.05,,,,,93722012,10104069,97017
P155441-13,93721013,93721,Non-WQM,Untreated_A,DI,GP,FCEB,EFIRE,EX,EFIRE,4/10/2025 15:50,,,,,,,,,,,,,,,,,,,,,,,,,,,,4/22/2025 10:24,4/21/2025 12:20,97017,TN,80,0.05,mg/L,+/- 0.050,U,SM4500NC,0.05,,,,,93721013,10103151,97017
P155742-13,93872013,93872,Non-WQM,Untreated_A,DI,GP,FCEB,EFIRE,EX,EFIRE,4/21/2025 10:10,,,,,,,,,,,,,,,,,,,,,,,,,,,,5/2/2025 9:42,5/1/2025 15:20,97017,TN,80,0.05,mg/L,+/- 0.050,U,SM4500NC,0.05,,"DI 8166 through peristaltic pump tubing to bucket to sample bottles. Bucket Scooter, Tray Sheba, filter 17866092, SA 072823.",,,93872013,10125932,97017
P155444-13,93724013,93724,Non-WQM,Untreated_A,DI,GP,FCEB,EFIRE,EX,EFIRE,1/28/2025 10:30,,,,,,,,,,,,,,,,,,,,,,,,,,,,2/6/2025 10:22,2/4/2025 15:50,97017,TN,80,0.05,mg/L,+/- 0.050,U,SM4500NC,0.05,,"DI 8174 through peristaltic pump tubing to bucket to sample bottles. Bucket Dexter, tray Wild Bill, SA lot 072823, filter lot 81724837.",,,93724013,10014007,97017
P155741-13,93871013,93871,Non-WQM,Untreated_A,DI,GP,FCEB,EFIRE,EX,EFIRE,4/16/2025 10:10,,,,,,,,,,,,,,,,,,,,,,,,,,,,4/25/2025 15:25,4/25/2025 9:36,97017,TN,80,0.05,mg/L,+/- 0.050,U,SM4500NC,0.05,,"DI 8213 through peristaltic pump tubing to bucket to sample bottles. Bucket Scooter, Tray ELC 11, SA 072823, filter 18181938.",,,93871013,10111026,97017
P155443-13,93723013,93723,Non-WQM,Untreated_A,DI,GP,FCEB,EFIRE,EX,EFIRE,12/17/2024 10:15,,,,,,,,,,,,,,,,,,,,,,,,,,,,1/7/2025 10:14,1/6/2025 16:41,97017,TN,80,0.05,mg/L,+/- 0.050,U,SM4500NC,0.05,,"DI 8075 through peristaltic pump tubing to bucket to sample bottles. Tray Orange, Bucket Dexter, Acid lot 072823, Filter lot 18197628.",,,93723013,9964223,97017
P154830-13,93426013,93426,Non-WQM,Untreated_A,DI,GP,FCEB,EFIRE,EX,EFIRE,11/19/2024 10:30,,,,,,,,,,,,,,,,,,,,,,,,,,,,12/10/2024 15:23,12/6/2024 17:22,97017,TN,80,0.05,mg/L,+/- 0.050,U,SM4500NC,0.05,,"DI 8103 through peristaltic pump tubing to bucket to sample bottles. H2SO4 lot 072823, filter lot 17879938. Bucket- Maggie, Tray- Flyers.",,,93426013,9928493,97017
P155439-13,93719013,93719,Non-WQM,Untreated_A,DI,GP,FCEB,EFIRE,EX,EFIRE,2/26/2025 10:20,,,,,,,,,,,,,,,,,,,,,,,,,,,,2/28/2025 11:40,2/27/2025 16:21,97017,TN,80,0.05,mg/L,+/- 0.050,U,SM4500NC,0.05,,"DI 8174 through peristaltic pump tubing to bucket to sample bottles. Tray 3, bucket Chimichanga, filter G8825136, SA 072823. Ash in the air from nearby burn.",,,93719013,10052427,97017
P155442-13,93722013,93722,Non-WQM,Untreated_A,DI,GP,FCEB,EFIRE,EX,EFIRE,4/11/2025 10:30,,,,,,,,,,,,,,,,,,,,,,,,,,,,4/22/2025 11:25,4/21/2025 12:20,97017,TN,80,0.05,mg/L,+/- 0.050,U,SM4500NC,0.05,,"DI 8229 through peristaltic pump to bucket to sample bottles. Tray Rocky, bucket Nantucket, SA 072823, filter 18278596.",,,93722013,10103937,97017
P155444-1,93724001,93724,Non-WQM,Untreated_A,SW,GP,SAMP,EFIRE,EX,EFIRE,1/28/2025 10:15,,,,0.19,,,,,,,,,,,,,,,,,,,,,,,,2/4/2025 5:53,2/4/2025 5:53,00681,DOC,89,32,mg/L,+/- 2.5,,SM5310B,0.8,,,,,93724001,10013989,00681
P155444-2,93724002,93724,Non-WQM,Herbicide_A,SW,GP,SAMP,EFIRE,EX,EFIRE,1/28/2025 10:50,,,,0.23,,,,,,,,,,,,,,,,,,,,,,,,2/4/2025 6:13,2/4/2025 6:13,00681,DOC,89,31.6,mg/L,+/- 2.4,,SM5310B,0.8,,,,,93724002,10014013,00681
P155444-3,93724003,93724,Non-WQM,Burn_Herb_A,SW,GP,SAMP,EFIRE,EX,EFIRE,1/28/2025 11:11,,,,0.23,,,,,,,,,,,,,,,,,,,,,,,,2/4/2025 6:30,2/4/2025 6:30,00681,DOC,89,31.9,mg/L,+/- 2.5,,SM5310B,0.8,,,,,93724003,10014025,00681
P155444-4,93724004,93724,Non-WQM,Burn_A,SW,GP,SAMP,EFIRE,EX,EFIRE,1/28/2025 11:35,,,,0.17,,,,,,,,,,,,,,,,,,,,,,,,2/4/2025 7:22,2/4/2025 7:22,00681,DOC,89,32,mg/L,+/- 2.5,,SM5310B,0.8,,,,,93724004,10014037,00681
P155444-5,93724005,93724,Non-WQM,Untreated_B,SW,GP,SAMP,EFIRE,EX,EFIRE,1/28/2025 12:00,,,,0.16,,,,,,,,,,,,,,,,,,,,,,,,2/4/2025 7:39,2/4/2025 7:39,00681,DOC,89,31.9,mg/L,+/- 2.5,,SM5310B,0.8,,Ash from nearby burn in the air,,,93724005,10014049,00681
P155444-6,93724006,93724,Non-WQM,Burn_B,SW,GP,SAMP,EFIRE,EX,EFIRE,1/28/2025 12:20,,,,0.12,,,,,,,,,,,,,,,,,,,,,,,,2/4/2025 7:56,2/4/2025 7:56,00681,DOC,89,31.9,mg/L,+/- 2.5,,SM5310B,0.8,,,,,93724006,10014061,00681
P155444-7,93724007,93724,Non-WQM,Burn_Herb_B,SW,GP,SAMP,EFIRE,EX,EFIRE,1/28/2025 12:40,,,,0.11,,,,,,,,,,,,,,,,,,,,,,,,2/4/2025 8:12,2/4/2025 8:12,00681,DOC,89,31.8,mg/L,+/- 2.4,,SM5310B,0.8,,,,,93724007,10014073,00681
P155444-8,93724008,93724,Non-WQM,Herbicide_B,SW,GP,SAMP,EFIRE,EX,EFIRE,1/28/2025 12:55,,,,0.09,,,,,,,,,,,,,,,,,,,,,,,,2/4/2025 8:28,2/4/2025 8:28,00681,DOC,89,32,mg/L,+/- 2.5,,SM5310B,0.8,,,,,93724008,10014085,00681
P155444-9,93724009,93724,Non-WQM,Herbicide_C,SW,GP,SAMP,EFIRE,EX,EFIRE,1/28/2025 13:15,,,,0.14,,,,,,,,,,,,,,,,,,,,,,,,2/4/2025 8:51,2/4/2025 8:51,00681,DOC,89,31.4,mg/L,+/- 2.4,,SM5310B,0.8,,,,,93724009,10014097,00681
P155444-10,93724010,93724,Non-WQM,Burn_Herb_C,SW,GP,SAMP,EFIRE,EX,EFIRE,1/28/2025 13:32,,,,0.14,,,,,,,,,,,,,,,,,,,,,,,,2/4/2025 9:08,2/4/2025 9:08,00681,DOC,89,32.3,mg/L,+/- 2.5,,SM5310B,0.8,,,,,93724010,10014109,00681
P155444-11,93724011,93724,Non-WQM,Burn_C,SW,GP,SAMP,EFIRE,EX,EFIRE,1/28/2025 13:47,,,,0.12,,,,,,,,,,,,,,,,,,,,,,,,2/4/2025 9:24,2/4/2025 9:24,00681,DOC,89,32.5,mg/L,+/- 2.5,,SM5310B,0.8,,,,,93724011,10014121,00681
P155444-12,93724012,93724,Non-WQM,Untreated_C,SW,GP,SAMP,EFIRE,EX,EFIRE,1/28/2025 14:05,,,,0.2,,,,,,,,,,,,,,,,,,,,,,,,2/4/2025 9:41,2/4/2025 9:41,00681,DOC,89,32.3,mg/L,+/- 2.5,,SM5310B,0.8,,,,,93724012,10014133,00681
P154830-2,93426002,93426,Non-WQM,Herbicide_A,SW,GP,SAMP,EFIRE,EX,EFIRE,11/19/2024 11:00,,,,0.08,,,,,,,,,,,,,,,,,,,,,,,,12/3/2024 15:11,12/3/2024 15:11,00681,DOC,89,31.1,mg/L,+/- 2.4,,SM5310B,0.8,,,,,93426002,9928499,00681
P154830-3,93426003,93426,Non-WQM,Burn_Herb_A,SW,GP,SAMP,EFIRE,EX,EFIRE,11/19/2024 11:35,,,,0.06,,,,,,,,,,,,,,,,,,,,,,,,12/4/2024 10:48,12/4/2024 10:48,00681,DOC,89,31.9,mg/L,+/- 2.5,,SM5310B,0.8,,,,,93426003,9928511,00681
P154830-4,93426004,93426,Non-WQM,Burn_A,SW,GP,SAMP,EFIRE,EX,EFIRE,11/19/2024 12:20,,,,0.06,,,,,,,,,,,,,,,,,,,,,,,,12/4/2024 11:10,12/4/2024 11:10,00681,DOC,89,29.6,mg/L,+/- 2.3,,SM5310B,0.8,,,,,93426004,9928523,00681
P154830-5,93426005,93426,Non-WQM,Untreated_B,SW,GP,SAMP,EFIRE,EX,EFIRE,11/19/2024 12:50,,,,0.18,,,,,,,,,,,,,,,,,,,,,,,,12/4/2024 11:30,12/4/2024 11:30,00681,DOC,89,33,mg/L,+/- 2.5,,SM5310B,0.8,,,,,93426005,9928535,00681
P154830-6,93426006,93426,Non-WQM,Burn_B,SW,GP,SAMP,EFIRE,EX,EFIRE,11/19/2024 13:05,,,,0.15,,,,,,,,,,,,,,,,,,,,,,,,12/4/2024 11:52,12/4/2024 11:52,00681,DOC,89,31.8,mg/L,+/- 2.4,,SM5310B,0.8,,,,,93426006,9928547,00681
P154830-7,93426007,93426,Non-WQM,Burn_Herb_B,SW,GP,SAMP,EFIRE,EX,EFIRE,11/19/2024 13:25,,,,0.18,,,,,,,,,,,,,,,,,,,,,,,,12/4/2024 13:40,12/4/2024 13:40,00681,DOC,89,32.2,mg/L,+/- 2.5,,SM5310B,0.8,,,,,93426007,9928559,00681
P154830-8,93426008,93426,Non-WQM,Herbicide_B,SW,GP,SAMP,EFIRE,EX,EFIRE,11/19/2024 13:30,,,,0.09,,,,,,,,,,,,,,,,,,,,,,,,12/3/2024 20:27,12/3/2024 20:27,00681,DOC,89,31,mg/L,+/- 2.4,,SM5310B,0.8,,,,,93426008,9928571,00681
P154830-9,93426009,93426,Non-WQM,Herbicide_C,SW,GP,SAMP,EFIRE,EX,EFIRE,11/19/2024 13:50,,,,0.1,,,,,,,,,,,,,,,,,,,,,,,,12/3/2024 20:44,12/3/2024 20:44,00681,DOC,89,32.9,mg/L,+/- 2.5,,SM5310B,0.8,,,,,93426009,9928583,00681
P154830-10,93426010,93426,Non-WQM,Burn_Herb_C,SW,GP,SAMP,EFIRE,EX,EFIRE,11/19/2024 14:04,,,,0.12,,,,,,,,,,,,,,,,,,,,,,,,12/3/2024 20:59,12/3/2024 20:59,00681,DOC,89,30.9,mg/L,+/- 2.4,,SM5310B,0.8,,,,,93426010,9928595,00681
P154830-11,93426011,93426,Non-WQM,Burn_C,SW,GP,SAMP,EFIRE,EX,EFIRE,11/19/2024 14:20,,,,0.11,,,,,,,,,,,,,,,,,,,,,,,,12/3/2024 21:21,12/3/2024 21:21,00681,DOC,89,33.8,mg/L,+/- 2.6,,SM5310B,0.8,,,,,93426011,9928607,00681
P154830-12,93426012,93426,Non-WQM,Untreated_C,SW,GP,SAMP,EFIRE,EX,EFIRE,11/19/2024 14:30,,,,0.1,,,,,,,,,,,,,,,,,,,,,,,,12/3/2024 22:54,12/3/2024 22:54,00681,DOC,89,32,mg/L,+/- 2.5,,SM5310B,0.8,,,,,93426012,9928619,00681
P155444-13,93724013,93724,Non-WQM,Untreated_A,DI,GP,FCEB,EFIRE,EX,EFIRE,1/28/2025 10:30,,,,,,,,,,,,,,,,,,,,,,,,,,,,2/4/2025 10:00,2/4/2025 10:00,00681,DOC,89,0.8,mg/L,+/- 0.80,U,SM5310B,0.8,,"DI 8174 through peristaltic pump tubing to bucket to sample bottles. Bucket Dexter, tray Wild Bill, SA lot 072823, filter lot 81724837.",,,93724013,10014001,00681
P154830-13,93426013,93426,Non-WQM,Untreated_A,DI,GP,FCEB,EFIRE,EX,EFIRE,11/19/2024 10:30,,,,,,,,,,,,,,,,,,,,,,,,,,,,12/4/2024 12:27,12/4/2024 12:27,00681,DOC,89,0.8,mg/L,+/- 0.80,U,SM5310B,0.8,,"DI 8103 through peristaltic pump tubing to bucket to sample bottles. H2SO4 lot 072823, filter lot 17879938. Bucket- Maggie, Tray- Flyers.",,,93426013,9928487,00681
P155441-1,93721001,93721,Non-WQM,Untreated_A,SW,GP,SAMP,EFIRE,EX,EFIRE,4/10/2025 15:30,,,,0.08,,,,,,,,,,,,,,,,,,,,,,,,4/15/2025 13:22,4/15/2025 9:40,00666,TDPO4,26,0.038,mg/L,+/- 0.003,,SM4500PF,0.002,,,,,93721001,10103017,00666
P155441-2,93721002,93721,Non-WQM,Herbicide_A,SW,GP,SAMP,EFIRE,EX,EFIRE,4/10/2025 16:00,,,,0.07,,,,,,,,,,,,,,,,,,,,,,,,4/15/2025 13:24,4/15/2025 9:40,00666,TDPO4,26,0.022,mg/L,+/- 0.002,,SM4500PF,0.002,,,,,93721002,10103029,00666
P155441-3,93721003,93721,Non-WQM,Burn_Herb_A,SW,GP,SAMP,EFIRE,EX,EFIRE,4/10/2025 16:30,,,,0.11,,,,,,,,,,,,,,,,,,,,,,,,4/15/2025 13:26,4/15/2025 9:40,00666,TDPO4,26,0.085,mg/L,+/- 0.006,,SM4500PF,0.002,,,,,93721003,10103041,00666
P155441-4,93721004,93721,Non-WQM,Burn_A,SW,GP,SAMP,EFIRE,EX,EFIRE,4/10/2025 17:15,,,,0.09,,,,,,,,,,,,,,,,,,,,,,,,4/15/2025 13:27,4/15/2025 9:40,00666,TDPO4,26,0.126,mg/L,+/- 0.008,,SM4500PF,0.002,,,,,93721004,10103053,00666
P155441-6,93721006,93721,Non-WQM,Burn_B,SW,GP,SAMP,EFIRE,EX,EFIRE,4/10/2025 18:05,,,,0.14,,,,,,,,,,,,,,,,,,,,,,,,4/15/2025 13:33,4/15/2025 9:40,00666,TDPO4,26,0.043,mg/L,+/- 0.003,,SM4500PF,0.002,,,,,93721006,10103065,00666
P155441-7,93721007,93721,Non-WQM,Burn_Herb_B,SW,GP,SAMP,EFIRE,EX,EFIRE,4/10/2025 18:10,,,,0.15,,,,,,,,,,,,,,,,,,,,,,,,4/15/2025 13:35,4/15/2025 9:40,00666,TDPO4,26,0.082,mg/L,+/- 0.005,,SM4500PF,0.002,,,,,93721007,10103077,00666
P155441-8,93721008,93721,Non-WQM,Herbicide_B,SW,GP,SAMP,EFIRE,EX,EFIRE,4/10/2025 18:20,,,,0.11,,,,,,,,,,,,,,,,,,,,,,,,4/15/2025 13:37,4/15/2025 9:40,00666,TDPO4,26,0.024,mg/L,+/- 0.002,,SM4500PF,0.002,,,,,93721008,10103089,00666
P155441-9,93721009,93721,Non-WQM,Herbicide_C,SW,GP,SAMP,EFIRE,EX,EFIRE,4/10/2025 18:25,,,,0.11,,,,,,,,,,,,,,,,,,,,,,,,4/15/2025 13:39,4/15/2025 9:40,00666,TDPO4,26,0.029,mg/L,+/- 0.003,,SM4500PF,0.002,,,,,93721009,10103101,00666
P155441-10,93721010,93721,Non-WQM,Burn_Herb_C,SW,GP,SAMP,EFIRE,EX,EFIRE,4/10/2025 18:35,,,,0.15,,,,,,,,,,,,,,,,,,,,,,,,4/15/2025 13:41,4/15/2025 9:40,00666,TDPO4,26,0.085,mg/L,+/- 0.006,,SM4500PF,0.002,,,,,93721010,10103113,00666
P155441-11,93721011,93721,Non-WQM,Burn_C,SW,GP,SAMP,EFIRE,EX,EFIRE,4/10/2025 18:40,,,,0.10,,,,,,,,,,,,,,,,,,,,,,,,4/15/2025 13:42,4/15/2025 9:40,00666,TDPO4,26,0.042,mg/L,+/- 0.003,,SM4500PF,0.002,,,,,93721011,10103125,00666
P155441-12,93721012,93721,Non-WQM,Untreated_C,SW,GP,SAMP,EFIRE,EX,EFIRE,4/10/2025 18:45,,,,0.06,,,,,,,,,,,,,,,,,,,,,,,,4/15/2025 13:44,4/15/2025 9:40,00666,TDPO4,26,0.02,mg/L,+/- 0.002,,SM4500PF,0.002,,,,,93721012,10103137,00666
P155441-5,93721005,93721,Non-WQM,Untreated_B,SW,GP,SAMP,EFIRE,EX,EFIRE,4/10/2025 17:50,,,,0.09,,,,,,,,,,,,,,,,,,,,,,,,4/15/2025 16:10,4/15/2025 9:40,00666,TDPO4,26,0.025,mg/L,+/- 0.002,,SM4500PF,0.002,,,,,93721005,10103161,00666
P158397-1,95201001,95201,Non-WQM,Untreated_A,SW,GP,SAMP,EFIRE,EX,EFIRE,6/17/2025 10:00,,,,0.1,,,,,,,,,,,,,,,,,,,,,,,,7/2/2025 11:45,7/1/2025 14:14,00666,TDPO4,26,0.012,mg/L,+/- 0.002,,SM4500PF,0.002,,,,,95201001,10179123,00666
P158397-2,95201002,95201,Non-WQM,Herbicide_A,SW,GP,SAMP,EFIRE,EX,EFIRE,6/17/2025 10:30,,,,0.11,,,,,,,,,,,,,,,,,,,,,,,,7/2/2025 11:47,7/1/2025 14:14,00666,TDPO4,26,0.009,mg/L,+/- 0.002,,SM4500PF,0.002,,,,,95201002,10179133,00666
P158397-3,95201003,95201,Non-WQM,Burn_Herb_A,SW,GP,SAMP,EFIRE,EX,EFIRE,6/17/2025 10:45,,,,0.11,,,,,,,,,,,,,,,,,,,,,,,,7/2/2025 11:49,7/1/2025 14:14,00666,TDPO4,26,0.009,mg/L,+/- 0.002,,SM4500PF,0.002,,,,,95201003,10179138,00666
P158397-4,95201004,95201,Non-WQM,Burn_A,SW,GP,SAMP,EFIRE,EX,EFIRE,6/17/2025 12:15,,,,0.08,,,,,,,,,,,,,,,,,,,,,,,,7/2/2025 11:51,7/1/2025 14:14,00666,TDPO4,26,0.01,mg/L,+/- 0.002,,SM4500PF,0.002,,,,,95201004,10179143,00666
P158397-5,95201005,95201,Non-WQM,Untreated_B,SW,GP,SAMP,EFIRE,EX,EFIRE,6/17/2025 12:25,,,,0.1,,,,,,,,,,,,,,,,,,,,,,,,7/2/2025 11:53,7/1/2025 14:14,00666,TDPO4,26,0.012,mg/L,+/- 0.002,,SM4500PF,0.002,,,,,95201005,10179148,00666
P158397-6,95201006,95201,Non-WQM,Burn_B,SW,GP,SAMP,EFIRE,EX,EFIRE,6/17/2025 12:35,,,,0.11,,,,,,,,,,,,,,,,,,,,,,,,7/2/2025 12:02,7/1/2025 14:14,00666,TDPO4,26,0.009,mg/L,+/- 0.002,,SM4500PF,0.002,,,,,95201006,10179153,00666
P158397-7,95201007,95201,Non-WQM,Burn_Herb_B,SW,GP,SAMP,EFIRE,EX,EFIRE,6/17/2025 12:45,,,,0.12,,,,,,,,,,,,,,,,,,,,,,,,7/2/2025 12:06,7/1/2025 14:14,00666,TDPO4,26,0.008,mg/L,+/- 0.002,,SM4500PF,0.002,,,,,95201007,10179158,00666
P158397-8,95201008,95201,Non-WQM,Herbicide_B,SW,GP,SAMP,EFIRE,EX,EFIRE,6/17/2025 13:00,,,,0.07,,,,,,,,,,,,,,,,,,,,,,,,7/2/2025 12:08,7/1/2025 14:14,00666,TDPO4,26,0.011,mg/L,+/- 0.002,,SM4500PF,0.002,,,,,95201008,10179163,00666
P158397-9,95201009,95201,Non-WQM,Herbicide_C,SW,GP,SAMP,EFIRE,EX,EFIRE,6/17/2025 13:10,,,,0.08,,,,,,,,,,,,,,,,,,,,,,,,7/2/2025 12:09,7/1/2025 14:14,00666,TDPO4,26,0.013,mg/L,+/- 0.002,,SM4500PF,0.002,,,,,95201009,10179168,00666
P158397-10,95201010,95201,Non-WQM,Burn_Herb_C,SW,GP,SAMP,EFIRE,EX,EFIRE,6/17/2025 13:20,,,,0.17,,,,,,,,,,,,,,,,,,,,,,,,7/2/2025 12:11,7/1/2025 14:14,00666,TDPO4,26,0.008,mg/L,+/- 0.002,,SM4500PF,0.002,,,,,95201010,10179173,00666
P158397-11,95201011,95201,Non-WQM,Burn_C,SW,GP,SAMP,EFIRE,EX,EFIRE,6/17/2025 13:30,,,,0.13,,,,,,,,,,,,,,,,,,,,,,,,7/2/2025 12:13,7/1/2025 14:14,00666,TDPO4,26,0.008,mg/L,+/- 0.002,,SM4500PF,0.002,,,,,95201011,10179178,00666
P158397-12,95201012,95201,Non-WQM,Untreated_C,SW,GP,SAMP,EFIRE,EX,EFIRE,6/17/2025 13:40,,,,0.09,,,,,,,,,,,,,,,,,,,,,,,,7/2/2025 12:15,7/1/2025 14:14,00666,TDPO4,26,0.011,mg/L,+/- 0.002,,SM4500PF,0.002,,Cattail pop up; very bubbly/gassy,,,95201012,10179183,00666
P158396-9,95200009,95200,Non-WQM,Herbicide_C,SW,GP,SAMP,EFIRE,EX,EFIRE,6/3/2025 11:25,,,,0.07,,,,,,,,,,,,,,,,,,,,,,,,6/16/2025 11:23,6/13/2025 15:44,00666,TDPO4,26,0.025,mg/L,+/- 0.002,,SM4500PF,0.002,,,,,95200009,10162741,00666
P158396-10,95200010,95200,Non-WQM,Burn_Herb_C,SW,GP,SAMP,EFIRE,EX,EFIRE,6/3/2025 11:35,,,,0.15,,,,,,,,,,,,,,,,,,,,,,,,6/16/2025 11:25,6/13/2025 15:44,00666,TDPO4,26,0.012,mg/L,+/- 0.002,,SM4500PF,0.002,,,,,95200010,10162746,00666
P158396-11,95200011,95200,Non-WQM,Burn_C,SW,GP,SAMP,EFIRE,EX,EFIRE,6/3/2025 11:45,,,,0.1,,,,,,,,,,,,,,,,,,,,,,,,6/16/2025 11:27,6/13/2025 15:44,00666,TDPO4,26,0.019,mg/L,+/- 0.002,,SM4500PF,0.002,,,,,95200011,10162751,00666
P158396-12,95200012,95200,Non-WQM,Untreated_C,SW,GP,SAMP,EFIRE,EX,EFIRE,6/3/2025 12:00,,,,0.11,,,,,,,,,,,,,,,,,,,,,,,,6/16/2025 11:29,6/13/2025 15:44,00666,TDPO4,26,0.018,mg/L,+/- 0.002,,SM4500PF,0.002,,,,,95200012,10162756,00666
P158399-1,95203001,95203,Non-WQM,Untreated_A,SW,GP,SAMP,EFIRE,EX,EFIRE,7/15/2025 9:20,,,,0.12,,,,,,,,,,,,,,,,,,,,,,,,7/22/2025 12:39,7/21/2025 15:50,00666,TDPO4,26,0.011,mg/L,+/- 0.002,,SM4500PF,0.002,,,,,95203001,10211324,00666
P158399-2,95203002,95203,Non-WQM,Herbicide_A,SW,GP,SAMP,EFIRE,EX,EFIRE,7/15/2025 9:35,,,,0.17,,,,,,,,,,,,,,,,,,,,,,,,7/22/2025 12:42,7/21/2025 15:50,00666,TDPO4,26,0.009,mg/L,+/- 0.002,,SM4500PF,0.002,,,,,95203002,10211334,00666
P158399-3,95203003,95203,Non-WQM,Burn_Herb_A,SW,GP,SAMP,EFIRE,EX,EFIRE,7/15/2025 9:50,,,,0.18,,,,,,,,,,,,,,,,,,,,,,,,7/22/2025 12:46,7/21/2025 15:50,00666,TDPO4,26,0.007,mg/L,+/- 0.002,,SM4500PF,0.002,,,,,95203003,10211339,00666
P158399-4,95203004,95203,Non-WQM,Burn_A,SW,GP,SAMP,EFIRE,EX,EFIRE,7/15/2025 10:00,,,,0.17,,,,,,,,,,,,,,,,,,,,,,,,7/22/2025 12:59,7/21/2025 15:50,00666,TDPO4,26,0.008,mg/L,+/- 0.002,,SM4500PF,0.002,,,,,95203004,10211344,00666
P158399-5,95203005,95203,Non-WQM,Untreated_B,SW,GP,SAMP,EFIRE,EX,EFIRE,7/15/2025 10:15,,,,0.13,,,,,,,,,,,,,,,,,,,,,,,,7/22/2025 13:05,7/21/2025 15:50,00666,TDPO4,26,0.01,mg/L,+/- 0.002,,SM4500PF,0.002,,,,,95203005,10211349,00666
P158399-6,95203006,95203,Non-WQM,Burn_B,SW,GP,SAMP,EFIRE,EX,EFIRE,7/15/2025 10:30,,,,0.17,,,,,,,,,,,,,,,,,,,,,,,,7/22/2025 13:09,7/21/2025 15:50,00666,TDPO4,26,0.008,mg/L,+/- 0.002,,SM4500PF,0.002,,,,,95203006,10211354,00666
P158399-7,95203007,95203,Non-WQM,Burn_Herb_B,SW,GP,SAMP,EFIRE,EX,EFIRE,7/15/2025 10:40,,,,0.16,,,,,,,,,,,,,,,,,,,,,,,,7/22/2025 13:13,7/21/2025 15:50,00666,TDPO4,26,0.007,mg/L,+/- 0.002,,SM4500PF,0.002,,,,,95203007,10211359,00666
P158399-8,95203008,95203,Non-WQM,Herbicide_B,SW,GP,SAMP,EFIRE,EX,EFIRE,7/15/2025 10:55,,,,0.18,,,,,,,,,,,,,,,,,,,,,,,,7/22/2025 13:16,7/21/2025 15:50,00666,TDPO4,26,0.009,mg/L,+/- 0.002,,SM4500PF,0.002,,,,,95203008,10211364,00666
P158399-9,95203009,95203,Non-WQM,Herbicide_C,SW,GP,SAMP,EFIRE,EX,EFIRE,7/15/2025 11:10,,,,0.14,,,,,,,,,,,,,,,,,,,,,,,,7/22/2025 13:22,7/21/2025 15:50,00666,TDPO4,26,0.01,mg/L,+/- 0.002,,SM4500PF,0.002,,,,,95203009,10211369,00666
P158399-10,95203010,95203,Non-WQM,Burn_Herb_C,SW,GP,SAMP,EFIRE,EX,EFIRE,7/15/2025 11:20,,,,0.20,,,,,,,,,,,,,,,,,,,,,,,,7/22/2025 13:26,7/21/2025 15:50,00666,TDPO4,26,0.007,mg/L,+/- 0.002,,SM4500PF,0.002,,,,,95203010,10211374,00666
P158399-11,95203011,95203,Non-WQM,Burn_C,SW,GP,SAMP,EFIRE,EX,EFIRE,7/15/2025 11:35,,,,0.14,,,,,,,,,,,,,,,,,,,,,,,,7/22/2025 13:30,7/21/2025 15:50,00666,TDPO4,26,0.007,mg/L,+/- 0.002,,SM4500PF,0.002,,,,,95203011,10211379,00666
P158399-12,95203012,95203,Non-WQM,Untreated_C,SW,GP,SAMP,EFIRE,EX,EFIRE,7/15/2025 11:45,,,,0.17,,,,,,,,,,,,,,,,,,,,,,,,7/22/2025 13:33,7/21/2025 15:50,00666,TDPO4,26,0.009,mg/L,+/- 0.002,,SM4500PF,0.002,,,,,95203012,10211384,00666
P158396-1,95200001,95200,Non-WQM,Untreated_A,SW,GP,SAMP,EFIRE,EX,EFIRE,6/3/2025 9:30,,,,0.07,,,,,,,,,,,,,,,,,,,,,,,,6/16/2025 11:06,6/13/2025 15:44,00666,TDPO4,26,0.014,mg/L,+/- 0.002,,SM4500PF,0.002,,,,,95200001,10162696,00666
P158396-2,95200002,95200,Non-WQM,Herbicide_A,SW,GP,SAMP,EFIRE,EX,EFIRE,6/3/2025 9:50,,,,0.09,,,,,,,,,,,,,,,,,,,,,,,,6/16/2025 11:08,6/13/2025 15:44,00666,TDPO4,26,0.028,mg/L,+/- 0.003,,SM4500PF,0.002,,,,,95200002,10162706,00666
P158396-3,95200003,95200,Non-WQM,Burn_Herb_A,SW,GP,SAMP,EFIRE,EX,EFIRE,6/3/2025 10:05,,,,0.1,,,,,,,,,,,,,,,,,,,,,,,,6/16/2025 11:10,6/13/2025 15:44,00666,TDPO4,26,0.012,mg/L,+/- 0.002,,SM4500PF,0.002,,,,,95200003,10162711,00666
P158396-4,95200004,95200,Non-WQM,Burn_A,SW,GP,SAMP,EFIRE,EX,EFIRE,6/3/2025 10:20,,,,0.07,,,,,,,,,,,,,,,,,,,,,,,,6/16/2025 11:12,6/13/2025 15:44,00666,TDPO4,26,0.017,mg/L,+/- 0.002,,SM4500PF,0.002,,,,,95200004,10162716,00666
P158396-5,95200005,95200,Non-WQM,Untreated_B,SW,GP,SAMP,EFIRE,EX,EFIRE,6/3/2025 10:35,,,,0.09,,,,,,,,,,,,,,,,,,,,,,,,6/16/2025 11:14,6/13/2025 15:44,00666,TDPO4,26,0.017,mg/L,+/- 0.002,,SM4500PF,0.002,,Lemna present at site. Some ceratophyllum present.,,,95200005,10162721,00666
P158396-6,95200006,95200,Non-WQM,Burn_B,SW,GP,SAMP,EFIRE,EX,EFIRE,6/3/2025 10:50,,,,0.11,,,,,,,,,,,,,,,,,,,,,,,,6/16/2025 11:16,6/13/2025 15:44,00666,TDPO4,26,0.021,mg/L,+/- 0.002,,SM4500PF,0.002,,,,,95200006,10162726,00666
P158396-7,95200007,95200,Non-WQM,Burn_Herb_B,SW,GP,SAMP,EFIRE,EX,EFIRE,6/3/2025 11:05,,,,0.12,,,,,,,,,,,,,,,,,,,,,,,,6/16/2025 11:18,6/13/2025 15:44,00666,TDPO4,26,0.012,mg/L,+/- 0.002,,SM4500PF,0.002,,Turbidity from tilapia at site. Chara present.,,,95200007,10162731,00666
P158396-8,95200008,95200,Non-WQM,Herbicide_B,SW,GP,SAMP,EFIRE,EX,EFIRE,6/3/2025 11:15,,,,0.09,,,,,,,,,,,,,,,,,,,,,,,,6/16/2025 11:21,6/13/2025 15:44,00666,TDPO4,26,0.013,mg/L,+/- 0.002,,SM4500PF,0.002,,,,,95200008,10162736,00666
P158528-1,95272001,95272,Non-WQM,Untreated_A,SW,GP,SAMP,EFIRE,EX,EFIRE,10/21/2025 9:45,,,,0.11,,,,,,,,,,,,,,,,,,,,,,,,11/3/2025 11:03,10/28/2025 14:30,00666,TDPO4,26,0.045,mg/L,+/- 0.003,,SM4500PF,0.002,,,,,95272001,10338247,00666
P158528-2,95272002,95272,Non-WQM,Herbicide_A,SW,GP,SAMP,EFIRE,EX,EFIRE,10/21/2025 10:05,,,,0.13,,,,,,,,,,,,,,,,,,,,,,,,11/3/2025 11:10,10/28/2025 14:30,00666,TDPO4,26,0.012,mg/L,+/- 0.002,,SM4500PF,0.002,,,,,95272002,10338252,00666
P158528-3,95272003,95272,Non-WQM,Burn_Herb_A,SW,GP,SAMP,EFIRE,EX,EFIRE,10/21/2025 10:20,,,,0.13,,,,,,,,,,,,,,,,,,,,,,,,11/3/2025 11:14,10/28/2025 14:30,00666,TDPO4,26,0.009,mg/L,+/- 0.002,,SM4500PF,0.002,,,,,95272003,10338257,00666
P158528-4,95272004,95272,Non-WQM,Burn_A,SW,GP,SAMP,EFIRE,EX,EFIRE,10/21/2025 10:35,,,,0.11,,,,,,,,,,,,,,,,,,,,,,,,11/3/2025 11:18,10/28/2025 14:30,00666,TDPO4,26,0.01,mg/L,+/- 0.002,,SM4500PF,0.002,,,,,95272004,10338262,00666
P158528-5,95272005,95272,Non-WQM,Untreated_B,SW,GP,SAMP,EFIRE,EX,EFIRE,10/21/2025 10:50,,,,0.10,,,,,,,,,,,,,,,,,,,,,,,,11/3/2025 11:22,10/28/2025 14:30,00666,TDPO4,26,0.03,mg/L,+/- 0.003,,SM4500PF,0.002,,,,,95272005,10338267,00666
P158528-6,95272006,95272,Non-WQM,Burn_B,SW,GP,SAMP,EFIRE,EX,EFIRE,10/21/2025 11:05,,,,0.18,,,,,,,,,,,,,,,,,,,,,,,,11/3/2025 11:27,10/28/2025 14:30,00666,TDPO4,26,0.016,mg/L,+/- 0.002,,SM4500PF,0.002,,,,,95272006,10338272,00666
P158528-7,95272007,95272,Non-WQM,Burn_Herb_B,SW,GP,SAMP,EFIRE,EX,EFIRE,10/21/2025 11:20,,,,0.12,,,,,,,,,,,,,,,,,,,,,,,,11/3/2025 11:31,10/28/2025 14:30,00666,TDPO4,26,0.014,mg/L,+/- 0.002,,SM4500PF,0.002,,,,,95272007,10338277,00666
P158528-8,95272008,95272,Non-WQM,Herbicide_B,SW,GP,SAMP,EFIRE,EX,EFIRE,10/21/2025 11:35,,,,0.12,,,,,,,,,,,,,,,,,,,,,,,,11/3/2025 11:35,10/28/2025 14:30,00666,TDPO4,26,0.01,mg/L,+/- 0.002,,SM4500PF,0.002,,,,,95272008,10338282,00666
P158528-9,95272009,95272,Non-WQM,Herbicide_C,SW,GP,SAMP,EFIRE,EX,EFIRE,10/21/2025 11:50,,,,0.08,,,,,,,,,,,,,,,,,,,,,,,,11/3/2025 11:39,10/28/2025 14:30,00666,TDPO4,26,0.014,mg/L,+/- 0.002,,SM4500PF,0.002,,,,,95272009,10338287,00666
P158528-10,95272010,95272,Non-WQM,Burn_Herb_C,SW,GP,SAMP,EFIRE,EX,EFIRE,10/21/2025 12:05,,,,0.15,,,,,,,,,,,,,,,,,,,,,,,,11/3/2025 11:42,10/28/2025 14:30,00666,TDPO4,26,0.008,mg/L,+/- 0.002,,SM4500PF,0.002,,,,,95272010,10338292,00666
P158528-11,95272011,95272,Non-WQM,Burn_C,SW,GP,SAMP,EFIRE,EX,EFIRE,10/21/2025 12:20,,,,0.15,,,,,,,,,,,,,,,,,,,,,,,,11/3/2025 11:55,10/28/2025 14:30,00666,TDPO4,26,0.007,mg/L,+/- 0.002,,SM4500PF,0.002,,,,,95272011,10338297,00666
P158528-12,95272012,95272,Non-WQM,Untreated_C,SW,GP,SAMP,EFIRE,EX,EFIRE,10/21/2025 12:35,,,,0.11,,,,,,,,,,,,,,,,,,,,,,,,11/3/2025 11:59,10/28/2025 14:30,00666,TDPO4,26,0.021,mg/L,+/- 0.002,,SM4500PF,0.002,,,,,95272012,10338302,00666
P158519-7,95270007,95270,Non-WQM,Burn_Herb_B,SW,GP,SAMP,EFIRE,EX,EFIRE,9/24/2025 12:30,,,,0.13,,,,,,,,,,,,,,,,,,,,,,,,10/9/2025 10:06,10/8/2025 16:36,00666,TDPO4,26,0.01,mg/L,+/- 0.002,,SM4500PF,0.002,,,,G,95270007,10318265,00666
P155443-1,93723001,93723,Non-WQM,Untreated_A,SW,GP,SAMP,EFIRE,EX,EFIRE,12/17/2024 10:00,,,,0.07,,,,,,,,,,,,,,,,,,,,,,,,12/26/2024 9:25,12/20/2024 15:22,00666,TDPO4,26,0.017,mg/L,+/- 0.002,,SM4500PF,0.002,,,,,93723001,9964209,00666
P155443-2,93723002,93723,Non-WQM,Herbicide_A,SW,GP,SAMP,EFIRE,EX,EFIRE,12/17/2024 10:30,,,,0.1,,,,,,,,,,,,,,,,,,,,,,,,12/26/2024 9:28,12/20/2024 15:22,00666,TDPO4,26,0.014,mg/L,+/- 0.002,,SM4500PF,0.002,,,,,93723002,9964233,00666
P155443-3,93723003,93723,Non-WQM,Burn_Herb_A,SW,GP,SAMP,EFIRE,EX,EFIRE,12/17/2024 11:10,,,,0.06,,,,,,,,,,,,,,,,,,,,,,,,12/26/2024 9:32,12/20/2024 15:22,00666,TDPO4,26,0.019,mg/L,+/- 0.002,,SM4500PF,0.002,,,,,93723003,9964245,00666
P155443-4,93723004,93723,Non-WQM,Burn_A,SW,GP,SAMP,EFIRE,EX,EFIRE,12/17/2024 11:30,,,,0.05,,,,,,,,,,,,,,,,,,,,,,,,12/26/2024 9:38,12/20/2024 15:22,00666,TDPO4,26,0.021,mg/L,+/- 0.002,,SM4500PF,0.002,,,,,93723004,9964257,00666
P155443-6,93723006,93723,Non-WQM,Burn_B,SW,GP,SAMP,EFIRE,EX,EFIRE,12/17/2024 11:50,,,,0.06,,,,,,,,,,,,,,,,,,,,,,,,12/26/2024 9:45,12/20/2024 15:22,00666,TDPO4,26,0.015,mg/L,+/- 0.002,,SM4500PF,0.002,,,,,93723006,9964269,00666
P155443-5,93723005,93723,Non-WQM,Untreated_B,SW,GP,SAMP,EFIRE,EX,EFIRE,12/17/2024 12:10,,,,0.09,,,,,,,,,,,,,,,,,,,,,,,,12/26/2024 9:42,12/20/2024 15:22,00666,TDPO4,26,0.023,mg/L,+/- 0.002,,SM4500PF,0.002,,,,,93723005,9964281,00666
P155443-7,93723007,93723,Non-WQM,Burn_Herb_B,SW,GP,SAMP,EFIRE,EX,EFIRE,12/17/2024 12:30,,,,0.08,,,,,,,,,,,,,,,,,,,,,,,,12/26/2024 9:49,12/20/2024 15:22,00666,TDPO4,26,0.015,mg/L,+/- 0.002,,SM4500PF,0.002,,,,,93723007,9964293,00666
P155443-8,93723008,93723,Non-WQM,Herbicide_B,SW,GP,SAMP,EFIRE,EX,EFIRE,12/17/2024 12:45,,,,0.07,,,,,,,,,,,,,,,,,,,,,,,,12/26/2024 9:53,12/20/2024 15:22,00666,TDPO4,26,0.016,mg/L,+/- 0.002,,SM4500PF,0.002,,,,,93723008,9964305,00666
P155443-9,93723009,93723,Non-WQM,Herbicide_C,SW,GP,SAMP,EFIRE,EX,EFIRE,12/17/2024 13:00,,,,0.07,,,,,,,,,,,,,,,,,,,,,,,,12/26/2024 10:04,12/20/2024 15:22,00666,TDPO4,26,0.016,mg/L,+/- 0.002,,SM4500PF,0.002,,,,,93723009,9964317,00666
P155443-10,93723010,93723,Non-WQM,Burn_Herb_C,SW,GP,SAMP,EFIRE,EX,EFIRE,12/17/2024 13:20,,,,0.11,,,,,,,,,,,,,,,,,,,,,,,,12/26/2024 10:10,12/20/2024 15:22,00666,TDPO4,26,0.018,mg/L,+/- 0.002,,SM4500PF,0.002,,,,,93723010,9964329,00666
P155443-11,93723011,93723,Non-WQM,Burn_C,SW,GP,SAMP,EFIRE,EX,EFIRE,12/17/2024 13:30,,,,0.1,,,,,,,,,,,,,,,,,,,,,,,,12/26/2024 10:14,12/20/2024 15:22,00666,TDPO4,26,0.012,mg/L,+/- 0.002,,SM4500PF,0.002,,,,,93723011,9964341,00666
P155443-12,93723012,93723,Non-WQM,Untreated_C,SW,GP,SAMP,EFIRE,EX,EFIRE,12/17/2024 13:50,,,,0.1,,,,,,,,,,,,,,,,,,,,,,,,12/26/2024 10:17,12/20/2024 15:22,00666,TDPO4,26,0.015,mg/L,+/- 0.002,,SM4500PF,0.002,,,,,93723012,9964353,00666
P158527-1,95271001,95271,Non-WQM,Untreated_A,SW,GP,SAMP,EFIRE,EX,EFIRE,10/8/2025 9:55,,,,0.08,,,,,,,,,,,,,,,,,,,,,,,,10/15/2025 12:02,10/13/2025 11:03,00666,TDPO4,26,0.028,mg/L,+/- 0.003,,SM4500PF,0.002,,,,,95271001,10320946,00666
P158527-2,95271002,95271,Non-WQM,Herbicide_A,SW,GP,SAMP,EFIRE,EX,EFIRE,10/8/2025 10:20,,,,0.14,,,,,,,,,,,,,,,,,,,,,,,,10/15/2025 14:54,10/13/2025 11:03,00666,TDPO4,26,0.013,mg/L,+/- 0.002,,SM4500PF,0.002,,,,,95271002,10320951,00666
P158527-3,95271003,95271,Non-WQM,Burn_Herb_A,SW,GP,SAMP,EFIRE,EX,EFIRE,10/8/2025 10:35,,,,0.19,,,,,,,,,,,,,,,,,,,,,,,,10/15/2025 12:08,10/13/2025 11:03,00666,TDPO4,26,0.01,mg/L,+/- 0.002,,SM4500PF,0.002,,,,,95271003,10320956,00666
P158527-4,95271004,95271,Non-WQM,Burn_A,SW,GP,SAMP,EFIRE,EX,EFIRE,10/8/2025 10:47,,,,0.09,,,,,,,,,,,,,,,,,,,,,,,,10/15/2025 12:12,10/13/2025 11:03,00666,TDPO4,26,0.008,mg/L,+/- 0.002,,SM4500PF,0.002,,,,,95271004,10320961,00666
P158527-5,95271005,95271,Non-WQM,Untreated_B,SW,GP,SAMP,EFIRE,EX,EFIRE,10/8/2025 11:00,,,,0.07,,,,,,,,,,,,,,,,,,,,,,,,10/15/2025 12:15,10/13/2025 11:03,00666,TDPO4,26,0.024,mg/L,+/- 0.002,,SM4500PF,0.002,,,,,95271005,10320966,00666
P158527-6,95271006,95271,Non-WQM,Burn_B,SW,GP,SAMP,EFIRE,EX,EFIRE,10/8/2025 11:14,,,,0.17,,,,,,,,,,,,,,,,,,,,,,,,10/15/2025 12:19,10/13/2025 11:03,00666,TDPO4,26,0.01,mg/L,+/- 0.002,,SM4500PF,0.002,,,,,95271006,10320971,00666
P158527-7,95271007,95271,Non-WQM,Burn_Herb_B,SW,GP,SAMP,EFIRE,EX,EFIRE,10/8/2025 11:27,,,,0.12,,,,,,,,,,,,,,,,,,,,,,,,10/15/2025 12:23,10/13/2025 11:03,00666,TDPO4,26,0.012,mg/L,+/- 0.002,,SM4500PF,0.002,,,,,95271007,10320976,00666
P158527-8,95271008,95271,Non-WQM,Herbicide_B,SW,GP,SAMP,EFIRE,EX,EFIRE,10/8/2025 11:35,,,,0.11,,,,,,,,,,,,,,,,,,,,,,,,10/15/2025 12:35,10/13/2025 11:03,00666,TDPO4,26,0.01,mg/L,+/- 0.002,,SM4500PF,0.002,,,,,95271008,10320981,00666
P158527-9,95271009,95271,Non-WQM,Herbicide_C,SW,GP,SAMP,EFIRE,EX,EFIRE,10/8/2025 11:53,,,,0.07,,,,,,,,,,,,,,,,,,,,,,,,10/15/2025 12:40,10/13/2025 11:03,00666,TDPO4,26,0.01,mg/L,+/- 0.002,,SM4500PF,0.002,,,,,95271009,10320986,00666
P158527-10,95271010,95271,Non-WQM,Burn_Herb_C,SW,GP,SAMP,EFIRE,EX,EFIRE,10/8/2025 12:06,,,,0.16,,,,,,,,,,,,,,,,,,,,,,,,10/15/2025 12:44,10/13/2025 11:03,00666,TDPO4,26,0.008,mg/L,+/- 0.002,,SM4500PF,0.002,,,,,95271010,10320991,00666
P158527-11,95271011,95271,Non-WQM,Burn_C,SW,GP,SAMP,EFIRE,EX,EFIRE,10/8/2025 12:22,,,,0.16,,,,,,,,,,,,,,,,,,,,,,,,10/15/2025 12:48,10/13/2025 11:03,00666,TDPO4,26,0.007,mg/L,+/- 0.002,,SM4500PF,0.002,,,,,95271011,10320996,00666
P158527-12,95271012,95271,Non-WQM,Untreated_C,SW,GP,SAMP,EFIRE,EX,EFIRE,10/8/2025 12:40,,,,0.11,,,,,,,,,,,,,,,,,,,,,,,,10/15/2025 12:52,10/13/2025 11:03,00666,TDPO4,26,0.015,mg/L,+/- 0.002,,SM4500PF,0.002,,,,,95271012,10321001,00666
P158531-1,95275001,95275,Non-WQM,Untreated_A,SW,GP,SAMP,EFIRE,EX,EFIRE,12/3/2025 10:30,,,,0.07,,,,,,,,,,,,,,,,,,,,,,,,12/12/2025 11:40,12/11/2025 15:05,00666,TDPO4,26,0.016,mg/L,+/- 0.002,,SM4500PF,0.002,,,,,95275001,10381966,00666
P158531-2,95275002,95275,Non-WQM,Herbicide_A,SW,GP,SAMP,EFIRE,EX,EFIRE,12/3/2025 10:55,,,,0.07,,,,,,,,,,,,,,,,,,,,,,,,12/12/2025 11:53,12/11/2025 15:05,00666,TDPO4,26,0.01,mg/L,+/- 0.002,,SM4500PF,0.002,,,,,95275002,10381971,00666
P158531-3,95275003,95275,Non-WQM,Burn_Herb_A,SW,GP,SAMP,EFIRE,EX,EFIRE,12/3/2025 11:10,,,,0.10,,,,,,,,,,,,,,,,,,,,,,,,12/12/2025 11:57,12/11/2025 15:05,00666,TDPO4,26,0.011,mg/L,+/- 0.002,,SM4500PF,0.002,,,,,95275003,10381976,00666
P158531-4,95275004,95275,Non-WQM,Burn_A,SW,GP,SAMP,EFIRE,EX,EFIRE,12/3/2025 11:20,,,,0.10,,,,,,,,,,,,,,,,,,,,,,,,12/12/2025 12:01,12/11/2025 15:05,00666,TDPO4,26,0.011,mg/L,+/- 0.002,,SM4500PF,0.002,,,,,95275004,10381981,00666
P158531-5,95275005,95275,Non-WQM,Untreated_B,SW,GP,SAMP,EFIRE,EX,EFIRE,12/3/2025 11:35,,,,0.025,,,,,,,,,,,,,,,,,,,,,,,,12/12/2025 12:04,12/11/2025 15:05,00666,TDPO4,26,0.017,mg/L,+/- 0.002,,SM4500PF,0.002,,,,,95275005,10381986,00666
P158531-6,95275006,95275,Non-WQM,Burn_B,SW,GP,SAMP,EFIRE,EX,EFIRE,12/3/2025 11:50,,,,0.14,,,,,,,,,,,,,,,,,,,,,,,,12/12/2025 12:08,12/11/2025 15:05,00666,TDPO4,26,0.011,mg/L,+/- 0.002,,SM4500PF,0.002,,,,,95275006,10381991,00666
P158531-7,95275007,95275,Non-WQM,Burn_Herb_B,SW,GP,SAMP,EFIRE,EX,EFIRE,12/3/2025 12:00,,,,0.10,,,,,,,,,,,,,,,,,,,,,,,,12/12/2025 12:12,12/11/2025 15:05,00666,TDPO4,26,0.012,mg/L,+/- 0.002,,SM4500PF,0.002,,,,,95275007,10381996,00666
P158531-8,95275008,95275,Non-WQM,Herbicide_B,SW,GP,SAMP,EFIRE,EX,EFIRE,12/3/2025 12:20,,,,0.07,,,,,,,,,,,,,,,,,,,,,,,,12/12/2025 12:18,12/11/2025 15:05,00666,TDPO4,26,0.011,mg/L,+/- 0.002,,SM4500PF,0.002,,,,,95275008,10382001,00666
P158531-9,95275009,95275,Non-WQM,Herbicide_C,SW,GP,SAMP,EFIRE,EX,EFIRE,12/3/2025 12:35,,,,0.05,,,,,,,,,,,,,,,,,,,,,,,,12/12/2025 12:21,12/11/2025 15:05,00666,TDPO4,26,0.01,mg/L,+/- 0.002,,SM4500PF,0.002,,,,,95275009,10382006,00666
P158531-10,95275010,95275,Non-WQM,Burn_Herb_C,SW,GP,SAMP,EFIRE,EX,EFIRE,12/3/2025 12:45,,,,0.08,,,,,,,,,,,,,,,,,,,,,,,,12/12/2025 12:25,12/11/2025 15:05,00666,TDPO4,26,0.011,mg/L,+/- 0.002,,SM4500PF,0.002,,,,,95275010,10382011,00666
P158531-11,95275011,95275,Non-WQM,Burn_C,SW,GP,SAMP,EFIRE,EX,EFIRE,12/3/2025 13:10,,,,0.11,,,,,,,,,,,,,,,,,,,,,,,,12/12/2025 12:29,12/11/2025 15:05,00666,TDPO4,26,0.008,mg/L,+/- 0.002,,SM4500PF,0.002,,,,,95275011,10382016,00666
P158531-12,95275012,95275,Non-WQM,Untreated_C,SW,GP,SAMP,EFIRE,EX,EFIRE,12/3/2025 13:20,,,,0.11,,,,,,,,,,,,,,,,,,,,,,,,12/12/2025 12:42,12/11/2025 15:05,00666,TDPO4,26,0.011,mg/L,+/- 0.002,,SM4500PF,0.002,,,,,95275012,10382021,00666
P155442-1,93722001,93722,Non-WQM,Untreated_A,SW,GP,SAMP,EFIRE,EX,EFIRE,4/11/2025 10:20,,,,0.09,,,,,,,,,,,,,,,,,,,,,,,,4/15/2025 13:48,4/15/2025 9:40,00666,TDPO4,26,0.05,mg/L,+/- 0.004,,SM4500PF,0.002,,,,,93722001,10103923,00666
P155442-2,93722002,93722,Non-WQM,Herbicide_A,SW,GP,SAMP,EFIRE,EX,EFIRE,4/11/2025 10:48,,,,0.06,,,,,,,,,,,,,,,,,,,,,,,,4/15/2025 13:58,4/15/2025 9:40,00666,TDPO4,26,0.037,mg/L,+/- 0.003,,SM4500PF,0.002,,,,,93722002,10103947,00666
P155442-3,93722003,93722,Non-WQM,Burn_Herb_A,SW,GP,SAMP,EFIRE,EX,EFIRE,4/11/2025 11:05,,,,0.09,,,,,,,,,,,,,,,,,,,,,,,,4/15/2025 14:01,4/15/2025 9:40,00666,TDPO4,26,0.078,mg/L,+/- 0.005,,SM4500PF,0.002,,,,,93722003,10103959,00666
P155442-4,93722004,93722,Non-WQM,Burn_A,SW,GP,SAMP,EFIRE,EX,EFIRE,4/11/2025 11:25,,,,0.06,,,,,,,,,,,,,,,,,,,,,,,,4/15/2025 14:03,4/15/2025 9:40,00666,TDPO4,26,0.073,mg/L,+/- 0.005,,SM4500PF,0.002,,,,,93722004,10103971,00666
P155442-5,93722005,93722,Non-WQM,Untreated_B,SW,GP,SAMP,EFIRE,EX,EFIRE,4/11/2025 11:50,,,,0.09,,,,,,,,,,,,,,,,,,,,,,,,4/15/2025 14:05,4/15/2025 9:40,00666,TDPO4,26,0.022,mg/L,+/- 0.002,,SM4500PF,0.002,,,,,93722005,10103983,00666
P155442-6,93722006,93722,Non-WQM,Burn_B,SW,GP,SAMP,EFIRE,EX,EFIRE,4/11/2025 12:10,,,,0.1,,,,,,,,,,,,,,,,,,,,,,,,4/15/2025 14:07,4/15/2025 9:40,00666,TDPO4,26,0.058,mg/L,+/- 0.004,,SM4500PF,0.002,,,,,93722006,10103995,00666
P155442-7,93722007,93722,Non-WQM,Burn_Herb_B,SW,GP,SAMP,EFIRE,EX,EFIRE,4/11/2025 12:25,,,,0.08,,,,,,,,,,,,,,,,,,,,,,,,4/15/2025 14:09,4/15/2025 9:40,00666,TDPO4,26,0.054,mg/L,+/- 0.004,,SM4500PF,0.002,,,,,93722007,10104007,00666
P155442-8,93722008,93722,Non-WQM,Herbicide_B,SW,GP,SAMP,EFIRE,EX,EFIRE,4/11/2025 12:45,,,,0.08,,,,,,,,,,,,,,,,,,,,,,,,4/15/2025 14:11,4/15/2025 9:40,00666,TDPO4,26,0.026,mg/L,+/- 0.002,,SM4500PF,0.002,,,,,93722008,10104019,00666
P155442-9,93722009,93722,Non-WQM,Herbicide_C,SW,GP,SAMP,EFIRE,EX,EFIRE,4/11/2025 13:00,,,,0.08,,,,,,,,,,,,,,,,,,,,,,,,4/15/2025 14:13,4/15/2025 9:40,00666,TDPO4,26,0.018,mg/L,+/- 0.002,,SM4500PF,0.002,,,,,93722009,10104031,00666
P155442-10,93722010,93722,Non-WQM,Burn_Herb_C,SW,GP,SAMP,EFIRE,EX,EFIRE,4/11/2025 13:20,,,,0.11,,,,,,,,,,,,,,,,,,,,,,,,4/15/2025 14:15,4/15/2025 9:40,00666,TDPO4,26,0.062,mg/L,+/- 0.004,,SM4500PF,0.002,,,,,93722010,10104043,00666
P155442-11,93722011,93722,Non-WQM,Burn_C,SW,GP,SAMP,EFIRE,EX,EFIRE,4/11/2025 13:35,,,,0.05,,,,,,,,,,,,,,,,,,,,,,,,4/15/2025 14:16,4/15/2025 9:40,00666,TDPO4,26,0.036,mg/L,+/- 0.003,,SM4500PF,0.002,,,,,93722011,10104055,00666
P155442-12,93722012,93722,Non-WQM,Untreated_C,SW,GP,SAMP,EFIRE,EX,EFIRE,4/11/2025 13:55,,,,0.11,,,,,,,,,,,,,,,,,,,,,,,,4/15/2025 14:20,4/15/2025 9:40,00666,TDPO4,26,0.018,mg/L,+/- 0.002,,SM4500PF,0.002,,,,,93722012,10104067,00666
P162251-1,97134001,97134,Non-WQM,Untreated_A,SW,GP,SAMP,EFIRE,EX,EFIRE,6/16/2026 9:45,,,,0.07,,,,,,,,,,,,,,,,,,,,,,,,6/23/2026 11:21,6/22/2026 15:46,00666,TDPO4,26,0.02,mg/L,+/- 0.002,,SM4500PF,0.002,,,,,97134001,10568771,00666
P162251-2,97134002,97134,Non-WQM,Herbicide_A,SW,GP,SAMP,EFIRE,EX,EFIRE,6/16/2026 10:06,,,,0.06,,,,,,,,,,,,,,,,,,,,,,,,6/23/2026 11:25,6/22/2026 15:46,00666,TDPO4,26,0.014,mg/L,+/- 0.002,,SM4500PF,0.002,,,,,97134002,10568776,00666
P162251-3,97134003,97134,Non-WQM,Burn_Herb_A,SW,GP,SAMP,EFIRE,EX,EFIRE,6/16/2026 10:22,,,,0.12,,,,,,,,,,,,,,,,,,,,,,,,6/23/2026 11:38,6/22/2026 15:46,00666,TDPO4,26,0.013,mg/L,+/- 0.002,,SM4500PF,0.002,,,,,97134003,10568781,00666
P162251-4,97134004,97134,Non-WQM,Burn_A,SW,GP,SAMP,EFIRE,EX,EFIRE,6/16/2026 10:36,,,,0.06,,,,,,,,,,,,,,,,,,,,,,,,6/23/2026 11:44,6/22/2026 15:46,00666,TDPO4,26,0.011,mg/L,+/- 0.002,,SM4500PF,0.002,,,,,97134004,10568786,00666
P162251-6,97134006,97134,Non-WQM,Burn_B,SW,GP,SAMP,EFIRE,EX,EFIRE,6/16/2026 10:55,,,,0.09,,,,,,,,,,,,,,,,,,,,,,,,6/23/2026 11:47,6/22/2026 15:46,00666,TDPO4,26,0.016,mg/L,+/- 0.002,,SM4500PF,0.002,,,,,97134006,10568792,00666
P162251-7,97134007,97134,Non-WQM,Burn_Herb_B,SW,GP,SAMP,EFIRE,EX,EFIRE,6/16/2026 11:09,,,,0.07,,,,,,,,,,,,,,,,,,,,,,,,6/23/2026 11:51,6/22/2026 15:46,00666,TDPO4,26,0.015,mg/L,+/- 0.002,,SM4500PF,0.002,,,,,97134007,10568797,00666
P162251-8,97134008,97134,Non-WQM,Herbicide_B,SW,GP,SAMP,EFIRE,EX,EFIRE,6/16/2026 11:31,,,,0.05,,,,,,,,,,,,,,,,,,,,,,,,6/23/2026 11:57,6/22/2026 15:46,00666,TDPO4,26,0.012,mg/L,+/- 0.002,,SM4500PF,0.002,,,,,97134008,10568802,00666
P162251-9,97134009,97134,Non-WQM,Herbicide_C,SW,GP,SAMP,EFIRE,EX,EFIRE,6/16/2026 11:47,,,,0.05,,,,,,,,,,,,,,,,,,,,,,,,6/23/2026 12:01,6/22/2026 15:46,00666,TDPO4,26,0.009,mg/L,+/- 0.002,,SM4500PF,0.002,,,,,97134009,10568807,00666
P162251-10,97134010,97134,Non-WQM,Burn_Herb_C,SW,GP,SAMP,EFIRE,EX,EFIRE,6/16/2026 12:05,,,,0.05,,,,,,,,,,,,,,,,,,,,,,,,6/23/2026 12:04,6/22/2026 15:46,00666,TDPO4,26,0.009,mg/L,+/- 0.002,,SM4500PF,0.002,,,,,97134010,10568812,00666
P162251-11,97134011,97134,Non-WQM,Burn_C,SW,GP,SAMP,EFIRE,EX,EFIRE,6/16/2026 12:18,,,,0.05,,,,,,,,,,,,,,,,,,,,,,,,6/23/2026 12:08,6/22/2026 15:46,00666,TDPO4,26,0.02,mg/L,+/- 0.002,,SM4500PF,0.002,,,,,97134011,10568817,00666
P162251-12,97134012,97134,Non-WQM,Untreated_C,SW,GP,SAMP,EFIRE,EX,EFIRE,6/16/2026 12:33,,,,0.06,,,,,,,,,,,,,,,,,,,,,,,,6/23/2026 12:12,6/22/2026 15:46,00666,TDPO4,26,0.017,mg/L,+/- 0.002,,SM4500PF,0.002,,,,,97134012,10568822,00666
P164236-2,98069002,98069,Non-WQM,Untreated_A,SW,GP,SAMP,EFIRE,EX,EFIRE,5/6/2026 9:30,,,,0.08,,,,,,,,,,,,,,,,,,,,,,,,5/18/2026 10:01,5/15/2026 13:25,00666,TDPO4,26,0.021,mg/L,+/- 0.002,,SM4500PF,0.002,,,,,98069002,10528920,00666
P164236-3,98069003,98069,Non-WQM,Herbicide_A,SW,GP,SAMP,EFIRE,EX,EFIRE,5/6/2026 10:00,,,,0.07,,,,,,,,,,,,,,,,,,,,,,,,5/18/2026 10:03,5/15/2026 13:25,00666,TDPO4,26,0.013,mg/L,+/- 0.002,,SM4500PF,0.002,,Green algae in water column. ,,,98069003,10528925,00666
P164236-4,98069004,98069,Non-WQM,Burn_A,SW,GP,SAMP,EFIRE,EX,EFIRE,5/6/2026 10:30,,,,0.09,,,,,,,,,,,,,,,,,,,,,,,,5/18/2026 10:05,5/15/2026 13:25,00666,TDPO4,26,0.011,mg/L,+/- 0.002,,SM4500PF,0.002,,,,,98069004,10528930,00666
P164236-5,98069005,98069,Non-WQM,Untreated_B,SW,GP,SAMP,EFIRE,EX,EFIRE,5/6/2026 10:50,,,,0.04,,,,,,,,,,,,,,,,,,,,,,,,5/18/2026 10:06,5/15/2026 13:25,00666,TDPO4,26,0.019,mg/L,+/- 0.002,,SM4500PF,0.002,,,,,98069005,10528935,00666
P164236-6,98069006,98069,Non-WQM,Burn_B,SW,GP,SAMP,EFIRE,EX,EFIRE,5/6/2026 11:01,,,,0.09,,,,,,,,,,,,,,,,,,,,,,,,5/18/2026 10:08,5/15/2026 13:25,00666,TDPO4,26,0.014,mg/L,+/- 0.002,,SM4500PF,0.002,,,,,98069006,10528940,00666
P164236-7,98069007,98069,Non-WQM,Burn_Herb_B,SW,GP,SAMP,EFIRE,EX,EFIRE,5/6/2026 11:20,,,,0.10,,,,,,,,,,,,,,,,,,,,,,,,5/18/2026 10:10,5/15/2026 13:25,00666,TDPO4,26,0.011,mg/L,+/- 0.002,,SM4500PF,0.002,,,,,98069007,10528945,00666
P164236-8,98069008,98069,Non-WQM,Herbicide_B,SW,GP,SAMP,EFIRE,EX,EFIRE,5/6/2026 11:35,,,,0.06,,,,,,,,,,,,,,,,,,,,,,,,5/18/2026 10:12,5/15/2026 13:25,00666,TDPO4,26,0.01,mg/L,+/- 0.002,,SM4500PF,0.002,,,,,98069008,10528950,00666
P164236-9,98069009,98069,Non-WQM,Herbicide_C,SW,GP,SAMP,EFIRE,EX,EFIRE,5/6/2026 12:00,,,,0.06,,,,,,,,,,,,,,,,,,,,,,,,5/18/2026 10:14,5/15/2026 13:25,00666,TDPO4,26,0.008,mg/L,+/- 0.002,,SM4500PF,0.002,,,,,98069009,10528955,00666
P164236-10,98069010,98069,Non-WQM,Burn_Herb_C,SW,GP,SAMP,EFIRE,EX,EFIRE,5/6/2026 12:15,,,,0.11,,,,,,,,,,,,,,,,,,,,,,,,5/18/2026 10:23,5/15/2026 13:25,00666,TDPO4,26,0.008,mg/L,+/- 0.002,,SM4500PF,0.002,,Floating algae/periphyton. ,,,98069010,10528960,00666
P164236-11,98069011,98069,Non-WQM,Burn_C,SW,GP,SAMP,EFIRE,EX,EFIRE,5/6/2026 12:30,,,,0.13,,,,,,,,,,,,,,,,,,,,,,,,5/18/2026 10:27,5/15/2026 13:25,00666,TDPO4,26,0.008,mg/L,+/- 0.002,,SM4500PF,0.002,,,,,98069011,10528965,00666
P164236-12,98069012,98069,Non-WQM,Untreated_C,SW,GP,SAMP,EFIRE,EX,EFIRE,5/6/2026 12:50,,,,0.07,,,,,,,,,,,,,,,,,,,,,,,,5/18/2026 10:29,5/15/2026 13:25,00666,TDPO4,26,0.011,mg/L,+/- 0.002,,SM4500PF,0.002,,,,,98069012,10528970,00666
P164236-14,98069014,98069,Non-WQM,Burn_Herb_A,SW,GP,SAMP,EFIRE,EX,EFIRE,5/6/2026 10:15,,,,0.12,,,,,,,,,,,,,,,,,,,,,,,,5/18/2026 10:33,5/15/2026 13:25,00666,TDPO4,26,0.01,mg/L,+/- 0.002,,SM4500PF,0.002,,Floating algae/periphyton. ,,,98069014,10528980,00666
P155441-13,93721013,93721,Non-WQM,Untreated_A,DI,GP,FCEB,EFIRE,EX,EFIRE,4/10/2025 15:50,,,,,,,,,,,,,,,,,,,,,,,,,,,,4/15/2025 13:46,4/15/2025 9:40,00666,TDPO4,26,0.002,mg/L,+/- 0.002,U,SM4500PF,0.002,,,,,93721013,10103149,00666
P158399-13,95203013,95203,Non-WQM,Untreated_A,DI,GP,FCEB,EFIRE,EX,EFIRE,7/15/2025 9:25,,,,,,,,,,,,,,,,,,,,,,,,,,,,7/22/2025 13:39,7/21/2025 15:50,00666,TDPO4,26,0.002,mg/L,+/- 0.002,U,SM4500PF,0.002,,,,,95203013,10211331,00666
P158396-13,95200013,95200,Non-WQM,Untreated_A,DI,GP,FCEB,EFIRE,EX,EFIRE,6/3/2025 9:40,,,,,,,,,,,,,,,,,,,,,,,,,,,,6/16/2025 11:31,6/13/2025 15:44,00666,TDPO4,26,0.002,mg/L,+/- 0.002,U,SM4500PF,0.002,,"DI 8246 through peristaltic pump tubing to bucket to sample bottles. Bucket Mjolner, tray Redland, filter 17866092, H2SO4 072823.",,,95200013,10162703,00666
P158401-13,95205013,95205,Non-WQM,Untreated_A,DI,GP,FCEB,EFIRE,EX,EFIRE,8/26/2025 10:00,,,,,,,,,,,,,,,,,,,,,,,,,,,,9/10/2025 9:56,9/9/2025 16:10,00666,TDPO4,26,0.002,mg/L,+/- 0.002,U,SM4500PF,0.002,,,,,95205013,10278667,00666
P158528-13,95272013,95272,Non-WQM,Untreated_A,DI,GP,FCEB,EFIRE,EX,EFIRE,10/21/2025 10:00,,,,,,,,,,,,,,,,,,,,,,,,,,,,11/3/2025 12:05,10/28/2025 14:30,00666,TDPO4,26,0.002,mg/L,+/- 0.002,U,SM4500PF,0.002,,DI 8316 through peristaltic pump tubing to bucket to sample bottles. Filter lot 18129111. SA lot 072823. Tray Dustin D. Bucket Dexter. ,,,95272013,10338309,00666
P155444-13,93724013,93724,Non-WQM,Untreated_A,DI,GP,FCEB,EFIRE,EX,EFIRE,1/28/2025 10:30,,,,,,,,,,,,,,,,,,,,,,,,,,,,1/31/2025 13:01,1/31/2025 9:02,00666,TDPO4,26,0.002,mg/L,+/- 0.002,U,SM4500PF,0.002,,"DI 8174 through peristaltic pump tubing to bucket to sample bottles. Bucket Dexter, tray Wild Bill, SA lot 072823, filter lot 81724837.",,,93724013,10017515,00666
P155443-13,93723013,93723,Non-WQM,Untreated_A,DI,GP,FCEB,EFIRE,EX,EFIRE,12/17/2024 10:15,,,,,,,,,,,,,,,,,,,,,,,,,,,,12/26/2024 10:22,12/20/2024 15:22,00666,TDPO4,26,0.002,mg/L,+/- 0.002,U,SM4500PF,0.002,,"DI 8075 through peristaltic pump tubing to bucket to sample bottles. Tray Orange, Bucket Dexter, Acid lot 072823, Filter lot 18197628.",,,93723013,9964221,00666
P158527-13,95271013,95271,Non-WQM,Untreated_A,DI,GP,FCEB,EFIRE,EX,EFIRE,10/8/2025 10:09,,,,,,,,,,,,,,,,,,,,,,,,,,,,10/15/2025 12:59,10/13/2025 11:03,00666,TDPO4,26,0.002,mg/L,+/- 0.002,U,SM4500PF,0.002,,,,,95271013,10321008,00666
P158531-13,95275013,95275,Non-WQM,Untreated_A,DI,GP,FCEB,EFIRE,EX,EFIRE,12/3/2025 10:40,,,,,,,,,,,,,,,,,,,,,,,,,,,,12/12/2025 12:48,12/11/2025 15:05,00666,TDPO4,26,0.002,mg/L,+/- 0.002,U,SM4500PF,0.002,,PC22|FCEB collected thru all sampling equipment.,,,95275013,10382028,00666
P155442-13,93722013,93722,Non-WQM,Untreated_A,DI,GP,FCEB,EFIRE,EX,EFIRE,4/11/2025 10:30,,,,,,,,,,,,,,,,,,,,,,,,,,,,4/15/2025 14:23,4/15/2025 9:40,00666,TDPO4,26,0.002,mg/L,+/- 0.002,U,SM4500PF,0.002,,"DI 8229 through peristaltic pump to bucket to sample bottles. Tray Rocky, bucket Nantucket, SA 072823, filter 18278596.",,,93722013,10103935,00666
P162251-13,97134013,97134,Non-WQM,Burn_Herb_B,DI,GP,FCEB,EFIRE,EX,EFIRE,6/16/2026 11:20,,,,,,,,,,,,,,,,,,,,,,,,,,,,6/23/2026 12:18,6/22/2026 15:46,00666,TDPO4,26,0.002,mg/L,+/- 0.002,U,SM4500PF,0.002,,FCEB ran through all sampling equipment.,,,97134013,10568829,00666
P164236-13,98069013,98069,Non-WQM,Untreated_A,DI,GP,FCEB,EFIRE,EX,EFIRE,5/6/2026 9:45,,,,,,,,,,,,,,,,,,,,,,,,,,,,5/18/2026 10:31,5/15/2026 13:25,00666,TDPO4,26,0.002,mg/L,+/- 0.002,U,SM4500PF,0.002,,FCEB collected through all sampling equipment. ,,,98069013,10528977,00666
P158397-13,95201013,95201,Non-WQM,Untreated_A,DI,GP,FB,EFIRE,EX,EFIRE,6/17/2025 10:15,,,,,,,,,,,,,,,,,,,,,,,,,,,,7/2/2025 12:17,7/1/2025 14:14,00666,TDPO4,26,0.002,mg/L,+/- 0.002,U,SM4500PF,0.002,,DI 8242 through peristaltic pump tubing into sampling bucket.,,,95201013,10179130,00666
P155205-1,93612001,93612,Non-WQM,Herbicide_A,SW,ADT,SAMP,EFIRE,EX,EFIRE,12/18/2024 13:01,,,,,,,,,,,,,,,,,,,,,,,,,,,12/12/2024 12:00:00 AM,1/3/2025 10:52,1/2/2025 16:40,00665,TPO4,25,0.053,mg/L,+/- 0.004,,SM4500PF,0.002,,,,,93612001,9966339,00665
P155205-2,93612002,93612,Non-WQM,Herbicide_A,SW,ADT,SAMP,EFIRE,EX,EFIRE,12/18/2024 13:02,,,,,,,,,,,,,,,,,,,,,,,,,,,12/13/2024 12:00:00 AM,1/3/2025 10:54,1/2/2025 16:40,00665,TPO4,25,0.029,mg/L,+/- 0.003,,SM4500PF,0.002,,,,,93612002,9966341,00665
P155205-3,93612003,93612,Non-WQM,Herbicide_A,SW,ADT,SAMP,EFIRE,EX,EFIRE,12/18/2024 13:03,,,,,,,,,,,,,,,,,,,,,,,,,,,12/14/2024 12:00:00 AM,1/3/2025 12:41,1/2/2025 16:40,00665,TPO4,25,0.032,mg/L,+/- 0.003,,SM4500PF,0.002,,,,,93612003,9966343,00665
P155205-4,93612004,93612,Non-WQM,Herbicide_A,SW,ADT,SAMP,EFIRE,EX,EFIRE,12/18/2024 13:04,,,,,,,,,,,,,,,,,,,,,,,,,,,12/15/2024 12:00:00 AM,1/3/2025 12:43,1/2/2025 16:40,00665,TPO4,25,0.05,mg/L,+/- 0.004,,SM4500PF,0.002,,,,,93612004,9966345,00665
P155205-5,93612005,93612,Non-WQM,Herbicide_A,SW,ADT,SAMP,EFIRE,EX,EFIRE,12/18/2024 13:05,,,,,,,,,,,,,,,,,,,,,,,,,,,12/16/2024 12:00:00 AM,1/7/2025 12:11,1/7/2025 9:25,00665,TPO4,25,0.121,mg/L,+/- 0.008,,SM4500PF,0.002,,,,,93612005,9966347,00665
P155205-6,93612006,93612,Non-WQM,Herbicide_A,SW,ADT,SAMP,EFIRE,EX,EFIRE,12/18/2024 13:06,,,,,,,,,,,,,,,,,,,,,,,,,,,12/17/2024 12:00:00 AM,1/7/2025 12:15,1/7/2025 9:25,00665,TPO4,25,0.155,mg/L,+/- 0.011,,SM4500PF,0.002,,,,,93612006,9966349,00665
P155441-1,93721001,93721,Non-WQM,Untreated_A,SW,GP,SAMP,EFIRE,EX,EFIRE,4/10/2025 15:30,,,,0.08,,,,,,,,,,,,,,,,,,,,,,,,4/15/2025 12:18,4/15/2025 9:40,00665,TPO4,25,0.043,mg/L,+/- 0.004,,SM4500PF,0.002,,,,,93721001,10103021,00665
P155441-2,93721002,93721,Non-WQM,Herbicide_A,SW,GP,SAMP,EFIRE,EX,EFIRE,4/10/2025 16:00,,,,0.07,,,,,,,,,,,,,,,,,,,,,,,,4/15/2025 12:22,4/15/2025 9:40,00665,TPO4,25,0.033,mg/L,+/- 0.003,,SM4500PF,0.002,,,,,93721002,10103033,00665
P155441-3,93721003,93721,Non-WQM,Burn_Herb_A,SW,GP,SAMP,EFIRE,EX,EFIRE,4/10/2025 16:30,,,,0.11,,,,,,,,,,,,,,,,,,,,,,,,4/15/2025 15:59,4/15/2025 9:40,00665,TPO4,25,0.543,mg/L,+/- 0.037,,SM4500PF,0.004,,,,,93721003,10103045,00665
P155441-4,93721004,93721,Non-WQM,Burn_A,SW,GP,SAMP,EFIRE,EX,EFIRE,4/10/2025 17:15,,,,0.09,,,,,,,,,,,,,,,,,,,,,,,,4/15/2025 16:01,4/15/2025 9:40,00665,TPO4,25,0.552,mg/L,+/- 0.038,,SM4500PF,0.004,,,,,93721004,10103057,00665
P155441-6,93721006,93721,Non-WQM,Burn_B,SW,GP,SAMP,EFIRE,EX,EFIRE,4/10/2025 18:05,,,,0.14,,,,,,,,,,,,,,,,,,,,,,,,4/15/2025 12:29,4/15/2025 9:40,00665,TPO4,25,0.314,mg/L,+/- 0.021,,SM4500PF,0.002,,,,,93721006,10103069,00665
P155441-7,93721007,93721,Non-WQM,Burn_Herb_B,SW,GP,SAMP,EFIRE,EX,EFIRE,4/10/2025 18:10,,,,0.15,,,,,,,,,,,,,,,,,,,,,,,,4/15/2025 16:04,4/15/2025 9:40,00665,TPO4,25,0.488,mg/L,+/- 0.033,,SM4500PF,0.004,,,,,93721007,10103081,00665
P155441-8,93721008,93721,Non-WQM,Herbicide_B,SW,GP,SAMP,EFIRE,EX,EFIRE,4/10/2025 18:20,,,,0.11,,,,,,,,,,,,,,,,,,,,,,,,4/15/2025 16:06,4/15/2025 9:40,00665,TPO4,25,0.053,mg/L,+/- 0.004,,SM4500PF,0.002,,,,,93721008,10103093,00665
P155441-9,93721009,93721,Non-WQM,Herbicide_C,SW,GP,SAMP,EFIRE,EX,EFIRE,4/10/2025 18:25,,,,0.11,,,,,,,,,,,,,,,,,,,,,,,,4/15/2025 12:35,4/15/2025 9:40,00665,TPO4,25,0.064,mg/L,+/- 0.005,,SM4500PF,0.002,,,,,93721009,10103105,00665
P155441-10,93721010,93721,Non-WQM,Burn_Herb_C,SW,GP,SAMP,EFIRE,EX,EFIRE,4/10/2025 18:35,,,,0.15,,,,,,,,,,,,,,,,,,,,,,,,4/15/2025 16:08,4/15/2025 9:40,00665,TPO4,25,0.406,mg/L,+/- 0.028,,SM4500PF,0.004,,,,,93721010,10103117,00665
P155441-11,93721011,93721,Non-WQM,Burn_C,SW,GP,SAMP,EFIRE,EX,EFIRE,4/10/2025 18:40,,,,0.10,,,,,,,,,,,,,,,,,,,,,,,,4/15/2025 12:40,4/15/2025 9:40,00665,TPO4,25,0.195,mg/L,+/- 0.013,,SM4500PF,0.002,,,,,93721011,10103129,00665
P155441-12,93721012,93721,Non-WQM,Untreated_C,SW,GP,SAMP,EFIRE,EX,EFIRE,4/10/2025 18:45,,,,0.06,,,,,,,,,,,,,,,,,,,,,,,,4/15/2025 12:44,4/15/2025 9:40,00665,TPO4,25,0.06,mg/L,+/- 0.004,,SM4500PF,0.002,,,,,93721012,10103141,00665
P155441-5,93721005,93721,Non-WQM,Untreated_B,SW,GP,SAMP,EFIRE,EX,EFIRE,4/10/2025 17:50,,,,0.09,,,,,,,,,,,,,,,,,,,,,,,,4/15/2025 16:02,4/15/2025 9:40,00665,TPO4,25,0.035,mg/L,+/- 0.003,,SM4500PF,0.002,,,,,93721005,10103165,00665
P158397-1,95201001,95201,Non-WQM,Untreated_A,SW,GP,SAMP,EFIRE,EX,EFIRE,6/17/2025 10:00,,,,0.1,,,,,,,,,,,,,,,,,,,,,,,,6/19/2025 9:30,6/18/2025 14:54,00665,TPO4,25,0.016,mg/L,+/- 0.002,,SM4500PF,0.002,,,,,95201001,10179125,00665
P158397-2,95201002,95201,Non-WQM,Herbicide_A,SW,GP,SAMP,EFIRE,EX,EFIRE,6/17/2025 10:30,,,,0.11,,,,,,,,,,,,,,,,,,,,,,,,6/19/2025 9:34,6/18/2025 14:54,00665,TPO4,25,0.017,mg/L,+/- 0.002,,SM4500PF,0.002,,,,,95201002,10179135,00665
P158397-3,95201003,95201,Non-WQM,Burn_Herb_A,SW,GP,SAMP,EFIRE,EX,EFIRE,6/17/2025 10:45,,,,0.11,,,,,,,,,,,,,,,,,,,,,,,,6/19/2025 9:36,6/18/2025 14:54,00665,TPO4,25,0.016,mg/L,+/- 0.002,,SM4500PF,0.002,,,,,95201003,10179140,00665
P158397-4,95201004,95201,Non-WQM,Burn_A,SW,GP,SAMP,EFIRE,EX,EFIRE,6/17/2025 12:15,,,,0.08,,,,,,,,,,,,,,,,,,,,,,,,6/19/2025 9:38,6/18/2025 14:54,00665,TPO4,25,0.018,mg/L,+/- 0.002,,SM4500PF,0.002,,,,,95201004,10179145,00665
P158397-5,95201005,95201,Non-WQM,Untreated_B,SW,GP,SAMP,EFIRE,EX,EFIRE,6/17/2025 12:25,,,,0.1,,,,,,,,,,,,,,,,,,,,,,,,6/19/2025 9:40,6/18/2025 14:54,00665,TPO4,25,0.017,mg/L,+/- 0.002,,SM4500PF,0.002,,,,,95201005,10179150,00665
P158397-6,95201006,95201,Non-WQM,Burn_B,SW,GP,SAMP,EFIRE,EX,EFIRE,6/17/2025 12:35,,,,0.11,,,,,,,,,,,,,,,,,,,,,,,,6/19/2025 9:42,6/18/2025 14:54,00665,TPO4,25,0.014,mg/L,+/- 0.002,,SM4500PF,0.002,,,,,95201006,10179155,00665
P158397-7,95201007,95201,Non-WQM,Burn_Herb_B,SW,GP,SAMP,EFIRE,EX,EFIRE,6/17/2025 12:45,,,,0.12,,,,,,,,,,,,,,,,,,,,,,,,6/19/2025 9:43,6/18/2025 14:54,00665,TPO4,25,0.018,mg/L,+/- 0.002,,SM4500PF,0.002,,,,,95201007,10179160,00665
P158397-8,95201008,95201,Non-WQM,Herbicide_B,SW,GP,SAMP,EFIRE,EX,EFIRE,6/17/2025 13:00,,,,0.07,,,,,,,,,,,,,,,,,,,,,,,,6/19/2025 9:45,6/18/2025 14:54,00665,TPO4,25,0.016,mg/L,+/- 0.002,,SM4500PF,0.002,,,,,95201008,10179165,00665
P158397-9,95201009,95201,Non-WQM,Herbicide_C,SW,GP,SAMP,EFIRE,EX,EFIRE,6/17/2025 13:10,,,,0.08,,,,,,,,,,,,,,,,,,,,,,,,6/19/2025 9:47,6/18/2025 14:54,00665,TPO4,25,0.019,mg/L,+/- 0.002,,SM4500PF,0.002,,,,,95201009,10179170,00665
P158397-10,95201010,95201,Non-WQM,Burn_Herb_C,SW,GP,SAMP,EFIRE,EX,EFIRE,6/17/2025 13:20,,,,0.17,,,,,,,,,,,,,,,,,,,,,,,,6/19/2025 9:49,6/18/2025 14:54,00665,TPO4,25,0.014,mg/L,+/- 0.002,,SM4500PF,0.002,,,,,95201010,10179175,00665
P158397-11,95201011,95201,Non-WQM,Burn_C,SW,GP,SAMP,EFIRE,EX,EFIRE,6/17/2025 13:30,,,,0.13,,,,,,,,,,,,,,,,,,,,,,,,6/19/2025 9:53,6/18/2025 14:54,00665,TPO4,25,0.015,mg/L,+/- 0.002,,SM4500PF,0.002,,,,,95201011,10179180,00665
P155742-1,93872001,93872,Non-WQM,Untreated_A,SW,GP,SAMP,EFIRE,EX,EFIRE,4/21/2025 10:00,,,,0.05,,,,,,,,,,,,,,,,,,,,,,,,4/22/2025 14:17,4/22/2025 9:30,00665,TPO4,25,0.048,mg/L,+/- 0.004,,SM4500PF,0.002,,,,,93872001,10115612,00665
P155742-2,93872002,93872,Non-WQM,Herbicide_A,SW,GP,SAMP,EFIRE,EX,EFIRE,4/21/2025 10:20,,,,0.05,,,,,,,,,,,,,,,,,,,,,,,,4/22/2025 14:19,4/22/2025 9:30,00665,TPO4,25,0.04,mg/L,+/- 0.003,,SM4500PF,0.002,,,,,93872002,10115636,00665
P155742-3,93872003,93872,Non-WQM,Burn_Herb_A,SW,GP,SAMP,EFIRE,EX,EFIRE,4/21/2025 10:45,,,,0.06,,,,,,,,,,,,,,,,,,,,,,,,4/22/2025 14:20,4/22/2025 9:30,00665,TPO4,25,0.04,mg/L,+/- 0.003,,SM4500PF,0.002,,,,,93872003,10115648,00665
P155742-4,93872004,93872,Non-WQM,Burn_A,SW,GP,SAMP,EFIRE,EX,EFIRE,4/21/2025 11:30,,,,0.05,,,,,,,,,,,,,,,,,,,,,,,,4/22/2025 14:22,4/22/2025 9:30,00665,TPO4,25,0.051,mg/L,+/- 0.004,,SM4500PF,0.002,,,,,93872004,10115660,00665
P155742-5,93872005,93872,Non-WQM,Untreated_B,SW,GP,SAMP,EFIRE,EX,EFIRE,4/21/2025 11:55,,,,0.05,,,,,,,,,,,,,,,,,,,,,,,,4/22/2025 14:24,4/22/2025 9:30,00665,TPO4,25,0.114,mg/L,+/- 0.008,,SM4500PF,0.002,,,,,93872005,10115672,00665
P155742-6,93872006,93872,Non-WQM,Burn_B,SW,GP,SAMP,EFIRE,EX,EFIRE,4/21/2025 12:20,,,,0.05,,,,,,,,,,,,,,,,,,,,,,,,4/22/2025 14:26,4/22/2025 9:30,00665,TPO4,25,0.036,mg/L,+/- 0.003,,SM4500PF,0.002,,,,,93872006,10115684,00665
P155742-7,93872007,93872,Non-WQM,Burn_Herb_B,SW,GP,SAMP,EFIRE,EX,EFIRE,4/21/2025 12:35,,,,0.06,,,,,,,,,,,,,,,,,,,,,,,,4/22/2025 14:28,4/22/2025 9:30,00665,TPO4,25,0.042,mg/L,+/- 0.003,,SM4500PF,0.002,,,,,93872007,10115696,00665
P155742-8,93872008,93872,Non-WQM,Herbicide_B,SW,GP,SAMP,EFIRE,EX,EFIRE,4/21/2025 12:50,,,,0.05,,,,,,,,,,,,,,,,,,,,,,,,4/22/2025 14:37,4/22/2025 9:30,00665,TPO4,25,0.032,mg/L,+/- 0.003,,SM4500PF,0.002,,,,,93872008,10115708,00665
P155742-9,93872009,93872,Non-WQM,Herbicide_C,SW,GP,SAMP,EFIRE,EX,EFIRE,4/21/2025 13:05,,,,0.04,,,,,,,,,,,,,,,,,,,,,,,,4/22/2025 14:41,4/22/2025 9:30,00665,TPO4,25,0.057,mg/L,+/- 0.004,,SM4500PF,0.002,,,,,93872009,10115720,00665
P155742-10,93872010,93872,Non-WQM,Burn_Herb_C,SW,GP,SAMP,EFIRE,EX,EFIRE,4/21/2025 13:20,,,,0.08,,,,,,,,,,,,,,,,,,,,,,,,4/22/2025 14:43,4/22/2025 9:30,00665,TPO4,25,0.031,mg/L,+/- 0.003,,SM4500PF,0.002,,,,,93872010,10115732,00665
P155742-11,93872011,93872,Non-WQM,Burn_C,SW,GP,SAMP,EFIRE,EX,EFIRE,4/21/2025 13:35,,,,0.08,,,,,,,,,,,,,,,,,,,,,,,,4/22/2025 14:45,4/22/2025 9:30,00665,TPO4,25,0.036,mg/L,+/- 0.003,,SM4500PF,0.002,,,,,93872011,10115744,00665
P155742-12,93872012,93872,Non-WQM,Untreated_C,SW,GP,SAMP,EFIRE,EX,EFIRE,4/21/2025 13:45,,,,0.05,,,,,,,,,,,,,,,,,,,,,,,,4/22/2025 14:47,4/22/2025 9:30,00665,TPO4,25,0.047,mg/L,+/- 0.004,,SM4500PF,0.002,,,,,93872012,10115756,00665
P158397-12,95201012,95201,Non-WQM,Untreated_C,SW,GP,SAMP,EFIRE,EX,EFIRE,6/17/2025 13:40,,,,0.09,,,,,,,,,,,,,,,,,,,,,,,,6/19/2025 9:55,6/18/2025 14:54,00665,TPO4,25,0.016,mg/L,+/- 0.002,,SM4500PF,0.002,,Cattail pop up; very bubbly/gassy,,,95201012,10179185,00665
P158395-1,95199001,95199,Non-WQM,Untreated_A,SW,GP,SAMP,EFIRE,EX,EFIRE,5/21/2025 9:40,,,,0.1,,,,,,,,,,,,,,,,,,,,,,,,5/22/2025 13:07,5/22/2025 9:54,00665,TPO4,25,0.04,mg/L,+/- 0.003,,SM4500PF,0.002,,,,,95199001,10150365,00665
P158395-2,95199002,95199,Non-WQM,Herbicide_A,SW,GP,SAMP,EFIRE,EX,EFIRE,5/21/2025 10:10,,,,0.15,,,,,,,,,,,,,,,,,,,,,,,,5/22/2025 13:09,5/22/2025 9:54,00665,TPO4,25,0.033,mg/L,+/- 0.003,,SM4500PF,0.002,,,,,95199002,10150375,00665
P158395-3,95199003,95199,Non-WQM,Burn_Herb_A,SW,GP,SAMP,EFIRE,EX,EFIRE,5/21/2025 10:25,,,,0.16,,,,,,,,,,,,,,,,,,,,,,,,5/22/2025 13:11,5/22/2025 9:54,00665,TPO4,25,0.051,mg/L,+/- 0.004,,SM4500PF,0.002,,,,,95199003,10150380,00665
P158395-4,95199004,95199,Non-WQM,Burn_A,SW,GP,SAMP,EFIRE,EX,EFIRE,5/21/2025 10:50,,,,0.13,,,,,,,,,,,,,,,,,,,,,,,,5/22/2025 15:32,5/22/2025 9:54,00665,TPO4,25,0.069,mg/L,+/- 0.005,,SM4500PF,0.002,,,,,95199004,10150385,00665
P158395-5,95199005,95199,Non-WQM,Untreated_B,SW,GP,SAMP,EFIRE,EX,EFIRE,5/21/2025 11:10,,,,0.14,,,,,,,,,,,,,,,,,,,,,,,,5/22/2025 13:26,5/22/2025 9:54,00665,TPO4,25,0.037,mg/L,+/- 0.003,,SM4500PF,0.002,,,,,95199005,10150390,00665
P158395-6,95199006,95199,Non-WQM,Burn_B,SW,GP,SAMP,EFIRE,EX,EFIRE,5/21/2025 11:25,,,,0.16,,,,,,,,,,,,,,,,,,,,,,,,5/22/2025 13:29,5/22/2025 9:54,00665,TPO4,25,0.061,mg/L,+/- 0.005,,SM4500PF,0.002,,,,,95199006,10150395,00665
P158395-7,95199007,95199,Non-WQM,Burn_Herb_B,SW,GP,SAMP,EFIRE,EX,EFIRE,5/21/2025 11:40,,,,0.17,,,,,,,,,,,,,,,,,,,,,,,,5/22/2025 13:31,5/22/2025 9:54,00665,TPO4,25,0.147,mg/L,+/- 0.010,,SM4500PF,0.002,,Visible turbidity in water column.,,,95199007,10150400,00665
P158395-8,95199008,95199,Non-WQM,Herbicide_B,SW,GP,SAMP,EFIRE,EX,EFIRE,5/21/2025 11:50,,,,0.13,,,,,,,,,,,,,,,,,,,,,,,,5/22/2025 13:33,5/22/2025 9:54,00665,TPO4,25,0.047,mg/L,+/- 0.004,,SM4500PF,0.002,,,,,95199008,10150405,00665
P158395-9,95199009,95199,Non-WQM,Herbicide_C,SW,GP,SAMP,EFIRE,EX,EFIRE,5/21/2025 12:05,,,,0.14,,,,,,,,,,,,,,,,,,,,,,,,5/22/2025 13:35,5/22/2025 9:54,00665,TPO4,25,0.038,mg/L,+/- 0.003,,SM4500PF,0.002,,,,,95199009,10150410,00665
P158395-10,95199010,95199,Non-WQM,Burn_Herb_C,SW,GP,SAMP,EFIRE,EX,EFIRE,5/21/2025 12:20,,,,0.17,,,,,,,,,,,,,,,,,,,,,,,,5/22/2025 13:37,5/22/2025 9:54,00665,TPO4,25,0.057,mg/L,+/- 0.004,,SM4500PF,0.002,,,,,95199010,10150415,00665
P158395-11,95199011,95199,Non-WQM,Burn_C,SW,GP,SAMP,EFIRE,EX,EFIRE,5/21/2025 12:30,,,,0.22,,,,,,,,,,,,,,,,,,,,,,,,5/22/2025 13:39,5/22/2025 9:54,00665,TPO4,25,0.167,mg/L,+/- 0.012,,SM4500PF,0.002,,,,,95199011,10150420,00665
P158395-12,95199012,95199,Non-WQM,Untreated_C,SW,GP,SAMP,EFIRE,EX,EFIRE,5/21/2025 12:45,,,,0.16,,,,,,,,,,,,,,,,,,,,,,,,5/22/2025 13:41,5/22/2025 9:54,00665,TPO4,25,0.089,mg/L,+/- 0.006,,SM4500PF,0.002,,,,,95199012,10150425,00665
P155189-1,93604001,93604,Non-WQM,Burn_A,SW,ADT,SAMP,EFIRE,EX,EFIRE,12/18/2024 10:01,,,,,,,,,,,,,,,,,,,,,,,,,,,12/04/2024 12:00:00 AM,1/3/2025 9:37,1/2/2025 16:40,00665,TPO4,25,0.03,mg/L,+/- 0.003,,SM4500PF,0.002,,,,Q,93604001,9965681,00665
P155189-2,93604002,93604,Non-WQM,Burn_A,SW,ADT,SAMP,EFIRE,EX,EFIRE,12/18/2024 10:02,,,,,,,,,,,,,,,,,,,,,,,,,,,12/05/2024 12:00:00 AM,1/3/2025 9:40,1/2/2025 16:40,00665,TPO4,25,0.046,mg/L,+/- 0.004,,SM4500PF,0.002,,,,Q,93604002,9965683,00665
P155189-3,93604003,93604,Non-WQM,Burn_A,SW,ADT,SAMP,EFIRE,EX,EFIRE,12/18/2024 10:03,,,,,,,,,,,,,,,,,,,,,,,,,,,12/06/2024 12:00:00 AM,1/3/2025 9:42,1/2/2025 16:40,00665,TPO4,25,0.04,mg/L,+/- 0.003,,SM4500PF,0.002,,,,Q,93604003,9965685,00665
P155189-4,93604004,93604,Non-WQM,Burn_A,SW,ADT,SAMP,EFIRE,EX,EFIRE,12/18/2024 10:04,,,,,,,,,,,,,,,,,,,,,,,,,,,12/07/2024 12:00:00 AM,1/3/2025 9:44,1/2/2025 16:40,00665,TPO4,25,0.038,mg/L,+/- 0.003,,SM4500PF,0.002,,,,,93604004,9965687,00665
P155189-5,93604005,93604,Non-WQM,Burn_A,SW,ADT,SAMP,EFIRE,EX,EFIRE,12/18/2024 10:05,,,,,,,,,,,,,,,,,,,,,,,,,,,12/08/2024 12:00:00 AM,1/3/2025 9:46,1/2/2025 16:40,00665,TPO4,25,0.039,mg/L,+/- 0.003,,SM4500PF,0.002,,,,,93604005,9965689,00665
P155189-6,93604006,93604,Non-WQM,Burn_A,SW,ADT,SAMP,EFIRE,EX,EFIRE,12/18/2024 10:06,,,,,,,,,,,,,,,,,,,,,,,,,,,12/09/2024 12:00:00 AM,1/3/2025 9:48,1/2/2025 16:40,00665,TPO4,25,0.038,mg/L,+/- 0.003,,SM4500PF,0.002,,,,,93604006,9965691,00665
P155189-7,93604007,93604,Non-WQM,Burn_A,SW,ADT,SAMP,EFIRE,EX,EFIRE,12/18/2024 10:07,,,,,,,,,,,,,,,,,,,,,,,,,,,12/10/2024 12:00:00 AM,1/3/2025 9:50,1/2/2025 16:40,00665,TPO4,25,0.036,mg/L,+/- 0.003,,SM4500PF,0.002,,,,,93604007,9965693,00665
P155189-8,93604008,93604,Non-WQM,Burn_A,SW,ADT,SAMP,EFIRE,EX,EFIRE,12/18/2024 10:08,,,,,,,,,,,,,,,,,,,,,,,,,,,12/11/2024 12:00:00 AM,1/3/2025 9:52,1/2/2025 16:40,00665,TPO4,25,0.06,mg/L,+/- 0.004,,SM4500PF,0.002,,,,,93604008,9965695,00665
P155189-9,93604009,93604,Non-WQM,Burn_A,SW,ADT,SAMP,EFIRE,EX,EFIRE,12/18/2024 10:09,,,,,,,,,,,,,,,,,,,,,,,,,,,12/12/2024 12:00:00 AM,1/3/2025 9:54,1/2/2025 16:40,00665,TPO4,25,0.043,mg/L,+/- 0.004,,SM4500PF,0.002,,,,,93604009,9965697,00665
P155189-10,93604010,93604,Non-WQM,Burn_A,SW,ADT,SAMP,EFIRE,EX,EFIRE,12/18/2024 10:10,,,,,,,,,,,,,,,,,,,,,,,,,,,12/13/2024 12:00:00 AM,1/3/2025 9:55,1/2/2025 16:40,00665,TPO4,25,0.034,mg/L,+/- 0.003,,SM4500PF,0.002,,,,,93604010,9965699,00665
P155189-11,93604011,93604,Non-WQM,Burn_A,SW,ADT,SAMP,EFIRE,EX,EFIRE,12/18/2024 10:11,,,,,,,,,,,,,,,,,,,,,,,,,,,12/14/2024 12:00:00 AM,1/3/2025 9:59,1/2/2025 16:40,00665,TPO4,25,0.041,mg/L,+/- 0.003,,SM4500PF,0.002,,,,,93604011,9965701,00665
P155189-12,93604012,93604,Non-WQM,Burn_A,SW,ADT,SAMP,EFIRE,EX,EFIRE,12/18/2024 10:12,,,,,,,,,,,,,,,,,,,,,,,,,,,12/15/2024 12:00:00 AM,1/3/2025 10:01,1/2/2025 16:40,00665,TPO4,25,0.045,mg/L,+/- 0.004,,SM4500PF,0.002,,,,,93604012,9965703,00665
P155189-13,93604013,93604,Non-WQM,Burn_A,SW,ADT,SAMP,EFIRE,EX,EFIRE,12/18/2024 10:13,,,,,,,,,,,,,,,,,,,,,,,,,,,12/16/2024 12:00:00 AM,1/3/2025 10:03,1/2/2025 16:40,00665,TPO4,25,0.093,mg/L,+/- 0.007,,SM4500PF,0.002,,,,,93604013,9965705,00665
P155189-14,93604014,93604,Non-WQM,Burn_A,SW,ADT,SAMP,EFIRE,EX,EFIRE,12/18/2024 10:14,,,,,,,,,,,,,,,,,,,,,,,,,,,12/17/2024 12:00:00 AM,1/3/2025 10:05,1/2/2025 16:40,00665,TPO4,25,0.09,mg/L,+/- 0.006,,SM4500PF,0.002,,,,,93604014,9965707,00665
P158396-9,95200009,95200,Non-WQM,Herbicide_C,SW,GP,SAMP,EFIRE,EX,EFIRE,6/3/2025 11:25,,,,0.07,,,,,,,,,,,,,,,,,,,,,,,,6/4/2025 13:41,6/4/2025 10:15,00665,TPO4,25,0.049,mg/L,+/- 0.004,,SM4500PF,0.002,,,,,95200009,10162743,00665
P158396-10,95200010,95200,Non-WQM,Burn_Herb_C,SW,GP,SAMP,EFIRE,EX,EFIRE,6/3/2025 11:35,,,,0.15,,,,,,,,,,,,,,,,,,,,,,,,6/4/2025 13:43,6/4/2025 10:15,00665,TPO4,25,0.035,mg/L,+/- 0.003,,SM4500PF,0.002,,,,,95200010,10162748,00665
P158396-11,95200011,95200,Non-WQM,Burn_C,SW,GP,SAMP,EFIRE,EX,EFIRE,6/3/2025 11:45,,,,0.1,,,,,,,,,,,,,,,,,,,,,,,,6/4/2025 13:45,6/4/2025 10:15,00665,TPO4,25,0.043,mg/L,+/- 0.004,,SM4500PF,0.002,,,,,95200011,10162753,00665
P158396-12,95200012,95200,Non-WQM,Untreated_C,SW,GP,SAMP,EFIRE,EX,EFIRE,6/3/2025 12:00,,,,0.11,,,,,,,,,,,,,,,,,,,,,,,,6/4/2025 13:47,6/4/2025 10:15,00665,TPO4,25,0.042,mg/L,+/- 0.003,,SM4500PF,0.002,,,,,95200012,10162759,00665
P158399-1,95203001,95203,Non-WQM,Untreated_A,SW,GP,SAMP,EFIRE,EX,EFIRE,7/15/2025 9:20,,,,0.12,,,,,,,,,,,,,,,,,,,,,,,,7/22/2025 12:40,7/21/2025 15:50,00665,TPO4,25,0.016,mg/L,+/- 0.002,,SM4500PF,0.002,,,,,95203001,10211326,00665
P158399-2,95203002,95203,Non-WQM,Herbicide_A,SW,GP,SAMP,EFIRE,EX,EFIRE,7/15/2025 9:35,,,,0.17,,,,,,,,,,,,,,,,,,,,,,,,7/22/2025 12:44,7/21/2025 15:50,00665,TPO4,25,0.014,mg/L,+/- 0.002,,SM4500PF,0.002,,,,,95203002,10211336,00665
P158399-3,95203003,95203,Non-WQM,Burn_Herb_A,SW,GP,SAMP,EFIRE,EX,EFIRE,7/15/2025 9:50,,,,0.18,,,,,,,,,,,,,,,,,,,,,,,,7/22/2025 12:48,7/21/2025 15:50,00665,TPO4,25,0.014,mg/L,+/- 0.002,,SM4500PF,0.002,,,,,95203003,10211341,00665
P158399-4,95203004,95203,Non-WQM,Burn_A,SW,GP,SAMP,EFIRE,EX,EFIRE,7/15/2025 10:00,,,,0.17,,,,,,,,,,,,,,,,,,,,,,,,7/22/2025 13:03,7/21/2025 15:50,00665,TPO4,25,0.016,mg/L,+/- 0.002,,SM4500PF,0.002,,,,,95203004,10211346,00665
P158399-5,95203005,95203,Non-WQM,Untreated_B,SW,GP,SAMP,EFIRE,EX,EFIRE,7/15/2025 10:15,,,,0.13,,,,,,,,,,,,,,,,,,,,,,,,7/22/2025 13:07,7/21/2025 15:50,00665,TPO4,25,0.018,mg/L,+/- 0.002,,SM4500PF,0.002,,,,,95203005,10211351,00665
P158399-6,95203006,95203,Non-WQM,Burn_B,SW,GP,SAMP,EFIRE,EX,EFIRE,7/15/2025 10:30,,,,0.17,,,,,,,,,,,,,,,,,,,,,,,,7/22/2025 13:11,7/21/2025 15:50,00665,TPO4,25,0.015,mg/L,+/- 0.002,,SM4500PF,0.002,,,,,95203006,10211356,00665
P158399-7,95203007,95203,Non-WQM,Burn_Herb_B,SW,GP,SAMP,EFIRE,EX,EFIRE,7/15/2025 10:40,,,,0.16,,,,,,,,,,,,,,,,,,,,,,,,7/22/2025 13:14,7/21/2025 15:50,00665,TPO4,25,0.015,mg/L,+/- 0.002,,SM4500PF,0.002,,,,,95203007,10211361,00665
P158399-8,95203008,95203,Non-WQM,Herbicide_B,SW,GP,SAMP,EFIRE,EX,EFIRE,7/15/2025 10:55,,,,0.18,,,,,,,,,,,,,,,,,,,,,,,,7/22/2025 13:18,7/21/2025 15:50,00665,TPO4,25,0.016,mg/L,+/- 0.002,,SM4500PF,0.002,,,,,95203008,10211366,00665
P158399-9,95203009,95203,Non-WQM,Herbicide_C,SW,GP,SAMP,EFIRE,EX,EFIRE,7/15/2025 11:10,,,,0.14,,,,,,,,,,,,,,,,,,,,,,,,7/22/2025 13:24,7/21/2025 15:50,00665,TPO4,25,0.018,mg/L,+/- 0.002,,SM4500PF,0.002,,,,,95203009,10211371,00665
P158399-10,95203010,95203,Non-WQM,Burn_Herb_C,SW,GP,SAMP,EFIRE,EX,EFIRE,7/15/2025 11:20,,,,0.20,,,,,,,,,,,,,,,,,,,,,,,,7/22/2025 13:28,7/21/2025 15:50,00665,TPO4,25,0.015,mg/L,+/- 0.002,,SM4500PF,0.002,,,,,95203010,10211376,00665
P158399-11,95203011,95203,Non-WQM,Burn_C,SW,GP,SAMP,EFIRE,EX,EFIRE,7/15/2025 11:35,,,,0.14,,,,,,,,,,,,,,,,,,,,,,,,7/22/2025 13:32,7/21/2025 15:50,00665,TPO4,25,0.015,mg/L,+/- 0.002,,SM4500PF,0.002,,,,,95203011,10211381,00665
P158399-12,95203012,95203,Non-WQM,Untreated_C,SW,GP,SAMP,EFIRE,EX,EFIRE,7/15/2025 11:45,,,,0.17,,,,,,,,,,,,,,,,,,,,,,,,7/22/2025 13:35,7/21/2025 15:50,00665,TPO4,25,0.015,mg/L,+/- 0.002,,SM4500PF,0.002,,,,,95203012,10211386,00665
P158396-1,95200001,95200,Non-WQM,Untreated_A,SW,GP,SAMP,EFIRE,EX,EFIRE,6/3/2025 9:30,,,,0.07,,,,,,,,,,,,,,,,,,,,,,,,6/4/2025 13:17,6/4/2025 10:15,00665,TPO4,25,0.034,mg/L,+/- 0.003,,SM4500PF,0.002,,,,,95200001,10162698,00665
P158396-2,95200002,95200,Non-WQM,Herbicide_A,SW,GP,SAMP,EFIRE,EX,EFIRE,6/3/2025 9:50,,,,0.09,,,,,,,,,,,,,,,,,,,,,,,,6/4/2025 13:19,6/4/2025 10:15,00665,TPO4,25,0.055,mg/L,+/- 0.004,,SM4500PF,0.002,,,,,95200002,10162708,00665
P158396-3,95200003,95200,Non-WQM,Burn_Herb_A,SW,GP,SAMP,EFIRE,EX,EFIRE,6/3/2025 10:05,,,,0.1,,,,,,,,,,,,,,,,,,,,,,,,6/4/2025 13:20,6/4/2025 10:15,00665,TPO4,25,0.041,mg/L,+/- 0.003,,SM4500PF,0.002,,,,,95200003,10162713,00665
P158396-4,95200004,95200,Non-WQM,Burn_A,SW,GP,SAMP,EFIRE,EX,EFIRE,6/3/2025 10:20,,,,0.07,,,,,,,,,,,,,,,,,,,,,,,,6/4/2025 13:22,6/4/2025 10:15,00665,TPO4,25,0.053,mg/L,+/- 0.004,,SM4500PF,0.002,,,,,95200004,10162718,00665
P158396-5,95200005,95200,Non-WQM,Untreated_B,SW,GP,SAMP,EFIRE,EX,EFIRE,6/3/2025 10:35,,,,0.09,,,,,,,,,,,,,,,,,,,,,,,,6/4/2025 13:24,6/4/2025 10:15,00665,TPO4,25,0.033,mg/L,+/- 0.003,,SM4500PF,0.002,,Lemna present at site. Some ceratophyllum present.,,,95200005,10162723,00665
P158396-6,95200006,95200,Non-WQM,Burn_B,SW,GP,SAMP,EFIRE,EX,EFIRE,6/3/2025 10:50,,,,0.11,,,,,,,,,,,,,,,,,,,,,,,,6/4/2025 13:34,6/4/2025 10:15,00665,TPO4,25,0.039,mg/L,+/- 0.003,,SM4500PF,0.002,,,,,95200006,10162728,00665
P158396-7,95200007,95200,Non-WQM,Burn_Herb_B,SW,GP,SAMP,EFIRE,EX,EFIRE,6/3/2025 11:05,,,,0.12,,,,,,,,,,,,,,,,,,,,,,,,6/4/2025 13:37,6/4/2025 10:15,00665,TPO4,25,0.051,mg/L,+/- 0.004,,SM4500PF,0.002,,Turbidity from tilapia at site. Chara present.,,,95200007,10162733,00665
P158396-8,95200008,95200,Non-WQM,Herbicide_B,SW,GP,SAMP,EFIRE,EX,EFIRE,6/3/2025 11:15,,,,0.09,,,,,,,,,,,,,,,,,,,,,,,,6/4/2025 13:39,6/4/2025 10:15,00665,TPO4,25,0.04,mg/L,+/- 0.003,,SM4500PF,0.002,,,,,95200008,10162738,00665
P155505-2,93754002,93754,Non-WQM,Burn_A,SW,ADT,SAMP,EFIRE,EX,EFIRE,3/11/2025 10:02,,,,,,,,,,,,,,,,,,,,,,,,,,,02/28/2025 03:00:00 AM,3/20/2025 11:30,3/19/2025 16:44,00665,TPO4,25,0.019,mg/L,+/- 0.002,,SM4500PF,0.002,,,,,93754002,10068725,00665
P155505-3,93754003,93754,Non-WQM,Burn_A,SW,ADT,SAMP,EFIRE,EX,EFIRE,3/11/2025 10:03,,,,,,,,,,,,,,,,,,,,,,,,,,,03/01/2025 03:00:00 AM,3/20/2025 11:32,3/19/2025 16:44,00665,TPO4,25,0.018,mg/L,+/- 0.002,,SM4500PF,0.002,,,,,93754003,10068727,00665
P155505-4,93754004,93754,Non-WQM,Burn_A,SW,ADT,SAMP,EFIRE,EX,EFIRE,3/11/2025 10:04,,,,,,,,,,,,,,,,,,,,,,,,,,,03/02/2025 03:00:00 AM,3/20/2025 11:34,3/19/2025 16:44,00665,TPO4,25,0.019,mg/L,+/- 0.002,,SM4500PF,0.002,,,,,93754004,10068729,00665
P155505-5,93754005,93754,Non-WQM,Burn_A,SW,ADT,SAMP,EFIRE,EX,EFIRE,3/11/2025 10:05,,,,,,,,,,,,,,,,,,,,,,,,,,,03/03/2025 03:00:00 AM,3/20/2025 11:36,3/19/2025 16:44,00665,TPO4,25,0.026,mg/L,+/- 0.003,,SM4500PF,0.002,,,,,93754005,10068731,00665
P155505-6,93754006,93754,Non-WQM,Burn_A,SW,ADT,SAMP,EFIRE,EX,EFIRE,3/11/2025 10:06,,,,,,,,,,,,,,,,,,,,,,,,,,,03/04/2025 03:00:00 AM,3/20/2025 11:40,3/19/2025 16:44,00665,TPO4,25,0.027,mg/L,+/- 0.003,,SM4500PF,0.002,,,,,93754006,10068733,00665
P155505-7,93754007,93754,Non-WQM,Burn_A,SW,ADT,SAMP,EFIRE,EX,EFIRE,3/11/2025 10:07,,,,,,,,,,,,,,,,,,,,,,,,,,,03/05/2025 03:00:00 AM,3/20/2025 11:42,3/19/2025 16:44,00665,TPO4,25,0.03,mg/L,+/- 0.003,,SM4500PF,0.002,,,,,93754007,10068735,00665
P155505-8,93754008,93754,Non-WQM,Burn_A,SW,ADT,SAMP,EFIRE,EX,EFIRE,3/11/2025 10:08,,,,,,,,,,,,,,,,,,,,,,,,,,,03/06/2025 03:00:00 AM,3/20/2025 11:44,3/19/2025 16:44,00665,TPO4,25,0.023,mg/L,+/- 0.002,,SM4500PF,0.002,,,,,93754008,10068737,00665
P155505-9,93754009,93754,Non-WQM,Burn_A,SW,ADT,SAMP,EFIRE,EX,EFIRE,3/11/2025 10:09,,,,,,,,,,,,,,,,,,,,,,,,,,,03/07/2025 03:00:00 AM,3/20/2025 11:45,3/19/2025 16:44,00665,TPO4,25,0.017,mg/L,+/- 0.002,,SM4500PF,0.002,,,,,93754009,10068739,00665
P155505-10,93754010,93754,Non-WQM,Burn_A,SW,ADT,SAMP,EFIRE,EX,EFIRE,3/11/2025 10:10,,,,,,,,,,,,,,,,,,,,,,,,,,,03/08/2025 03:00:00 AM,3/20/2025 11:47,3/19/2025 16:44,00665,TPO4,25,0.018,mg/L,+/- 0.002,,SM4500PF,0.002,,,,,93754010,10068741,00665
P155505-11,93754011,93754,Non-WQM,Burn_A,SW,ADT,SAMP,EFIRE,EX,EFIRE,3/11/2025 10:11,,,,,,,,,,,,,,,,,,,,,,,,,,,03/09/2025 03:00:00 AM,3/20/2025 11:49,3/19/2025 16:44,00665,TPO4,25,0.039,mg/L,+/- 0.003,,SM4500PF,0.002,,,,,93754011,10068743,00665
P155505-12,93754012,93754,Non-WQM,Burn_A,SW,ADT,SAMP,EFIRE,EX,EFIRE,3/11/2025 10:12,,,,,,,,,,,,,,,,,,,,,,,,,,,03/10/2025 03:00:00 AM,3/20/2025 11:51,3/19/2025 16:44,00665,TPO4,25,0.025,mg/L,+/- 0.003,,SM4500PF,0.002,,,,,93754012,10068745,00665
P155493-1,93748001,93748,Non-WQM,Untreated_A,SW,ADT,SAMP,EFIRE,EX,EFIRE,3/11/2025 9:01,,,,,,,,,,,,,,,,,,,,,,,,,,,02/26/2025 03:00:00 AM,3/20/2025 11:27,3/19/2025 16:44,00665,TPO4,25,0.028,mg/L,+/- 0.003,,SM4500PF,0.002,,,,,93748001,10068683,00665
P155481-4,93742004,93742,Non-WQM,Herbicide_A,SW,ADT,SAMP,EFIRE,EX,EFIRE,3/11/2025 12:04,,,,,,,,,,,,,,,,,,,,,,,,,,,03/01/2025 03:00:00 AM,3/20/2025 10:57,3/19/2025 16:44,00665,TPO4,25,0.023,mg/L,+/- 0.002,,SM4500PF,0.002,,,,,93742004,10068702,00665
P155481-5,93742005,93742,Non-WQM,Herbicide_A,SW,ADT,SAMP,EFIRE,EX,EFIRE,3/11/2025 12:05,,,,,,,,,,,,,,,,,,,,,,,,,,,03/02/2025 03:00:00 AM,3/20/2025 10:58,3/19/2025 16:44,00665,TPO4,25,0.022,mg/L,+/- 0.002,,SM4500PF,0.002,,,,,93742005,10068704,00665
P155481-6,93742006,93742,Non-WQM,Herbicide_A,SW,ADT,SAMP,EFIRE,EX,EFIRE,3/11/2025 12:06,,,,,,,,,,,,,,,,,,,,,,,,,,,03/03/2025 03:00:00 AM,3/20/2025 11:00,3/19/2025 16:44,00665,TPO4,25,0.023,mg/L,+/- 0.002,,SM4500PF,0.002,,,,,93742006,10068706,00665
P155481-7,93742007,93742,Non-WQM,Herbicide_A,SW,ADT,SAMP,EFIRE,EX,EFIRE,3/11/2025 12:07,,,,,,,,,,,,,,,,,,,,,,,,,,,03/04/2025 03:00:00 AM,3/20/2025 11:02,3/19/2025 16:44,00665,TPO4,25,0.023,mg/L,+/- 0.002,,SM4500PF,0.002,,,,,93742007,10068708,00665
P155481-8,93742008,93742,Non-WQM,Herbicide_A,SW,ADT,SAMP,EFIRE,EX,EFIRE,3/11/2025 12:08,,,,,,,,,,,,,,,,,,,,,,,,,,,03/05/2025 03:00:00 AM,3/20/2025 11:04,3/19/2025 16:44,00665,TPO4,25,0.022,mg/L,+/- 0.002,,SM4500PF,0.002,,,,,93742008,10068710,00665
P155481-9,93742009,93742,Non-WQM,Herbicide_A,SW,ADT,SAMP,EFIRE,EX,EFIRE,3/11/2025 12:09,,,,,,,,,,,,,,,,,,,,,,,,,,,03/06/2025 03:00:00 AM,3/20/2025 11:06,3/19/2025 16:44,00665,TPO4,25,0.022,mg/L,+/- 0.002,,SM4500PF,0.002,,,,,93742009,10068712,00665
P155481-10,93742010,93742,Non-WQM,Herbicide_A,SW,ADT,SAMP,EFIRE,EX,EFIRE,3/11/2025 12:10,,,,,,,,,,,,,,,,,,,,,,,,,,,03/07/2025 03:00:00 AM,3/20/2025 11:08,3/19/2025 16:44,00665,TPO4,25,0.02,mg/L,+/- 0.002,,SM4500PF,0.002,,,,,93742010,10068714,00665
P155481-11,93742011,93742,Non-WQM,Herbicide_A,SW,ADT,SAMP,EFIRE,EX,EFIRE,3/11/2025 12:11,,,,,,,,,,,,,,,,,,,,,,,,,,,03/08/2025 03:00:00 AM,3/20/2025 11:17,3/19/2025 16:44,00665,TPO4,25,0.02,mg/L,+/- 0.002,,SM4500PF,0.002,,,,,93742011,10068716,00665
P155481-12,93742012,93742,Non-WQM,Herbicide_A,SW,ADT,SAMP,EFIRE,EX,EFIRE,3/11/2025 12:12,,,,,,,,,,,,,,,,,,,,,,,,,,,03/09/2025 03:00:00 AM,3/20/2025 11:21,3/19/2025 16:44,00665,TPO4,25,0.019,mg/L,+/- 0.002,,SM4500PF,0.002,,,,,93742012,10068718,00665
P155481-13,93742013,93742,Non-WQM,Herbicide_A,SW,ADT,SAMP,EFIRE,EX,EFIRE,3/11/2025 12:13,,,,,,,,,,,,,,,,,,,,,,,,,,,03/10/2025 03:00:00 AM,3/20/2025 11:23,3/19/2025 16:44,00665,TPO4,25,0.025,mg/L,+/- 0.003,,SM4500PF,0.002,,,,,93742013,10068720,00665
P158528-1,95272001,95272,Non-WQM,Untreated_A,SW,GP,SAMP,EFIRE,EX,EFIRE,10/21/2025 9:45,,,,0.11,,,,,,,,,,,,,,,,,,,,,,,,11/3/2025 11:09,10/28/2025 14:30,00665,TPO4,25,0.05,mg/L,+/- 0.004,,SM4500PF,0.002,,,,,95272001,10338249,00665
P158528-2,95272002,95272,Non-WQM,Herbicide_A,SW,GP,SAMP,EFIRE,EX,EFIRE,10/21/2025 10:05,,,,0.13,,,,,,,,,,,,,,,,,,,,,,,,11/3/2025 11:12,10/28/2025 14:30,00665,TPO4,25,0.023,mg/L,+/- 0.002,,SM4500PF,0.002,,,,,95272002,10338254,00665
P158528-3,95272003,95272,Non-WQM,Burn_Herb_A,SW,GP,SAMP,EFIRE,EX,EFIRE,10/21/2025 10:20,,,,0.13,,,,,,,,,,,,,,,,,,,,,,,,11/3/2025 11:16,10/28/2025 14:30,00665,TPO4,25,0.017,mg/L,+/- 0.002,,SM4500PF,0.002,,,,,95272003,10338259,00665
P158528-4,95272004,95272,Non-WQM,Burn_A,SW,GP,SAMP,EFIRE,EX,EFIRE,10/21/2025 10:35,,,,0.11,,,,,,,,,,,,,,,,,,,,,,,,11/3/2025 11:20,10/28/2025 14:30,00665,TPO4,25,0.018,mg/L,+/- 0.002,,SM4500PF,0.002,,,,,95272004,10338264,00665
P158528-5,95272005,95272,Non-WQM,Untreated_B,SW,GP,SAMP,EFIRE,EX,EFIRE,10/21/2025 10:50,,,,0.10,,,,,,,,,,,,,,,,,,,,,,,,11/3/2025 11:26,10/28/2025 14:30,00665,TPO4,25,0.035,mg/L,+/- 0.003,,SM4500PF,0.002,,,,,95272005,10338269,00665
P158528-6,95272006,95272,Non-WQM,Burn_B,SW,GP,SAMP,EFIRE,EX,EFIRE,10/21/2025 11:05,,,,0.18,,,,,,,,,,,,,,,,,,,,,,,,11/3/2025 11:29,10/28/2025 14:30,00665,TPO4,25,0.021,mg/L,+/- 0.002,,SM4500PF,0.002,,,,,95272006,10338274,00665
P158528-7,95272007,95272,Non-WQM,Burn_Herb_B,SW,GP,SAMP,EFIRE,EX,EFIRE,10/21/2025 11:20,,,,0.12,,,,,,,,,,,,,,,,,,,,,,,,11/3/2025 11:33,10/28/2025 14:30,00665,TPO4,25,0.024,mg/L,+/- 0.002,,SM4500PF,0.002,,,,,95272007,10338279,00665
P158528-8,95272008,95272,Non-WQM,Herbicide_B,SW,GP,SAMP,EFIRE,EX,EFIRE,10/21/2025 11:35,,,,0.12,,,,,,,,,,,,,,,,,,,,,,,,11/3/2025 11:37,10/28/2025 14:30,00665,TPO4,25,0.019,mg/L,+/- 0.002,,SM4500PF,0.002,,,,,95272008,10338284,00665
P158528-9,95272009,95272,Non-WQM,Herbicide_C,SW,GP,SAMP,EFIRE,EX,EFIRE,10/21/2025 11:50,,,,0.08,,,,,,,,,,,,,,,,,,,,,,,,11/3/2025 11:40,10/28/2025 14:30,00665,TPO4,25,0.032,mg/L,+/- 0.003,,SM4500PF,0.002,,,,,95272009,10338289,00665
P158528-10,95272010,95272,Non-WQM,Burn_Herb_C,SW,GP,SAMP,EFIRE,EX,EFIRE,10/21/2025 12:05,,,,0.15,,,,,,,,,,,,,,,,,,,,,,,,11/3/2025 11:52,10/28/2025 14:30,00665,TPO4,25,0.016,mg/L,+/- 0.002,,SM4500PF,0.002,,,,,95272010,10338294,00665
P158528-11,95272011,95272,Non-WQM,Burn_C,SW,GP,SAMP,EFIRE,EX,EFIRE,10/21/2025 12:20,,,,0.15,,,,,,,,,,,,,,,,,,,,,,,,11/3/2025 11:57,10/28/2025 14:30,00665,TPO4,25,0.017,mg/L,+/- 0.002,,SM4500PF,0.002,,,,,95272011,10338299,00665
P158528-12,95272012,95272,Non-WQM,Untreated_C,SW,GP,SAMP,EFIRE,EX,EFIRE,10/21/2025 12:35,,,,0.11,,,,,,,,,,,,,,,,,,,,,,,,11/3/2025 12:01,10/28/2025 14:30,00665,TPO4,25,0.027,mg/L,+/- 0.003,,SM4500PF,0.002,,,,,95272012,10338304,00665
P155181-2,93600002,93600,Non-WQM,Untreated_A,SW,ADT,SAMP,EFIRE,EX,EFIRE,12/18/2024 13:02,,,,,,,,,,,,,,,,,,,,,,,,,,,12/05/2024 12:00:00 AM,1/3/2025 10:33,1/2/2025 16:40,00665,TPO4,25,0.042,mg/L,+/- 0.003,,SM4500PF,0.002,,,,Q,93600002,9966118,00665
P155181-3,93600003,93600,Non-WQM,Untreated_A,SW,ADT,SAMP,EFIRE,EX,EFIRE,12/18/2024 13:03,,,,,,,,,,,,,,,,,,,,,,,,,,,12/06/2024 12:00:00 AM,1/3/2025 10:35,1/2/2025 16:40,00665,TPO4,25,0.039,mg/L,+/- 0.003,,SM4500PF,0.002,,,,Q,93600003,9966120,00665
P155181-4,93600004,93600,Non-WQM,Untreated_A,SW,ADT,SAMP,EFIRE,EX,EFIRE,12/18/2024 13:04,,,,,,,,,,,,,,,,,,,,,,,,,,,12/07/2024 12:00:00 AM,1/3/2025 10:37,1/2/2025 16:40,00665,TPO4,25,0.029,mg/L,+/- 0.003,,SM4500PF,0.002,,,,,93600004,9966122,00665
P155181-5,93600005,93600,Non-WQM,Untreated_A,SW,ADT,SAMP,EFIRE,EX,EFIRE,12/18/2024 13:05,,,,,,,,,,,,,,,,,,,,,,,,,,,12/08/2024 12:00:00 AM,1/3/2025 10:39,1/2/2025 16:40,00665,TPO4,25,0.029,mg/L,+/- 0.003,,SM4500PF,0.002,,,,,93600005,9966124,00665
P155181-6,93600006,93600,Non-WQM,Untreated_A,SW,ADT,SAMP,EFIRE,EX,EFIRE,12/18/2024 13:06,,,,,,,,,,,,,,,,,,,,,,,,,,,12/09/2024 12:00:00 AM,1/3/2025 10:40,1/2/2025 16:40,00665,TPO4,25,0.078,mg/L,+/- 0.006,,SM4500PF,0.002,,,,,93600006,9966126,00665
P155181-1,93600001,93600,Non-WQM,Untreated_A,SW,ADT,SAMP,EFIRE,EX,EFIRE,12/18/2024 13:07,,,,,,,,,,,,,,,,,,,,,,,,,,,12/04/2024 12:00:00 AM,1/3/2025 10:31,1/2/2025 16:40,00665,TPO4,25,0.034,mg/L,+/- 0.003,,SM4500PF,0.002,,,,Q,93600001,9966128,00665
P155181-7,93600007,93600,Non-WQM,Untreated_A,SW,ADT,SAMP,EFIRE,EX,EFIRE,12/18/2024 13:07,,,,,,,,,,,,,,,,,,,,,,,,,,,12/10/2024 12:00:00 AM,1/3/2025 10:42,1/2/2025 16:40,00665,TPO4,25,0.051,mg/L,+/- 0.004,,SM4500PF,0.002,,,,,93600007,9966130,00665
P155181-8,93600008,93600,Non-WQM,Untreated_A,SW,ADT,SAMP,EFIRE,EX,EFIRE,12/18/2024 13:08,,,,,,,,,,,,,,,,,,,,,,,,,,,12/11/2024 12:00:00 AM,1/3/2025 10:44,1/2/2025 16:40,00665,TPO4,25,0.042,mg/L,+/- 0.003,,SM4500PF,0.002,,,,,93600008,9966132,00665
P155181-9,93600009,93600,Non-WQM,Untreated_A,SW,ADT,SAMP,EFIRE,EX,EFIRE,12/18/2024 13:09,,,,,,,,,,,,,,,,,,,,,,,,,,,12/12/2024 12:00:00 AM,1/3/2025 10:48,1/2/2025 16:40,00665,TPO4,25,0.06,mg/L,+/- 0.004,,SM4500PF,0.002,,,,,93600009,9966134,00665
P155181-10,93600010,93600,Non-WQM,Untreated_A,SW,ADT,SAMP,EFIRE,EX,EFIRE,12/18/2024 13:10,,,,,,,,,,,,,,,,,,,,,,,,,,,12/13/2024 12:00:00 AM,1/3/2025 10:50,1/2/2025 16:40,00665,TPO4,25,0.038,mg/L,+/- 0.003,,SM4500PF,0.002,,,,,93600010,9966136,00665
P155181-11,93600011,93600,Non-WQM,Untreated_A,SW,ADT,SAMP,EFIRE,EX,EFIRE,12/18/2024 13:11,,,,,,,,,,,,,,,,,,,,,,,,,,,12/14/2024 12:00:00 AM,1/3/2025 12:32,1/2/2025 16:40,00665,TPO4,25,0.033,mg/L,+/- 0.003,,SM4500PF,0.002,,,,,93600011,9966138,00665
P155181-14,93600014,93600,Non-WQM,Untreated_A,SW,ADT,SAMP,EFIRE,EX,EFIRE,12/18/2024 13:14,,,,,,,,,,,,,,,,,,,,,,,,,,,12/17/2024 12:00:00 AM,1/3/2025 12:38,1/2/2025 16:40,00665,TPO4,25,0.034,mg/L,+/- 0.003,,SM4500PF,0.002,,,,,93600014,9966140,00665
P155181-12,93600012,93600,Non-WQM,Untreated_A,SW,ADT,SAMP,EFIRE,EX,EFIRE,12/18/2024 13:16,,,,,,,,,,,,,,,,,,,,,,,,,,,12/15/2024 12:00:00 AM,1/3/2025 12:34,1/2/2025 16:40,00665,TPO4,25,0.025,mg/L,+/- 0.003,,SM4500PF,0.002,,,,,93600012,9966142,00665
P155181-13,93600013,93600,Non-WQM,Untreated_A,SW,ADT,SAMP,EFIRE,EX,EFIRE,12/18/2024 13:17,,,,,,,,,,,,,,,,,,,,,,,,,,,12/16/2024 12:00:00 AM,1/3/2025 12:36,1/2/2025 16:40,00665,TPO4,25,0.023,mg/L,+/- 0.002,,SM4500PF,0.002,,,,,93600013,9966144,00665
P155730-1,93868001,93868,Non-WQM,Burn_Herb_A,SW,ADT,SAMP,EFIRE,EX,EFIRE,3/11/2025 11:01,,,,,,,,,,,,,,,,,,,,,,,,,,,02/26/2025 03:00:00 AM,3/20/2025 10:28,3/19/2025 16:44,00665,TPO4,25,0.023,mg/L,+/- 0.002,,SM4500PF,0.002,,,,,93868001,10068655,00665
P155730-2,93868002,93868,Non-WQM,Burn_Herb_A,SW,ADT,SAMP,EFIRE,EX,EFIRE,3/11/2025 11:02,,,,,,,,,,,,,,,,,,,,,,,,,,,02/27/2025 03:00:00 AM,3/20/2025 10:32,3/19/2025 16:44,00665,TPO4,25,0.028,mg/L,+/- 0.003,,SM4500PF,0.002,,,,,93868002,10068657,00665
P155730-3,93868003,93868,Non-WQM,Burn_Herb_A,SW,ADT,SAMP,EFIRE,EX,EFIRE,3/11/2025 11:03,,,,,,,,,,,,,,,,,,,,,,,,,,,02/28/2025 03:00:00 AM,3/20/2025 10:34,3/19/2025 16:44,00665,TPO4,25,0.023,mg/L,+/- 0.002,,SM4500PF,0.002,,,,,93868003,10068659,00665
P155730-4,93868004,93868,Non-WQM,Burn_Herb_A,SW,ADT,SAMP,EFIRE,EX,EFIRE,3/11/2025 11:04,,,,,,,,,,,,,,,,,,,,,,,,,,,03/01/2025 03:00:00 AM,3/20/2025 10:36,3/19/2025 16:44,00665,TPO4,25,0.021,mg/L,+/- 0.002,,SM4500PF,0.002,,,,,93868004,10068661,00665
P155730-5,93868005,93868,Non-WQM,Burn_Herb_A,SW,ADT,SAMP,EFIRE,EX,EFIRE,3/11/2025 11:05,,,,,,,,,,,,,,,,,,,,,,,,,,,03/02/2025 03:00:00 AM,3/20/2025 10:38,3/19/2025 16:44,00665,TPO4,25,0.024,mg/L,+/- 0.002,,SM4500PF,0.002,,,,,93868005,10068663,00665
P155730-6,93868006,93868,Non-WQM,Burn_Herb_A,SW,ADT,SAMP,EFIRE,EX,EFIRE,3/11/2025 11:06,,,,,,,,,,,,,,,,,,,,,,,,,,,03/03/2025 03:00:00 AM,3/20/2025 10:40,3/19/2025 16:44,00665,TPO4,25,0.024,mg/L,+/- 0.002,,SM4500PF,0.002,,,,,93868006,10068665,00665
P155730-7,93868007,93868,Non-WQM,Burn_Herb_A,SW,ADT,SAMP,EFIRE,EX,EFIRE,3/11/2025 11:07,,,,,,,,,,,,,,,,,,,,,,,,,,,03/04/2025 03:00:00 AM,3/20/2025 10:42,3/19/2025 16:44,00665,TPO4,25,0.026,mg/L,+/- 0.003,,SM4500PF,0.002,,,,,93868007,10068667,00665
P155730-8,93868008,93868,Non-WQM,Burn_Herb_A,SW,ADT,SAMP,EFIRE,EX,EFIRE,3/11/2025 11:08,,,,,,,,,,,,,,,,,,,,,,,,,,,03/05/2025 03:00:00 AM,3/20/2025 10:43,3/19/2025 16:44,00665,TPO4,25,0.027,mg/L,+/- 0.003,,SM4500PF,0.002,,,,,93868008,10068669,00665
P155730-9,93868009,93868,Non-WQM,Burn_Herb_A,SW,ADT,SAMP,EFIRE,EX,EFIRE,3/11/2025 11:09,,,,,,,,,,,,,,,,,,,,,,,,,,,03/06/2025 03:00:00 AM,3/20/2025 10:45,3/19/2025 16:44,00665,TPO4,25,0.024,mg/L,+/- 0.002,,SM4500PF,0.002,,,,,93868009,10068671,00665
P155730-10,93868010,93868,Non-WQM,Burn_Herb_A,SW,ADT,SAMP,EFIRE,EX,EFIRE,3/11/2025 11:10,,,,,,,,,,,,,,,,,,,,,,,,,,,03/07/2025 03:00:00 AM,3/20/2025 10:47,3/19/2025 16:44,00665,TPO4,25,0.022,mg/L,+/- 0.002,,SM4500PF,0.002,,,,,93868010,10068673,00665
P155730-11,93868011,93868,Non-WQM,Burn_Herb_A,SW,ADT,SAMP,EFIRE,EX,EFIRE,3/11/2025 11:11,,,,,,,,,,,,,,,,,,,,,,,,,,,03/08/2025 03:00:00 AM,3/20/2025 10:51,3/19/2025 16:44,00665,TPO4,25,0.02,mg/L,+/- 0.002,,SM4500PF,0.002,,,,,93868011,10068675,00665
P155730-12,93868012,93868,Non-WQM,Burn_Herb_A,SW,ADT,SAMP,EFIRE,EX,EFIRE,3/11/2025 11:12,,,,,,,,,,,,,,,,,,,,,,,,,,,03/09/2025 03:00:00 AM,3/20/2025 10:53,3/19/2025 16:44,00665,TPO4,25,0.024,mg/L,+/- 0.002,,SM4500PF,0.002,,,,,93868012,10068677,00665
P155731-1,93869001,93869,Non-WQM,Burn_Herb_A,SW,ADT,SAMP,EFIRE,EX,EFIRE,3/26/2025 8:01,,,,,,,,,,,,,,,,,,,,,,,,,,,03/11/2025 03:00:00 AM,4/1/2025 12:45,4/1/2025 9:31,00665,TPO4,25,0.021,mg/L,+/- 0.002,,SM4500PF,0.002,,,,,93869001,10085893,00665
P155731-2,93869002,93869,Non-WQM,Burn_Herb_A,SW,ADT,SAMP,EFIRE,EX,EFIRE,3/26/2025 8:02,,,,,,,,,,,,,,,,,,,,,,,,,,,03/12/2025 03:00:00 AM,4/1/2025 12:47,4/1/2025 9:31,00665,TPO4,25,0.019,mg/L,+/- 0.002,,SM4500PF,0.002,,,,,93869002,10085895,00665
P155731-3,93869003,93869,Non-WQM,Burn_Herb_A,SW,ADT,SAMP,EFIRE,EX,EFIRE,3/26/2025 8:03,,,,,,,,,,,,,,,,,,,,,,,,,,,03/13/2025 03:00:00 AM,4/1/2025 12:49,4/1/2025 9:31,00665,TPO4,25,0.019,mg/L,+/- 0.002,,SM4500PF,0.002,,,,,93869003,10085897,00665
P155731-4,93869004,93869,Non-WQM,Burn_Herb_A,SW,ADT,SAMP,EFIRE,EX,EFIRE,3/26/2025 8:04,,,,,,,,,,,,,,,,,,,,,,,,,,,03/14/2025 03:00:00 AM,4/1/2025 12:51,4/1/2025 9:31,00665,TPO4,25,0.021,mg/L,+/- 0.002,,SM4500PF,0.002,,,,,93869004,10085899,00665
P155731-5,93869005,93869,Non-WQM,Burn_Herb_A,SW,ADT,SAMP,EFIRE,EX,EFIRE,3/26/2025 8:05,,,,,,,,,,,,,,,,,,,,,,,,,,,03/15/2025 03:00:00 AM,4/1/2025 12:53,4/1/2025 9:31,00665,TPO4,25,0.023,mg/L,+/- 0.002,,SM4500PF,0.002,,,,,93869005,10085901,00665
P155731-6,93869006,93869,Non-WQM,Burn_Herb_A,SW,ADT,SAMP,EFIRE,EX,EFIRE,3/26/2025 8:06,,,,,,,,,,,,,,,,,,,,,,,,,,,03/16/2025 03:00:00 AM,4/1/2025 12:54,4/1/2025 9:31,00665,TPO4,25,0.026,mg/L,+/- 0.003,,SM4500PF,0.002,,,,,93869006,10085903,00665
P155731-7,93869007,93869,Non-WQM,Burn_Herb_A,SW,ADT,SAMP,EFIRE,EX,EFIRE,3/26/2025 8:07,,,,,,,,,,,,,,,,,,,,,,,,,,,03/17/2025 03:00:00 AM,4/1/2025 12:56,4/1/2025 9:31,00665,TPO4,25,0.028,mg/L,+/- 0.003,,SM4500PF,0.002,,,,,93869007,10085905,00665
P155731-8,93869008,93869,Non-WQM,Burn_Herb_A,SW,ADT,SAMP,EFIRE,EX,EFIRE,3/26/2025 8:08,,,,,,,,,,,,,,,,,,,,,,,,,,,03/18/2025 03:00:00 AM,4/1/2025 13:06,4/1/2025 9:31,00665,TPO4,25,0.021,mg/L,+/- 0.002,,SM4500PF,0.002,,,,,93869008,10085907,00665
P155731-9,93869009,93869,Non-WQM,Burn_Herb_A,SW,ADT,SAMP,EFIRE,EX,EFIRE,3/26/2025 8:09,,,,,,,,,,,,,,,,,,,,,,,,,,,03/19/2025 03:00:00 AM,4/1/2025 13:10,4/1/2025 9:31,00665,TPO4,25,0.02,mg/L,+/- 0.002,,SM4500PF,0.002,,,,,93869009,10085909,00665
P155731-10,93869010,93869,Non-WQM,Burn_Herb_A,SW,ADT,SAMP,EFIRE,EX,EFIRE,3/26/2025 8:10,,,,,,,,,,,,,,,,,,,,,,,,,,,03/20/2025 03:00:00 AM,4/1/2025 13:11,4/1/2025 9:31,00665,TPO4,25,0.021,mg/L,+/- 0.002,,SM4500PF,0.002,,,,,93869010,10085911,00665
P155731-11,93869011,93869,Non-WQM,Burn_Herb_A,SW,ADT,SAMP,EFIRE,EX,EFIRE,3/26/2025 8:11,,,,,,,,,,,,,,,,,,,,,,,,,,,03/21/2025 03:00:00 AM,4/1/2025 13:13,4/1/2025 9:31,00665,TPO4,25,0.023,mg/L,+/- 0.002,,SM4500PF,0.002,,,,,93869011,10085913,00665
P155731-12,93869012,93869,Non-WQM,Burn_Herb_A,SW,ADT,SAMP,EFIRE,EX,EFIRE,3/26/2025 8:12,,,,,,,,,,,,,,,,,,,,,,,,,,,03/22/2025 03:00:00 AM,4/1/2025 13:15,4/1/2025 9:31,00665,TPO4,25,0.018,mg/L,+/- 0.002,,SM4500PF,0.002,,,,,93869012,10085915,00665
P155731-13,93869013,93869,Non-WQM,Burn_Herb_A,SW,ADT,SAMP,EFIRE,EX,EFIRE,3/26/2025 8:13,,,,,,,,,,,,,,,,,,,,,,,,,,,03/23/2025 03:00:00 AM,4/1/2025 13:17,4/1/2025 9:31,00665,TPO4,25,0.02,mg/L,+/- 0.002,,SM4500PF,0.002,,,,,93869013,10085917,00665
P155731-14,93869014,93869,Non-WQM,Burn_Herb_A,SW,ADT,SAMP,EFIRE,EX,EFIRE,3/26/2025 8:14,,,,,,,,,,,,,,,,,,,,,,,,,,,03/24/2025 03:00:00 AM,4/1/2025 13:19,4/1/2025 9:31,00665,TPO4,25,0.021,mg/L,+/- 0.002,,SM4500PF,0.002,,,,,93869014,10085919,00665
P155494-1,93749001,93749,Non-WQM,Untreated_A,SW,ADT,SAMP,EFIRE,EX,EFIRE,3/26/2025 8:01,,,,,,,,,,,,,,,,,,,,,,,,,,,03/12/2025 03:00:00 AM,4/1/2025 13:23,4/1/2025 9:31,00665,TPO4,25,0.03,mg/L,+/- 0.003,,SM4500PF,0.002,,,,,93749001,10085923,00665
P155494-2,93749002,93749,Non-WQM,Untreated_A,SW,ADT,SAMP,EFIRE,EX,EFIRE,3/26/2025 8:02,,,,,,,,,,,,,,,,,,,,,,,,,,,03/13/2025 03:00:00 AM,4/1/2025 13:25,4/1/2025 9:31,00665,TPO4,25,0.023,mg/L,+/- 0.002,,SM4500PF,0.002,,,,,93749002,10085925,00665
P155494-3,93749003,93749,Non-WQM,Untreated_A,SW,ADT,SAMP,EFIRE,EX,EFIRE,3/26/2025 8:03,,,,,,,,,,,,,,,,,,,,,,,,,,,03/14/2025 03:00:00 AM,4/1/2025 13:28,4/1/2025 9:31,00665,TPO4,25,0.024,mg/L,+/- 0.002,,SM4500PF,0.002,,,,,93749003,10085927,00665
P155494-4,93749004,93749,Non-WQM,Untreated_A,SW,ADT,SAMP,EFIRE,EX,EFIRE,3/26/2025 8:04,,,,,,,,,,,,,,,,,,,,,,,,,,,03/15/2025 03:00:00 AM,4/1/2025 13:30,4/1/2025 9:31,00665,TPO4,25,0.026,mg/L,+/- 0.003,,SM4500PF,0.002,,,,,93749004,10085929,00665
P155494-5,93749005,93749,Non-WQM,Untreated_A,SW,ADT,SAMP,EFIRE,EX,EFIRE,3/26/2025 8:05,,,,,,,,,,,,,,,,,,,,,,,,,,,03/16/2025 03:00:00 AM,4/1/2025 13:32,4/1/2025 9:31,00665,TPO4,25,0.029,mg/L,+/- 0.003,,SM4500PF,0.002,,,,,93749005,10085931,00665
P155494-6,93749006,93749,Non-WQM,Untreated_A,SW,ADT,SAMP,EFIRE,EX,EFIRE,3/26/2025 8:06,,,,,,,,,,,,,,,,,,,,,,,,,,,03/17/2025 03:00:00 AM,4/1/2025 13:34,4/1/2025 9:31,00665,TPO4,25,0.035,mg/L,+/- 0.003,,SM4500PF,0.002,,,,,93749006,10085933,00665
P155494-7,93749007,93749,Non-WQM,Untreated_A,SW,ADT,SAMP,EFIRE,EX,EFIRE,3/26/2025 8:07,,,,,,,,,,,,,,,,,,,,,,,,,,,03/18/2025 03:00:00 AM,4/1/2025 13:36,4/1/2025 9:31,00665,TPO4,25,0.024,mg/L,+/- 0.002,,SM4500PF,0.002,,,,,93749007,10085935,00665
P155494-8,93749008,93749,Non-WQM,Untreated_A,SW,ADT,SAMP,EFIRE,EX,EFIRE,3/26/2025 8:08,,,,,,,,,,,,,,,,,,,,,,,,,,,03/19/2025 03:00:00 AM,4/1/2025 13:38,4/1/2025 9:31,00665,TPO4,25,0.026,mg/L,+/- 0.003,,SM4500PF,0.002,,,,,93749008,10085937,00665
P155494-9,93749009,93749,Non-WQM,Untreated_A,SW,ADT,SAMP,EFIRE,EX,EFIRE,3/26/2025 8:09,,,,,,,,,,,,,,,,,,,,,,,,,,,03/20/2025 03:00:00 AM,4/1/2025 13:40,4/1/2025 9:31,00665,TPO4,25,0.024,mg/L,+/- 0.002,,SM4500PF,0.002,,,,,93749009,10085939,00665
P155494-10,93749010,93749,Non-WQM,Untreated_A,SW,ADT,SAMP,EFIRE,EX,EFIRE,3/26/2025 8:10,,,,,,,,,,,,,,,,,,,,,,,,,,,03/21/2025 03:00:00 AM,4/1/2025 13:41,4/1/2025 9:31,00665,TPO4,25,0.028,mg/L,+/- 0.003,,SM4500PF,0.002,,,,,93749010,10085941,00665
P155494-11,93749011,93749,Non-WQM,Untreated_A,SW,ADT,SAMP,EFIRE,EX,EFIRE,3/26/2025 8:11,,,,,,,,,,,,,,,,,,,,,,,,,,,03/22/2025 03:00:00 AM,4/1/2025 13:43,4/1/2025 9:31,00665,TPO4,25,0.021,mg/L,+/- 0.002,,SM4500PF,0.002,,,,,93749011,10085943,00665
P155494-12,93749012,93749,Non-WQM,Untreated_A,SW,ADT,SAMP,EFIRE,EX,EFIRE,3/26/2025 8:12,,,,,,,,,,,,,,,,,,,,,,,,,,,03/23/2025 03:00:00 AM,4/1/2025 13:45,4/1/2025 9:31,00665,TPO4,25,0.023,mg/L,+/- 0.002,,SM4500PF,0.002,,,,,93749012,10085945,00665
P155494-13,93749013,93749,Non-WQM,Untreated_A,SW,ADT,SAMP,EFIRE,EX,EFIRE,3/26/2025 8:13,,,,,,,,,,,,,,,,,,,,,,,,,,,03/24/2025 03:00:00 AM,4/1/2025 13:55,4/1/2025 9:31,00665,TPO4,25,0.026,mg/L,+/- 0.003,,SM4500PF,0.002,,,,,93749013,10085947,00665
P155197-1,93608001,93608,Non-WQM,Burn_Herb_A,SW,ADT,SAMP,EFIRE,EX,EFIRE,12/18/2024 12:01,,,,,,,,,,,,,,,,,,,,,,,,,,,12/12/2024 12:00:00 AM,1/3/2025 10:08,1/2/2025 16:40,00665,TPO4,25,0.037,mg/L,+/- 0.003,,SM4500PF,0.002,,,,,93608001,9965763,00665
P155197-2,93608002,93608,Non-WQM,Burn_Herb_A,SW,ADT,SAMP,EFIRE,EX,EFIRE,12/18/2024 12:02,,,,,,,,,,,,,,,,,,,,,,,,,,,12/13/2024 12:00:00 AM,1/3/2025 10:10,1/2/2025 16:40,00665,TPO4,25,0.03,mg/L,+/- 0.003,,SM4500PF,0.002,,,,,93608002,9965765,00665
P155197-3,93608003,93608,Non-WQM,Burn_Herb_A,SW,ADT,SAMP,EFIRE,EX,EFIRE,12/18/2024 12:03,,,,,,,,,,,,,,,,,,,,,,,,,,,12/14/2024 12:00:00 AM,1/3/2025 10:12,1/2/2025 16:40,00665,TPO4,25,0.032,mg/L,+/- 0.003,,SM4500PF,0.002,,,,,93608003,9965767,00665
P155197-4,93608004,93608,Non-WQM,Burn_Herb_A,SW,ADT,SAMP,EFIRE,EX,EFIRE,12/18/2024 12:24,,,,,,,,,,,,,,,,,,,,,,,,,,,12/15/2024 12:00:00 AM,1/3/2025 10:14,1/2/2025 16:40,00665,TPO4,25,0.026,mg/L,+/- 0.003,,SM4500PF,0.002,,,,,93608004,9965769,00665
P155197-5,93608005,93608,Non-WQM,Burn_Herb_A,SW,ADT,SAMP,EFIRE,EX,EFIRE,12/18/2024 12:26,,,,,,,,,,,,,,,,,,,,,,,,,,,12/16/2024 12:00:00 AM,1/3/2025 10:16,1/2/2025 16:40,00665,TPO4,25,0.022,mg/L,+/- 0.002,,SM4500PF,0.002,,,,,93608005,9965771,00665
P155197-6,93608006,93608,Non-WQM,Burn_Herb_A,SW,ADT,SAMP,EFIRE,EX,EFIRE,12/18/2024 12:26,,,,,,,,,,,,,,,,,,,,,,,,,,,12/17/2024 12:00:00 AM,1/3/2025 10:25,1/2/2025 16:40,00665,TPO4,25,0.026,mg/L,+/- 0.003,,SM4500PF,0.002,,,,,93608006,9965773,00665
P155443-1,93723001,93723,Non-WQM,Untreated_A,SW,GP,SAMP,EFIRE,EX,EFIRE,12/17/2024 10:00,,,,0.07,,,,,,,,,,,,,,,,,,,,,,,,12/26/2024 9:27,12/20/2024 15:22,00665,TPO4,25,0.022,mg/L,+/- 0.002,,SM4500PF,0.002,,,,,93723001,9964213,00665
P155443-2,93723002,93723,Non-WQM,Herbicide_A,SW,GP,SAMP,EFIRE,EX,EFIRE,12/17/2024 10:30,,,,0.1,,,,,,,,,,,,,,,,,,,,,,,,12/26/2024 9:30,12/20/2024 15:22,00665,TPO4,25,0.021,mg/L,+/- 0.002,,SM4500PF,0.002,,,,,93723002,9964237,00665
P155443-3,93723003,93723,Non-WQM,Burn_Herb_A,SW,GP,SAMP,EFIRE,EX,EFIRE,12/17/2024 11:10,,,,0.06,,,,,,,,,,,,,,,,,,,,,,,,12/26/2024 9:34,12/20/2024 15:22,00665,TPO4,25,0.027,mg/L,+/- 0.003,,SM4500PF,0.002,,,,,93723003,9964249,00665
P155443-4,93723004,93723,Non-WQM,Burn_A,SW,GP,SAMP,EFIRE,EX,EFIRE,12/17/2024 11:30,,,,0.05,,,,,,,,,,,,,,,,,,,,,,,,12/26/2024 9:40,12/20/2024 15:22,00665,TPO4,25,0.028,mg/L,+/- 0.003,,SM4500PF,0.002,,,,,93723004,9964261,00665
P155443-6,93723006,93723,Non-WQM,Burn_B,SW,GP,SAMP,EFIRE,EX,EFIRE,12/17/2024 11:50,,,,0.06,,,,,,,,,,,,,,,,,,,,,,,,12/26/2024 9:47,12/20/2024 15:22,00665,TPO4,25,0.023,mg/L,+/- 0.002,,SM4500PF,0.002,,,,,93723006,9964273,00665
P155443-5,93723005,93723,Non-WQM,Untreated_B,SW,GP,SAMP,EFIRE,EX,EFIRE,12/17/2024 12:10,,,,0.09,,,,,,,,,,,,,,,,,,,,,,,,12/26/2024 9:44,12/20/2024 15:22,00665,TPO4,25,0.029,mg/L,+/- 0.003,,SM4500PF,0.002,,,,,93723005,9964285,00665
P155443-7,93723007,93723,Non-WQM,Burn_Herb_B,SW,GP,SAMP,EFIRE,EX,EFIRE,12/17/2024 12:30,,,,0.08,,,,,,,,,,,,,,,,,,,,,,,,12/26/2024 9:51,12/20/2024 15:22,00665,TPO4,25,0.021,mg/L,+/- 0.002,,SM4500PF,0.002,,,,,93723007,9964297,00665
P155443-8,93723008,93723,Non-WQM,Herbicide_B,SW,GP,SAMP,EFIRE,EX,EFIRE,12/17/2024 12:45,,,,0.07,,,,,,,,,,,,,,,,,,,,,,,,12/26/2024 9:55,12/20/2024 15:22,00665,TPO4,25,0.022,mg/L,+/- 0.002,,SM4500PF,0.002,,,,,93723008,9964309,00665
P155443-9,93723009,93723,Non-WQM,Herbicide_C,SW,GP,SAMP,EFIRE,EX,EFIRE,12/17/2024 13:00,,,,0.07,,,,,,,,,,,,,,,,,,,,,,,,12/26/2024 10:08,12/20/2024 15:22,00665,TPO4,25,0.022,mg/L,+/- 0.002,,SM4500PF,0.002,,,,,93723009,9964321,00665
P155443-10,93723010,93723,Non-WQM,Burn_Herb_C,SW,GP,SAMP,EFIRE,EX,EFIRE,12/17/2024 13:20,,,,0.11,,,,,,,,,,,,,,,,,,,,,,,,12/26/2024 10:12,12/20/2024 15:22,00665,TPO4,25,0.027,mg/L,+/- 0.003,,SM4500PF,0.002,,,,,93723010,9964333,00665
P155443-11,93723011,93723,Non-WQM,Burn_C,SW,GP,SAMP,EFIRE,EX,EFIRE,12/17/2024 13:30,,,,0.1,,,,,,,,,,,,,,,,,,,,,,,,12/26/2024 10:16,12/20/2024 15:22,00665,TPO4,25,0.02,mg/L,+/- 0.002,,SM4500PF,0.002,,,,,93723011,9964345,00665
P155443-12,93723012,93723,Non-WQM,Untreated_C,SW,GP,SAMP,EFIRE,EX,EFIRE,12/17/2024 13:50,,,,0.1,,,,,,,,,,,,,,,,,,,,,,,,12/26/2024 10:19,12/20/2024 15:22,00665,TPO4,25,0.022,mg/L,+/- 0.002,,SM4500PF,0.002,,,,,93723012,9964357,00665
P154830-1,93426001,93426,Non-WQM,Untreated_A,SW,GP,SAMP,EFIRE,EX,EFIRE,11/19/2024 10:00,,,,0.15,,,,,,,,,,,,,,,,,,,,,,,,12/4/2024 11:58,12/4/2024 9:15,00665,TPO4,25,0.042,mg/L,+/- 0.003,,SM4500PF,0.002,,,,,93426001,9928483,00665
P154830-2,93426002,93426,Non-WQM,Herbicide_A,SW,GP,SAMP,EFIRE,EX,EFIRE,11/19/2024 11:00,,,,0.08,,,,,,,,,,,,,,,,,,,,,,,,12/4/2024 12:00,12/4/2024 9:15,00665,TPO4,25,0.034,mg/L,+/- 0.003,,SM4500PF,0.002,,,,,93426002,9928507,00665
P154830-3,93426003,93426,Non-WQM,Burn_Herb_A,SW,GP,SAMP,EFIRE,EX,EFIRE,11/19/2024 11:35,,,,0.06,,,,,,,,,,,,,,,,,,,,,,,,12/4/2024 12:04,12/4/2024 9:15,00665,TPO4,25,0.04,mg/L,+/- 0.003,,SM4500PF,0.002,,,,,93426003,9928519,00665
P154830-4,93426004,93426,Non-WQM,Burn_A,SW,GP,SAMP,EFIRE,EX,EFIRE,11/19/2024 12:20,,,,0.06,,,,,,,,,,,,,,,,,,,,,,,,12/4/2024 12:06,12/4/2024 9:15,00665,TPO4,25,0.041,mg/L,+/- 0.003,,SM4500PF,0.002,,,,,93426004,9928531,00665
P154830-5,93426005,93426,Non-WQM,Untreated_B,SW,GP,SAMP,EFIRE,EX,EFIRE,11/19/2024 12:50,,,,0.18,,,,,,,,,,,,,,,,,,,,,,,,12/4/2024 12:08,12/4/2024 9:15,00665,TPO4,25,0.053,mg/L,+/- 0.004,,SM4500PF,0.002,,,,,93426005,9928543,00665
P154830-6,93426006,93426,Non-WQM,Burn_B,SW,GP,SAMP,EFIRE,EX,EFIRE,11/19/2024 13:05,,,,0.15,,,,,,,,,,,,,,,,,,,,,,,,12/4/2024 12:09,12/4/2024 9:15,00665,TPO4,25,0.03,mg/L,+/- 0.003,,SM4500PF,0.002,,,,,93426006,9928555,00665
P154830-7,93426007,93426,Non-WQM,Burn_Herb_B,SW,GP,SAMP,EFIRE,EX,EFIRE,11/19/2024 13:25,,,,0.18,,,,,,,,,,,,,,,,,,,,,,,,12/4/2024 12:11,12/4/2024 9:15,00665,TPO4,25,0.037,mg/L,+/- 0.003,,SM4500PF,0.002,,,,,93426007,9928567,00665
P154830-8,93426008,93426,Non-WQM,Herbicide_B,SW,GP,SAMP,EFIRE,EX,EFIRE,11/19/2024 13:30,,,,0.09,,,,,,,,,,,,,,,,,,,,,,,,12/4/2024 12:13,12/4/2024 9:15,00665,TPO4,25,0.041,mg/L,+/- 0.003,,SM4500PF,0.002,,,,,93426008,9928579,00665
P154830-9,93426009,93426,Non-WQM,Herbicide_C,SW,GP,SAMP,EFIRE,EX,EFIRE,11/19/2024 13:50,,,,0.1,,,,,,,,,,,,,,,,,,,,,,,,12/4/2024 12:15,12/4/2024 9:15,00665,TPO4,25,0.026,mg/L,+/- 0.003,,SM4500PF,0.002,,,,,93426009,9928591,00665
P154830-10,93426010,93426,Non-WQM,Burn_Herb_C,SW,GP,SAMP,EFIRE,EX,EFIRE,11/19/2024 14:04,,,,0.12,,,,,,,,,,,,,,,,,,,,,,,,12/4/2024 12:17,12/4/2024 9:15,00665,TPO4,25,0.04,mg/L,+/- 0.003,,SM4500PF,0.002,,,,,93426010,9928603,00665
P154830-11,93426011,93426,Non-WQM,Burn_C,SW,GP,SAMP,EFIRE,EX,EFIRE,11/19/2024 14:20,,,,0.11,,,,,,,,,,,,,,,,,,,,,,,,12/4/2024 12:19,12/4/2024 9:15,00665,TPO4,25,0.034,mg/L,+/- 0.003,,SM4500PF,0.002,,,,,93426011,9928615,00665
P154830-12,93426012,93426,Non-WQM,Untreated_C,SW,GP,SAMP,EFIRE,EX,EFIRE,11/19/2024 14:30,,,,0.1,,,,,,,,,,,,,,,,,,,,,,,,12/4/2024 12:21,12/4/2024 9:15,00665,TPO4,25,0.028,mg/L,+/- 0.003,,SM4500PF,0.002,,,,,93426012,9928627,00665
P158527-1,95271001,95271,Non-WQM,Untreated_A,SW,GP,SAMP,EFIRE,EX,EFIRE,10/8/2025 9:55,,,,0.08,,,,,,,,,,,,,,,,,,,,,,,,10/15/2025 12:04,10/13/2025 11:03,00665,TPO4,25,0.034,mg/L,+/- 0.003,,SM4500PF,0.002,,,,,95271001,10320948,00665
P158527-2,95271002,95271,Non-WQM,Herbicide_A,SW,GP,SAMP,EFIRE,EX,EFIRE,10/8/2025 10:20,,,,0.14,,,,,,,,,,,,,,,,,,,,,,,,10/15/2025 14:52,10/13/2025 11:03,00665,TPO4,25,0.023,mg/L,+/- 0.002,,SM4500PF,0.002,,,,,95271002,10320953,00665
P158527-3,95271003,95271,Non-WQM,Burn_Herb_A,SW,GP,SAMP,EFIRE,EX,EFIRE,10/8/2025 10:35,,,,0.19,,,,,,,,,,,,,,,,,,,,,,,,10/15/2025 12:10,10/13/2025 11:03,00665,TPO4,25,0.018,mg/L,+/- 0.002,,SM4500PF,0.002,,,,,95271003,10320958,00665
P158527-4,95271004,95271,Non-WQM,Burn_A,SW,GP,SAMP,EFIRE,EX,EFIRE,10/8/2025 10:47,,,,0.09,,,,,,,,,,,,,,,,,,,,,,,,10/15/2025 12:14,10/13/2025 11:03,00665,TPO4,25,0.016,mg/L,+/- 0.002,,SM4500PF,0.002,,,,,95271004,10320963,00665
P158527-5,95271005,95271,Non-WQM,Untreated_B,SW,GP,SAMP,EFIRE,EX,EFIRE,10/8/2025 11:00,,,,0.07,,,,,,,,,,,,,,,,,,,,,,,,10/15/2025 12:17,10/13/2025 11:03,00665,TPO4,25,0.03,mg/L,+/- 0.003,,SM4500PF,0.002,,,,,95271005,10320968,00665
P158527-6,95271006,95271,Non-WQM,Burn_B,SW,GP,SAMP,EFIRE,EX,EFIRE,10/8/2025 11:14,,,,0.17,,,,,,,,,,,,,,,,,,,,,,,,10/15/2025 12:21,10/13/2025 11:03,00665,TPO4,25,0.015,mg/L,+/- 0.002,,SM4500PF,0.002,,,,,95271006,10320973,00665
P158527-7,95271007,95271,Non-WQM,Burn_Herb_B,SW,GP,SAMP,EFIRE,EX,EFIRE,10/8/2025 11:27,,,,0.12,,,,,,,,,,,,,,,,,,,,,,,,10/15/2025 12:25,10/13/2025 11:03,00665,TPO4,25,0.022,mg/L,+/- 0.002,,SM4500PF,0.002,,,,,95271007,10320978,00665
P158527-8,95271008,95271,Non-WQM,Herbicide_B,SW,GP,SAMP,EFIRE,EX,EFIRE,10/8/2025 11:35,,,,0.11,,,,,,,,,,,,,,,,,,,,,,,,10/15/2025 12:38,10/13/2025 11:03,00665,TPO4,25,0.017,mg/L,+/- 0.002,,SM4500PF,0.002,,,,,95271008,10320983,00665
P158527-9,95271009,95271,Non-WQM,Herbicide_C,SW,GP,SAMP,EFIRE,EX,EFIRE,10/8/2025 11:53,,,,0.07,,,,,,,,,,,,,,,,,,,,,,,,10/15/2025 12:42,10/13/2025 11:03,00665,TPO4,25,0.024,mg/L,+/- 0.002,,SM4500PF,0.002,,,,,95271009,10320988,00665
P158527-10,95271010,95271,Non-WQM,Burn_Herb_C,SW,GP,SAMP,EFIRE,EX,EFIRE,10/8/2025 12:06,,,,0.16,,,,,,,,,,,,,,,,,,,,,,,,10/15/2025 12:46,10/13/2025 11:03,00665,TPO4,25,0.016,mg/L,+/- 0.002,,SM4500PF,0.002,,,,,95271010,10320993,00665
P158527-11,95271011,95271,Non-WQM,Burn_C,SW,GP,SAMP,EFIRE,EX,EFIRE,10/8/2025 12:22,,,,0.16,,,,,,,,,,,,,,,,,,,,,,,,10/15/2025 12:50,10/13/2025 11:03,00665,TPO4,25,0.013,mg/L,+/- 0.002,,SM4500PF,0.002,,,,,95271011,10320998,00665
P158527-12,95271012,95271,Non-WQM,Untreated_C,SW,GP,SAMP,EFIRE,EX,EFIRE,10/8/2025 12:40,,,,0.11,,,,,,,,,,,,,,,,,,,,,,,,10/15/2025 12:54,10/13/2025 11:03,00665,TPO4,25,0.02,mg/L,+/- 0.002,,SM4500PF,0.002,,,,,95271012,10321003,00665
P158531-1,95275001,95275,Non-WQM,Untreated_A,SW,GP,SAMP,EFIRE,EX,EFIRE,12/3/2025 10:30,,,,0.07,,,,,,,,,,,,,,,,,,,,,,,,12/12/2025 11:42,12/11/2025 15:05,00665,TPO4,25,0.032,mg/L,+/- 0.003,,SM4500PF,0.002,,,,,95275001,10381968,00665
P158531-2,95275002,95275,Non-WQM,Herbicide_A,SW,GP,SAMP,EFIRE,EX,EFIRE,12/3/2025 10:55,,,,0.07,,,,,,,,,,,,,,,,,,,,,,,,12/12/2025 11:43,12/11/2025 15:05,00665,TPO4,25,0.026,mg/L,+/- 0.003,,SM4500PF,0.002,,,,,95275002,10381973,00665
P158531-3,95275003,95275,Non-WQM,Burn_Herb_A,SW,GP,SAMP,EFIRE,EX,EFIRE,12/3/2025 11:10,,,,0.10,,,,,,,,,,,,,,,,,,,,,,,,12/12/2025 11:59,12/11/2025 15:05,00665,TPO4,25,0.027,mg/L,+/- 0.003,,SM4500PF,0.002,,,,,95275003,10381978,00665
P158531-4,95275004,95275,Non-WQM,Burn_A,SW,GP,SAMP,EFIRE,EX,EFIRE,12/3/2025 11:20,,,,0.10,,,,,,,,,,,,,,,,,,,,,,,,12/12/2025 12:02,12/11/2025 15:05,00665,TPO4,25,0.021,mg/L,+/- 0.002,,SM4500PF,0.002,,,,,95275004,10381983,00665
P158531-5,95275005,95275,Non-WQM,Untreated_B,SW,GP,SAMP,EFIRE,EX,EFIRE,12/3/2025 11:35,,,,0.025,,,,,,,,,,,,,,,,,,,,,,,,12/12/2025 12:06,12/11/2025 15:05,00665,TPO4,25,0.033,mg/L,+/- 0.003,,SM4500PF,0.002,,,,,95275005,10381988,00665
P158531-6,95275006,95275,Non-WQM,Burn_B,SW,GP,SAMP,EFIRE,EX,EFIRE,12/3/2025 11:50,,,,0.14,,,,,,,,,,,,,,,,,,,,,,,,12/12/2025 12:10,12/11/2025 15:05,00665,TPO4,25,0.023,mg/L,+/- 0.002,,SM4500PF,0.002,,,,,95275006,10381993,00665
P158531-7,95275007,95275,Non-WQM,Burn_Herb_B,SW,GP,SAMP,EFIRE,EX,EFIRE,12/3/2025 12:00,,,,0.10,,,,,,,,,,,,,,,,,,,,,,,,12/12/2025 12:16,12/11/2025 15:05,00665,TPO4,25,0.028,mg/L,+/- 0.003,,SM4500PF,0.002,,,,,95275007,10381998,00665
P158531-8,95275008,95275,Non-WQM,Herbicide_B,SW,GP,SAMP,EFIRE,EX,EFIRE,12/3/2025 12:20,,,,0.07,,,,,,,,,,,,,,,,,,,,,,,,12/12/2025 12:19,12/11/2025 15:05,00665,TPO4,25,0.023,mg/L,+/- 0.002,,SM4500PF,0.002,,,,,95275008,10382003,00665
P158531-9,95275009,95275,Non-WQM,Herbicide_C,SW,GP,SAMP,EFIRE,EX,EFIRE,12/3/2025 12:35,,,,0.05,,,,,,,,,,,,,,,,,,,,,,,,12/12/2025 12:23,12/11/2025 15:05,00665,TPO4,25,0.026,mg/L,+/- 0.003,,SM4500PF,0.002,,,,,95275009,10382008,00665
P158531-10,95275010,95275,Non-WQM,Burn_Herb_C,SW,GP,SAMP,EFIRE,EX,EFIRE,12/3/2025 12:45,,,,0.08,,,,,,,,,,,,,,,,,,,,,,,,12/12/2025 12:27,12/11/2025 15:05,00665,TPO4,25,0.022,mg/L,+/- 0.002,,SM4500PF,0.002,,,,,95275010,10382013,00665
P158531-11,95275011,95275,Non-WQM,Burn_C,SW,GP,SAMP,EFIRE,EX,EFIRE,12/3/2025 13:10,,,,0.11,,,,,,,,,,,,,,,,,,,,,,,,12/12/2025 12:31,12/11/2025 15:05,00665,TPO4,25,0.019,mg/L,+/- 0.002,,SM4500PF,0.002,,,,,95275011,10382018,00665
P158531-12,95275012,95275,Non-WQM,Untreated_C,SW,GP,SAMP,EFIRE,EX,EFIRE,12/3/2025 13:20,,,,0.11,,,,,,,,,,,,,,,,,,,,,,,,12/12/2025 12:33,12/11/2025 15:05,00665,TPO4,25,0.026,mg/L,+/- 0.003,,SM4500PF,0.002,,,,,95275012,10382023,00665
P155442-1,93722001,93722,Non-WQM,Untreated_A,SW,GP,SAMP,EFIRE,EX,EFIRE,4/11/2025 10:20,,,,0.09,,,,,,,,,,,,,,,,,,,,,,,,4/15/2025 12:48,4/15/2025 9:40,00665,TPO4,25,0.092,mg/L,+/- 0.006,,SM4500PF,0.002,,,,,93722001,10103927,00665
P155442-2,93722002,93722,Non-WQM,Herbicide_A,SW,GP,SAMP,EFIRE,EX,EFIRE,4/11/2025 10:48,,,,0.06,,,,,,,,,,,,,,,,,,,,,,,,4/15/2025 12:50,4/15/2025 9:40,00665,TPO4,25,0.062,mg/L,+/- 0.005,,SM4500PF,0.002,,,,,93722002,10103951,00665
P155442-3,93722003,93722,Non-WQM,Burn_Herb_A,SW,GP,SAMP,EFIRE,EX,EFIRE,4/11/2025 11:05,,,,0.09,,,,,,,,,,,,,,,,,,,,,,,,4/15/2025 12:52,4/15/2025 9:40,00665,TPO4,25,0.112,mg/L,+/- 0.008,,SM4500PF,0.002,,,,,93722003,10103963,00665
P155442-4,93722004,93722,Non-WQM,Burn_A,SW,GP,SAMP,EFIRE,EX,EFIRE,4/11/2025 11:25,,,,0.06,,,,,,,,,,,,,,,,,,,,,,,,4/15/2025 12:54,4/15/2025 9:40,00665,TPO4,25,0.102,mg/L,+/- 0.007,,SM4500PF,0.002,,,,,93722004,10103975,00665
P155442-5,93722005,93722,Non-WQM,Untreated_B,SW,GP,SAMP,EFIRE,EX,EFIRE,4/11/2025 11:50,,,,0.09,,,,,,,,,,,,,,,,,,,,,,,,4/15/2025 12:55,4/15/2025 9:40,00665,TPO4,25,0.031,mg/L,+/- 0.003,,SM4500PF,0.002,,,,,93722005,10103987,00665
P155442-6,93722006,93722,Non-WQM,Burn_B,SW,GP,SAMP,EFIRE,EX,EFIRE,4/11/2025 12:10,,,,0.1,,,,,,,,,,,,,,,,,,,,,,,,4/15/2025 12:57,4/15/2025 9:40,00665,TPO4,25,0.087,mg/L,+/- 0.006,,SM4500PF,0.002,,,,,93722006,10103999,00665
P155442-7,93722007,93722,Non-WQM,Burn_Herb_B,SW,GP,SAMP,EFIRE,EX,EFIRE,4/11/2025 12:25,,,,0.08,,,,,,,,,,,,,,,,,,,,,,,,4/15/2025 12:59,4/15/2025 9:40,00665,TPO4,25,0.073,mg/L,+/- 0.005,,SM4500PF,0.002,,,,,93722007,10104011,00665
P155442-8,93722008,93722,Non-WQM,Herbicide_B,SW,GP,SAMP,EFIRE,EX,EFIRE,4/11/2025 12:45,,,,0.08,,,,,,,,,,,,,,,,,,,,,,,,4/15/2025 13:09,4/15/2025 9:40,00665,TPO4,25,0.033,mg/L,+/- 0.003,,SM4500PF,0.002,,,,,93722008,10104023,00665
P155442-9,93722009,93722,Non-WQM,Herbicide_C,SW,GP,SAMP,EFIRE,EX,EFIRE,4/11/2025 13:00,,,,0.08,,,,,,,,,,,,,,,,,,,,,,,,4/15/2025 13:12,4/15/2025 9:40,00665,TPO4,25,0.026,mg/L,+/- 0.003,,SM4500PF,0.002,,,,,93722009,10104035,00665
P155442-10,93722010,93722,Non-WQM,Burn_Herb_C,SW,GP,SAMP,EFIRE,EX,EFIRE,4/11/2025 13:20,,,,0.11,,,,,,,,,,,,,,,,,,,,,,,,4/15/2025 13:14,4/15/2025 9:40,00665,TPO4,25,0.081,mg/L,+/- 0.006,,SM4500PF,0.002,,,,,93722010,10104047,00665
P155442-11,93722011,93722,Non-WQM,Burn_C,SW,GP,SAMP,EFIRE,EX,EFIRE,4/11/2025 13:35,,,,0.05,,,,,,,,,,,,,,,,,,,,,,,,4/15/2025 13:16,4/15/2025 9:40,00665,TPO4,25,0.05,mg/L,+/- 0.004,,SM4500PF,0.002,,,,,93722011,10104059,00665
P155442-12,93722012,93722,Non-WQM,Untreated_C,SW,GP,SAMP,EFIRE,EX,EFIRE,4/11/2025 13:55,,,,0.11,,,,,,,,,,,,,,,,,,,,,,,,4/15/2025 13:18,4/15/2025 9:40,00665,TPO4,25,0.03,mg/L,+/- 0.003,,SM4500PF,0.002,,,,,93722012,10104071,00665
P162251-1,97134001,97134,Non-WQM,Untreated_A,SW,GP,SAMP,EFIRE,EX,EFIRE,6/16/2026 9:45,,,,0.07,,,,,,,,,,,,,,,,,,,,,,,,6/23/2026 11:23,6/22/2026 15:46,00665,TPO4,25,0.052,mg/L,+/- 0.004,,SM4500PF,0.002,,,,,97134001,10568773,00665
P162251-2,97134002,97134,Non-WQM,Herbicide_A,SW,GP,SAMP,EFIRE,EX,EFIRE,6/16/2026 10:06,,,,0.06,,,,,,,,,,,,,,,,,,,,,,,,6/23/2026 11:27,6/22/2026 15:46,00665,TPO4,25,0.042,mg/L,+/- 0.003,,SM4500PF,0.002,,,,,97134002,10568778,00665
P162251-3,97134003,97134,Non-WQM,Burn_Herb_A,SW,GP,SAMP,EFIRE,EX,EFIRE,6/16/2026 10:22,,,,0.12,,,,,,,,,,,,,,,,,,,,,,,,6/23/2026 11:42,6/22/2026 15:46,00665,TPO4,25,0.035,mg/L,+/- 0.003,,SM4500PF,0.002,,,,,97134003,10568783,00665
P162251-4,97134004,97134,Non-WQM,Burn_A,SW,GP,SAMP,EFIRE,EX,EFIRE,6/16/2026 10:36,,,,0.06,,,,,,,,,,,,,,,,,,,,,,,,6/23/2026 11:46,6/22/2026 15:46,00665,TPO4,25,0.026,mg/L,+/- 0.003,,SM4500PF,0.002,,,,,97134004,10568788,00665
P162251-6,97134006,97134,Non-WQM,Burn_B,SW,GP,SAMP,EFIRE,EX,EFIRE,6/16/2026 10:55,,,,0.09,,,,,,,,,,,,,,,,,,,,,,,,6/23/2026 11:49,6/22/2026 15:46,00665,TPO4,25,0.039,mg/L,+/- 0.003,,SM4500PF,0.002,,,,,97134006,10568794,00665
P162251-7,97134007,97134,Non-WQM,Burn_Herb_B,SW,GP,SAMP,EFIRE,EX,EFIRE,6/16/2026 11:09,,,,0.07,,,,,,,,,,,,,,,,,,,,,,,,6/23/2026 11:53,6/22/2026 15:46,00665,TPO4,25,0.031,mg/L,+/- 0.003,,SM4500PF,0.002,,,,,97134007,10568799,00665
P162251-8,97134008,97134,Non-WQM,Herbicide_B,SW,GP,SAMP,EFIRE,EX,EFIRE,6/16/2026 11:31,,,,0.05,,,,,,,,,,,,,,,,,,,,,,,,6/23/2026 11:55,6/22/2026 15:46,00665,TPO4,25,0.034,mg/L,+/- 0.003,,SM4500PF,0.002,,,,,97134008,10568804,00665
P162251-9,97134009,97134,Non-WQM,Herbicide_C,SW,GP,SAMP,EFIRE,EX,EFIRE,6/16/2026 11:47,,,,0.05,,,,,,,,,,,,,,,,,,,,,,,,6/23/2026 12:03,6/22/2026 15:46,00665,TPO4,25,0.02,mg/L,+/- 0.002,,SM4500PF,0.002,,,,,97134009,10568809,00665
P162251-10,97134010,97134,Non-WQM,Burn_Herb_C,SW,GP,SAMP,EFIRE,EX,EFIRE,6/16/2026 12:05,,,,0.05,,,,,,,,,,,,,,,,,,,,,,,,6/23/2026 12:06,6/22/2026 15:46,00665,TPO4,25,0.019,mg/L,+/- 0.002,,SM4500PF,0.002,,,,,97134010,10568814,00665
P162251-11,97134011,97134,Non-WQM,Burn_C,SW,GP,SAMP,EFIRE,EX,EFIRE,6/16/2026 12:18,,,,0.05,,,,,,,,,,,,,,,,,,,,,,,,6/23/2026 12:10,6/22/2026 15:46,00665,TPO4,25,0.078,mg/L,+/- 0.006,,SM4500PF,0.002,,,,,97134011,10568819,00665
P162251-12,97134012,97134,Non-WQM,Untreated_C,SW,GP,SAMP,EFIRE,EX,EFIRE,6/16/2026 12:33,,,,0.06,,,,,,,,,,,,,,,,,,,,,,,,6/23/2026 12:14,6/22/2026 15:46,00665,TPO4,25,0.076,mg/L,+/- 0.006,,SM4500PF,0.002,,,,,97134012,10568824,00665
P155441-13,93721013,93721,Non-WQM,Untreated_A,DI,GP,FCEB,EFIRE,EX,EFIRE,4/10/2025 15:50,,,,,,,,,,,,,,,,,,,,,,,,,,,,4/15/2025 12:46,4/15/2025 9:40,00665,TPO4,25,0.002,mg/L,+/- 0.002,U,SM4500PF,0.002,,,,,93721013,10103153,00665
P155742-13,93872013,93872,Non-WQM,Untreated_A,DI,GP,FCEB,EFIRE,EX,EFIRE,4/21/2025 10:10,,,,,,,,,,,,,,,,,,,,,,,,,,,,4/22/2025 14:50,4/22/2025 9:30,00665,TPO4,25,0.002,mg/L,+/- 0.002,U,SM4500PF,0.002,,"DI 8166 through peristaltic pump tubing to bucket to sample bottles. Bucket Scooter, Tray Sheba, filter 17866092, SA 072823.",,,93872013,10115624,00665
P158399-13,95203013,95203,Non-WQM,Untreated_A,DI,GP,FCEB,EFIRE,EX,EFIRE,7/15/2025 9:25,,,,,,,,,,,,,,,,,,,,,,,,,,,,7/22/2025 13:37,7/21/2025 15:50,00665,TPO4,25,0.002,mg/L,+/- 0.002,U,SM4500PF,0.002,,,,,95203013,10211329,00665
P158396-13,95200013,95200,Non-WQM,Untreated_A,DI,GP,FCEB,EFIRE,EX,EFIRE,6/3/2025 9:40,,,,,,,,,,,,,,,,,,,,,,,,,,,,6/4/2025 13:49,6/4/2025 10:15,00665,TPO4,25,0.002,mg/L,+/- 0.002,U,SM4500PF,0.002,,"DI 8246 through peristaltic pump tubing to bucket to sample bottles. Bucket Mjolner, tray Redland, filter 17866092, H2SO4 072823.",,,95200013,10162701,00665
P158528-13,95272013,95272,Non-WQM,Untreated_A,DI,GP,FCEB,EFIRE,EX,EFIRE,10/21/2025 10:00,,,,,,,,,,,,,,,,,,,,,,,,,,,,11/3/2025 12:03,10/28/2025 14:30,00665,TPO4,25,0.002,mg/L,+/- 0.002,U,SM4500PF,0.002,,DI 8316 through peristaltic pump tubing to bucket to sample bottles. Filter lot 18129111. SA lot 072823. Tray Dustin D. Bucket Dexter. ,,,95272013,10338307,00665
P155443-13,93723013,93723,Non-WQM,Untreated_A,DI,GP,FCEB,EFIRE,EX,EFIRE,12/17/2024 10:15,,,,,,,,,,,,,,,,,,,,,,,,,,,,12/26/2024 10:23,12/20/2024 15:22,00665,TPO4,25,0.002,mg/L,+/- 0.002,U,SM4500PF,0.002,,"DI 8075 through peristaltic pump tubing to bucket to sample bottles. Tray Orange, Bucket Dexter, Acid lot 072823, Filter lot 18197628.",,,93723013,9964225,00665
P158527-13,95271013,95271,Non-WQM,Untreated_A,DI,GP,FCEB,EFIRE,EX,EFIRE,10/8/2025 10:09,,,,,,,,,,,,,,,,,,,,,,,,,,,,10/15/2025 12:57,10/13/2025 11:03,00665,TPO4,25,0.002,mg/L,+/- 0.002,U,SM4500PF,0.002,,,,,95271013,10321006,00665
P158531-13,95275013,95275,Non-WQM,Untreated_A,DI,GP,FCEB,EFIRE,EX,EFIRE,12/3/2025 10:40,,,,,,,,,,,,,,,,,,,,,,,,,,,,12/12/2025 12:47,12/11/2025 15:05,00665,TPO4,25,0.002,mg/L,+/- 0.002,U,SM4500PF,0.002,,PC22|FCEB collected thru all sampling equipment.,,,95275013,10382026,00665
P155442-13,93722013,93722,Non-WQM,Untreated_A,DI,GP,FCEB,EFIRE,EX,EFIRE,4/11/2025 10:30,,,,,,,,,,,,,,,,,,,,,,,,,,,,4/15/2025 13:20,4/15/2025 9:40,00665,TPO4,25,0.002,mg/L,+/- 0.002,U,SM4500PF,0.002,,"DI 8229 through peristaltic pump to bucket to sample bottles. Tray Rocky, bucket Nantucket, SA 072823, filter 18278596.",,,93722013,10103939,00665
P162251-13,97134013,97134,Non-WQM,Burn_Herb_B,DI,GP,FCEB,EFIRE,EX,EFIRE,6/16/2026 11:20,,,,,,,,,,,,,,,,,,,,,,,,,,,,6/23/2026 12:16,6/22/2026 15:46,00665,TPO4,25,0.002,mg/L,+/- 0.002,U,SM4500PF,0.002,,FCEB ran through all sampling equipment.,,,97134013,10568827,00665
P155205-19,93612019,93612,Non-WQM,Herbicide_A,DI,GP,FB,EFIRE,EX,EFIRE,12/18/2024 13:19,,,,,,,,,,,,,,,,,,,,,,,,,,,,1/7/2025 12:17,1/7/2025 9:25,00665,TPO4,25,0.002,mg/L,+/- 0.002,U,SM4500PF,0.002,,,,,93612019,9966351,00665
P158397-13,95201013,95201,Non-WQM,Untreated_A,DI,GP,FB,EFIRE,EX,EFIRE,6/17/2025 10:15,,,,,,,,,,,,,,,,,,,,,,,,,,,,6/19/2025 9:57,6/18/2025 14:54,00665,TPO4,25,0.002,mg/L,+/- 0.002,U,SM4500PF,0.002,,DI 8242 through peristaltic pump tubing into sampling bucket.,,,95201013,10179128,00665
P158395-13,95199013,95199,Non-WQM,Untreated_A,DI,GP,FB,EFIRE,EX,EFIRE,5/21/2025 9:55,,,,,,,,,,,,,,,,,,,,,,,,,,,,5/22/2025 13:45,5/22/2025 9:54,00665,TPO4,25,0.002,mg/L,+/- 0.002,U,SM4500PF,0.002,,DI 8225 through peristaltic pump tubing to bucket to sample bottles. ,,,95199013,10150368,00665
P155189-19,93604019,93604,Non-WQM,Burn_A,DI,GP,FB,EFIRE,EX,EFIRE,12/18/2024 10:19,,,,,,,,,,,,,,,,,,,,,,,,,,,,1/3/2025 10:07,1/2/2025 16:40,00665,TPO4,25,0.002,mg/L,+/- 0.002,U,SM4500PF,0.002,,,,,93604019,9965709,00665
P155505-19,93754019,93754,Non-WQM,Burn_A,DI,G,FB,EFIRE,EX,EFIRE,3/11/2025 15:46,,,,,,,,,,,,,,,,,,,,,,,,,,,,3/20/2025 11:53,3/19/2025 16:44,00665,TPO4,25,0.002,mg/L,+/- 0.002,U,SM4500PF,0.002,,,,,93754019,10068749,00665
P155493-19,93748019,93748,Non-WQM,Untreated_A,DI,G,FB,EFIRE,EX,EFIRE,3/11/2025 9:19,,,,,,,,,,,,,,,,,,,,,,,,,,,,3/20/2025 11:28,3/19/2025 16:44,00665,TPO4,25,0.002,mg/L,+/- 0.002,U,SM4500PF,0.002,,DI water from FOC lab.,,,93748019,10068697,00665
P155481-19,93742019,93742,Non-WQM,Herbicide_A,DI,G,FB,EFIRE,EX,EFIRE,3/11/2025 12:19,,,,,,,,,,,,,,,,,,,,,,,,,,,,3/20/2025 11:25,3/19/2025 16:44,00665,TPO4,25,0.002,mg/L,+/- 0.002,U,SM4500PF,0.002,,DI water from FOC lab.,,,93742019,10068722,00665
P155181-19,93600019,93600,Non-WQM,Untreated_A,DI,GP,FB,EFIRE,EX,EFIRE,12/18/2024 13:19,,,,,,,,,,,,,,,,,,,,,,,,,,,,1/3/2025 12:40,1/2/2025 16:40,00665,TPO4,25,0.002,mg/L,+/- 0.002,U,SM4500PF,0.002,,,,,93600019,9966152,00665
P155730-19,93868019,93868,Non-WQM,Burn_Herb_A,DI,G,FB,EFIRE,EX,EFIRE,3/11/2025 15:19,,,,,,,,,,,,,,,,,,,,,,,,,,,,3/20/2025 10:54,3/19/2025 16:44,00665,TPO4,25,0.002,mg/L,+/- 0.002,U,SM4500PF,0.002,,,,,93868019,10068680,00665
P155731-19,93869019,93869,Non-WQM,Burn_Herb_A,DI,G,FB,EFIRE,EX,EFIRE,3/26/2025 8:19,,,,,,,,,,,,,,,,,,,,,,,,,,,,4/1/2025 13:21,4/1/2025 9:31,00665,TPO4,25,0.002,mg/L,+/- 0.002,U,SM4500PF,0.002,,,,,93869019,10085921,00665
P155494-19,93749019,93749,Non-WQM,Untreated_A,DI,G,FB,EFIRE,EX,EFIRE,3/26/2025 8:19,,,,,,,,,,,,,,,,,,,,,,,,,,,,4/1/2025 13:59,4/1/2025 9:31,00665,TPO4,25,0.002,mg/L,+/- 0.002,U,SM4500PF,0.002,,FB- FOC DI tap,,,93749019,10085949,00665
P155197-19,93608019,93608,Non-WQM,Burn_Herb_A,DI,GP,FB,EFIRE,EX,EFIRE,12/18/2024 12:29,,,,,,,,,,,,,,,,,,,,,,,,,,,,1/3/2025 10:29,1/2/2025 16:40,00665,TPO4,25,0.002,mg/L,+/- 0.002,U,SM4500PF,0.002,,,,,93608019,9965775,00665
P155440-1,93720001,93720,Non-WQM,Untreated_A,SW,GP,SAMP,EFIRE,EX,EFIRE,3/25/2025 9:45,,,,0.15,,,,,,,,,,,,,,,,,,,,,,,,3/31/2025 12:13,3/27/2025 16:02,97017,TN,80,1.01,mg/L,+/- 0.091,,SM4500NC,0.05,,,,,93720001,10084949,97017
P155440-2,93720002,93720,Non-WQM,Herbicide_A,SW,GP,SAMP,EFIRE,EX,EFIRE,3/25/2025 10:23,,,,0.11,,,,,,,,,,,,,,,,,,,,,,,,3/31/2025 12:15,3/27/2025 16:02,97017,TN,80,0.994,mg/L,+/- 0.090,,SM4500NC,0.05,,,,,93720002,10084973,97017
P155440-3,93720003,93720,Non-WQM,Burn_Herb_A,SW,GP,SAMP,EFIRE,EX,EFIRE,3/25/2025 10:43,,,,0.14,,,,,,,,,,,,,,,,,,,,,,,,3/31/2025 12:17,3/27/2025 16:02,97017,TN,80,0.96,mg/L,+/- 0.088,,SM4500NC,0.05,,,,,93720003,10084985,97017
P155440-4,93720004,93720,Non-WQM,Burn_A,SW,GP,SAMP,EFIRE,EX,EFIRE,3/25/2025 11:11,,,,0.09,,,,,,,,,,,,,,,,,,,,,,,,3/31/2025 12:19,3/27/2025 16:02,97017,TN,80,0.994,mg/L,+/- 0.090,,SM4500NC,0.05,,,,,93720004,10084997,97017
P155440-5,93720005,93720,Non-WQM,Untreated_B,SW,GP,SAMP,EFIRE,EX,EFIRE,3/25/2025 11:35,,,,0.11,,,,,,,,,,,,,,,,,,,,,,,,3/31/2025 12:20,3/27/2025 16:02,97017,TN,80,0.992,mg/L,+/- 0.090,,SM4500NC,0.05,,,,,93720005,10085009,97017
P155440-6,93720006,93720,Non-WQM,Burn_B,SW,GP,SAMP,EFIRE,EX,EFIRE,3/25/2025 11:51,,,,0.1,,,,,,,,,,,,,,,,,,,,,,,,3/31/2025 12:22,3/27/2025 16:02,97017,TN,80,1.02,mg/L,+/- 0.091,,SM4500NC,0.05,,,,,93720006,10085021,97017
P155440-7,93720007,93720,Non-WQM,Burn_Herb_B,SW,GP,SAMP,EFIRE,EX,EFIRE,3/25/2025 12:07,,,,0.16,,,,,,,,,,,,,,,,,,,,,,,,3/31/2025 13:04,3/27/2025 16:02,97017,TN,80,1.01,mg/L,+/- 0.091,,SM4500NC,0.05,,,,,93720007,10085033,97017
P155440-8,93720008,93720,Non-WQM,Herbicide_B,SW,GP,SAMP,EFIRE,EX,EFIRE,3/25/2025 12:22,,,,0.1,,,,,,,,,,,,,,,,,,,,,,,,3/31/2025 12:26,3/27/2025 16:02,97017,TN,80,1.03,mg/L,+/- 0.092,,SM4500NC,0.05,,,,,93720008,10085045,97017
P155440-9,93720009,93720,Non-WQM,Herbicide_C,SW,GP,SAMP,EFIRE,EX,EFIRE,3/25/2025 12:39,,,,0.12,,,,,,,,,,,,,,,,,,,,,,,,3/31/2025 12:28,3/27/2025 16:02,97017,TN,80,0.989,mg/L,+/- 0.089,,SM4500NC,0.05,,,,,93720009,10085057,97017
P155440-10,93720010,93720,Non-WQM,Burn_Herb_C,SW,GP,SAMP,EFIRE,EX,EFIRE,3/25/2025 12:54,,,,0.14,,,,,,,,,,,,,,,,,,,,,,,,3/31/2025 12:29,3/27/2025 16:02,97017,TN,80,1.05,mg/L,+/- 0.093,,SM4500NC,0.05,,,,,93720010,10085069,97017
P155440-11,93720011,93720,Non-WQM,Burn_C,SW,GP,SAMP,EFIRE,EX,EFIRE,3/25/2025 13:10,,,,0.08,,,,,,,,,,,,,,,,,,,,,,,,3/31/2025 12:38,3/27/2025 16:02,97017,TN,80,1.03,mg/L,+/- 0.092,,SM4500NC,0.05,,,,,93720011,10085081,97017
P155440-12,93720012,93720,Non-WQM,Untreated_C,SW,GP,SAMP,EFIRE,EX,EFIRE,3/25/2025 13:22,,,,0.1,,,,,,,,,,,,,,,,,,,,,,,,3/31/2025 12:42,3/27/2025 16:02,97017,TN,80,1.03,mg/L,+/- 0.092,,SM4500NC,0.05,,,,,93720012,10085093,97017
P155742-1,93872001,93872,Non-WQM,Untreated_A,SW,GP,SAMP,EFIRE,EX,EFIRE,4/21/2025 10:00,,,,0.05,,,,,,,,,,,,,,,,,,,,,,,,4/29/2025 12:37,4/28/2025 15:00,97017,TN,80,1.12,mg/L,+/- 0.098,,SM4500NC,0.05,,,,,93872001,10115610,97017
P155742-2,93872002,93872,Non-WQM,Herbicide_A,SW,GP,SAMP,EFIRE,EX,EFIRE,4/21/2025 10:20,,,,0.05,,,,,,,,,,,,,,,,,,,,,,,,4/29/2025 12:39,4/28/2025 15:00,97017,TN,80,1.47,mg/L,+/- 0.121,,SM4500NC,0.05,,,,,93872002,10115634,97017
P155742-3,93872003,93872,Non-WQM,Burn_Herb_A,SW,GP,SAMP,EFIRE,EX,EFIRE,4/21/2025 10:45,,,,0.06,,,,,,,,,,,,,,,,,,,,,,,,4/29/2025 12:40,4/28/2025 15:00,97017,TN,80,1.43,mg/L,+/- 0.118,,SM4500NC,0.05,,,,,93872003,10115646,97017
P155742-4,93872004,93872,Non-WQM,Burn_A,SW,GP,SAMP,EFIRE,EX,EFIRE,4/21/2025 11:30,,,,0.05,,,,,,,,,,,,,,,,,,,,,,,,4/29/2025 12:42,4/28/2025 15:00,97017,TN,80,1.39,mg/L,+/- 0.116,,SM4500NC,0.05,,,,,93872004,10115658,97017
P155742-5,93872005,93872,Non-WQM,Untreated_B,SW,GP,SAMP,EFIRE,EX,EFIRE,4/21/2025 11:55,,,,0.05,,,,,,,,,,,,,,,,,,,,,,,,4/29/2025 12:44,4/28/2025 15:00,97017,TN,80,1.52,mg/L,+/- 0.124,,SM4500NC,0.05,,,,,93872005,10115670,97017
P155742-6,93872006,93872,Non-WQM,Burn_B,SW,GP,SAMP,EFIRE,EX,EFIRE,4/21/2025 12:20,,,,0.05,,,,,,,,,,,,,,,,,,,,,,,,4/29/2025 12:46,4/28/2025 15:00,97017,TN,80,1.32,mg/L,+/- 0.111,,SM4500NC,0.05,,,,,93872006,10115682,97017
P155742-7,93872007,93872,Non-WQM,Burn_Herb_B,SW,GP,SAMP,EFIRE,EX,EFIRE,4/21/2025 12:35,,,,0.06,,,,,,,,,,,,,,,,,,,,,,,,4/29/2025 12:48,4/28/2025 15:00,97017,TN,80,1.69,mg/L,+/- 0.136,,SM4500NC,0.05,,,,,93872007,10115694,97017
P155742-8,93872008,93872,Non-WQM,Herbicide_B,SW,GP,SAMP,EFIRE,EX,EFIRE,4/21/2025 12:50,,,,0.05,,,,,,,,,,,,,,,,,,,,,,,,4/29/2025 12:49,4/28/2025 15:00,97017,TN,80,1.42,mg/L,+/- 0.118,,SM4500NC,0.05,,,,,93872008,10115706,97017
P155742-9,93872009,93872,Non-WQM,Herbicide_C,SW,GP,SAMP,EFIRE,EX,EFIRE,4/21/2025 13:05,,,,0.04,,,,,,,,,,,,,,,,,,,,,,,,4/29/2025 12:51,4/28/2025 15:00,97017,TN,80,1.61,mg/L,+/- 0.131,,SM4500NC,0.05,,,,,93872009,10115718,97017
P155742-12,93872012,93872,Non-WQM,Untreated_C,SW,GP,SAMP,EFIRE,EX,EFIRE,4/21/2025 13:45,,,,0.05,,,,,,,,,,,,,,,,,,,,,,,,4/29/2025 13:06,4/28/2025 15:00,97017,TN,80,1.38,mg/L,+/- 0.115,,SM4500NC,0.05,,,,,93872012,10115754,97017
P155444-1,93724001,93724,Non-WQM,Untreated_A,SW,GP,SAMP,EFIRE,EX,EFIRE,1/28/2025 10:15,,,,0.19,,,,,,,,,,,,,,,,,,,,,,,,2/4/2025 13:46,2/3/2025 14:07,97017,TN,80,1.69,mg/L,+/- 0.136,,SM4500NC,0.05,,,,,93724001,10013995,97017
P155444-2,93724002,93724,Non-WQM,Herbicide_A,SW,GP,SAMP,EFIRE,EX,EFIRE,1/28/2025 10:50,,,,0.23,,,,,,,,,,,,,,,,,,,,,,,,2/4/2025 13:48,2/3/2025 14:07,97017,TN,80,1.68,mg/L,+/- 0.136,,SM4500NC,0.05,,,,,93724002,10014019,97017
P155444-3,93724003,93724,Non-WQM,Burn_Herb_A,SW,GP,SAMP,EFIRE,EX,EFIRE,1/28/2025 11:11,,,,0.23,,,,,,,,,,,,,,,,,,,,,,,,2/4/2025 13:57,2/3/2025 14:07,97017,TN,80,1.68,mg/L,+/- 0.136,,SM4500NC,0.05,,,,,93724003,10014031,97017
P155444-4,93724004,93724,Non-WQM,Burn_A,SW,GP,SAMP,EFIRE,EX,EFIRE,1/28/2025 11:35,,,,0.17,,,,,,,,,,,,,,,,,,,,,,,,2/4/2025 14:00,2/3/2025 14:07,97017,TN,80,1.69,mg/L,+/- 0.136,,SM4500NC,0.05,,,,,93724004,10014043,97017
P155444-5,93724005,93724,Non-WQM,Untreated_B,SW,GP,SAMP,EFIRE,EX,EFIRE,1/28/2025 12:00,,,,0.16,,,,,,,,,,,,,,,,,,,,,,,,2/4/2025 14:02,2/3/2025 14:07,97017,TN,80,1.74,mg/L,+/- 0.140,,SM4500NC,0.05,,Ash from nearby burn in the air,,,93724005,10014055,97017
P155444-6,93724006,93724,Non-WQM,Burn_B,SW,GP,SAMP,EFIRE,EX,EFIRE,1/28/2025 12:20,,,,0.12,,,,,,,,,,,,,,,,,,,,,,,,2/4/2025 14:04,2/3/2025 14:07,97017,TN,80,1.68,mg/L,+/- 0.136,,SM4500NC,0.05,,,,,93724006,10014067,97017
P155444-7,93724007,93724,Non-WQM,Burn_Herb_B,SW,GP,SAMP,EFIRE,EX,EFIRE,1/28/2025 12:40,,,,0.11,,,,,,,,,,,,,,,,,,,,,,,,2/4/2025 14:06,2/3/2025 14:07,97017,TN,80,1.7,mg/L,+/- 0.137,,SM4500NC,0.05,,,,,93724007,10014079,97017
P155444-8,93724008,93724,Non-WQM,Herbicide_B,SW,GP,SAMP,EFIRE,EX,EFIRE,1/28/2025 12:55,,,,0.09,,,,,,,,,,,,,,,,,,,,,,,,2/4/2025 14:07,2/3/2025 14:07,97017,TN,80,1.69,mg/L,+/- 0.136,,SM4500NC,0.05,,,,,93724008,10014091,97017
P155444-9,93724009,93724,Non-WQM,Herbicide_C,SW,GP,SAMP,EFIRE,EX,EFIRE,1/28/2025 13:15,,,,0.14,,,,,,,,,,,,,,,,,,,,,,,,2/4/2025 14:09,2/3/2025 14:07,97017,TN,80,1.64,mg/L,+/- 0.133,,SM4500NC,0.05,,,,,93724009,10014103,97017
P155444-10,93724010,93724,Non-WQM,Burn_Herb_C,SW,GP,SAMP,EFIRE,EX,EFIRE,1/28/2025 13:32,,,,0.14,,,,,,,,,,,,,,,,,,,,,,,,2/4/2025 14:11,2/3/2025 14:07,97017,TN,80,1.7,mg/L,+/- 0.137,,SM4500NC,0.05,,,,,93724010,10014115,97017
P155444-11,93724011,93724,Non-WQM,Burn_C,SW,GP,SAMP,EFIRE,EX,EFIRE,1/28/2025 13:47,,,,0.12,,,,,,,,,,,,,,,,,,,,,,,,2/4/2025 14:13,2/3/2025 14:07,97017,TN,80,1.7,mg/L,+/- 0.137,,SM4500NC,0.05,,,,,93724011,10014127,97017
P155444-12,93724012,93724,Non-WQM,Untreated_C,SW,GP,SAMP,EFIRE,EX,EFIRE,1/28/2025 14:05,,,,0.2,,,,,,,,,,,,,,,,,,,,,,,,2/4/2025 14:29,2/3/2025 14:07,97017,TN,80,1.7,mg/L,+/- 0.137,,SM4500NC,0.05,,,,,93724012,10014139,97017
P155740-1,93870001,93870,Non-WQM,Untreated_A,SW,GP,SAMP,EFIRE,EX,EFIRE,4/14/2025 10:15,,,,0.09,,,,,,,,,,,,,,,,,,,,,,,,4/24/2025 9:42,4/23/2025 13:27,97017,TN,80,1.15,mg/L,+/- 0.100,,SM4500NC,0.05,,,,,93870001,10105861,97017
P155740-2,93870002,93870,Non-WQM,Herbicide_A,SW,GP,SAMP,EFIRE,EX,EFIRE,4/14/2025 10:40,,,,0.07,,,,,,,,,,,,,,,,,,,,,,,,4/24/2025 9:46,4/23/2025 13:27,97017,TN,80,1.39,mg/L,+/- 0.116,,SM4500NC,0.05,,,,,93870002,10105885,97017
P155740-3,93870003,93870,Non-WQM,Burn_Herb_A,SW,GP,SAMP,EFIRE,EX,EFIRE,4/14/2025 11:00,,,,0.1,,,,,,,,,,,,,,,,,,,,,,,,4/24/2025 9:47,4/23/2025 13:27,97017,TN,80,1.16,mg/L,+/- 0.100,,SM4500NC,0.05,,,,,93870003,10105897,97017
P155740-4,93870004,93870,Non-WQM,Burn_A,SW,GP,SAMP,EFIRE,EX,EFIRE,4/14/2025 11:15,,,,0.06,,,,,,,,,,,,,,,,,,,,,,,,4/24/2025 9:49,4/23/2025 13:27,97017,TN,80,1.14,mg/L,+/- 0.099,,SM4500NC,0.05,,,,,93870004,10105909,97017
P155740-5,93870005,93870,Non-WQM,Untreated_B,SW,GP,SAMP,EFIRE,EX,EFIRE,4/14/2025 11:30,,,,0.04,,,,,,,,,,,,,,,,,,,,,,,,4/24/2025 9:51,4/23/2025 13:27,97017,TN,80,1.08,mg/L,+/- 0.095,,SM4500NC,0.05,,,,,93870005,10105921,97017
P155740-6,93870006,93870,Non-WQM,Burn_B,SW,GP,SAMP,EFIRE,EX,EFIRE,4/14/2025 11:45,,,,0.1,,,,,,,,,,,,,,,,,,,,,,,,4/24/2025 9:53,4/23/2025 13:27,97017,TN,80,1.07,mg/L,+/- 0.094,,SM4500NC,0.05,,,,,93870006,10105933,97017
P155740-7,93870007,93870,Non-WQM,Burn_Herb_B,SW,GP,SAMP,EFIRE,EX,EFIRE,4/14/2025 12:00,,,,0.11,,,,,,,,,,,,,,,,,,,,,,,,4/24/2025 9:54,4/23/2025 13:27,97017,TN,80,1.28,mg/L,+/- 0.108,,SM4500NC,0.05,,,,,93870007,10105945,97017
P155740-8,93870008,93870,Non-WQM,Herbicide_B,SW,GP,SAMP,EFIRE,EX,EFIRE,4/14/2025 12:15,,,,0.03,,,,,,,,,,,,,,,,,,,,,,,,4/24/2025 9:56,4/23/2025 13:27,97017,TN,80,1.31,mg/L,+/- 0.110,,SM4500NC,0.05,,,,,93870008,10105957,97017
P155740-9,93870009,93870,Non-WQM,Herbicide_C,SW,GP,SAMP,EFIRE,EX,EFIRE,4/14/2025 12:30,,,,0.07,,,,,,,,,,,,,,,,,,,,,,,,4/24/2025 9:58,4/23/2025 13:27,97017,TN,80,1.09,mg/L,+/- 0.096,,SM4500NC,0.05,,,,,93870009,10105969,97017
P155740-10,93870010,93870,Non-WQM,Burn_Herb_C,SW,GP,SAMP,EFIRE,EX,EFIRE,4/14/2025 12:45,,,,0.1,,,,,,,,,,,,,,,,,,,,,,,,4/24/2025 10:00,4/23/2025 13:27,97017,TN,80,1.02,mg/L,+/- 0.091,,SM4500NC,0.05,,,,,93870010,10105981,97017
P155740-11,93870011,93870,Non-WQM,Burn_C,SW,GP,SAMP,EFIRE,EX,EFIRE,4/14/2025 13:00,,,,0.09,,,,,,,,,,,,,,,,,,,,,,,,4/24/2025 10:03,4/23/2025 13:27,97017,TN,80,1.09,mg/L,+/- 0.096,,SM4500NC,0.05,,,,,93870011,10105993,97017
P155740-12,93870012,93870,Non-WQM,Untreated_C,SW,GP,SAMP,EFIRE,EX,EFIRE,4/14/2025 13:15,,,,0.08,,,,,,,,,,,,,,,,,,,,,,,,4/24/2025 10:05,4/23/2025 13:27,97017,TN,80,1.2,mg/L,+/- 0.103,,SM4500NC,0.05,,,,,93870012,10106005,97017
P155440-13,93720013,93720,Non-WQM,Untreated_A,DI,GP,FCEB,EFIRE,EX,EFIRE,3/25/2025 10:07,,,,,,,,,,,,,,,,,,,,,,,,,,,,3/31/2025 12:44,3/27/2025 16:02,97017,TN,80,0.05,mg/L,+/- 0.050,U,SM4500NC,0.05,,"DI 8186 through peristaltic pump tubing to bucket to sample bottles. Tray Flyers, bucket Kracker, filter lot 18197628, SA lot 072328.",,,93720013,10084961,97017
P155740-13,93870013,93870,Non-WQM,Untreated_A,DI,GP,FCEB,EFIRE,EX,EFIRE,4/14/2025 10:30,,,,,,,,,,,,,,,,,,,,,,,,,,,,4/24/2025 10:07,4/23/2025 13:27,97017,TN,80,0.05,mg/L,+/- 0.050,U,SM4500NC,0.05,,"DI 8216 through peristaltic pump to bucket. Tray Sheba, Bucket Scooter, filter 18278596, SA lot 072823.",,,93870013,10105873,97017
P157646-2,94825002,94825,Non-WQM,Untreated_A,SO,COR,SAMP,EFIRE,EX,EFIRE,4/15/2025 10:05,,,,,,5,22,,,,17,,,,,,,,,,,,,,,,,5/15/2025 8:12,5/15/2025 8:12,00540,ASH,240,83.3,%,UNK,,SFWMD 1610,1,,1189.6 g wet weight,,,94825002,10112265,00540
P157646-4,94825004,94825,Non-WQM,Untreated_A,SO,COR,SAMP,EFIRE,EX,EFIRE,4/15/2025 10:15,,,,,,5,19,,,,14,,,,,,,,,,,,,,,,,5/15/2025 8:14,5/15/2025 8:14,00540,ASH,240,86.7,%,UNK,,SFWMD 1610,1,,1359.88g wet weight,,,94825004,10112281,00540
P157646-6,94825006,94825,Non-WQM,Untreated_A,SO,COR,SAMP,EFIRE,EX,EFIRE,4/15/2025 10:25,,,,,,4,16,,,,12,,,,,,,,,,,,,,,,,5/15/2025 8:17,5/15/2025 8:17,00540,ASH,240,85.7,%,UNK,,SFWMD 1610,1,,727.88g wet weight,,,94825006,10112297,00540
P157646-8,94825008,94825,Non-WQM,Herbicide_A,SO,COR,SAMP,EFIRE,EX,EFIRE,4/15/2025 11:05,,,,,,5,20,,,,15,,,,,,,,,,,,,,,,,5/15/2025 8:21,5/15/2025 8:21,00540,ASH,240,82.1,%,UNK,,SFWMD 1610,1,,1081.88g wet weight,,,94825008,10112313,00540
P157646-10,94825010,94825,Non-WQM,Herbicide_A,SO,COR,SAMP,EFIRE,EX,EFIRE,4/15/2025 11:15,,,,,,9,29,,,,20,,,,,,,,,,,,,,,,,5/15/2025 8:24,5/15/2025 8:24,00540,ASH,240,82.4,%,UNK,,SFWMD 1610,1,,1512.88g wet weight,,,94825010,10112329,00540
P157646-12,94825012,94825,Non-WQM,Herbicide_A,SO,COR,SAMP,EFIRE,EX,EFIRE,4/15/2025 11:25,,,,,,8,26,,,,18,,,,,,,,,,,,,,,,,5/15/2025 8:26,5/15/2025 8:26,00540,ASH,240,83.2,%,UNK,,SFWMD 1610,1,,1307.88g wet weight,,,94825012,10112345,00540
P157646-14,94825014,94825,Non-WQM,Burn_Herb_A,SO,COR,SAMP,EFIRE,EX,EFIRE,4/15/2025 12:05,,,,,,4,23,,,,19,,,,,,,,,,,,,,,,,5/15/2025 8:28,5/15/2025 8:28,00540,ASH,240,88.1,%,UNK,,SFWMD 1610,1,,1372.88g wet weight,,,94825014,10112361,00540
P157646-16,94825016,94825,Non-WQM,Burn_Herb_A,SO,COR,SAMP,EFIRE,EX,EFIRE,4/15/2025 12:15,,,,,,5,25,,,,20,,,,,,,,,,,,,,,,,5/15/2025 8:31,5/15/2025 8:31,00540,ASH,240,86.4,%,UNK,,SFWMD 1610,1,,1470.88g wet weight,,,94825016,10112377,00540
P157646-18,94825018,94825,Non-WQM,Burn_Herb_A,SO,COR,SAMP,EFIRE,EX,EFIRE,4/15/2025 12:25,,,,,,3,21,,,,18,,,,,,,,,,,,,,,,,5/15/2025 8:34,5/15/2025 8:34,00540,ASH,240,90.1,%,UNK,,SFWMD 1610,1,,1373.88g wet weight. rehydrated due to leak in the core.,,,94825018,10112393,00540
P157646-20,94825020,94825,Non-WQM,Burn_A,SO,COR,SAMP,EFIRE,EX,EFIRE,4/15/2025 13:05,,,,,,5,16,,,,11,,,,,,,,,,,,,,,,,5/15/2025 8:37,5/15/2025 8:37,00540,ASH,240,83.1,%,UNK,,SFWMD 1610,1,,876.88g wet weight,,,94825020,10112409,00540
P157646-22,94825022,94825,Non-WQM,Burn_A,SO,COR,SAMP,EFIRE,EX,EFIRE,4/15/2025 13:15,,,,,,4,23,,,,19,,,,,,,,,,,,,,,,,5/15/2025 8:39,5/15/2025 8:39,00540,ASH,240,82.7,%,UNK,,SFWMD 1610,1,,1389.88g wet weight,,,94825022,10112425,00540
P157646-24,94825024,94825,Non-WQM,Burn_A,SO,COR,SAMP,EFIRE,EX,EFIRE,4/15/2025 13:20,,,,,,5,19,,,,14,,,,,,,,,,,,,,,,,5/15/2025 8:41,5/15/2025 8:41,00540,ASH,240,84,%,UNK,,SFWMD 1610,1,,1020.88g wet weight,,,94825024,10112441,00540
P154832-2,93428002,93428,Non-WQM,Untreated_A,SO,COR,SAMP,EFIRE,EX,EFIRE,1/16/2025 9:20,,,,,,6,21,,,,15,,,,,,,,,,,,,,,,,2/28/2025 8:58,2/28/2025 8:58,00540,ASH,240,79.9,%,UNK,,SFWMD 1610,1,,Wet weight 1186.8 g,,,93428002,9998271,00540
P154832-4,93428004,93428,Non-WQM,Untreated_A,SO,COR,SAMP,EFIRE,EX,EFIRE,1/16/2025 10:05,,,,,,8,21,,,,13,,,,,,,,,,,,,,,,,2/28/2025 9:01,2/28/2025 9:01,00540,ASH,240,82.5,%,UNK,,SFWMD 1610,1,,Wet weight 871.0 g,,,93428004,9998287,00540
P154832-6,93428006,93428,Non-WQM,Untreated_A,SO,COR,SAMP,EFIRE,EX,EFIRE,1/16/2025 10:25,,,,,,13,24,,,,11,,,,,,,,,,,,,,,,,2/28/2025 9:08,2/28/2025 9:08,00540,ASH,240,85,%,UNK,,SFWMD 1610,1,,Wet weight 873.8 g,,,93428006,9998303,00540
P154832-8,93428008,93428,Non-WQM,Herbicide_A,SO,COR,SAMP,EFIRE,EX,EFIRE,1/16/2025 10:40,,,,,,15,27,,,,12,,,,,,,,,,,,,,,,,2/28/2025 9:10,2/28/2025 9:10,00540,ASH,240,87.7,%,UNK,,SFWMD 1610,1,,Wet weight 1003.5,,,93428008,9998319,00540
P154832-10,93428010,93428,Non-WQM,Herbicide_A,SO,COR,SAMP,EFIRE,EX,EFIRE,1/16/2025 10:55,,,,,,12,22,,,,10,,,,,,,,,,,,,,,,,2/28/2025 9:12,2/28/2025 9:12,00540,ASH,240,85.7,%,UNK,,SFWMD 1610,1,,Wet weight 673.8 g,,,93428010,9998335,00540
P154832-12,93428012,93428,Non-WQM,Herbicide_A,SO,COR,SAMP,EFIRE,EX,EFIRE,1/16/2025 11:10,,,,,,8,18,,,,10,,,,,,,,,,,,,,,,,2/28/2025 9:13,2/28/2025 9:13,00540,ASH,240,82.8,%,UNK,,SFWMD 1610,1,,Wet weight 778.1,,,93428012,9998351,00540
P154832-14,93428014,93428,Non-WQM,Burn_Herb_A,SO,COR,SAMP,EFIRE,EX,EFIRE,1/16/2025 11:30,,,,,,4,12,,,,8,,,,,,,,,,,,,,,,,2/28/2025 9:16,2/28/2025 9:16,00540,ASH,240,27.3,%,UNK,,SFWMD 1610,1,,Wet weight 573.6,,,93428014,9998367,00540
P154832-16,93428016,93428,Non-WQM,Burn_Herb_A,SO,COR,SAMP,EFIRE,EX,EFIRE,1/16/2025 11:50,,,,,,7,17,,,,10,,,,,,,,,,,,,,,,,2/28/2025 9:20,2/28/2025 9:20,00540,ASH,240,30.5,%,UNK,,SFWMD 1610,1,,Wet weight 631.1 g,,,93428016,9998383,00540
P154832-18,93428018,93428,Non-WQM,Burn_Herb_A,SO,COR,SAMP,EFIRE,EX,EFIRE,1/16/2025 12:05,,,,,,5,14,,,,9,,,,,,,,,,,,,,,,,2/28/2025 9:23,2/28/2025 9:23,00540,ASH,240,11.3,%,UNK,,SFWMD 1610,1,,Wet weight 622.9,,,93428018,9998399,00540
P154832-20,93428020,93428,Non-WQM,Burn_A,SO,COR,SAMP,EFIRE,EX,EFIRE,1/16/2025 12:15,,,,,,7,15,,,,8,,,,,,,,,,,,,,,,,2/28/2025 9:31,2/28/2025 9:31,00540,ASH,240,21,%,UNK,,SFWMD 1610,1,,Wet weight 477.8g,,,93428020,9998415,00540
P154832-22,93428022,93428,Non-WQM,Burn_A,SO,COR,SAMP,EFIRE,EX,EFIRE,1/16/2025 12:25,,,,,,6,17,,,,11,,,,,,,,,,,,,,,,,2/28/2025 9:34,2/28/2025 9:34,00540,ASH,240,17.6,%,UNK,,SFWMD 1610,1,,Wet weight 717.8,,,93428022,9998431,00540
P154832-24,93428024,93428,Non-WQM,Burn_A,SO,COR,SAMP,EFIRE,EX,EFIRE,1/16/2025 12:35,,,,,,5,15,,,,10,,,,,,,,,,,,,,,,,2/28/2025 9:36,2/28/2025 9:36,00540,ASH,240,15.6,%,UNK,,SFWMD 1610,1,,Wet weight 641.4 g,,,93428024,9998447,00540
P157646-1,94825001,94825,Non-WQM,Untreated_A,FLOC,COR,SAMP,EFIRE,EX,EFIRE,4/15/2025 10:00,,,,,,0,5,,,,5,,,,,,,,,,,,,,,,,5/15/2025 8:09,5/15/2025 8:09,00540,ASH,240,69.7,%,UNK,,SFWMD 1610,1,,Wet Weight 329.6g,,,94825001,10112257,00540
P157646-3,94825003,94825,Non-WQM,Untreated_A,FLOC,COR,SAMP,EFIRE,EX,EFIRE,4/15/2025 10:10,,,,,,0,5,,,,5,,,,,,,,,,,,,,,,,5/15/2025 8:13,5/15/2025 8:13,00540,ASH,240,56.4,%,UNK,,SFWMD 1610,1,,232.1g wet weight,,,94825003,10112273,00540
P157646-5,94825005,94825,Non-WQM,Untreated_A,FLOC,COR,SAMP,EFIRE,EX,EFIRE,4/15/2025 10:20,,,,,,0,4,,,,4,,,,,,,,,,,,,,,,,5/15/2025 8:16,5/15/2025 8:16,00540,ASH,240,56.4,%,UNK,,SFWMD 1610,1,,248.5g wet weight,,,94825005,10112289,00540
P157646-7,94825007,94825,Non-WQM,Herbicide_A,FLOC,COR,SAMP,EFIRE,EX,EFIRE,4/15/2025 11:00,,,,,,0,5,,,,5,,,,,,,,,,,,,,,,,5/15/2025 8:19,5/15/2025 8:19,00540,ASH,240,38.9,%,UNK,,SFWMD 1610,1,,321.6g wet weight,,,94825007,10112305,00540
P157646-9,94825009,94825,Non-WQM,Herbicide_A,FLOC,COR,SAMP,EFIRE,EX,EFIRE,4/15/2025 11:10,,,,,,0,9,,,,9,,,,,,,,,,,,,,,,,5/15/2025 8:23,5/15/2025 8:23,00540,ASH,240,51.9,%,UNK,,SFWMD 1610,1,,567.1g wet weight,,,94825009,10112321,00540
P157646-11,94825011,94825,Non-WQM,Herbicide_A,FLOC,COR,SAMP,EFIRE,EX,EFIRE,4/15/2025 11:20,,,,,,0,8,,,,8,,,,,,,,,,,,,,,,,5/15/2025 8:25,5/15/2025 8:25,00540,ASH,240,48.7,%,UNK,,SFWMD 1610,1,,537.8g wet weight,,,94825011,10112337,00540
P157646-13,94825013,94825,Non-WQM,Burn_Herb_A,FLOC,COR,SAMP,EFIRE,EX,EFIRE,4/15/2025 12:00,,,,,,0,4,,,,4,,,,,,,,,,,,,,,,,5/15/2025 8:27,5/15/2025 8:27,00540,ASH,240,56.4,%,UNK,,SFWMD 1610,1,,256.5g wet weight,,,94825013,10112353,00540
P157646-15,94825015,94825,Non-WQM,Burn_Herb_A,FLOC,COR,SAMP,EFIRE,EX,EFIRE,4/15/2025 12:10,,,,,,0,5,,,,5,,,,,,,,,,,,,,,,,5/15/2025 8:29,5/15/2025 8:29,00540,ASH,240,55.9,%,UNK,,SFWMD 1610,1,,264.4g wet weight,,,94825015,10112369,00540
P157646-17,94825017,94825,Non-WQM,Burn_Herb_A,FLOC,COR,SAMP,EFIRE,EX,EFIRE,4/15/2025 12:20,,,,,,0,3,,,,3,,,,,,,,,,,,,,,,,5/15/2025 8:32,5/15/2025 8:32,00540,ASH,240,69.6,%,UNK,,SFWMD 1610,1,,214.3g wet weight. Sample was rehydrated due to a leak in the core.,,,94825017,10112385,00540
P157646-19,94825019,94825,Non-WQM,Burn_A,FLOC,COR,SAMP,EFIRE,EX,EFIRE,4/15/2025 13:00,,,,,,0,5,,,,5,,,,,,,,,,,,,,,,,5/15/2025 8:35,5/15/2025 8:35,00540,ASH,240,51.2,%,UNK,,SFWMD 1610,1,,292.0g wet weight,,,94825019,10112401,00540
P157646-21,94825021,94825,Non-WQM,Burn_A,FLOC,COR,SAMP,EFIRE,EX,EFIRE,4/15/2025 13:10,,,,,,0,4,,,,4,,,,,,,,,,,,,,,,,5/15/2025 8:39,5/15/2025 8:39,00540,ASH,240,45.7,%,UNK,,SFWMD 1610,1,,284.7g wet weight,,,94825021,10112417,00540
P157646-23,94825023,94825,Non-WQM,Burn_A,FLOC,COR,SAMP,EFIRE,EX,EFIRE,4/15/2025 13:15,,,,,,0,5,,,,5,,,,,,,,,,,,,,,,,5/15/2025 8:40,5/15/2025 8:40,00540,ASH,240,51.1,%,UNK,,SFWMD 1610,1,,242.0g wet weight,,,94825023,10112433,00540
P154832-1,93428001,93428,Non-WQM,Untreated_A,FLOC,COR,SAMP,EFIRE,EX,EFIRE,1/16/2025 9:15,,,,,,0,6,,,,6,,,,,,,,,,,,,,,,,2/28/2025 8:52,2/28/2025 8:52,00540,ASH,240,39.5,%,UNK,,SFWMD 1610,1,,Wet weight 222.2g,,,93428001,9998263,00540
P154832-3,93428003,93428,Non-WQM,Untreated_A,FLOC,COR,SAMP,EFIRE,EX,EFIRE,1/16/2025 10:00,,,,,,0,8,,,,8,,,,,,,,,,,,,,,,,2/28/2025 9:00,2/28/2025 9:00,00540,ASH,240,53.1,%,UNK,,SFWMD 1610,1,,Wet weight 257.5 g,,,93428003,9998279,00540
P154832-5,93428005,93428,Non-WQM,Untreated_A,FLOC,COR,SAMP,EFIRE,EX,EFIRE,1/16/2025 10:20,,,,,,0,13,,,,13,,,,,,,,,,,,,,,,,2/28/2025 9:02,2/28/2025 9:02,00540,ASH,240,65.6,%,UNK,,SFWMD 1610,1,,Wet weight 552.8 g,,,93428005,9998295,00540
P154832-7,93428007,93428,Non-WQM,Herbicide_A,FLOC,COR,SAMP,EFIRE,EX,EFIRE,1/16/2025 10:35,,,,,,0,15,,,,15,,,,,,,,,,,,,,,,,2/28/2025 9:08,2/28/2025 9:08,00540,ASH,240,69.4,%,UNK,,SFWMD 1610,1,,Wet weight 499.2,,,93428007,9998311,00540
P154832-9,93428009,93428,Non-WQM,Herbicide_A,FLOC,COR,SAMP,EFIRE,EX,EFIRE,1/16/2025 10:50,,,,,,0,12,,,,12,,,,,,,,,,,,,,,,,2/28/2025 9:11,2/28/2025 9:11,00540,ASH,240,74.3,%,UNK,,SFWMD 1610,1,,Wet weight 356.8,,,93428009,9998327,00540
P154832-11,93428011,93428,Non-WQM,Herbicide_A,FLOC,COR,SAMP,EFIRE,EX,EFIRE,1/16/2025 11:05,,,,,,0,8,,,,8,,,,,,,,,,,,,,,,,2/28/2025 9:13,2/28/2025 9:13,00540,ASH,240,58.2,%,UNK,,SFWMD 1610,1,,Wet weight 473.3 g,,,93428011,9998343,00540
P154832-13,93428013,93428,Non-WQM,Burn_Herb_A,FLOC,COR,SAMP,EFIRE,EX,EFIRE,1/16/2025 11:25,,,,,,0,4,,,,4,,,,,,,,,,,,,,,,,2/28/2025 9:15,2/28/2025 9:15,00540,ASH,240,12.2,%,UNK,,SFWMD 1610,1,,Wet weight 180.4 g,,,93428013,9998359,00540
P154832-15,93428015,93428,Non-WQM,Burn_Herb_A,FLOC,COR,SAMP,EFIRE,EX,EFIRE,1/16/2025 11:45,,,,,,0,7,,,,7,,,,,,,,,,,,,,,,,2/28/2025 9:18,2/28/2025 9:18,00540,ASH,240,7.9,%,UNK,,SFWMD 1610,1,,Wet weight 314.1 g,,,93428015,9998375,00540
P154832-17,93428017,93428,Non-WQM,Burn_Herb_A,FLOC,COR,SAMP,EFIRE,EX,EFIRE,1/16/2025 12:00,,,,,,0,5,,,,5,,,,,,,,,,,,,,,,,2/28/2025 9:21,2/28/2025 9:21,00540,ASH,240,8.3,%,UNK,,SFWMD 1610,1,,Wet weight 222.8,,,93428017,9998391,00540
P154832-19,93428019,93428,Non-WQM,Burn_A,FLOC,COR,SAMP,EFIRE,EX,EFIRE,1/16/2025 12:10,,,,,,0,7,,,,7,,,,,,,,,,,,,,,,,2/28/2025 9:28,2/28/2025 9:28,00540,ASH,240,15.7,%,UNK,,SFWMD 1610,1,,Wet weight 270.0 g,,,93428019,9998407,00540
P154832-21,93428021,93428,Non-WQM,Burn_A,FLOC,COR,SAMP,EFIRE,EX,EFIRE,1/16/2025 12:20,,,,,,0,6,,,,6,,,,,,,,,,,,,,,,,2/28/2025 9:32,2/28/2025 9:32,00540,ASH,240,11.9,%,UNK,,SFWMD 1610,1,,Wet weight 185.8 g,,,93428021,9998423,00540
P154832-23,93428023,93428,Non-WQM,Burn_A,FLOC,COR,SAMP,EFIRE,EX,EFIRE,1/16/2025 12:30,,,,,,0,5,,,,5,,,,,,,,,,,,,,,,,2/28/2025 9:35,2/28/2025 9:35,00540,ASH,240,18.3,%,UNK,,SFWMD 1610,1,,Wet weight 238.9,,,93428023,9998439,00540
P157646-2,94825002,94825,Non-WQM,Untreated_A,SO,COR,SAMP,EFIRE,EX,EFIRE,4/15/2025 10:05,,,,,,5,22,,,,17,,,,,,,,,,,,,,,,,5/2/2025 14:55,5/2/2025 14:55,82003,MOISTURE,156,87.5,%,,,SFWMD 1620,,,1189.6 g wet weight,,,94825002,10112263,82003
P157646-4,94825004,94825,Non-WQM,Untreated_A,SO,COR,SAMP,EFIRE,EX,EFIRE,4/15/2025 10:15,,,,,,5,19,,,,14,,,,,,,,,,,,,,,,,5/2/2025 14:55,5/2/2025 14:55,82003,MOISTURE,156,86.1,%,,,SFWMD 1620,,,1359.88g wet weight,,,94825004,10112279,82003
P157646-6,94825006,94825,Non-WQM,Untreated_A,SO,COR,SAMP,EFIRE,EX,EFIRE,4/15/2025 10:25,,,,,,4,16,,,,12,,,,,,,,,,,,,,,,,5/2/2025 14:55,5/2/2025 14:55,82003,MOISTURE,156,85.8,%,,,SFWMD 1620,,,727.88g wet weight,,,94825006,10112295,82003
P157646-8,94825008,94825,Non-WQM,Herbicide_A,SO,COR,SAMP,EFIRE,EX,EFIRE,4/15/2025 11:05,,,,,,5,20,,,,15,,,,,,,,,,,,,,,,,5/2/2025 14:55,5/2/2025 14:55,82003,MOISTURE,156,86.8,%,,,SFWMD 1620,,,1081.88g wet weight,,,94825008,10112311,82003
P157646-10,94825010,94825,Non-WQM,Herbicide_A,SO,COR,SAMP,EFIRE,EX,EFIRE,4/15/2025 11:15,,,,,,9,29,,,,20,,,,,,,,,,,,,,,,,5/2/2025 14:55,5/2/2025 14:55,82003,MOISTURE,156,88.6,%,,,SFWMD 1620,,,1512.88g wet weight,,,94825010,10112327,82003
P157646-12,94825012,94825,Non-WQM,Herbicide_A,SO,COR,SAMP,EFIRE,EX,EFIRE,4/15/2025 11:25,,,,,,8,26,,,,18,,,,,,,,,,,,,,,,,5/2/2025 14:55,5/2/2025 14:55,82003,MOISTURE,156,89.2,%,,,SFWMD 1620,,,1307.88g wet weight,,,94825012,10112343,82003
P157646-14,94825014,94825,Non-WQM,Burn_Herb_A,SO,COR,SAMP,EFIRE,EX,EFIRE,4/15/2025 12:05,,,,,,4,23,,,,19,,,,,,,,,,,,,,,,,5/2/2025 14:55,5/2/2025 14:55,82003,MOISTURE,156,84.8,%,,,SFWMD 1620,,,1372.88g wet weight,,,94825014,10112359,82003
P157646-16,94825016,94825,Non-WQM,Burn_Herb_A,SO,COR,SAMP,EFIRE,EX,EFIRE,4/15/2025 12:15,,,,,,5,25,,,,20,,,,,,,,,,,,,,,,,5/2/2025 14:55,5/2/2025 14:55,82003,MOISTURE,156,85,%,,,SFWMD 1620,,,1470.88g wet weight,,,94825016,10112375,82003
P157646-18,94825018,94825,Non-WQM,Burn_Herb_A,SO,COR,SAMP,EFIRE,EX,EFIRE,4/15/2025 12:25,,,,,,3,21,,,,18,,,,,,,,,,,,,,,,,5/2/2025 14:55,5/2/2025 14:55,82003,MOISTURE,156,83.4,%,,,SFWMD 1620,,,1373.88g wet weight. rehydrated due to leak in the core.,,,94825018,10112391,82003
P157646-20,94825020,94825,Non-WQM,Burn_A,SO,COR,SAMP,EFIRE,EX,EFIRE,4/15/2025 13:05,,,,,,5,16,,,,11,,,,,,,,,,,,,,,,,5/2/2025 14:55,5/2/2025 14:55,82003,MOISTURE,156,87.4,%,,,SFWMD 1620,,,876.88g wet weight,,,94825020,10112407,82003
P157646-22,94825022,94825,Non-WQM,Burn_A,SO,COR,SAMP,EFIRE,EX,EFIRE,4/15/2025 13:15,,,,,,4,23,,,,19,,,,,,,,,,,,,,,,,5/2/2025 14:55,5/2/2025 14:55,82003,MOISTURE,156,87.7,%,,,SFWMD 1620,,,1389.88g wet weight,,,94825022,10112423,82003
P157646-24,94825024,94825,Non-WQM,Burn_A,SO,COR,SAMP,EFIRE,EX,EFIRE,4/15/2025 13:20,,,,,,5,19,,,,14,,,,,,,,,,,,,,,,,5/2/2025 14:55,5/2/2025 14:55,82003,MOISTURE,156,87.3,%,,,SFWMD 1620,,,1020.88g wet weight,,,94825024,10112439,82003
P157646-1,94825001,94825,Non-WQM,Untreated_A,FLOC,COR,SAMP,EFIRE,EX,EFIRE,4/15/2025 10:00,,,,,,0,5,,,,5,,,,,,,,,,,,,,,,,5/2/2025 14:55,5/2/2025 14:55,82003,MOISTURE,156,94.2,%,,,SFWMD 1620,,,Wet Weight 329.6g,,,94825001,10112255,82003
P157646-3,94825003,94825,Non-WQM,Untreated_A,FLOC,COR,SAMP,EFIRE,EX,EFIRE,4/15/2025 10:10,,,,,,0,5,,,,5,,,,,,,,,,,,,,,,,5/2/2025 14:55,5/2/2025 14:55,82003,MOISTURE,156,95.4,%,,,SFWMD 1620,,,232.1g wet weight,,,94825003,10112271,82003
P157646-5,94825005,94825,Non-WQM,Untreated_A,FLOC,COR,SAMP,EFIRE,EX,EFIRE,4/15/2025 10:20,,,,,,0,4,,,,4,,,,,,,,,,,,,,,,,5/2/2025 14:55,5/2/2025 14:55,82003,MOISTURE,156,95.7,%,,,SFWMD 1620,,,248.5g wet weight,,,94825005,10112287,82003
P157646-7,94825007,94825,Non-WQM,Herbicide_A,FLOC,COR,SAMP,EFIRE,EX,EFIRE,4/15/2025 11:00,,,,,,0,5,,,,5,,,,,,,,,,,,,,,,,5/2/2025 14:55,5/2/2025 14:55,82003,MOISTURE,156,96.3,%,,,SFWMD 1620,,,321.6g wet weight,,,94825007,10112303,82003
P157646-9,94825009,94825,Non-WQM,Herbicide_A,FLOC,COR,SAMP,EFIRE,EX,EFIRE,4/15/2025 11:10,,,,,,0,9,,,,9,,,,,,,,,,,,,,,,,5/2/2025 14:55,5/2/2025 14:55,82003,MOISTURE,156,95.7,%,,,SFWMD 1620,,,567.1g wet weight,,,94825009,10112319,82003
P157646-11,94825011,94825,Non-WQM,Herbicide_A,FLOC,COR,SAMP,EFIRE,EX,EFIRE,4/15/2025 11:20,,,,,,0,8,,,,8,,,,,,,,,,,,,,,,,5/2/2025 14:55,5/2/2025 14:55,82003,MOISTURE,156,95.8,%,,,SFWMD 1620,,,537.8g wet weight,,,94825011,10112335,82003
P157646-13,94825013,94825,Non-WQM,Burn_Herb_A,FLOC,COR,SAMP,EFIRE,EX,EFIRE,4/15/2025 12:00,,,,,,0,4,,,,4,,,,,,,,,,,,,,,,,5/2/2025 14:55,5/2/2025 14:55,82003,MOISTURE,156,95.3,%,,,SFWMD 1620,,,256.5g wet weight,,,94825013,10112351,82003
P157646-15,94825015,94825,Non-WQM,Burn_Herb_A,FLOC,COR,SAMP,EFIRE,EX,EFIRE,4/15/2025 12:10,,,,,,0,5,,,,5,,,,,,,,,,,,,,,,,5/8/2025 11:28,5/8/2025 11:28,82003,MOISTURE,156,95.8,%,,,SFWMD 1620,,,264.4g wet weight,,,94825015,10112367,82003
P157646-17,94825017,94825,Non-WQM,Burn_Herb_A,FLOC,COR,SAMP,EFIRE,EX,EFIRE,4/15/2025 12:20,,,,,,0,3,,,,3,,,,,,,,,,,,,,,,,5/2/2025 14:55,5/2/2025 14:55,82003,MOISTURE,156,93.1,%,,,SFWMD 1620,,,214.3g wet weight. Sample was rehydrated due to a leak in the core.,,,94825017,10112383,82003
P157646-19,94825019,94825,Non-WQM,Burn_A,FLOC,COR,SAMP,EFIRE,EX,EFIRE,4/15/2025 13:00,,,,,,0,5,,,,5,,,,,,,,,,,,,,,,,5/2/2025 14:55,5/2/2025 14:55,82003,MOISTURE,156,95.7,%,,,SFWMD 1620,,,292.0g wet weight,,,94825019,10112399,82003
P157646-21,94825021,94825,Non-WQM,Burn_A,FLOC,COR,SAMP,EFIRE,EX,EFIRE,4/15/2025 13:10,,,,,,0,4,,,,4,,,,,,,,,,,,,,,,,5/2/2025 14:55,5/2/2025 14:55,82003,MOISTURE,156,96.7,%,,,SFWMD 1620,,,284.7g wet weight,,,94825021,10112415,82003
P157646-23,94825023,94825,Non-WQM,Burn_A,FLOC,COR,SAMP,EFIRE,EX,EFIRE,4/15/2025 13:15,,,,,,0,5,,,,5,,,,,,,,,,,,,,,,,5/2/2025 14:55,5/2/2025 14:55,82003,MOISTURE,156,95.7,%,,,SFWMD 1620,,,242.0g wet weight,,,94825023,10112431,82003
P155441-1,93721001,93721,Non-WQM,Untreated_A,SW,GP,SAMP,EFIRE,EX,EFIRE,4/10/2025 15:30,,,,0.08,,,,,,,,,,,,,,,,,,,,,,,,4/11/2025 11:36,4/11/2025 11:36,00671,OPO4,23,0.014,mg/L,+/- 0.002,,SM4500PF,0.002,,,,,93721001,10103015,00671
P155441-2,93721002,93721,Non-WQM,Herbicide_A,SW,GP,SAMP,EFIRE,EX,EFIRE,4/10/2025 16:00,,,,0.07,,,,,,,,,,,,,,,,,,,,,,,,4/11/2025 11:38,4/11/2025 11:38,00671,OPO4,23,0.004,mg/L,+/- 0.002,I,SM4500PF,0.002,,,,,93721002,10103027,00671
P155441-3,93721003,93721,Non-WQM,Burn_Herb_A,SW,GP,SAMP,EFIRE,EX,EFIRE,4/10/2025 16:30,,,,0.11,,,,,,,,,,,,,,,,,,,,,,,,4/11/2025 11:42,4/11/2025 11:42,00671,OPO4,23,0.057,mg/L,+/- 0.004,,SM4500PF,0.002,,,,,93721003,10103039,00671
P155441-4,93721004,93721,Non-WQM,Burn_A,SW,GP,SAMP,EFIRE,EX,EFIRE,4/10/2025 17:15,,,,0.09,,,,,,,,,,,,,,,,,,,,,,,,4/11/2025 11:43,4/11/2025 11:43,00671,OPO4,23,0.072,mg/L,+/- 0.004,,SM4500PF,0.002,,,,,93721004,10103051,00671
P155441-6,93721006,93721,Non-WQM,Burn_B,SW,GP,SAMP,EFIRE,EX,EFIRE,4/10/2025 18:05,,,,0.14,,,,,,,,,,,,,,,,,,,,,,,,4/11/2025 11:47,4/11/2025 11:47,00671,OPO4,23,0.025,mg/L,+/- 0.002,,SM4500PF,0.002,,,,,93721006,10103063,00671
P155441-7,93721007,93721,Non-WQM,Burn_Herb_B,SW,GP,SAMP,EFIRE,EX,EFIRE,4/10/2025 18:10,,,,0.15,,,,,,,,,,,,,,,,,,,,,,,,4/11/2025 11:49,4/11/2025 11:49,00671,OPO4,23,0.054,mg/L,+/- 0.004,,SM4500PF,0.002,,,,,93721007,10103075,00671
P155441-8,93721008,93721,Non-WQM,Herbicide_B,SW,GP,SAMP,EFIRE,EX,EFIRE,4/10/2025 18:20,,,,0.11,,,,,,,,,,,,,,,,,,,,,,,,4/11/2025 11:51,4/11/2025 11:51,00671,OPO4,23,0.007,mg/L,+/- 0.002,I,SM4500PF,0.002,,,,,93721008,10103087,00671
P155441-9,93721009,93721,Non-WQM,Herbicide_C,SW,GP,SAMP,EFIRE,EX,EFIRE,4/10/2025 18:25,,,,0.11,,,,,,,,,,,,,,,,,,,,,,,,4/11/2025 11:53,4/11/2025 11:53,00671,OPO4,23,0.011,mg/L,+/- 0.002,,SM4500PF,0.002,,,,,93721009,10103099,00671
P155441-10,93721010,93721,Non-WQM,Burn_Herb_C,SW,GP,SAMP,EFIRE,EX,EFIRE,4/10/2025 18:35,,,,0.15,,,,,,,,,,,,,,,,,,,,,,,,4/11/2025 11:54,4/11/2025 11:54,00671,OPO4,23,0.064,mg/L,+/- 0.004,,SM4500PF,0.002,,,,,93721010,10103111,00671
P155441-11,93721011,93721,Non-WQM,Burn_C,SW,GP,SAMP,EFIRE,EX,EFIRE,4/10/2025 18:40,,,,0.10,,,,,,,,,,,,,,,,,,,,,,,,4/11/2025 11:56,4/11/2025 11:56,00671,OPO4,23,0.023,mg/L,+/- 0.002,,SM4500PF,0.002,,,,,93721011,10103123,00671
P155441-12,93721012,93721,Non-WQM,Untreated_C,SW,GP,SAMP,EFIRE,EX,EFIRE,4/10/2025 18:45,,,,0.06,,,,,,,,,,,,,,,,,,,,,,,,4/11/2025 11:58,4/11/2025 11:58,00671,OPO4,23,0.006,mg/L,+/- 0.002,I,SM4500PF,0.002,,,,,93721012,10103135,00671
P155441-5,93721005,93721,Non-WQM,Untreated_B,SW,GP,SAMP,EFIRE,EX,EFIRE,4/10/2025 17:50,,,,0.09,,,,,,,,,,,,,,,,,,,,,,,,4/11/2025 11:45,4/11/2025 11:45,00671,OPO4,23,0.008,mg/L,+/- 0.002,,SM4500PF,0.002,,,,,93721005,10103159,00671
P158397-1,95201001,95201,Non-WQM,Untreated_A,SW,GP,SAMP,EFIRE,EX,EFIRE,6/17/2025 10:00,,,,0.1,,,,,,,,,,,,,,,,,,,,,,,,6/18/2025 9:57,6/18/2025 9:57,00671,OPO4,23,0.003,mg/L,+/- 0.002,I,SM4500PF,0.002,,,,,95201001,10179121,00671
P158397-2,95201002,95201,Non-WQM,Herbicide_A,SW,GP,SAMP,EFIRE,EX,EFIRE,6/17/2025 10:30,,,,0.11,,,,,,,,,,,,,,,,,,,,,,,,6/18/2025 10:00,6/18/2025 10:00,00671,OPO4,23,0.002,mg/L,+/- 0.002,U,SM4500PF,0.002,,,,,95201002,10179131,00671
P158397-3,95201003,95201,Non-WQM,Burn_Herb_A,SW,GP,SAMP,EFIRE,EX,EFIRE,6/17/2025 10:45,,,,0.11,,,,,,,,,,,,,,,,,,,,,,,,6/18/2025 10:03,6/18/2025 10:03,00671,OPO4,23,0.002,mg/L,+/- 0.002,U,SM4500PF,0.002,,,,,95201003,10179136,00671
P158397-4,95201004,95201,Non-WQM,Burn_A,SW,GP,SAMP,EFIRE,EX,EFIRE,6/17/2025 12:15,,,,0.08,,,,,,,,,,,,,,,,,,,,,,,,6/18/2025 10:04,6/18/2025 10:04,00671,OPO4,23,0.002,mg/L,+/- 0.002,I,SM4500PF,0.002,,,,,95201004,10179141,00671
P158397-5,95201005,95201,Non-WQM,Untreated_B,SW,GP,SAMP,EFIRE,EX,EFIRE,6/17/2025 12:25,,,,0.1,,,,,,,,,,,,,,,,,,,,,,,,6/18/2025 10:06,6/18/2025 10:06,00671,OPO4,23,0.004,mg/L,+/- 0.002,I,SM4500PF,0.002,,,,,95201005,10179146,00671
P158397-6,95201006,95201,Non-WQM,Burn_B,SW,GP,SAMP,EFIRE,EX,EFIRE,6/17/2025 12:35,,,,0.11,,,,,,,,,,,,,,,,,,,,,,,,6/18/2025 10:08,6/18/2025 10:08,00671,OPO4,23,0.002,mg/L,+/- 0.002,U,SM4500PF,0.002,,,,,95201006,10179151,00671
P158397-7,95201007,95201,Non-WQM,Burn_Herb_B,SW,GP,SAMP,EFIRE,EX,EFIRE,6/17/2025 12:45,,,,0.12,,,,,,,,,,,,,,,,,,,,,,,,6/18/2025 10:10,6/18/2025 10:10,00671,OPO4,23,0.002,mg/L,+/- 0.002,U,SM4500PF,0.002,,,,,95201007,10179156,00671
P158397-8,95201008,95201,Non-WQM,Herbicide_B,SW,GP,SAMP,EFIRE,EX,EFIRE,6/17/2025 13:00,,,,0.07,,,,,,,,,,,,,,,,,,,,,,,,6/18/2025 10:12,6/18/2025 10:12,00671,OPO4,23,0.002,mg/L,+/- 0.002,I,SM4500PF,0.002,,,,,95201008,10179161,00671
P158397-9,95201009,95201,Non-WQM,Herbicide_C,SW,GP,SAMP,EFIRE,EX,EFIRE,6/17/2025 13:10,,,,0.08,,,,,,,,,,,,,,,,,,,,,,,,6/18/2025 10:13,6/18/2025 10:13,00671,OPO4,23,0.004,mg/L,+/- 0.002,I,SM4500PF,0.002,,,,,95201009,10179166,00671
P158397-10,95201010,95201,Non-WQM,Burn_Herb_C,SW,GP,SAMP,EFIRE,EX,EFIRE,6/17/2025 13:20,,,,0.17,,,,,,,,,,,,,,,,,,,,,,,,6/18/2025 10:15,6/18/2025 10:15,00671,OPO4,23,0.002,mg/L,+/- 0.002,U,SM4500PF,0.002,,,,,95201010,10179171,00671
P158397-11,95201011,95201,Non-WQM,Burn_C,SW,GP,SAMP,EFIRE,EX,EFIRE,6/17/2025 13:30,,,,0.13,,,,,,,,,,,,,,,,,,,,,,,,6/18/2025 12:01,6/18/2025 12:01,00671,OPO4,23,0.003,mg/L,+/- 0.002,I,SM4500PF,0.002,,,,,95201011,10179176,00671
P155440-1,93720001,93720,Non-WQM,Untreated_A,SW,GP,SAMP,EFIRE,EX,EFIRE,3/25/2025 9:45,,,,0.15,,,,,,,,,,,,,,,,,,,,,,,,3/26/2025 11:14,3/26/2025 11:14,00671,OPO4,23,0.013,mg/L,+/- 0.002,,SM4500PF,0.002,,,,,93720001,10084945,00671
P155440-2,93720002,93720,Non-WQM,Herbicide_A,SW,GP,SAMP,EFIRE,EX,EFIRE,3/25/2025 10:23,,,,0.11,,,,,,,,,,,,,,,,,,,,,,,,3/26/2025 11:16,3/26/2025 11:16,00671,OPO4,23,0.005,mg/L,+/- 0.002,I,SM4500PF,0.002,,,,,93720002,10084969,00671
P155440-3,93720003,93720,Non-WQM,Burn_Herb_A,SW,GP,SAMP,EFIRE,EX,EFIRE,3/25/2025 10:43,,,,0.14,,,,,,,,,,,,,,,,,,,,,,,,3/26/2025 11:17,3/26/2025 11:17,00671,OPO4,23,0.008,mg/L,+/- 0.002,,SM4500PF,0.002,,,,,93720003,10084981,00671
P155440-4,93720004,93720,Non-WQM,Burn_A,SW,GP,SAMP,EFIRE,EX,EFIRE,3/25/2025 11:11,,,,0.09,,,,,,,,,,,,,,,,,,,,,,,,3/26/2025 11:19,3/26/2025 11:19,00671,OPO4,23,0.009,mg/L,+/- 0.002,,SM4500PF,0.002,,,,,93720004,10084993,00671
P155440-5,93720005,93720,Non-WQM,Untreated_B,SW,GP,SAMP,EFIRE,EX,EFIRE,3/25/2025 11:35,,,,0.11,,,,,,,,,,,,,,,,,,,,,,,,3/26/2025 11:23,3/26/2025 11:23,00671,OPO4,23,0.009,mg/L,+/- 0.002,,SM4500PF,0.002,,,,,93720005,10085005,00671
P155440-6,93720006,93720,Non-WQM,Burn_B,SW,GP,SAMP,EFIRE,EX,EFIRE,3/25/2025 11:51,,,,0.1,,,,,,,,,,,,,,,,,,,,,,,,3/26/2025 11:25,3/26/2025 11:25,00671,OPO4,23,0.007,mg/L,+/- 0.002,I,SM4500PF,0.002,,,,,93720006,10085017,00671
P155440-7,93720007,93720,Non-WQM,Burn_Herb_B,SW,GP,SAMP,EFIRE,EX,EFIRE,3/25/2025 12:07,,,,0.16,,,,,,,,,,,,,,,,,,,,,,,,3/26/2025 11:27,3/26/2025 11:27,00671,OPO4,23,0.007,mg/L,+/- 0.002,I,SM4500PF,0.002,,,,,93720007,10085029,00671
P155440-8,93720008,93720,Non-WQM,Herbicide_B,SW,GP,SAMP,EFIRE,EX,EFIRE,3/25/2025 12:22,,,,0.1,,,,,,,,,,,,,,,,,,,,,,,,3/26/2025 11:28,3/26/2025 11:28,00671,OPO4,23,0.009,mg/L,+/- 0.002,,SM4500PF,0.002,,,,,93720008,10085041,00671
P155440-9,93720009,93720,Non-WQM,Herbicide_C,SW,GP,SAMP,EFIRE,EX,EFIRE,3/25/2025 12:39,,,,0.12,,,,,,,,,,,,,,,,,,,,,,,,3/26/2025 11:30,3/26/2025 11:30,00671,OPO4,23,0.009,mg/L,+/- 0.002,,SM4500PF,0.002,,,,,93720009,10085053,00671
P155440-10,93720010,93720,Non-WQM,Burn_Herb_C,SW,GP,SAMP,EFIRE,EX,EFIRE,3/25/2025 12:54,,,,0.14,,,,,,,,,,,,,,,,,,,,,,,,3/26/2025 11:32,3/26/2025 11:32,00671,OPO4,23,0.004,mg/L,+/- 0.002,I,SM4500PF,0.002,,,,,93720010,10085065,00671
P155440-11,93720011,93720,Non-WQM,Burn_C,SW,GP,SAMP,EFIRE,EX,EFIRE,3/25/2025 13:10,,,,0.08,,,,,,,,,,,,,,,,,,,,,,,,3/26/2025 11:34,3/26/2025 11:34,00671,OPO4,23,0.007,mg/L,+/- 0.002,I,SM4500PF,0.002,,,,,93720011,10085077,00671
P155440-12,93720012,93720,Non-WQM,Untreated_C,SW,GP,SAMP,EFIRE,EX,EFIRE,3/25/2025 13:22,,,,0.1,,,,,,,,,,,,,,,,,,,,,,,,3/26/2025 11:36,3/26/2025 11:36,00671,OPO4,23,0.005,mg/L,+/- 0.002,I,SM4500PF,0.002,,,,,93720012,10085089,00671
P155742-1,93872001,93872,Non-WQM,Untreated_A,SW,GP,SAMP,EFIRE,EX,EFIRE,4/21/2025 10:00,,,,0.05,,,,,,,,,,,,,,,,,,,,,,,,4/22/2025 10:32,4/22/2025 10:32,00671,OPO4,23,0.019,mg/L,+/- 0.002,,SM4500PF,0.002,,,,,93872001,10115606,00671
P155742-2,93872002,93872,Non-WQM,Herbicide_A,SW,GP,SAMP,EFIRE,EX,EFIRE,4/21/2025 10:20,,,,0.05,,,,,,,,,,,,,,,,,,,,,,,,4/22/2025 10:35,4/22/2025 10:35,00671,OPO4,23,0.009,mg/L,+/- 0.002,,SM4500PF,0.002,,,,,93872002,10115630,00671
P155742-3,93872003,93872,Non-WQM,Burn_Herb_A,SW,GP,SAMP,EFIRE,EX,EFIRE,4/21/2025 10:45,,,,0.06,,,,,,,,,,,,,,,,,,,,,,,,4/22/2025 10:37,4/22/2025 10:37,00671,OPO4,23,0.01,mg/L,+/- 0.002,,SM4500PF,0.002,,,,,93872003,10115642,00671
P155742-4,93872004,93872,Non-WQM,Burn_A,SW,GP,SAMP,EFIRE,EX,EFIRE,4/21/2025 11:30,,,,0.05,,,,,,,,,,,,,,,,,,,,,,,,4/22/2025 10:39,4/22/2025 10:39,00671,OPO4,23,0.02,mg/L,+/- 0.002,,SM4500PF,0.002,,,,,93872004,10115654,00671
P155742-5,93872005,93872,Non-WQM,Untreated_B,SW,GP,SAMP,EFIRE,EX,EFIRE,4/21/2025 11:55,,,,0.05,,,,,,,,,,,,,,,,,,,,,,,,4/22/2025 10:41,4/22/2025 10:41,00671,OPO4,23,0.066,mg/L,+/- 0.004,,SM4500PF,0.002,,,,,93872005,10115666,00671
P155742-6,93872006,93872,Non-WQM,Burn_B,SW,GP,SAMP,EFIRE,EX,EFIRE,4/21/2025 12:20,,,,0.05,,,,,,,,,,,,,,,,,,,,,,,,4/22/2025 12:26,4/22/2025 12:26,00671,OPO4,23,0.01,mg/L,+/- 0.002,,SM4500PF,0.002,,,,,93872006,10115678,00671
P155742-7,93872007,93872,Non-WQM,Burn_Herb_B,SW,GP,SAMP,EFIRE,EX,EFIRE,4/21/2025 12:35,,,,0.06,,,,,,,,,,,,,,,,,,,,,,,,4/22/2025 10:44,4/22/2025 10:44,00671,OPO4,23,0.004,mg/L,+/- 0.002,I,SM4500PF,0.002,,,,,93872007,10115690,00671
P155742-8,93872008,93872,Non-WQM,Herbicide_B,SW,GP,SAMP,EFIRE,EX,EFIRE,4/21/2025 12:50,,,,0.05,,,,,,,,,,,,,,,,,,,,,,,,4/22/2025 10:46,4/22/2025 10:46,00671,OPO4,23,0.008,mg/L,+/- 0.002,,SM4500PF,0.002,,,,,93872008,10115702,00671
P155742-9,93872009,93872,Non-WQM,Herbicide_C,SW,GP,SAMP,EFIRE,EX,EFIRE,4/21/2025 13:05,,,,0.04,,,,,,,,,,,,,,,,,,,,,,,,4/22/2025 10:48,4/22/2025 10:48,00671,OPO4,23,0.024,mg/L,+/- 0.002,,SM4500PF,0.002,,,,,93872009,10115714,00671
P155742-10,93872010,93872,Non-WQM,Burn_Herb_C,SW,GP,SAMP,EFIRE,EX,EFIRE,4/21/2025 13:20,,,,0.08,,,,,,,,,,,,,,,,,,,,,,,,4/22/2025 10:50,4/22/2025 10:50,00671,OPO4,23,0.003,mg/L,+/- 0.002,I,SM4500PF,0.002,,,,,93872010,10115726,00671
P155742-11,93872011,93872,Non-WQM,Burn_C,SW,GP,SAMP,EFIRE,EX,EFIRE,4/21/2025 13:35,,,,0.08,,,,,,,,,,,,,,,,,,,,,,,,4/22/2025 10:54,4/22/2025 10:54,00671,OPO4,23,0.006,mg/L,+/- 0.002,I,SM4500PF,0.002,,,,,93872011,10115738,00671
P155742-12,93872012,93872,Non-WQM,Untreated_C,SW,GP,SAMP,EFIRE,EX,EFIRE,4/21/2025 13:45,,,,0.05,,,,,,,,,,,,,,,,,,,,,,,,4/22/2025 10:56,4/22/2025 10:56,00671,OPO4,23,0.005,mg/L,+/- 0.002,I,SM4500PF,0.002,,,,,93872012,10115750,00671
P158397-12,95201012,95201,Non-WQM,Untreated_C,SW,GP,SAMP,EFIRE,EX,EFIRE,6/17/2025 13:40,,,,0.09,,,,,,,,,,,,,,,,,,,,,,,,6/18/2025 10:23,6/18/2025 10:23,00671,OPO4,23,0.002,mg/L,+/- 0.002,I,SM4500PF,0.002,,Cattail pop up; very bubbly/gassy,,,95201012,10179181,00671
P158395-1,95199001,95199,Non-WQM,Untreated_A,SW,GP,SAMP,EFIRE,EX,EFIRE,5/21/2025 9:40,,,,0.1,,,,,,,,,,,,,,,,,,,,,,,,5/22/2025 11:37,5/22/2025 11:37,00671,OPO4,23,0.008,mg/L,+/- 0.002,,SM4500PF,0.002,,,,,95199001,10150361,00671
P158395-2,95199002,95199,Non-WQM,Herbicide_A,SW,GP,SAMP,EFIRE,EX,EFIRE,5/21/2025 10:10,,,,0.15,,,,,,,,,,,,,,,,,,,,,,,,5/22/2025 11:38,5/22/2025 11:38,00671,OPO4,23,0.005,mg/L,+/- 0.002,I,SM4500PF,0.002,,,,,95199002,10150371,00671
P158395-3,95199003,95199,Non-WQM,Burn_Herb_A,SW,GP,SAMP,EFIRE,EX,EFIRE,5/21/2025 10:25,,,,0.16,,,,,,,,,,,,,,,,,,,,,,,,5/22/2025 11:40,5/22/2025 11:40,00671,OPO4,23,0.004,mg/L,+/- 0.002,I,SM4500PF,0.002,,,,,95199003,10150376,00671
P158395-4,95199004,95199,Non-WQM,Burn_A,SW,GP,SAMP,EFIRE,EX,EFIRE,5/21/2025 10:50,,,,0.13,,,,,,,,,,,,,,,,,,,,,,,,5/22/2025 11:42,5/22/2025 11:42,00671,OPO4,23,0.004,mg/L,+/- 0.002,I,SM4500PF,0.002,,,,,95199004,10150381,00671
P158395-5,95199005,95199,Non-WQM,Untreated_B,SW,GP,SAMP,EFIRE,EX,EFIRE,5/21/2025 11:10,,,,0.14,,,,,,,,,,,,,,,,,,,,,,,,5/22/2025 11:44,5/22/2025 11:44,00671,OPO4,23,0.01,mg/L,+/- 0.002,,SM4500PF,0.002,,,,,95199005,10150386,00671
P158395-6,95199006,95199,Non-WQM,Burn_B,SW,GP,SAMP,EFIRE,EX,EFIRE,5/21/2025 11:25,,,,0.16,,,,,,,,,,,,,,,,,,,,,,,,5/22/2025 11:46,5/22/2025 11:46,00671,OPO4,23,0.008,mg/L,+/- 0.002,,SM4500PF,0.002,,,,,95199006,10150391,00671
P158395-7,95199007,95199,Non-WQM,Burn_Herb_B,SW,GP,SAMP,EFIRE,EX,EFIRE,5/21/2025 11:40,,,,0.17,,,,,,,,,,,,,,,,,,,,,,,,5/22/2025 11:49,5/22/2025 11:49,00671,OPO4,23,0.009,mg/L,+/- 0.002,,SM4500PF,0.002,,Visible turbidity in water column.,,,95199007,10150396,00671
P158395-8,95199008,95199,Non-WQM,Herbicide_B,SW,GP,SAMP,EFIRE,EX,EFIRE,5/21/2025 11:50,,,,0.13,,,,,,,,,,,,,,,,,,,,,,,,5/22/2025 11:51,5/22/2025 11:51,00671,OPO4,23,0.009,mg/L,+/- 0.002,,SM4500PF,0.002,,,,,95199008,10150401,00671
P158395-9,95199009,95199,Non-WQM,Herbicide_C,SW,GP,SAMP,EFIRE,EX,EFIRE,5/21/2025 12:05,,,,0.14,,,,,,,,,,,,,,,,,,,,,,,,5/22/2025 11:53,5/22/2025 11:53,00671,OPO4,23,0.002,mg/L,+/- 0.002,I,SM4500PF,0.002,,,,,95199009,10150406,00671
P158395-10,95199010,95199,Non-WQM,Burn_Herb_C,SW,GP,SAMP,EFIRE,EX,EFIRE,5/21/2025 12:20,,,,0.17,,,,,,,,,,,,,,,,,,,,,,,,5/22/2025 11:55,5/22/2025 11:55,00671,OPO4,23,0.007,mg/L,+/- 0.002,I,SM4500PF,0.002,,,,,95199010,10150411,00671
P158395-11,95199011,95199,Non-WQM,Burn_C,SW,GP,SAMP,EFIRE,EX,EFIRE,5/21/2025 12:30,,,,0.22,,,,,,,,,,,,,,,,,,,,,,,,5/22/2025 11:57,5/22/2025 11:57,00671,OPO4,23,0.012,mg/L,+/- 0.002,,SM4500PF,0.002,,,,,95199011,10150416,00671
P158395-12,95199012,95199,Non-WQM,Untreated_C,SW,GP,SAMP,EFIRE,EX,EFIRE,5/21/2025 12:45,,,,0.16,,,,,,,,,,,,,,,,,,,,,,,,5/22/2025 11:59,5/22/2025 11:59,00671,OPO4,23,0.008,mg/L,+/- 0.002,,SM4500PF,0.002,,,,,95199012,10150421,00671
P158396-9,95200009,95200,Non-WQM,Herbicide_C,SW,GP,SAMP,EFIRE,EX,EFIRE,6/3/2025 11:25,,,,0.07,,,,,,,,,,,,,,,,,,,,,,,,6/4/2025 14:10,6/4/2025 14:10,00671,OPO4,23,0.01,mg/L,+/- 0.002,,SM4500PF,0.002,,,,,95200009,10162739,00671
P158396-10,95200010,95200,Non-WQM,Burn_Herb_C,SW,GP,SAMP,EFIRE,EX,EFIRE,6/3/2025 11:35,,,,0.15,,,,,,,,,,,,,,,,,,,,,,,,6/4/2025 14:14,6/4/2025 14:14,00671,OPO4,23,0.002,mg/L,+/- 0.002,I,SM4500PF,0.002,,,,,95200010,10162744,00671
P158396-11,95200011,95200,Non-WQM,Burn_C,SW,GP,SAMP,EFIRE,EX,EFIRE,6/3/2025 11:45,,,,0.1,,,,,,,,,,,,,,,,,,,,,,,,6/4/2025 14:16,6/4/2025 14:16,00671,OPO4,23,0.009,mg/L,+/- 0.002,,SM4500PF,0.002,,,,,95200011,10162749,00671
P158396-12,95200012,95200,Non-WQM,Untreated_C,SW,GP,SAMP,EFIRE,EX,EFIRE,6/3/2025 12:00,,,,0.11,,,,,,,,,,,,,,,,,,,,,,,,6/4/2025 14:18,6/4/2025 14:18,00671,OPO4,23,0.004,mg/L,+/- 0.002,I,SM4500PF,0.002,,,,,95200012,10162754,00671
P158399-1,95203001,95203,Non-WQM,Untreated_A,SW,GP,SAMP,EFIRE,EX,EFIRE,7/15/2025 9:20,,,,0.12,,,,,,,,,,,,,,,,,,,,,,,,7/16/2025 11:24,7/16/2025 11:24,00671,OPO4,23,0.002,mg/L,+/- 0.002,U,SM4500PF,0.002,,,,,95203001,10211322,00671
P158399-2,95203002,95203,Non-WQM,Herbicide_A,SW,GP,SAMP,EFIRE,EX,EFIRE,7/15/2025 9:35,,,,0.17,,,,,,,,,,,,,,,,,,,,,,,,7/16/2025 11:26,7/16/2025 11:26,00671,OPO4,23,0.002,mg/L,+/- 0.002,U,SM4500PF,0.002,,,,,95203002,10211332,00671
P158399-3,95203003,95203,Non-WQM,Burn_Herb_A,SW,GP,SAMP,EFIRE,EX,EFIRE,7/15/2025 9:50,,,,0.18,,,,,,,,,,,,,,,,,,,,,,,,7/16/2025 11:28,7/16/2025 11:28,00671,OPO4,23,0.002,mg/L,+/- 0.002,U,SM4500PF,0.002,,,,,95203003,10211337,00671
P158399-4,95203004,95203,Non-WQM,Burn_A,SW,GP,SAMP,EFIRE,EX,EFIRE,7/15/2025 10:00,,,,0.17,,,,,,,,,,,,,,,,,,,,,,,,7/16/2025 11:29,7/16/2025 11:29,00671,OPO4,23,0.002,mg/L,+/- 0.002,U,SM4500PF,0.002,,,,,95203004,10211342,00671
P158399-5,95203005,95203,Non-WQM,Untreated_B,SW,GP,SAMP,EFIRE,EX,EFIRE,7/15/2025 10:15,,,,0.13,,,,,,,,,,,,,,,,,,,,,,,,7/16/2025 11:31,7/16/2025 11:31,00671,OPO4,23,0.002,mg/L,+/- 0.002,I,SM4500PF,0.002,,,,,95203005,10211347,00671
P158399-6,95203006,95203,Non-WQM,Burn_B,SW,GP,SAMP,EFIRE,EX,EFIRE,7/15/2025 10:30,,,,0.17,,,,,,,,,,,,,,,,,,,,,,,,7/16/2025 11:33,7/16/2025 11:33,00671,OPO4,23,0.002,mg/L,+/- 0.002,U,SM4500PF,0.002,,,,,95203006,10211352,00671
P158399-7,95203007,95203,Non-WQM,Burn_Herb_B,SW,GP,SAMP,EFIRE,EX,EFIRE,7/15/2025 10:40,,,,0.16,,,,,,,,,,,,,,,,,,,,,,,,7/16/2025 11:35,7/16/2025 11:35,00671,OPO4,23,0.002,mg/L,+/- 0.002,U,SM4500PF,0.002,,,,,95203007,10211357,00671
P158399-8,95203008,95203,Non-WQM,Herbicide_B,SW,GP,SAMP,EFIRE,EX,EFIRE,7/15/2025 10:55,,,,0.18,,,,,,,,,,,,,,,,,,,,,,,,7/16/2025 11:37,7/16/2025 11:37,00671,OPO4,23,0.002,mg/L,+/- 0.002,U,SM4500PF,0.002,,,,,95203008,10211362,00671
P158399-9,95203009,95203,Non-WQM,Herbicide_C,SW,GP,SAMP,EFIRE,EX,EFIRE,7/15/2025 11:10,,,,0.14,,,,,,,,,,,,,,,,,,,,,,,,7/16/2025 11:39,7/16/2025 11:39,00671,OPO4,23,0.002,mg/L,+/- 0.002,U,SM4500PF,0.002,,,,,95203009,10211367,00671
P158399-10,95203010,95203,Non-WQM,Burn_Herb_C,SW,GP,SAMP,EFIRE,EX,EFIRE,7/15/2025 11:20,,,,0.20,,,,,,,,,,,,,,,,,,,,,,,,7/16/2025 11:48,7/16/2025 11:48,00671,OPO4,23,0.002,mg/L,+/- 0.002,U,SM4500PF,0.002,,,,,95203010,10211372,00671
P158399-11,95203011,95203,Non-WQM,Burn_C,SW,GP,SAMP,EFIRE,EX,EFIRE,7/15/2025 11:35,,,,0.14,,,,,,,,,,,,,,,,,,,,,,,,7/16/2025 11:52,7/16/2025 11:52,00671,OPO4,23,0.002,mg/L,+/- 0.002,U,SM4500PF,0.002,,,,,95203011,10211377,00671
P158399-12,95203012,95203,Non-WQM,Untreated_C,SW,GP,SAMP,EFIRE,EX,EFIRE,7/15/2025 11:45,,,,0.17,,,,,,,,,,,,,,,,,,,,,,,,7/16/2025 11:53,7/16/2025 11:53,00671,OPO4,23,0.002,mg/L,+/- 0.002,U,SM4500PF,0.002,,,,,95203012,10211382,00671
P158396-1,95200001,95200,Non-WQM,Untreated_A,SW,GP,SAMP,EFIRE,EX,EFIRE,6/3/2025 9:30,,,,0.07,,,,,,,,,,,,,,,,,,,,,,,,6/4/2025 13:52,6/4/2025 13:52,00671,OPO4,23,0.006,mg/L,+/- 0.002,I,SM4500PF,0.002,,,,,95200001,10162694,00671
P158396-2,95200002,95200,Non-WQM,Herbicide_A,SW,GP,SAMP,EFIRE,EX,EFIRE,6/3/2025 9:50,,,,0.09,,,,,,,,,,,,,,,,,,,,,,,,6/4/2025 13:57,6/4/2025 13:57,00671,OPO4,23,0.017,mg/L,+/- 0.002,,SM4500PF,0.002,,,,,95200002,10162704,00671
P158396-3,95200003,95200,Non-WQM,Burn_Herb_A,SW,GP,SAMP,EFIRE,EX,EFIRE,6/3/2025 10:05,,,,0.1,,,,,,,,,,,,,,,,,,,,,,,,6/4/2025 13:59,6/4/2025 13:59,00671,OPO4,23,0.006,mg/L,+/- 0.002,I,SM4500PF,0.002,,,,,95200003,10162709,00671
P158396-4,95200004,95200,Non-WQM,Burn_A,SW,GP,SAMP,EFIRE,EX,EFIRE,6/3/2025 10:20,,,,0.07,,,,,,,,,,,,,,,,,,,,,,,,6/4/2025 14:01,6/4/2025 14:01,00671,OPO4,23,0.006,mg/L,+/- 0.002,I,SM4500PF,0.002,,,,,95200004,10162714,00671
P158396-5,95200005,95200,Non-WQM,Untreated_B,SW,GP,SAMP,EFIRE,EX,EFIRE,6/3/2025 10:35,,,,0.09,,,,,,,,,,,,,,,,,,,,,,,,6/4/2025 14:03,6/4/2025 14:03,00671,OPO4,23,0.007,mg/L,+/- 0.002,I,SM4500PF,0.002,,Lemna present at site. Some ceratophyllum present.,,,95200005,10162719,00671
P158396-6,95200006,95200,Non-WQM,Burn_B,SW,GP,SAMP,EFIRE,EX,EFIRE,6/3/2025 10:50,,,,0.11,,,,,,,,,,,,,,,,,,,,,,,,6/4/2025 14:05,6/4/2025 14:05,00671,OPO4,23,0.006,mg/L,+/- 0.002,I,SM4500PF,0.002,,,,,95200006,10162724,00671
P158396-7,95200007,95200,Non-WQM,Burn_Herb_B,SW,GP,SAMP,EFIRE,EX,EFIRE,6/3/2025 11:05,,,,0.12,,,,,,,,,,,,,,,,,,,,,,,,6/4/2025 14:07,6/4/2025 14:07,00671,OPO4,23,0.009,mg/L,+/- 0.002,,SM4500PF,0.002,,Turbidity from tilapia at site. Chara present.,,,95200007,10162729,00671
P158396-8,95200008,95200,Non-WQM,Herbicide_B,SW,GP,SAMP,EFIRE,EX,EFIRE,6/3/2025 11:15,,,,0.09,,,,,,,,,,,,,,,,,,,,,,,,6/4/2025 14:08,6/4/2025 14:08,00671,OPO4,23,0.004,mg/L,+/- 0.002,I,SM4500PF,0.002,,,,,95200008,10162734,00671
P158401-1,95205001,95205,Non-WQM,Untreated_A,SW,GP,SAMP,EFIRE,EX,EFIRE,8/26/2025 9:50,,,,0.07,,,,,,,,,,,,,,,,,,,,,,,,8/27/2025 10:46,8/27/2025 10:46,00671,OPO4,23,0.002,mg/L,+/- 0.002,U,SM4500PF,0.002,,,,,95205001,10267309,00671
P158401-2,95205002,95205,Non-WQM,Herbicide_A,SW,GP,SAMP,EFIRE,EX,EFIRE,8/26/2025 10:15,,,,0.15,,,,,,,,,,,,,,,,,,,,,,,,8/27/2025 10:50,8/27/2025 10:50,00671,OPO4,23,0.002,mg/L,+/- 0.002,U,SM4500PF,0.002,,,,,95205002,10267314,00671
P158401-3,95205003,95205,Non-WQM,Burn_Herb_A,SW,GP,SAMP,EFIRE,EX,EFIRE,8/26/2025 10:30,,,,0.16,,,,,,,,,,,,,,,,,,,,,,,,8/27/2025 10:52,8/27/2025 10:52,00671,OPO4,23,0.002,mg/L,+/- 0.002,U,SM4500PF,0.002,,,,,95205003,10267319,00671
P158401-4,95205004,95205,Non-WQM,Burn_A,SW,GP,SAMP,EFIRE,EX,EFIRE,8/26/2025 10:45,,,,0.11,,,,,,,,,,,,,,,,,,,,,,,,8/27/2025 10:54,8/27/2025 10:54,00671,OPO4,23,0.002,mg/L,+/- 0.002,U,SM4500PF,0.002,,,,,95205004,10267324,00671
P158401-5,95205005,95205,Non-WQM,Untreated_B,SW,GP,SAMP,EFIRE,EX,EFIRE,8/26/2025 10:55,,,,0.11,,,,,,,,,,,,,,,,,,,,,,,,8/27/2025 10:56,8/27/2025 10:56,00671,OPO4,23,0.003,mg/L,+/- 0.002,I,SM4500PF,0.002,,,,,95205005,10267329,00671
P158401-6,95205006,95205,Non-WQM,Burn_B,SW,GP,SAMP,EFIRE,EX,EFIRE,8/26/2025 11:10,,,,0.11,,,,,,,,,,,,,,,,,,,,,,,,8/27/2025 10:57,8/27/2025 10:57,00671,OPO4,23,0.002,mg/L,+/- 0.002,U,SM4500PF,0.002,,,,,95205006,10267334,00671
P158401-7,95205007,95205,Non-WQM,Burn_Herb_B,SW,GP,SAMP,EFIRE,EX,EFIRE,8/26/2025 11:25,,,,0.16,,,,,,,,,,,,,,,,,,,,,,,,8/27/2025 10:59,8/27/2025 10:59,00671,OPO4,23,0.002,mg/L,+/- 0.002,U,SM4500PF,0.002,,,,,95205007,10267339,00671
P158401-8,95205008,95205,Non-WQM,Herbicide_B,SW,GP,SAMP,EFIRE,EX,EFIRE,8/26/2025 11:35,,,,0.07,,,,,,,,,,,,,,,,,,,,,,,,8/27/2025 11:01,8/27/2025 11:01,00671,OPO4,23,0.002,mg/L,+/- 0.002,U,SM4500PF,0.002,,,,,95205008,10267344,00671
P158401-9,95205009,95205,Non-WQM,Herbicide_C,SW,GP,SAMP,EFIRE,EX,EFIRE,8/26/2025 11:45,,,,0.09,,,,,,,,,,,,,,,,,,,,,,,,8/27/2025 11:03,8/27/2025 11:03,00671,OPO4,23,0.002,mg/L,+/- 0.002,U,SM4500PF,0.002,,,,,95205009,10267349,00671
P158401-10,95205010,95205,Non-WQM,Burn_Herb_C,SW,GP,SAMP,EFIRE,EX,EFIRE,8/26/2025 12:00,,,,0.15,,,,,,,,,,,,,,,,,,,,,,,,8/27/2025 11:05,8/27/2025 11:05,00671,OPO4,23,0.002,mg/L,+/- 0.002,U,SM4500PF,0.002,,,,,95205010,10267354,00671
P158401-11,95205011,95205,Non-WQM,Burn_C,SW,GP,SAMP,EFIRE,EX,EFIRE,8/26/2025 12:15,,,,0.15,,,,,,,,,,,,,,,,,,,,,,,,8/27/2025 11:08,8/27/2025 11:08,00671,OPO4,23,0.002,mg/L,+/- 0.002,U,SM4500PF,0.002,,,,,95205011,10267359,00671
P158401-12,95205012,95205,Non-WQM,Untreated_C,SW,GP,SAMP,EFIRE,EX,EFIRE,8/26/2025 12:25,,,,0.14,,,,,,,,,,,,,,,,,,,,,,,,8/27/2025 11:10,8/27/2025 11:10,00671,OPO4,23,0.002,mg/L,+/- 0.002,U,SM4500PF,0.002,,,,,95205012,10267364,00671
P158402-1,95206001,95206,Non-WQM,Untreated_A,SW,GP,SAMP,EFIRE,EX,EFIRE,9/9/2025 9:55,,,,0.13,,,,,,,,,,,,,,,,,,,,,,,,9/10/2025 11:32,9/10/2025 11:32,00671,OPO4,23,0.003,mg/L,+/- 0.002,I,SM4500PF,0.002,,,,,95206001,10282906,00671
P158402-2,95206002,95206,Non-WQM,Herbicide_A,SW,GP,SAMP,EFIRE,EX,EFIRE,9/9/2025 10:20,,,,0.13,,,,,,,,,,,,,,,,,,,,,,,,9/10/2025 11:30,9/10/2025 11:30,00671,OPO4,23,0.002,mg/L,+/- 0.002,U,SM4500PF,0.002,,,,,95206002,10282911,00671
P158402-3,95206003,95206,Non-WQM,Burn_Herb_A,SW,GP,SAMP,EFIRE,EX,EFIRE,9/9/2025 10:33,,,,0.13,,,,,,,,,,,,,,,,,,,,,,,,9/10/2025 11:34,9/10/2025 11:34,00671,OPO4,23,0.002,mg/L,+/- 0.002,I,SM4500PF,0.002,,,,,95206003,10282916,00671
P158402-4,95206004,95206,Non-WQM,Burn_A,SW,GP,SAMP,EFIRE,EX,EFIRE,9/9/2025 10:44,,,,0.13,,,,,,,,,,,,,,,,,,,,,,,,9/10/2025 11:35,9/10/2025 11:35,00671,OPO4,23,0.002,mg/L,+/- 0.002,U,SM4500PF,0.002,,,,,95206004,10282921,00671
P158402-5,95206005,95206,Non-WQM,Untreated_B,SW,GP,SAMP,EFIRE,EX,EFIRE,9/9/2025 11:17,,,,0.12,,,,,,,,,,,,,,,,,,,,,,,,9/10/2025 11:37,9/10/2025 11:37,00671,OPO4,23,0.002,mg/L,+/- 0.002,I,SM4500PF,0.002,,,,,95206005,10282926,00671
P158402-6,95206006,95206,Non-WQM,Burn_B,SW,GP,SAMP,EFIRE,EX,EFIRE,9/9/2025 11:00,,,,0.21,,,,,,,,,,,,,,,,,,,,,,,,9/10/2025 11:39,9/10/2025 11:39,00671,OPO4,23,0.002,mg/L,+/- 0.002,U,SM4500PF,0.002,,,,,95206006,10282931,00671
P158402-7,95206007,95206,Non-WQM,Burn_Herb_B,SW,GP,SAMP,EFIRE,EX,EFIRE,9/9/2025 11:32,,,,0.15,,,,,,,,,,,,,,,,,,,,,,,,9/10/2025 11:41,9/10/2025 11:41,00671,OPO4,23,0.006,mg/L,+/- 0.002,I,SM4500PF,0.002,,,,,95206007,10282936,00671
P158402-8,95206008,95206,Non-WQM,Herbicide_B,SW,GP,SAMP,EFIRE,EX,EFIRE,9/9/2025 11:50,,,,0.15,,,,,,,,,,,,,,,,,,,,,,,,9/10/2025 11:43,9/10/2025 11:43,00671,OPO4,23,0.002,mg/L,+/- 0.002,U,SM4500PF,0.002,,,,,95206008,10282941,00671
P158402-9,95206009,95206,Non-WQM,Herbicide_C,SW,GP,SAMP,EFIRE,EX,EFIRE,9/9/2025 12:02,,,,0.13,,,,,,,,,,,,,,,,,,,,,,,,9/10/2025 11:45,9/10/2025 11:45,00671,OPO4,23,0.003,mg/L,+/- 0.002,I,SM4500PF,0.002,,,,,95206009,10282946,00671
P158402-10,95206010,95206,Non-WQM,Burn_Herb_C,SW,GP,SAMP,EFIRE,EX,EFIRE,9/9/2025 12:14,,,,0.2,,,,,,,,,,,,,,,,,,,,,,,,9/10/2025 14:23,9/10/2025 14:23,00671,OPO4,23,0.002,mg/L,+/- 0.002,U,SM4500PF,0.002,,,,,95206010,10282951,00671
P158402-11,95206011,95206,Non-WQM,Burn_C,SW,GP,SAMP,EFIRE,EX,EFIRE,9/9/2025 12:24,,,,0.12,,,,,,,,,,,,,,,,,,,,,,,,9/10/2025 11:48,9/10/2025 11:48,00671,OPO4,23,0.002,mg/L,+/- 0.002,U,SM4500PF,0.002,,,,,95206011,10282956,00671
P158402-12,95206012,95206,Non-WQM,Untreated_C,SW,GP,SAMP,EFIRE,EX,EFIRE,9/9/2025 12:34,,,,0.17,,,,,,,,,,,,,,,,,,,,,,,,9/10/2025 11:50,9/10/2025 11:50,00671,OPO4,23,0.005,mg/L,+/- 0.002,I,SM4500PF,0.002,,,,,95206012,10282961,00671
P158528-1,95272001,95272,Non-WQM,Untreated_A,SW,GP,SAMP,EFIRE,EX,EFIRE,10/21/2025 9:45,,,,0.11,,,,,,,,,,,,,,,,,,,,,,,,10/22/2025 10:27,10/22/2025 10:27,00671,OPO4,23,0.033,mg/L,+/- 0.003,,SM4500PF,0.002,,,,,95272001,10338245,00671
P158528-2,95272002,95272,Non-WQM,Herbicide_A,SW,GP,SAMP,EFIRE,EX,EFIRE,10/21/2025 10:05,,,,0.13,,,,,,,,,,,,,,,,,,,,,,,,10/22/2025 10:31,10/22/2025 10:31,00671,OPO4,23,0.004,mg/L,+/- 0.002,I,SM4500PF,0.002,,,,,95272002,10338250,00671
P158528-3,95272003,95272,Non-WQM,Burn_Herb_A,SW,GP,SAMP,EFIRE,EX,EFIRE,10/21/2025 10:20,,,,0.13,,,,,,,,,,,,,,,,,,,,,,,,10/22/2025 10:32,10/22/2025 10:32,00671,OPO4,23,0.002,mg/L,+/- 0.002,U,SM4500PF,0.002,,,,,95272003,10338255,00671
P158528-4,95272004,95272,Non-WQM,Burn_A,SW,GP,SAMP,EFIRE,EX,EFIRE,10/21/2025 10:35,,,,0.11,,,,,,,,,,,,,,,,,,,,,,,,10/22/2025 10:34,10/22/2025 10:34,00671,OPO4,23,0.002,mg/L,+/- 0.002,I,SM4500PF,0.002,,,,,95272004,10338260,00671
P158528-5,95272005,95272,Non-WQM,Untreated_B,SW,GP,SAMP,EFIRE,EX,EFIRE,10/21/2025 10:50,,,,0.10,,,,,,,,,,,,,,,,,,,,,,,,10/22/2025 10:36,10/22/2025 10:36,00671,OPO4,23,0.02,mg/L,+/- 0.002,,SM4500PF,0.002,,,,,95272005,10338265,00671
P158528-6,95272006,95272,Non-WQM,Burn_B,SW,GP,SAMP,EFIRE,EX,EFIRE,10/21/2025 11:05,,,,0.18,,,,,,,,,,,,,,,,,,,,,,,,10/22/2025 10:38,10/22/2025 10:38,00671,OPO4,23,0.008,mg/L,+/- 0.002,,SM4500PF,0.002,,,,,95272006,10338270,00671
P158528-7,95272007,95272,Non-WQM,Burn_Herb_B,SW,GP,SAMP,EFIRE,EX,EFIRE,10/21/2025 11:20,,,,0.12,,,,,,,,,,,,,,,,,,,,,,,,10/22/2025 10:40,10/22/2025 10:40,00671,OPO4,23,0.005,mg/L,+/- 0.002,I,SM4500PF,0.002,,,,,95272007,10338275,00671
P158528-8,95272008,95272,Non-WQM,Herbicide_B,SW,GP,SAMP,EFIRE,EX,EFIRE,10/21/2025 11:35,,,,0.12,,,,,,,,,,,,,,,,,,,,,,,,10/22/2025 10:42,10/22/2025 10:42,00671,OPO4,23,0.002,mg/L,+/- 0.002,I,SM4500PF,0.002,,,,,95272008,10338280,00671
P158528-9,95272009,95272,Non-WQM,Herbicide_C,SW,GP,SAMP,EFIRE,EX,EFIRE,10/21/2025 11:50,,,,0.08,,,,,,,,,,,,,,,,,,,,,,,,10/22/2025 10:43,10/22/2025 10:43,00671,OPO4,23,0.006,mg/L,+/- 0.002,I,SM4500PF,0.002,,,,,95272009,10338285,00671
P158528-10,95272010,95272,Non-WQM,Burn_Herb_C,SW,GP,SAMP,EFIRE,EX,EFIRE,10/21/2025 12:05,,,,0.15,,,,,,,,,,,,,,,,,,,,,,,,10/22/2025 10:45,10/22/2025 10:45,00671,OPO4,23,0.002,mg/L,+/- 0.002,I,SM4500PF,0.002,,,,,95272010,10338290,00671
P158528-11,95272011,95272,Non-WQM,Burn_C,SW,GP,SAMP,EFIRE,EX,EFIRE,10/21/2025 12:20,,,,0.15,,,,,,,,,,,,,,,,,,,,,,,,10/22/2025 10:49,10/22/2025 10:49,00671,OPO4,23,0.002,mg/L,+/- 0.002,U,SM4500PF,0.002,,,,,95272011,10338295,00671
P158528-12,95272012,95272,Non-WQM,Untreated_C,SW,GP,SAMP,EFIRE,EX,EFIRE,10/21/2025 12:35,,,,0.11,,,,,,,,,,,,,,,,,,,,,,,,10/22/2025 10:51,10/22/2025 10:51,00671,OPO4,23,0.012,mg/L,+/- 0.002,,SM4500PF,0.002,,,,,95272012,10338300,00671
P158519-1,95270001,95270,Non-WQM,Untreated_A,SW,GP,SAMP,EFIRE,EX,EFIRE,9/24/2025 9:50,,,,0.11,,,,,,,,,,,,,,,,,,,,,,,,9/25/2025 11:24,9/25/2025 11:24,00671,OPO4,23,0.006,mg/L,+/- 0.002,I,SM4500PF,0.002,,,,,95270001,10303420,00671
P158519-2,95270002,95270,Non-WQM,Herbicide_A,SW,GP,SAMP,EFIRE,EX,EFIRE,9/24/2025 10:15,,,,0.14,,,,,,,,,,,,,,,,,,,,,,,,9/25/2025 11:25,9/25/2025 11:25,00671,OPO4,23,0.002,mg/L,+/- 0.002,U,SM4500PF,0.002,,,,,95270002,10303425,00671
P158519-3,95270003,95270,Non-WQM,Burn_Herb_A,SW,GP,SAMP,EFIRE,EX,EFIRE,9/24/2025 10:30,,,,0.17,,,,,,,,,,,,,,,,,,,,,,,,9/25/2025 11:27,9/25/2025 11:27,00671,OPO4,23,0.002,mg/L,+/- 0.002,U,SM4500PF,0.002,,,,,95270003,10303430,00671
P158519-4,95270004,95270,Non-WQM,Burn_A,SW,GP,SAMP,EFIRE,EX,EFIRE,9/24/2025 10:45,,,,0.13,,,,,,,,,,,,,,,,,,,,,,,,9/25/2025 11:29,9/25/2025 11:29,00671,OPO4,23,0.002,mg/L,+/- 0.002,U,SM4500PF,0.002,,,,,95270004,10303435,00671
P158519-5,95270005,95270,Non-WQM,Untreated_B,SW,GP,SAMP,EFIRE,EX,EFIRE,9/24/2025 11:00,,,,0.12,,,,,,,,,,,,,,,,,,,,,,,,9/25/2025 11:31,9/25/2025 11:31,00671,OPO4,23,0.005,mg/L,+/- 0.002,I,SM4500PF,0.002,,,,,95270005,10303440,00671
P158519-6,95270006,95270,Non-WQM,Burn_B,SW,GP,SAMP,EFIRE,EX,EFIRE,9/24/2025 11:20,,,,0.18,,,,,,,,,,,,,,,,,,,,,,,,9/25/2025 11:33,9/25/2025 11:33,00671,OPO4,23,0.002,mg/L,+/- 0.002,U,SM4500PF,0.002,,,,,95270006,10303445,00671
P158519-7,95270007,95270,Non-WQM,Burn_Herb_B,SW,GP,SAMP,EFIRE,EX,EFIRE,9/24/2025 12:30,,,,0.13,,,,,,,,,,,,,,,,,,,,,,,,9/25/2025 11:34,9/25/2025 11:34,00671,OPO4,23,0.002,mg/L,+/- 0.002,U,SM4500PF,0.002,,,,,95270007,10303450,00671
P158519-8,95270008,95270,Non-WQM,Herbicide_B,SW,GP,SAMP,EFIRE,EX,EFIRE,9/24/2025 11:50,,,,0.13,,,,,,,,,,,,,,,,,,,,,,,,9/25/2025 11:36,9/25/2025 11:36,00671,OPO4,23,0.002,mg/L,+/- 0.002,I,SM4500PF,0.002,,,,,95270008,10303455,00671
P158519-9,95270009,95270,Non-WQM,Herbicide_C,SW,GP,SAMP,EFIRE,EX,EFIRE,9/24/2025 12:00,,,,0.12,,,,,,,,,,,,,,,,,,,,,,,,9/25/2025 11:46,9/25/2025 11:46,00671,OPO4,23,0.002,mg/L,+/- 0.002,U,SM4500PF,0.002,,,,,95270009,10303460,00671
P158519-10,95270010,95270,Non-WQM,Burn_Herb_C,SW,GP,SAMP,EFIRE,EX,EFIRE,9/24/2025 12:15,,,,0.18,,,,,,,,,,,,,,,,,,,,,,,,9/25/2025 11:49,9/25/2025 11:49,00671,OPO4,23,0.002,mg/L,+/- 0.002,U,SM4500PF,0.002,,,,,95270010,10303465,00671
P158519-11,95270011,95270,Non-WQM,Burn_C,SW,GP,SAMP,EFIRE,EX,EFIRE,9/24/2025 12:25,,,,0.20,,,,,,,,,,,,,,,,,,,,,,,,9/25/2025 11:51,9/25/2025 11:51,00671,OPO4,23,0.002,mg/L,+/- 0.002,U,SM4500PF,0.002,,,,,95270011,10303470,00671
P158519-12,95270012,95270,Non-WQM,Untreated_C,SW,GP,SAMP,EFIRE,EX,EFIRE,9/24/2025 12:40,,,,0.17,,,,,,,,,,,,,,,,,,,,,,,,9/25/2025 11:53,9/25/2025 11:53,00671,OPO4,23,0.002,mg/L,+/- 0.002,U,SM4500PF,0.002,,,,,95270012,10303475,00671
P155444-1,93724001,93724,Non-WQM,Untreated_A,SW,GP,SAMP,EFIRE,EX,EFIRE,1/28/2025 10:15,,,,0.19,,,,,,,,,,,,,,,,,,,,,,,,1/29/2025 11:45,1/29/2025 11:45,00671,OPO4,23,0.011,mg/L,+/- 0.002,,SM4500PF,0.002,,,,,93724001,10013991,00671
P155444-2,93724002,93724,Non-WQM,Herbicide_A,SW,GP,SAMP,EFIRE,EX,EFIRE,1/28/2025 10:50,,,,0.23,,,,,,,,,,,,,,,,,,,,,,,,1/29/2025 11:49,1/29/2025 11:49,00671,OPO4,23,0.008,mg/L,+/- 0.002,,SM4500PF,0.002,,,,,93724002,10014015,00671
P155444-3,93724003,93724,Non-WQM,Burn_Herb_A,SW,GP,SAMP,EFIRE,EX,EFIRE,1/28/2025 11:11,,,,0.23,,,,,,,,,,,,,,,,,,,,,,,,1/29/2025 11:51,1/29/2025 11:51,00671,OPO4,23,0.007,mg/L,+/- 0.002,I,SM4500PF,0.002,,,,,93724003,10014027,00671
P155444-4,93724004,93724,Non-WQM,Burn_A,SW,GP,SAMP,EFIRE,EX,EFIRE,1/28/2025 11:35,,,,0.17,,,,,,,,,,,,,,,,,,,,,,,,1/29/2025 11:53,1/29/2025 11:53,00671,OPO4,23,0.014,mg/L,+/- 0.002,,SM4500PF,0.002,,,,,93724004,10014039,00671
P155444-5,93724005,93724,Non-WQM,Untreated_B,SW,GP,SAMP,EFIRE,EX,EFIRE,1/28/2025 12:00,,,,0.16,,,,,,,,,,,,,,,,,,,,,,,,1/29/2025 11:54,1/29/2025 11:54,00671,OPO4,23,0.008,mg/L,+/- 0.002,,SM4500PF,0.002,,Ash from nearby burn in the air,,,93724005,10014051,00671
P155444-6,93724006,93724,Non-WQM,Burn_B,SW,GP,SAMP,EFIRE,EX,EFIRE,1/28/2025 12:20,,,,0.12,,,,,,,,,,,,,,,,,,,,,,,,1/29/2025 11:56,1/29/2025 11:56,00671,OPO4,23,0.005,mg/L,+/- 0.002,I,SM4500PF,0.002,,,,,93724006,10014063,00671
P155444-7,93724007,93724,Non-WQM,Burn_Herb_B,SW,GP,SAMP,EFIRE,EX,EFIRE,1/28/2025 12:40,,,,0.11,,,,,,,,,,,,,,,,,,,,,,,,1/29/2025 11:58,1/29/2025 11:58,00671,OPO4,23,0.007,mg/L,+/- 0.002,I,SM4500PF,0.002,,,,,93724007,10014075,00671
P155444-8,93724008,93724,Non-WQM,Herbicide_B,SW,GP,SAMP,EFIRE,EX,EFIRE,1/28/2025 12:55,,,,0.09,,,,,,,,,,,,,,,,,,,,,,,,1/29/2025 12:00,1/29/2025 12:00,00671,OPO4,23,0.007,mg/L,+/- 0.002,I,SM4500PF,0.002,,,,,93724008,10014087,00671
P155444-9,93724009,93724,Non-WQM,Herbicide_C,SW,GP,SAMP,EFIRE,EX,EFIRE,1/28/2025 13:15,,,,0.14,,,,,,,,,,,,,,,,,,,,,,,,1/29/2025 12:02,1/29/2025 12:02,00671,OPO4,23,0.005,mg/L,+/- 0.002,I,SM4500PF,0.002,,,,,93724009,10014099,00671
P155444-10,93724010,93724,Non-WQM,Burn_Herb_C,SW,GP,SAMP,EFIRE,EX,EFIRE,1/28/2025 13:32,,,,0.14,,,,,,,,,,,,,,,,,,,,,,,,1/29/2025 12:04,1/29/2025 12:04,00671,OPO4,23,0.007,mg/L,+/- 0.002,I,SM4500PF,0.002,,,,,93724010,10014111,00671
P155444-11,93724011,93724,Non-WQM,Burn_C,SW,GP,SAMP,EFIRE,EX,EFIRE,1/28/2025 13:47,,,,0.12,,,,,,,,,,,,,,,,,,,,,,,,1/29/2025 12:07,1/29/2025 12:07,00671,OPO4,23,0.006,mg/L,+/- 0.002,I,SM4500PF,0.002,,,,,93724011,10014123,00671
P155444-12,93724012,93724,Non-WQM,Untreated_C,SW,GP,SAMP,EFIRE,EX,EFIRE,1/28/2025 14:05,,,,0.2,,,,,,,,,,,,,,,,,,,,,,,,1/29/2025 12:09,1/29/2025 12:09,00671,OPO4,23,0.007,mg/L,+/- 0.002,I,SM4500PF,0.002,,,,,93724012,10014135,00671
P158400-1,95204001,95204,Non-WQM,Untreated_A,SW,GP,SAMP,EFIRE,EX,EFIRE,7/30/2025 10:00,,,,0.07,,,,,,,,,,,,,,,,,,,,,,,,7/31/2025 11:20,7/31/2025 11:20,00671,OPO4,23,0.003,mg/L,+/- 0.002,I,SM4500PF,0.002,,,,,95204001,10232872,00671
P158400-2,95204002,95204,Non-WQM,Herbicide_A,SW,GP,SAMP,EFIRE,EX,EFIRE,7/30/2025 10:28,,,,0.09,,,,,,,,,,,,,,,,,,,,,,,,7/31/2025 11:24,7/31/2025 11:24,00671,OPO4,23,0.002,mg/L,+/- 0.002,U,SM4500PF,0.002,,,,,95204002,10232882,00671
P158400-3,95204003,95204,Non-WQM,Burn_Herb_A,SW,GP,SAMP,EFIRE,EX,EFIRE,7/30/2025 10:42,,,,0.12,,,,,,,,,,,,,,,,,,,,,,,,7/31/2025 11:25,7/31/2025 11:25,00671,OPO4,23,0.002,mg/L,+/- 0.002,U,SM4500PF,0.002,,,,,95204003,10232887,00671
P158400-4,95204004,95204,Non-WQM,Burn_A,SW,GP,SAMP,EFIRE,EX,EFIRE,7/30/2025 10:56,,,,0.09,,,,,,,,,,,,,,,,,,,,,,,,7/31/2025 11:29,7/31/2025 11:29,00671,OPO4,23,0.002,mg/L,+/- 0.002,U,SM4500PF,0.002,,,,,95204004,10232892,00671
P158400-5,95204005,95204,Non-WQM,Untreated_B,SW,GP,SAMP,EFIRE,EX,EFIRE,7/30/2025 11:07,,,,0.06,,,,,,,,,,,,,,,,,,,,,,,,7/31/2025 11:31,7/31/2025 11:31,00671,OPO4,23,0.003,mg/L,+/- 0.002,I,SM4500PF,0.002,,,,,95204005,10232897,00671
P158400-6,95204006,95204,Non-WQM,Burn_B,SW,GP,SAMP,EFIRE,EX,EFIRE,7/30/2025 11:22,,,,0.1,,,,,,,,,,,,,,,,,,,,,,,,7/31/2025 11:33,7/31/2025 11:33,00671,OPO4,23,0.002,mg/L,+/- 0.002,U,SM4500PF,0.002,,,,,95204006,10232902,00671
P158400-7,95204007,95204,Non-WQM,Burn_Herb_B,SW,GP,SAMP,EFIRE,EX,EFIRE,7/30/2025 11:36,,,,0.1,,,,,,,,,,,,,,,,,,,,,,,,7/31/2025 11:35,7/31/2025 11:35,00671,OPO4,23,0.002,mg/L,+/- 0.002,U,SM4500PF,0.002,,,,,95204007,10232907,00671
P158400-8,95204008,95204,Non-WQM,Herbicide_B,SW,GP,SAMP,EFIRE,EX,EFIRE,7/30/2025 11:48,,,,0.07,,,,,,,,,,,,,,,,,,,,,,,,7/31/2025 11:36,7/31/2025 11:36,00671,OPO4,23,0.002,mg/L,+/- 0.002,I,SM4500PF,0.002,,,,,95204008,10232912,00671
P158400-9,95204009,95204,Non-WQM,Herbicide_C,SW,GP,SAMP,EFIRE,EX,EFIRE,7/30/2025 12:05,,,,0.07,,,,,,,,,,,,,,,,,,,,,,,,7/31/2025 11:38,7/31/2025 11:38,00671,OPO4,23,0.002,mg/L,+/- 0.002,U,SM4500PF,0.002,,,,,95204009,10232917,00671
P158400-10,95204010,95204,Non-WQM,Burn_Herb_C,SW,GP,SAMP,EFIRE,EX,EFIRE,7/30/2025 12:20,,,,0.1,,,,,,,,,,,,,,,,,,,,,,,,7/31/2025 11:40,7/31/2025 11:40,00671,OPO4,23,0.002,mg/L,+/- 0.002,U,SM4500PF,0.002,,,,,95204010,10232922,00671
P158400-11,95204011,95204,Non-WQM,Burn_C,SW,GP,SAMP,EFIRE,EX,EFIRE,7/30/2025 12:32,,,,0.06,,,,,,,,,,,,,,,,,,,,,,,,7/31/2025 11:44,7/31/2025 11:44,00671,OPO4,23,0.002,mg/L,+/- 0.002,U,SM4500PF,0.002,,,,,95204011,10232927,00671
P158400-12,95204012,95204,Non-WQM,Untreated_C,SW,GP,SAMP,EFIRE,EX,EFIRE,7/30/2025 12:45,,,,0.08,,,,,,,,,,,,,,,,,,,,,,,,7/31/2025 11:46,7/31/2025 11:46,00671,OPO4,23,0.002,mg/L,+/- 0.002,U,SM4500PF,0.002,,,,,95204012,10232932,00671
P155744-1,93874001,93874,Non-WQM,Untreated_A,SW,GP,SAMP,EFIRE,EX,EFIRE,5/8/2025 9:30,,,,0.07,,,,,,,,,,,,,,,,,,,,,,,,5/9/2025 11:15,5/9/2025 11:15,00671,OPO4,23,0.015,mg/L,+/- 0.002,,SM4500PF,0.002,,,,,93874001,10135418,00671
P155744-2,93874002,93874,Non-WQM,Herbicide_A,SW,GP,SAMP,EFIRE,EX,EFIRE,5/8/2025 9:50,,,,0.1,,,,,,,,,,,,,,,,,,,,,,,,5/9/2025 11:19,5/9/2025 11:19,00671,OPO4,23,0.01,mg/L,+/- 0.002,,SM4500PF,0.002,,,,,93874002,10135428,00671
P155744-3,93874003,93874,Non-WQM,Burn_Herb_A,SW,GP,SAMP,EFIRE,EX,EFIRE,5/8/2025 10:10,,,,0.16,,,,,,,,,,,,,,,,,,,,,,,,5/9/2025 11:21,5/9/2025 11:21,00671,OPO4,23,0.009,mg/L,+/- 0.002,,SM4500PF,0.002,,,,,93874003,10135433,00671
P155744-4,93874004,93874,Non-WQM,Burn_A,SW,GP,SAMP,EFIRE,EX,EFIRE,5/8/2025 11:00,,,,0.15,,,,,,,,,,,,,,,,,,,,,,,,5/9/2025 11:23,5/9/2025 11:23,00671,OPO4,23,0.037,mg/L,+/- 0.003,,SM4500PF,0.002,,,,,93874004,10135438,00671
P155744-5,93874005,93874,Non-WQM,Untreated_B,SW,GP,SAMP,EFIRE,EX,EFIRE,5/8/2025 11:20,,,,0.12,,,,,,,,,,,,,,,,,,,,,,,,5/9/2025 11:25,5/9/2025 11:25,00671,OPO4,23,0.018,mg/L,+/- 0.002,,SM4500PF,0.002,,,,,93874005,10135443,00671
P155744-6,93874006,93874,Non-WQM,Burn_B,SW,GP,SAMP,EFIRE,EX,EFIRE,5/8/2025 11:35,,,,0.17,,,,,,,,,,,,,,,,,,,,,,,,5/9/2025 11:26,5/9/2025 11:26,00671,OPO4,23,0.008,mg/L,+/- 0.002,,SM4500PF,0.002,,,,,93874006,10135448,00671
P155744-7,93874007,93874,Non-WQM,Burn_Herb_B,SW,GP,SAMP,EFIRE,EX,EFIRE,5/8/2025 11:50,,,,0.19,,,,,,,,,,,,,,,,,,,,,,,,5/9/2025 11:28,5/9/2025 11:28,00671,OPO4,23,0.003,mg/L,+/- 0.002,I,SM4500PF,0.002,,,,,93874007,10135453,00671
P155744-8,93874008,93874,Non-WQM,Herbicide_B,SW,GP,SAMP,EFIRE,EX,EFIRE,5/8/2025 12:05,,,,0.13,,,,,,,,,,,,,,,,,,,,,,,,5/9/2025 11:30,5/9/2025 11:30,00671,OPO4,23,0.006,mg/L,+/- 0.002,I,SM4500PF,0.002,,,,,93874008,10135458,00671
P155744-9,93874009,93874,Non-WQM,Herbicide_C,SW,GP,SAMP,EFIRE,EX,EFIRE,5/8/2025 12:20,,,,0.12,,,,,,,,,,,,,,,,,,,,,,,,5/9/2025 11:32,5/9/2025 11:32,00671,OPO4,23,0.009,mg/L,+/- 0.002,,SM4500PF,0.002,,,,,93874009,10135463,00671
P155744-10,93874010,93874,Non-WQM,Burn_Herb_C,SW,GP,SAMP,EFIRE,EX,EFIRE,5/8/2025 12:35,,,,0.2,,,,,,,,,,,,,,,,,,,,,,,,5/9/2025 11:34,5/9/2025 11:34,00671,OPO4,23,0.002,mg/L,+/- 0.002,U,SM4500PF,0.002,,,,,93874010,10135468,00671
P155744-11,93874011,93874,Non-WQM,Burn_C,SW,GP,SAMP,EFIRE,EX,EFIRE,5/8/2025 12:50,,,,0.12,,,,,,,,,,,,,,,,,,,,,,,,5/9/2025 11:37,5/9/2025 11:37,00671,OPO4,23,0.003,mg/L,+/- 0.002,I,SM4500PF,0.002,,,,,93874011,10135473,00671
P155744-12,93874012,93874,Non-WQM,Untreated_C,SW,GP,SAMP,EFIRE,EX,EFIRE,5/8/2025 13:05,,,,0.17,,,,,,,,,,,,,,,,,,,,,,,,5/9/2025 11:39,5/9/2025 11:39,00671,OPO4,23,0.002,mg/L,+/- 0.002,I,SM4500PF,0.002,,,,,93874012,10135478,00671
P155740-1,93870001,93870,Non-WQM,Untreated_A,SW,GP,SAMP,EFIRE,EX,EFIRE,4/14/2025 10:15,,,,0.09,,,,,,,,,,,,,,,,,,,,,,,,4/15/2025 11:59,4/15/2025 11:59,00671,OPO4,23,0.025,mg/L,+/- 0.002,,SM4500PF,0.002,,,,,93870001,10105857,00671
P155740-2,93870002,93870,Non-WQM,Herbicide_A,SW,GP,SAMP,EFIRE,EX,EFIRE,4/14/2025 10:40,,,,0.07,,,,,,,,,,,,,,,,,,,,,,,,4/15/2025 12:01,4/15/2025 12:01,00671,OPO4,23,0.009,mg/L,+/- 0.002,,SM4500PF,0.002,,,,,93870002,10105881,00671
P155740-3,93870003,93870,Non-WQM,Burn_Herb_A,SW,GP,SAMP,EFIRE,EX,EFIRE,4/14/2025 11:00,,,,0.1,,,,,,,,,,,,,,,,,,,,,,,,4/15/2025 12:03,4/15/2025 12:03,00671,OPO4,23,0.029,mg/L,+/- 0.002,,SM4500PF,0.002,,,,,93870003,10105893,00671
P155740-4,93870004,93870,Non-WQM,Burn_A,SW,GP,SAMP,EFIRE,EX,EFIRE,4/14/2025 11:15,,,,0.06,,,,,,,,,,,,,,,,,,,,,,,,4/15/2025 12:12,4/15/2025 12:12,00671,OPO4,23,0.058,mg/L,+/- 0.004,,SM4500PF,0.002,,,,,93870004,10105905,00671
P155740-5,93870005,93870,Non-WQM,Untreated_B,SW,GP,SAMP,EFIRE,EX,EFIRE,4/14/2025 11:30,,,,0.04,,,,,,,,,,,,,,,,,,,,,,,,4/15/2025 12:16,4/15/2025 12:16,00671,OPO4,23,0.01,mg/L,+/- 0.002,,SM4500PF,0.002,,,,,93870005,10105917,00671
P155740-6,93870006,93870,Non-WQM,Burn_B,SW,GP,SAMP,EFIRE,EX,EFIRE,4/14/2025 11:45,,,,0.1,,,,,,,,,,,,,,,,,,,,,,,,4/15/2025 12:18,4/15/2025 12:18,00671,OPO4,23,0.013,mg/L,+/- 0.002,,SM4500PF,0.002,,,,,93870006,10105929,00671
P155740-7,93870007,93870,Non-WQM,Burn_Herb_B,SW,GP,SAMP,EFIRE,EX,EFIRE,4/14/2025 12:00,,,,0.11,,,,,,,,,,,,,,,,,,,,,,,,4/15/2025 12:20,4/15/2025 12:20,00671,OPO4,23,0.012,mg/L,+/- 0.002,,SM4500PF,0.002,,,,,93870007,10105941,00671
P155740-8,93870008,93870,Non-WQM,Herbicide_B,SW,GP,SAMP,EFIRE,EX,EFIRE,4/14/2025 12:15,,,,0.03,,,,,,,,,,,,,,,,,,,,,,,,4/15/2025 12:22,4/15/2025 12:22,00671,OPO4,23,0.01,mg/L,+/- 0.002,,SM4500PF,0.002,,,,,93870008,10105953,00671
P155740-9,93870009,93870,Non-WQM,Herbicide_C,SW,GP,SAMP,EFIRE,EX,EFIRE,4/14/2025 12:30,,,,0.07,,,,,,,,,,,,,,,,,,,,,,,,4/15/2025 12:23,4/15/2025 12:23,00671,OPO4,23,0.008,mg/L,+/- 0.002,,SM4500PF,0.002,,,,,93870009,10105965,00671
P155740-10,93870010,93870,Non-WQM,Burn_Herb_C,SW,GP,SAMP,EFIRE,EX,EFIRE,4/14/2025 12:45,,,,0.1,,,,,,,,,,,,,,,,,,,,,,,,4/15/2025 12:25,4/15/2025 12:25,00671,OPO4,23,0.018,mg/L,+/- 0.002,,SM4500PF,0.002,,,,,93870010,10105977,00671
P155740-11,93870011,93870,Non-WQM,Burn_C,SW,GP,SAMP,EFIRE,EX,EFIRE,4/14/2025 13:00,,,,0.09,,,,,,,,,,,,,,,,,,,,,,,,4/15/2025 12:27,4/15/2025 12:27,00671,OPO4,23,0.014,mg/L,+/- 0.002,,SM4500PF,0.002,,,,,93870011,10105989,00671
P155740-12,93870012,93870,Non-WQM,Untreated_C,SW,GP,SAMP,EFIRE,EX,EFIRE,4/14/2025 13:15,,,,0.08,,,,,,,,,,,,,,,,,,,,,,,,4/15/2025 12:29,4/15/2025 12:29,00671,OPO4,23,0.005,mg/L,+/- 0.002,I,SM4500PF,0.002,,,,,93870012,10106001,00671
P155741-1,93871001,93871,Non-WQM,Untreated_A,SW,GP,SAMP,EFIRE,EX,EFIRE,4/16/2025 10:00,,,,0.04,,,,,,,,,,,,,,,,,,,,,,,,4/17/2025 10:55,4/17/2025 10:55,00671,OPO4,23,0.012,mg/L,+/- 0.002,,SM4500PF,0.002,,,,,93871001,10111010,00671
P155741-2,93871002,93871,Non-WQM,Herbicide_A,SW,GP,SAMP,EFIRE,EX,EFIRE,4/16/2025 10:30,,,,0.03,,,,,,,,,,,,,,,,,,,,,,,,4/17/2025 10:57,4/17/2025 10:57,00671,OPO4,23,0.021,mg/L,+/- 0.002,,SM4500PF,0.002,,,,,93871002,10111034,00671
P155741-3,93871003,93871,Non-WQM,Burn_Herb_A,SW,GP,SAMP,EFIRE,EX,EFIRE,4/16/2025 10:50,,,,0.07,,,,,,,,,,,,,,,,,,,,,,,,4/17/2025 10:59,4/17/2025 10:59,00671,OPO4,23,0.025,mg/L,+/- 0.002,,SM4500PF,0.002,,,,,93871003,10111046,00671
P155741-4,93871004,93871,Non-WQM,Burn_A,SW,GP,SAMP,EFIRE,EX,EFIRE,4/16/2025 11:10,,,,0.06,,,,,,,,,,,,,,,,,,,,,,,,4/17/2025 11:01,4/17/2025 11:01,00671,OPO4,23,0.059,mg/L,+/- 0.004,,SM4500PF,0.002,,,,,93871004,10111058,00671
P155741-5,93871005,93871,Non-WQM,Untreated_B,SW,GP,SAMP,EFIRE,EX,EFIRE,4/16/2025 11:25,,,,0.03,,,,,,,,,,,,,,,,,,,,,,,,4/17/2025 11:03,4/17/2025 11:03,00671,OPO4,23,0.012,mg/L,+/- 0.002,,SM4500PF,0.002,,,,,93871005,10111070,00671
P155741-6,93871006,93871,Non-WQM,Burn_B,SW,GP,SAMP,EFIRE,EX,EFIRE,4/16/2025 11:45,,,,0.08,,,,,,,,,,,,,,,,,,,,,,,,4/17/2025 11:04,4/17/2025 11:04,00671,OPO4,23,0.011,mg/L,+/- 0.002,,SM4500PF,0.002,,,,,93871006,10111082,00671
P155741-7,93871007,93871,Non-WQM,Burn_Herb_B,SW,GP,SAMP,EFIRE,EX,EFIRE,4/16/2025 12:00,,,,0.08,,,,,,,,,,,,,,,,,,,,,,,,4/17/2025 11:14,4/17/2025 11:14,00671,OPO4,23,0.007,mg/L,+/- 0.002,I,SM4500PF,0.002,,,,,93871007,10111094,00671
P155741-8,93871008,93871,Non-WQM,Herbicide_B,SW,GP,SAMP,EFIRE,EX,EFIRE,4/16/2025 12:15,,,,0.02,,,,,,,,,,,,,,,,,,,,,,,,4/17/2025 11:18,4/17/2025 11:18,00671,OPO4,23,0.016,mg/L,+/- 0.002,,SM4500PF,0.002,,,,,93871008,10111106,00671
P155741-9,93871009,93871,Non-WQM,Herbicide_C,SW,GP,SAMP,EFIRE,EX,EFIRE,4/16/2025 12:40,,,,0.04,,,,,,,,,,,,,,,,,,,,,,,,4/17/2025 11:20,4/17/2025 11:20,00671,OPO4,23,0.013,mg/L,+/- 0.002,,SM4500PF,0.002,,,,,93871009,10111118,00671
P155741-10,93871010,93871,Non-WQM,Burn_Herb_C,SW,GP,SAMP,EFIRE,EX,EFIRE,4/16/2025 13:00,,,,0.07,,,,,,,,,,,,,,,,,,,,,,,,4/17/2025 11:23,4/17/2025 11:23,00671,OPO4,23,0.01,mg/L,+/- 0.002,,SM4500PF,0.002,,,,,93871010,10111130,00671
P155741-11,93871011,93871,Non-WQM,Burn_C,SW,GP,SAMP,EFIRE,EX,EFIRE,4/16/2025 13:20,,,,0.08,,,,,,,,,,,,,,,,,,,,,,,,4/17/2025 11:25,4/17/2025 11:25,00671,OPO4,23,0.012,mg/L,+/- 0.002,,SM4500PF,0.002,,,,,93871011,10111142,00671
P155741-12,93871012,93871,Non-WQM,Untreated_C,SW,GP,SAMP,EFIRE,EX,EFIRE,4/16/2025 13:35,,,,0.04,,,,,,,,,,,,,,,,,,,,,,,,4/17/2025 11:27,4/17/2025 11:27,00671,OPO4,23,0.008,mg/L,+/- 0.002,,SM4500PF,0.002,,,,,93871012,10111154,00671
P158398-1,95202001,95202,Non-WQM,Untreated_A,SW,GP,SAMP,EFIRE,EX,EFIRE,7/1/2025 9:45,,,,0.13,,,,,,,,,,,,,,,,,,,,,,,,7/2/2025 12:20,7/2/2025 12:20,00671,OPO4,23,0.002,mg/L,+/- 0.002,I,SM4500PF,0.002,,,,,95202001,10195427,00671
P158398-2,95202002,95202,Non-WQM,Herbicide_A,SW,GP,SAMP,EFIRE,EX,EFIRE,7/1/2025 10:10,,,,0.14,,,,,,,,,,,,,,,,,,,,,,,,7/2/2025 12:22,7/2/2025 12:22,00671,OPO4,23,0.003,mg/L,+/- 0.002,I,SM4500PF,0.002,,,,,95202002,10195437,00671
P158398-3,95202003,95202,Non-WQM,Burn_Herb_A,SW,GP,SAMP,EFIRE,EX,EFIRE,7/1/2025 10:20,,,,0.14,,,,,,,,,,,,,,,,,,,,,,,,7/2/2025 12:24,7/2/2025 12:24,00671,OPO4,23,0.002,mg/L,+/- 0.002,U,SM4500PF,0.002,,,,,95202003,10195442,00671
P158398-4,95202004,95202,Non-WQM,Burn_A,SW,GP,SAMP,EFIRE,EX,EFIRE,7/1/2025 11:15,,,,0.10,,,,,,,,,,,,,,,,,,,,,,,,7/2/2025 15:03,7/2/2025 15:03,00671,OPO4,23,0.003,mg/L,+/- 0.002,I,SM4500PF,0.002,,,,,95202004,10195447,00671
P158398-6,95202006,95202,Non-WQM,Burn_B,SW,GP,SAMP,EFIRE,EX,EFIRE,7/1/2025 11:30,,,,0.13,,,,,,,,,,,,,,,,,,,,,,,,7/2/2025 12:31,7/2/2025 12:31,00671,OPO4,23,0.002,mg/L,+/- 0.002,I,SM4500PF,0.002,,,,,95202006,10195452,00671
P158398-5,95202005,95202,Non-WQM,Untreated_B,SW,GP,SAMP,EFIRE,EX,EFIRE,7/1/2025 11:45,,,,0.24,,,,,,,,,,,,,,,,,,,,,,,,7/2/2025 12:29,7/2/2025 12:29,00671,OPO4,23,0.002,mg/L,+/- 0.002,I,SM4500PF,0.002,,,,,95202005,10195457,00671
P158398-7,95202007,95202,Non-WQM,Burn_Herb_B,SW,GP,SAMP,EFIRE,EX,EFIRE,7/1/2025 11:55,,,,0.14,,,,,,,,,,,,,,,,,,,,,,,,7/2/2025 12:33,7/2/2025 12:33,00671,OPO4,23,0.002,mg/L,+/- 0.002,U,SM4500PF,0.002,,,,,95202007,10195462,00671
P158398-8,95202008,95202,Non-WQM,Herbicide_B,SW,GP,SAMP,EFIRE,EX,EFIRE,7/1/2025 12:05,,,,0.10,,,,,,,,,,,,,,,,,,,,,,,,7/2/2025 12:35,7/2/2025 12:35,00671,OPO4,23,0.002,mg/L,+/- 0.002,I,SM4500PF,0.002,,,,,95202008,10195467,00671
P158398-9,95202009,95202,Non-WQM,Herbicide_C,SW,GP,SAMP,EFIRE,EX,EFIRE,7/1/2025 12:20,,,,0.10,,,,,,,,,,,,,,,,,,,,,,,,7/2/2025 12:37,7/2/2025 12:37,00671,OPO4,23,0.002,mg/L,+/- 0.002,I,SM4500PF,0.002,,,,,95202009,10195472,00671
P158398-10,95202010,95202,Non-WQM,Burn_Herb_C,SW,GP,SAMP,EFIRE,EX,EFIRE,7/1/2025 12:35,,,,0.17,,,,,,,,,,,,,,,,,,,,,,,,7/2/2025 12:39,7/2/2025 12:39,00671,OPO4,23,0.002,mg/L,+/- 0.002,U,SM4500PF,0.002,,,,,95202010,10195477,00671
P158398-11,95202011,95202,Non-WQM,Burn_C,SW,GP,SAMP,EFIRE,EX,EFIRE,7/1/2025 12:45,,,,0.13,,,,,,,,,,,,,,,,,,,,,,,,7/2/2025 12:40,7/2/2025 12:40,00671,OPO4,23,0.002,mg/L,+/- 0.002,U,SM4500PF,0.002,,,,,95202011,10195482,00671
P158398-12,95202012,95202,Non-WQM,Untreated_C,SW,GP,SAMP,EFIRE,EX,EFIRE,7/1/2025 12:55,,,,0.09,,,,,,,,,,,,,,,,,,,,,,,,7/2/2025 12:42,7/2/2025 12:42,00671,OPO4,23,0.003,mg/L,+/- 0.002,I,SM4500PF,0.002,,,,,95202012,10195487,00671
P158529-1,95273001,95273,Non-WQM,Untreated_A,SW,GP,SAMP,EFIRE,EX,EFIRE,11/4/2025 9:40,,,,0.07,,,,,,,,,,,,,,,,,,,,,,,,11/5/2025 11:51,11/5/2025 11:51,00671,OPO4,23,0.005,mg/L,+/- 0.002,I,SM4500PF,0.002,,,,,95273001,10353888,00671
P158529-2,95273002,95273,Non-WQM,Herbicide_A,SW,GP,SAMP,EFIRE,EX,EFIRE,11/4/2025 10:20,,,,0.07,,,,,,,,,,,,,,,,,,,,,,,,11/5/2025 11:55,11/5/2025 11:55,00671,OPO4,23,0.002,mg/L,+/- 0.002,U,SM4500PF,0.002,,,,,95273002,10353893,00671
P158529-3,95273003,95273,Non-WQM,Burn_Herb_A,SW,GP,SAMP,EFIRE,EX,EFIRE,11/4/2025 10:35,,,,0.10,,,,,,,,,,,,,,,,,,,,,,,,11/5/2025 14:06,11/5/2025 14:06,00671,OPO4,23,0.002,mg/L,+/- 0.002,U,SM4500PF,0.002,,,,,95273003,10353898,00671
P158529-4,95273004,95273,Non-WQM,Burn_A,SW,GP,SAMP,EFIRE,EX,EFIRE,11/4/2025 10:50,,,,0.08,,,,,,,,,,,,,,,,,,,,,,,,11/5/2025 11:59,11/5/2025 11:59,00671,OPO4,23,0.002,mg/L,+/- 0.002,U,SM4500PF,0.002,,,,,95273004,10353903,00671
P158529-5,95273005,95273,Non-WQM,Untreated_B,SW,GP,SAMP,EFIRE,EX,EFIRE,11/4/2025 11:10,,,,0.05,,,,,,,,,,,,,,,,,,,,,,,,11/5/2025 12:00,11/5/2025 12:00,00671,OPO4,23,0.007,mg/L,+/- 0.002,I,SM4500PF,0.002,,,,,95273005,10353908,00671
P158529-6,95273006,95273,Non-WQM,Burn_B,SW,GP,SAMP,EFIRE,EX,EFIRE,11/4/2025 11:20,,,,0.12,,,,,,,,,,,,,,,,,,,,,,,,11/5/2025 12:02,11/5/2025 12:02,00671,OPO4,23,0.002,mg/L,+/- 0.002,U,SM4500PF,0.002,,,,,95273006,10353913,00671
P158529-7,95273007,95273,Non-WQM,Burn_Herb_B,SW,GP,SAMP,EFIRE,EX,EFIRE,11/4/2025 11:35,,,,0.08,,,,,,,,,,,,,,,,,,,,,,,,11/5/2025 12:04,11/5/2025 12:04,00671,OPO4,23,0.002,mg/L,+/- 0.002,U,SM4500PF,0.002,,,,,95273007,10353918,00671
P158529-8,95273008,95273,Non-WQM,Herbicide_B,SW,GP,SAMP,EFIRE,EX,EFIRE,11/4/2025 11:50,,,,0.07,,,,,,,,,,,,,,,,,,,,,,,,11/5/2025 12:06,11/5/2025 12:06,00671,OPO4,23,0.002,mg/L,+/- 0.002,U,SM4500PF,0.002,,,,,95273008,10353923,00671
P158529-9,95273009,95273,Non-WQM,Herbicide_C,SW,GP,SAMP,EFIRE,EX,EFIRE,11/4/2025 12:05,,,,0.06,,,,,,,,,,,,,,,,,,,,,,,,11/5/2025 12:08,11/5/2025 12:08,00671,OPO4,23,0.002,mg/L,+/- 0.002,U,SM4500PF,0.002,,,,,95273009,10353928,00671
P158529-10,95273010,95273,Non-WQM,Burn_Herb_C,SW,GP,SAMP,EFIRE,EX,EFIRE,11/4/2025 12:20,,,,0.13,,,,,,,,,,,,,,,,,,,,,,,,11/5/2025 12:10,11/5/2025 12:10,00671,OPO4,23,0.002,mg/L,+/- 0.002,U,SM4500PF,0.002,,,,,95273010,10353933,00671
P158529-11,95273011,95273,Non-WQM,Burn_C,SW,GP,SAMP,EFIRE,EX,EFIRE,11/4/2025 12:40,,,,0.14,,,,,,,,,,,,,,,,,,,,,,,,11/5/2025 12:13,11/5/2025 12:13,00671,OPO4,23,0.002,mg/L,+/- 0.002,U,SM4500PF,0.002,,,,,95273011,10353938,00671
P158529-12,95273012,95273,Non-WQM,Untreated_C,SW,GP,SAMP,EFIRE,EX,EFIRE,11/4/2025 12:55,,,,0.09,,,,,,,,,,,,,,,,,,,,,,,,11/5/2025 12:15,11/5/2025 12:15,00671,OPO4,23,0.002,mg/L,+/- 0.002,U,SM4500PF,0.002,,"A 60 mL bottle was used for the magenta, instead of the 120 mL, due to bottle shortage. Lab notified. ",,,95273012,10353943,00671
P155443-1,93723001,93723,Non-WQM,Untreated_A,SW,GP,SAMP,EFIRE,EX,EFIRE,12/17/2024 10:00,,,,0.07,,,,,,,,,,,,,,,,,,,,,,,,12/18/2024 12:09,12/18/2024 12:09,00671,OPO4,23,0.005,mg/L,+/- 0.002,I,SM4500PF,0.002,,,,,93723001,9964207,00671
P155443-2,93723002,93723,Non-WQM,Herbicide_A,SW,GP,SAMP,EFIRE,EX,EFIRE,12/17/2024 10:30,,,,0.1,,,,,,,,,,,,,,,,,,,,,,,,12/18/2024 12:10,12/18/2024 12:10,00671,OPO4,23,0.003,mg/L,+/- 0.002,I,SM4500PF,0.002,,,,,93723002,9964231,00671
P155443-3,93723003,93723,Non-WQM,Burn_Herb_A,SW,GP,SAMP,EFIRE,EX,EFIRE,12/17/2024 11:10,,,,0.06,,,,,,,,,,,,,,,,,,,,,,,,12/18/2024 12:12,12/18/2024 12:12,00671,OPO4,23,0.007,mg/L,+/- 0.002,I,SM4500PF,0.002,,,,,93723003,9964243,00671
P155443-4,93723004,93723,Non-WQM,Burn_A,SW,GP,SAMP,EFIRE,EX,EFIRE,12/17/2024 11:30,,,,0.05,,,,,,,,,,,,,,,,,,,,,,,,12/18/2024 12:14,12/18/2024 12:14,00671,OPO4,23,0.012,mg/L,+/- 0.002,,SM4500PF,0.002,,,,,93723004,9964255,00671
P155443-6,93723006,93723,Non-WQM,Burn_B,SW,GP,SAMP,EFIRE,EX,EFIRE,12/17/2024 11:50,,,,0.06,,,,,,,,,,,,,,,,,,,,,,,,12/18/2024 12:18,12/18/2024 12:18,00671,OPO4,23,0.006,mg/L,+/- 0.002,I,SM4500PF,0.002,,,,,93723006,9964267,00671
P155443-5,93723005,93723,Non-WQM,Untreated_B,SW,GP,SAMP,EFIRE,EX,EFIRE,12/17/2024 12:10,,,,0.09,,,,,,,,,,,,,,,,,,,,,,,,12/18/2024 12:16,12/18/2024 12:16,00671,OPO4,23,0.013,mg/L,+/- 0.002,,SM4500PF,0.002,,,,,93723005,9964279,00671
P155443-7,93723007,93723,Non-WQM,Burn_Herb_B,SW,GP,SAMP,EFIRE,EX,EFIRE,12/17/2024 12:30,,,,0.08,,,,,,,,,,,,,,,,,,,,,,,,12/18/2024 12:22,12/18/2024 12:22,00671,OPO4,23,0.004,mg/L,+/- 0.002,I,SM4500PF,0.002,,,,,93723007,9964291,00671
P155443-8,93723008,93723,Non-WQM,Herbicide_B,SW,GP,SAMP,EFIRE,EX,EFIRE,12/17/2024 12:45,,,,0.07,,,,,,,,,,,,,,,,,,,,,,,,12/18/2024 12:23,12/18/2024 12:23,00671,OPO4,23,0.005,mg/L,+/- 0.002,I,SM4500PF,0.002,,,,,93723008,9964303,00671
P155443-9,93723009,93723,Non-WQM,Herbicide_C,SW,GP,SAMP,EFIRE,EX,EFIRE,12/17/2024 13:00,,,,0.07,,,,,,,,,,,,,,,,,,,,,,,,12/18/2024 12:25,12/18/2024 12:25,00671,OPO4,23,0.004,mg/L,+/- 0.002,I,SM4500PF,0.002,,,,,93723009,9964315,00671
P155443-10,93723010,93723,Non-WQM,Burn_Herb_C,SW,GP,SAMP,EFIRE,EX,EFIRE,12/17/2024 13:20,,,,0.11,,,,,,,,,,,,,,,,,,,,,,,,12/18/2024 12:27,12/18/2024 12:27,00671,OPO4,23,0.007,mg/L,+/- 0.002,I,SM4500PF,0.002,,,,,93723010,9964327,00671
P155443-11,93723011,93723,Non-WQM,Burn_C,SW,GP,SAMP,EFIRE,EX,EFIRE,12/17/2024 13:30,,,,0.1,,,,,,,,,,,,,,,,,,,,,,,,12/18/2024 12:29,12/18/2024 12:29,00671,OPO4,23,0.002,mg/L,+/- 0.002,I,SM4500PF,0.002,,,,,93723011,9964339,00671
P155443-12,93723012,93723,Non-WQM,Untreated_C,SW,GP,SAMP,EFIRE,EX,EFIRE,12/17/2024 13:50,,,,0.1,,,,,,,,,,,,,,,,,,,,,,,,12/18/2024 12:31,12/18/2024 12:31,00671,OPO4,23,0.004,mg/L,+/- 0.002,I,SM4500PF,0.002,,,,,93723012,9964351,00671
P158530-1,95274001,95274,Non-WQM,Untreated_A,SW,GP,SAMP,EFIRE,EX,EFIRE,11/18/2025 10:14,,,,0.05,,,,,,,,,,,,,,,,,,,,,,,,11/19/2025 15:51,11/19/2025 15:51,00671,OPO4,23,0.004,mg/L,+/- 0.002,I,SM4500PF,0.002,,,,,95274001,10368800,00671
P158530-2,95274002,95274,Non-WQM,Herbicide_A,SW,GP,SAMP,EFIRE,EX,EFIRE,11/18/2025 10:43,,,,0.08,,,,,,,,,,,,,,,,,,,,,,,,11/19/2025 15:55,11/19/2025 15:55,00671,OPO4,23,0.002,mg/L,+/- 0.002,U,SM4500PF,0.002,,,,,95274002,10368805,00671
P158530-3,95274003,95274,Non-WQM,Burn_Herb_A,SW,GP,SAMP,EFIRE,EX,EFIRE,11/18/2025 10:57,,,,0.08,,,,,,,,,,,,,,,,,,,,,,,,11/19/2025 15:57,11/19/2025 15:57,00671,OPO4,23,0.002,mg/L,+/- 0.002,U,SM4500PF,0.002,,,,,95274003,10368810,00671
P158530-4,95274004,95274,Non-WQM,Burn_A,SW,GP,SAMP,EFIRE,EX,EFIRE,11/18/2025 11:09,,,,0.04,,,,,,,,,,,,,,,,,,,,,,,,11/19/2025 15:59,11/19/2025 15:59,00671,OPO4,23,0.002,mg/L,+/- 0.002,U,SM4500PF,0.002,,,,,95274004,10368815,00671
P158530-5,95274005,95274,Non-WQM,Untreated_B,SW,GP,SAMP,EFIRE,EX,EFIRE,11/18/2025 11:26,,,,0.04,,,,,,,,,,,,,,,,,,,,,,,,11/19/2025 16:01,11/19/2025 16:01,00671,OPO4,23,0.002,mg/L,+/- 0.002,I,SM4500PF,0.002,,,,,95274005,10368820,00671
P158530-6,95274006,95274,Non-WQM,Burn_B,SW,GP,SAMP,EFIRE,EX,EFIRE,11/18/2025 11:42,,,,0.1,,,,,,,,,,,,,,,,,,,,,,,,11/19/2025 16:02,11/19/2025 16:02,00671,OPO4,23,0.002,mg/L,+/- 0.002,I,SM4500PF,0.002,,,,,95274006,10368825,00671
P158530-7,95274007,95274,Non-WQM,Burn_Herb_B,SW,GP,SAMP,EFIRE,EX,EFIRE,11/18/2025 11:56,,,,0.09,,,,,,,,,,,,,,,,,,,,,,,,11/19/2025 16:04,11/19/2025 16:04,00671,OPO4,23,0.002,mg/L,+/- 0.002,U,SM4500PF,0.002,,,,,95274007,10368830,00671
P158530-8,95274008,95274,Non-WQM,Herbicide_B,SW,GP,SAMP,EFIRE,EX,EFIRE,11/18/2025 12:11,,,,0.08,,,,,,,,,,,,,,,,,,,,,,,,11/19/2025 16:06,11/19/2025 16:06,00671,OPO4,23,0.002,mg/L,+/- 0.002,U,SM4500PF,0.002,,,,,95274008,10368835,00671
P158530-9,95274009,95274,Non-WQM,Herbicide_C,SW,GP,SAMP,EFIRE,EX,EFIRE,11/18/2025 12:28,,,,0.05,,,,,,,,,,,,,,,,,,,,,,,,11/19/2025 16:08,11/19/2025 16:08,00671,OPO4,23,0.002,mg/L,+/- 0.002,U,SM4500PF,0.002,,,,,95274009,10368840,00671
P158530-10,95274010,95274,Non-WQM,Burn_Herb_C,SW,GP,SAMP,EFIRE,EX,EFIRE,11/18/2025 12:44,,,,0.1,,,,,,,,,,,,,,,,,,,,,,,,11/19/2025 16:10,11/19/2025 16:10,00671,OPO4,23,0.002,mg/L,+/- 0.002,U,SM4500PF,0.002,,,,,95274010,10368845,00671
P158530-11,95274011,95274,Non-WQM,Burn_C,SW,GP,SAMP,EFIRE,EX,EFIRE,11/18/2025 13:00,,,,0.1,,,,,,,,,,,,,,,,,,,,,,,,11/19/2025 16:13,11/19/2025 16:13,00671,OPO4,23,0.002,mg/L,+/- 0.002,U,SM4500PF,0.002,,,,,95274011,10368850,00671
P158530-12,95274012,95274,Non-WQM,Untreated_C,SW,GP,SAMP,EFIRE,EX,EFIRE,11/18/2025 13:13,,,,0.05,,,,,,,,,,,,,,,,,,,,,,,,11/19/2025 16:15,11/19/2025 16:15,00671,OPO4,23,0.002,mg/L,+/- 0.002,U,SM4500PF,0.002,,,,,95274012,10368855,00671
P160184-1,96090001,96090,Non-WQM,Untreated_A,SW,GP,SAMP,EFIRE,EX,EFIRE,8/12/2025 10:00,,,,0.06,,,,,,,,,,,,,,,,,,,,,,,,8/13/2025 12:17,8/13/2025 12:17,00671,OPO4,23,0.002,mg/L,+/- 0.002,I,SM4500PF,0.002,,,,,96090001,10248035,00671
P160184-2,96090002,96090,Non-WQM,Herbicide_A,SW,GP,SAMP,EFIRE,EX,EFIRE,8/12/2025 10:25,,,,0.10,,,,,,,,,,,,,,,,,,,,,,,,8/13/2025 12:21,8/13/2025 12:21,00671,OPO4,23,0.002,mg/L,+/- 0.002,I,SM4500PF,0.002,,,,,96090002,10248040,00671
P160184-3,96090003,96090,Non-WQM,Burn_Herb_A,SW,GP,SAMP,EFIRE,EX,EFIRE,8/12/2025 10:35,,,,0.05,,,,,,,,,,,,,,,,,,,,,,,,8/13/2025 12:22,8/13/2025 12:22,00671,OPO4,23,0.002,mg/L,+/- 0.002,U,SM4500PF,0.002,,,,,96090003,10248045,00671
P160184-4,96090004,96090,Non-WQM,Burn_A,SW,GP,SAMP,EFIRE,EX,EFIRE,8/12/2025 10:50,,,,0.08,,,,,,,,,,,,,,,,,,,,,,,,8/13/2025 12:24,8/13/2025 12:24,00671,OPO4,23,0.002,mg/L,+/- 0.002,U,SM4500PF,0.002,,,,,96090004,10248050,00671
P160184-5,96090005,96090,Non-WQM,Untreated_B,SW,GP,SAMP,EFIRE,EX,EFIRE,8/12/2025 11:10,,,,0.05,,,,,,,,,,,,,,,,,,,,,,,,8/13/2025 12:26,8/13/2025 12:26,00671,OPO4,23,0.004,mg/L,+/- 0.002,I,SM4500PF,0.002,,,,,96090005,10248055,00671
P160184-6,96090006,96090,Non-WQM,Burn_B,SW,GP,SAMP,EFIRE,EX,EFIRE,8/12/2025 11:20,,,,0.08,,,,,,,,,,,,,,,,,,,,,,,,8/13/2025 12:28,8/13/2025 12:28,00671,OPO4,23,0.002,mg/L,+/- 0.002,I,SM4500PF,0.002,,,,,96090006,10248060,00671
P160184-7,96090007,96090,Non-WQM,Burn_Herb_B,SW,GP,SAMP,EFIRE,EX,EFIRE,8/12/2025 11:40,,,,0.05,,,,,,,,,,,,,,,,,,,,,,,,8/13/2025 12:30,8/13/2025 12:30,00671,OPO4,23,0.002,mg/L,+/- 0.002,I,SM4500PF,0.002,,,,,96090007,10248065,00671
P160184-8,96090008,96090,Non-WQM,Herbicide_B,SW,GP,SAMP,EFIRE,EX,EFIRE,8/12/2025 12:00,,,,0.04,,,,,,,,,,,,,,,,,,,,,,,,8/13/2025 12:32,8/13/2025 12:32,00671,OPO4,23,0.004,mg/L,+/- 0.002,I,SM4500PF,0.002,,,,,96090008,10248070,00671
P160184-9,96090009,96090,Non-WQM,Herbicide_C,SW,GP,SAMP,EFIRE,EX,EFIRE,8/12/2025 12:10,,,,0.03,,,,,,,,,,,,,,,,,,,,,,,,8/13/2025 12:34,8/13/2025 12:34,00671,OPO4,23,0.006,mg/L,+/- 0.002,I,SM4500PF,0.002,,,,,96090009,10248075,00671
P160184-10,96090010,96090,Non-WQM,Burn_Herb_C,SW,GP,SAMP,EFIRE,EX,EFIRE,8/12/2025 12:20,,,,0.09,,,,,,,,,,,,,,,,,,,,,,,,8/13/2025 12:35,8/13/2025 12:35,00671,OPO4,23,0.004,mg/L,+/- 0.002,I,SM4500PF,0.002,,,,,96090010,10248080,00671
P160184-11,96090011,96090,Non-WQM,Burn_C,SW,GP,SAMP,EFIRE,EX,EFIRE,8/12/2025 12:35,,,,0.07,,,,,,,,,,,,,,,,,,,,,,,,8/13/2025 12:39,8/13/2025 12:39,00671,OPO4,23,0.002,mg/L,+/- 0.002,U,SM4500PF,0.002,,,,,96090011,10248085,00671
P160184-12,96090012,96090,Non-WQM,Untreated_C,SW,GP,SAMP,EFIRE,EX,EFIRE,8/12/2025 12:50,,,,0.08,,,,,,,,,,,,,,,,,,,,,,,,8/13/2025 12:41,8/13/2025 12:41,00671,OPO4,23,0.002,mg/L,+/- 0.002,I,SM4500PF,0.002,,,,,96090012,10248090,00671
P154830-1,93426001,93426,Non-WQM,Untreated_A,SW,GP,SAMP,EFIRE,EX,EFIRE,11/19/2024 10:00,,,,0.15,,,,,,,,,,,,,,,,,,,,,,,,11/20/2024 13:38,11/20/2024 13:38,00671,OPO4,23,0.015,mg/L,+/- 0.002,,SM4500PF,0.002,,,,,93426001,9928477,00671
P154830-2,93426002,93426,Non-WQM,Herbicide_A,SW,GP,SAMP,EFIRE,EX,EFIRE,11/19/2024 11:00,,,,0.08,,,,,,,,,,,,,,,,,,,,,,,,11/20/2024 12:13,11/20/2024 12:13,00671,OPO4,23,0.011,mg/L,+/- 0.002,,SM4500PF,0.002,,,,,93426002,9928501,00671
P154830-3,93426003,93426,Non-WQM,Burn_Herb_A,SW,GP,SAMP,EFIRE,EX,EFIRE,11/19/2024 11:35,,,,0.06,,,,,,,,,,,,,,,,,,,,,,,,11/20/2024 12:16,11/20/2024 12:16,00671,OPO4,23,0.016,mg/L,+/- 0.002,,SM4500PF,0.002,,,,,93426003,9928513,00671
P154830-4,93426004,93426,Non-WQM,Burn_A,SW,GP,SAMP,EFIRE,EX,EFIRE,11/19/2024 12:20,,,,0.06,,,,,,,,,,,,,,,,,,,,,,,,11/20/2024 12:18,11/20/2024 12:18,00671,OPO4,23,0.019,mg/L,+/- 0.002,,SM4500PF,0.002,,,,,93426004,9928525,00671
P154830-5,93426005,93426,Non-WQM,Untreated_B,SW,GP,SAMP,EFIRE,EX,EFIRE,11/19/2024 12:50,,,,0.18,,,,,,,,,,,,,,,,,,,,,,,,11/20/2024 12:20,11/20/2024 12:20,00671,OPO4,23,0.03,mg/L,+/- 0.002,,SM4500PF,0.002,,,,,93426005,9928537,00671
P154830-6,93426006,93426,Non-WQM,Burn_B,SW,GP,SAMP,EFIRE,EX,EFIRE,11/19/2024 13:05,,,,0.15,,,,,,,,,,,,,,,,,,,,,,,,11/20/2024 12:22,11/20/2024 12:22,00671,OPO4,23,0.01,mg/L,+/- 0.002,,SM4500PF,0.002,,,,,93426006,9928549,00671
P154830-7,93426007,93426,Non-WQM,Burn_Herb_B,SW,GP,SAMP,EFIRE,EX,EFIRE,11/19/2024 13:25,,,,0.18,,,,,,,,,,,,,,,,,,,,,,,,11/20/2024 12:24,11/20/2024 12:24,00671,OPO4,23,0.008,mg/L,+/- 0.002,,SM4500PF,0.002,,,,,93426007,9928561,00671
P154830-8,93426008,93426,Non-WQM,Herbicide_B,SW,GP,SAMP,EFIRE,EX,EFIRE,11/19/2024 13:30,,,,0.09,,,,,,,,,,,,,,,,,,,,,,,,11/20/2024 12:26,11/20/2024 12:26,00671,OPO4,23,0.013,mg/L,+/- 0.002,,SM4500PF,0.002,,,,,93426008,9928573,00671
P154830-9,93426009,93426,Non-WQM,Herbicide_C,SW,GP,SAMP,EFIRE,EX,EFIRE,11/19/2024 13:50,,,,0.1,,,,,,,,,,,,,,,,,,,,,,,,11/20/2024 12:27,11/20/2024 12:27,00671,OPO4,23,0.005,mg/L,+/- 0.002,I,SM4500PF,0.002,,,,,93426009,9928585,00671
P154830-10,93426010,93426,Non-WQM,Burn_Herb_C,SW,GP,SAMP,EFIRE,EX,EFIRE,11/19/2024 14:04,,,,0.12,,,,,,,,,,,,,,,,,,,,,,,,11/20/2024 12:29,11/20/2024 12:29,00671,OPO4,23,0.014,mg/L,+/- 0.002,,SM4500PF,0.002,,,,,93426010,9928597,00671
P154830-11,93426011,93426,Non-WQM,Burn_C,SW,GP,SAMP,EFIRE,EX,EFIRE,11/19/2024 14:20,,,,0.11,,,,,,,,,,,,,,,,,,,,,,,,11/20/2024 12:31,11/20/2024 12:31,00671,OPO4,23,0.01,mg/L,+/- 0.002,,SM4500PF,0.002,,,,,93426011,9928609,00671
P154830-12,93426012,93426,Non-WQM,Untreated_C,SW,GP,SAMP,EFIRE,EX,EFIRE,11/19/2024 14:30,,,,0.1,,,,,,,,,,,,,,,,,,,,,,,,11/20/2024 12:38,11/20/2024 12:38,00671,OPO4,23,0.008,mg/L,+/- 0.002,,SM4500PF,0.002,,,,,93426012,9928621,00671
P158527-1,95271001,95271,Non-WQM,Untreated_A,SW,GP,SAMP,EFIRE,EX,EFIRE,10/8/2025 9:55,,,,0.08,,,,,,,,,,,,,,,,,,,,,,,,10/9/2025 11:43,10/9/2025 11:43,00671,OPO4,23,0.017,mg/L,+/- 0.002,,SM4500PF,0.002,,,,,95271001,10320944,00671
P158527-2,95271002,95271,Non-WQM,Herbicide_A,SW,GP,SAMP,EFIRE,EX,EFIRE,10/8/2025 10:20,,,,0.14,,,,,,,,,,,,,,,,,,,,,,,,10/9/2025 11:47,10/9/2025 11:47,00671,OPO4,23,0.004,mg/L,+/- 0.002,I,SM4500PF,0.002,,,,,95271002,10320949,00671
P158527-3,95271003,95271,Non-WQM,Burn_Herb_A,SW,GP,SAMP,EFIRE,EX,EFIRE,10/8/2025 10:35,,,,0.19,,,,,,,,,,,,,,,,,,,,,,,,10/9/2025 11:49,10/9/2025 11:49,00671,OPO4,23,0.002,mg/L,+/- 0.002,I,SM4500PF,0.002,,,,,95271003,10320954,00671
P158527-4,95271004,95271,Non-WQM,Burn_A,SW,GP,SAMP,EFIRE,EX,EFIRE,10/8/2025 10:47,,,,0.09,,,,,,,,,,,,,,,,,,,,,,,,10/9/2025 11:50,10/9/2025 11:50,00671,OPO4,23,0.002,mg/L,+/- 0.002,U,SM4500PF,0.002,,,,,95271004,10320959,00671
P158527-5,95271005,95271,Non-WQM,Untreated_B,SW,GP,SAMP,EFIRE,EX,EFIRE,10/8/2025 11:00,,,,0.07,,,,,,,,,,,,,,,,,,,,,,,,10/9/2025 11:52,10/9/2025 11:52,00671,OPO4,23,0.014,mg/L,+/- 0.002,,SM4500PF,0.002,,,,,95271005,10320964,00671
P158527-6,95271006,95271,Non-WQM,Burn_B,SW,GP,SAMP,EFIRE,EX,EFIRE,10/8/2025 11:14,,,,0.17,,,,,,,,,,,,,,,,,,,,,,,,10/9/2025 11:54,10/9/2025 11:54,00671,OPO4,23,0.003,mg/L,+/- 0.002,I,SM4500PF,0.002,,,,,95271006,10320969,00671
P158527-7,95271007,95271,Non-WQM,Burn_Herb_B,SW,GP,SAMP,EFIRE,EX,EFIRE,10/8/2025 11:27,,,,0.12,,,,,,,,,,,,,,,,,,,,,,,,10/9/2025 11:56,10/9/2025 11:56,00671,OPO4,23,0.004,mg/L,+/- 0.002,I,SM4500PF,0.002,,,,,95271007,10320974,00671
P158527-8,95271008,95271,Non-WQM,Herbicide_B,SW,GP,SAMP,EFIRE,EX,EFIRE,10/8/2025 11:35,,,,0.11,,,,,,,,,,,,,,,,,,,,,,,,10/9/2025 11:58,10/9/2025 11:58,00671,OPO4,23,0.002,mg/L,+/- 0.002,U,SM4500PF,0.002,,,,,95271008,10320979,00671
P158527-9,95271009,95271,Non-WQM,Herbicide_C,SW,GP,SAMP,EFIRE,EX,EFIRE,10/8/2025 11:53,,,,0.07,,,,,,,,,,,,,,,,,,,,,,,,10/9/2025 12:00,10/9/2025 12:00,00671,OPO4,23,0.005,mg/L,+/- 0.002,I,SM4500PF,0.002,,,,,95271009,10320984,00671
P158527-10,95271010,95271,Non-WQM,Burn_Herb_C,SW,GP,SAMP,EFIRE,EX,EFIRE,10/8/2025 12:06,,,,0.16,,,,,,,,,,,,,,,,,,,,,,,,10/9/2025 12:01,10/9/2025 12:01,00671,OPO4,23,0.002,mg/L,+/- 0.002,U,SM4500PF,0.002,,,,,95271010,10320989,00671
P158527-11,95271011,95271,Non-WQM,Burn_C,SW,GP,SAMP,EFIRE,EX,EFIRE,10/8/2025 12:22,,,,0.16,,,,,,,,,,,,,,,,,,,,,,,,10/9/2025 12:12,10/9/2025 12:12,00671,OPO4,23,0.002,mg/L,+/- 0.002,U,SM4500PF,0.002,,,,,95271011,10320994,00671
P158527-12,95271012,95271,Non-WQM,Untreated_C,SW,GP,SAMP,EFIRE,EX,EFIRE,10/8/2025 12:40,,,,0.11,,,,,,,,,,,,,,,,,,,,,,,,10/9/2025 12:16,10/9/2025 12:16,00671,OPO4,23,0.007,mg/L,+/- 0.002,I,SM4500PF,0.002,,,,,95271012,10320999,00671
P155439-1,93719001,93719,Non-WQM,Untreated_A,SW,GP,SAMP,EFIRE,EX,EFIRE,2/26/2025 10:05,,,,0.09,,,,,,,,,,,,,,,,,,,,,,,,2/27/2025 11:43,2/27/2025 11:43,00671,OPO4,23,0.009,mg/L,+/- 0.002,,SM4500PF,0.002,,Ash in the air from nearby burn.,,,93719001,10052411,00671
P155439-2,93719002,93719,Non-WQM,Herbicide_A,SW,GP,SAMP,EFIRE,EX,EFIRE,2/26/2025 10:38,,,,0.09,,,,,,,,,,,,,,,,,,,,,,,,2/27/2025 11:45,2/27/2025 11:45,00671,OPO4,23,0.004,mg/L,+/- 0.002,I,SM4500PF,0.002,,,,,93719002,10052435,00671
P155439-3,93719003,93719,Non-WQM,Burn_Herb_A,SW,GP,SAMP,EFIRE,EX,EFIRE,2/26/2025 11:10,,,,0.07,,,,,,,,,,,,,,,,,,,,,,,,2/27/2025 11:47,2/27/2025 11:47,00671,OPO4,23,0.009,mg/L,+/- 0.002,,SM4500PF,0.002,,,,,93719003,10052447,00671
P155439-4,93719004,93719,Non-WQM,Burn_A,SW,GP,SAMP,EFIRE,EX,EFIRE,2/26/2025 11:33,,,,0.08,,,,,,,,,,,,,,,,,,,,,,,,2/27/2025 11:49,2/27/2025 11:49,00671,OPO4,23,0.009,mg/L,+/- 0.002,,SM4500PF,0.002,,,,,93719004,10052459,00671
P155439-5,93719005,93719,Non-WQM,Untreated_B,SW,GP,SAMP,EFIRE,EX,EFIRE,2/26/2025 12:03,,,,0.06,,,,,,,,,,,,,,,,,,,,,,,,2/27/2025 11:50,2/27/2025 11:50,00671,OPO4,23,0.013,mg/L,+/- 0.002,,SM4500PF,0.002,,,,,93719005,10052471,00671
P155439-6,93719006,93719,Non-WQM,Burn_B,SW,GP,SAMP,EFIRE,EX,EFIRE,2/26/2025 12:20,,,,0.11,,,,,,,,,,,,,,,,,,,,,,,,2/27/2025 12:03,2/27/2025 12:03,00671,OPO4,23,0.011,mg/L,+/- 0.002,,SM4500PF,0.002,,,,,93719006,10052483,00671
P155439-7,93719007,93719,Non-WQM,Burn_Herb_B,SW,GP,SAMP,EFIRE,EX,EFIRE,2/26/2025 12:35,,,,0.12,,,,,,,,,,,,,,,,,,,,,,,,2/27/2025 12:07,2/27/2025 12:07,00671,OPO4,23,0.009,mg/L,+/- 0.002,,SM4500PF,0.002,,,,,93719007,10052495,00671
P155439-8,93719008,93719,Non-WQM,Herbicide_B,SW,GP,SAMP,EFIRE,EX,EFIRE,2/26/2025 12:50,,,,0.1,,,,,,,,,,,,,,,,,,,,,,,,2/27/2025 12:09,2/27/2025 12:09,00671,OPO4,23,0.012,mg/L,+/- 0.002,,SM4500PF,0.002,,,,,93719008,10052507,00671
P155439-9,93719009,93719,Non-WQM,Herbicide_C,SW,GP,SAMP,EFIRE,EX,EFIRE,2/26/2025 13:06,,,,0.1,,,,,,,,,,,,,,,,,,,,,,,,2/27/2025 12:11,2/27/2025 12:11,00671,OPO4,23,0.007,mg/L,+/- 0.002,I,SM4500PF,0.002,,,,,93719009,10052519,00671
P155439-10,93719010,93719,Non-WQM,Burn_Herb_C,SW,GP,SAMP,EFIRE,EX,EFIRE,2/26/2025 13:21,,,,0.15,,,,,,,,,,,,,,,,,,,,,,,,2/27/2025 12:13,2/27/2025 12:13,00671,OPO4,23,0.007,mg/L,+/- 0.002,I,SM4500PF,0.002,,,,,93719010,10052531,00671
P155439-11,93719011,93719,Non-WQM,Burn_C,SW,GP,SAMP,EFIRE,EX,EFIRE,2/26/2025 13:35,,,,0.14,,,,,,,,,,,,,,,,,,,,,,,,2/27/2025 12:14,2/27/2025 12:14,00671,OPO4,23,0.007,mg/L,+/- 0.002,I,SM4500PF,0.002,,,,,93719011,10052543,00671
P155439-12,93719012,93719,Non-WQM,Untreated_C,SW,GP,SAMP,EFIRE,EX,EFIRE,2/26/2025 13:50,,,,0.11,,,,,,,,,,,,,,,,,,,,,,,,2/27/2025 12:16,2/27/2025 12:16,00671,OPO4,23,0.007,mg/L,+/- 0.002,I,SM4500PF,0.002,,,,,93719012,10052555,00671
P158531-1,95275001,95275,Non-WQM,Untreated_A,SW,GP,SAMP,EFIRE,EX,EFIRE,12/3/2025 10:30,,,,0.07,,,,,,,,,,,,,,,,,,,,,,,,12/4/2025 11:03,12/4/2025 11:03,00671,OPO4,23,0.003,mg/L,+/- 0.002,I,SM4500PF,0.002,,,,,95275001,10381964,00671
P158531-2,95275002,95275,Non-WQM,Herbicide_A,SW,GP,SAMP,EFIRE,EX,EFIRE,12/3/2025 10:55,,,,0.07,,,,,,,,,,,,,,,,,,,,,,,,12/4/2025 11:07,12/4/2025 11:07,00671,OPO4,23,0.002,mg/L,+/- 0.002,U,SM4500PF,0.002,,,,,95275002,10381969,00671
P158531-3,95275003,95275,Non-WQM,Burn_Herb_A,SW,GP,SAMP,EFIRE,EX,EFIRE,12/3/2025 11:10,,,,0.10,,,,,,,,,,,,,,,,,,,,,,,,12/4/2025 11:09,12/4/2025 11:09,00671,OPO4,23,0.002,mg/L,+/- 0.002,U,SM4500PF,0.002,,,,,95275003,10381974,00671
P158531-4,95275004,95275,Non-WQM,Burn_A,SW,GP,SAMP,EFIRE,EX,EFIRE,12/3/2025 11:20,,,,0.10,,,,,,,,,,,,,,,,,,,,,,,,12/4/2025 11:11,12/4/2025 11:11,00671,OPO4,23,0.002,mg/L,+/- 0.002,I,SM4500PF,0.002,,,,,95275004,10381979,00671
P158531-5,95275005,95275,Non-WQM,Untreated_B,SW,GP,SAMP,EFIRE,EX,EFIRE,12/3/2025 11:35,,,,0.025,,,,,,,,,,,,,,,,,,,,,,,,12/4/2025 11:13,12/4/2025 11:13,00671,OPO4,23,0.004,mg/L,+/- 0.002,I,SM4500PF,0.002,,,,,95275005,10381984,00671
P158531-6,95275006,95275,Non-WQM,Burn_B,SW,GP,SAMP,EFIRE,EX,EFIRE,12/3/2025 11:50,,,,0.14,,,,,,,,,,,,,,,,,,,,,,,,12/4/2025 11:14,12/4/2025 11:14,00671,OPO4,23,0.002,mg/L,+/- 0.002,I,SM4500PF,0.002,,,,,95275006,10381989,00671
P158531-7,95275007,95275,Non-WQM,Burn_Herb_B,SW,GP,SAMP,EFIRE,EX,EFIRE,12/3/2025 12:00,,,,0.10,,,,,,,,,,,,,,,,,,,,,,,,12/4/2025 11:16,12/4/2025 11:16,00671,OPO4,23,0.002,mg/L,+/- 0.002,I,SM4500PF,0.002,,,,,95275007,10381994,00671
P158531-8,95275008,95275,Non-WQM,Herbicide_B,SW,GP,SAMP,EFIRE,EX,EFIRE,12/3/2025 12:20,,,,0.07,,,,,,,,,,,,,,,,,,,,,,,,12/4/2025 11:18,12/4/2025 11:18,00671,OPO4,23,0.003,mg/L,+/- 0.002,I,SM4500PF,0.002,,,,,95275008,10381999,00671
P158531-9,95275009,95275,Non-WQM,Herbicide_C,SW,GP,SAMP,EFIRE,EX,EFIRE,12/3/2025 12:35,,,,0.05,,,,,,,,,,,,,,,,,,,,,,,,12/4/2025 11:20,12/4/2025 11:20,00671,OPO4,23,0.002,mg/L,+/- 0.002,I,SM4500PF,0.002,,,,,95275009,10382004,00671
P158531-10,95275010,95275,Non-WQM,Burn_Herb_C,SW,GP,SAMP,EFIRE,EX,EFIRE,12/3/2025 12:45,,,,0.08,,,,,,,,,,,,,,,,,,,,,,,,12/4/2025 11:22,12/4/2025 11:22,00671,OPO4,23,0.003,mg/L,+/- 0.002,I,SM4500PF,0.002,,,,,95275010,10382009,00671
P158531-11,95275011,95275,Non-WQM,Burn_C,SW,GP,SAMP,EFIRE,EX,EFIRE,12/3/2025 13:10,,,,0.11,,,,,,,,,,,,,,,,,,,,,,,,12/4/2025 13:03,12/4/2025 13:03,00671,OPO4,23,0.002,mg/L,+/- 0.002,U,SM4500PF,0.002,,,,,95275011,10382014,00671
P158531-12,95275012,95275,Non-WQM,Untreated_C,SW,GP,SAMP,EFIRE,EX,EFIRE,12/3/2025 13:20,,,,0.11,,,,,,,,,,,,,,,,,,,,,,,,12/4/2025 13:07,12/4/2025 13:07,00671,OPO4,23,0.002,mg/L,+/- 0.002,U,SM4500PF,0.002,,,,,95275012,10382019,00671
P155442-1,93722001,93722,Non-WQM,Untreated_A,SW,GP,SAMP,EFIRE,EX,EFIRE,4/11/2025 10:20,,,,0.09,,,,,,,,,,,,,,,,,,,,,,,,4/15/2025 11:34,4/15/2025 11:34,00671,OPO4,23,0.026,mg/L,+/- 0.002,,SM4500PF,0.002,,,,Q,93722001,10103921,00671
P155442-2,93722002,93722,Non-WQM,Herbicide_A,SW,GP,SAMP,EFIRE,EX,EFIRE,4/11/2025 10:48,,,,0.06,,,,,,,,,,,,,,,,,,,,,,,,4/15/2025 11:36,4/15/2025 11:36,00671,OPO4,23,0.017,mg/L,+/- 0.002,,SM4500PF,0.002,,,,Q,93722002,10103945,00671
P155442-3,93722003,93722,Non-WQM,Burn_Herb_A,SW,GP,SAMP,EFIRE,EX,EFIRE,4/11/2025 11:05,,,,0.09,,,,,,,,,,,,,,,,,,,,,,,,4/15/2025 11:37,4/15/2025 11:37,00671,OPO4,23,0.052,mg/L,+/- 0.003,,SM4500PF,0.002,,,,Q,93722003,10103957,00671
P155442-4,93722004,93722,Non-WQM,Burn_A,SW,GP,SAMP,EFIRE,EX,EFIRE,4/11/2025 11:25,,,,0.06,,,,,,,,,,,,,,,,,,,,,,,,4/15/2025 11:39,4/15/2025 11:39,00671,OPO4,23,0.052,mg/L,+/- 0.003,,SM4500PF,0.002,,,,Q,93722004,10103969,00671
P155442-5,93722005,93722,Non-WQM,Untreated_B,SW,GP,SAMP,EFIRE,EX,EFIRE,4/11/2025 11:50,,,,0.09,,,,,,,,,,,,,,,,,,,,,,,,4/15/2025 11:41,4/15/2025 11:41,00671,OPO4,23,0.008,mg/L,+/- 0.002,,SM4500PF,0.002,,,,Q,93722005,10103981,00671
P155442-6,93722006,93722,Non-WQM,Burn_B,SW,GP,SAMP,EFIRE,EX,EFIRE,4/11/2025 12:10,,,,0.1,,,,,,,,,,,,,,,,,,,,,,,,4/15/2025 11:43,4/15/2025 11:43,00671,OPO4,23,0.037,mg/L,+/- 0.003,,SM4500PF,0.002,,,,Q,93722006,10103993,00671
P155442-7,93722007,93722,Non-WQM,Burn_Herb_B,SW,GP,SAMP,EFIRE,EX,EFIRE,4/11/2025 12:25,,,,0.08,,,,,,,,,,,,,,,,,,,,,,,,4/15/2025 11:47,4/15/2025 11:47,00671,OPO4,23,0.037,mg/L,+/- 0.003,,SM4500PF,0.002,,,,Q,93722007,10104005,00671
P155442-8,93722008,93722,Non-WQM,Herbicide_B,SW,GP,SAMP,EFIRE,EX,EFIRE,4/11/2025 12:45,,,,0.08,,,,,,,,,,,,,,,,,,,,,,,,4/15/2025 15:19,4/15/2025 15:19,00671,OPO4,23,0.01,mg/L,+/- 0.002,,SM4500PF,0.002,,,,Q,93722008,10104017,00671
P155442-9,93722009,93722,Non-WQM,Herbicide_C,SW,GP,SAMP,EFIRE,EX,EFIRE,4/11/2025 13:00,,,,0.08,,,,,,,,,,,,,,,,,,,,,,,,4/15/2025 11:50,4/15/2025 11:50,00671,OPO4,23,0.006,mg/L,+/- 0.002,I,SM4500PF,0.002,,,,Q,93722009,10104029,00671
P155442-10,93722010,93722,Non-WQM,Burn_Herb_C,SW,GP,SAMP,EFIRE,EX,EFIRE,4/11/2025 13:20,,,,0.11,,,,,,,,,,,,,,,,,,,,,,,,4/15/2025 11:52,4/15/2025 11:52,00671,OPO4,23,0.04,mg/L,+/- 0.003,,SM4500PF,0.002,,,,Q,93722010,10104041,00671
P155442-11,93722011,93722,Non-WQM,Burn_C,SW,GP,SAMP,EFIRE,EX,EFIRE,4/11/2025 13:35,,,,0.05,,,,,,,,,,,,,,,,,,,,,,,,4/15/2025 11:54,4/15/2025 11:54,00671,OPO4,23,0.018,mg/L,+/- 0.002,,SM4500PF,0.002,,,,Q,93722011,10104053,00671
P155442-12,93722012,93722,Non-WQM,Untreated_C,SW,GP,SAMP,EFIRE,EX,EFIRE,4/11/2025 13:55,,,,0.11,,,,,,,,,,,,,,,,,,,,,,,,4/15/2025 11:56,4/15/2025 11:56,00671,OPO4,23,0.008,mg/L,+/- 0.002,,SM4500PF,0.002,,,,Q,93722012,10104065,00671
P162251-1,97134001,97134,Non-WQM,Untreated_A,SW,GP,SAMP,EFIRE,EX,EFIRE,6/16/2026 9:45,,,,0.07,,,,,,,,,,,,,,,,,,,,,,,,6/17/2026 12:50,6/17/2026 12:50,00671,OPO4,23,0.005,mg/L,+/- 0.002,I,SM4500PF,0.002,,,,,97134001,10568769,00671
P162251-2,97134002,97134,Non-WQM,Herbicide_A,SW,GP,SAMP,EFIRE,EX,EFIRE,6/16/2026 10:06,,,,0.06,,,,,,,,,,,,,,,,,,,,,,,,6/17/2026 12:52,6/17/2026 12:52,00671,OPO4,23,0.002,mg/L,+/- 0.002,U,SM4500PF,0.002,,,,,97134002,10568774,00671
P162251-3,97134003,97134,Non-WQM,Burn_Herb_A,SW,GP,SAMP,EFIRE,EX,EFIRE,6/16/2026 10:22,,,,0.12,,,,,,,,,,,,,,,,,,,,,,,,6/17/2026 12:54,6/17/2026 12:54,00671,OPO4,23,0.002,mg/L,+/- 0.002,U,SM4500PF,0.002,,,,,97134003,10568779,00671
P162251-4,97134004,97134,Non-WQM,Burn_A,SW,GP,SAMP,EFIRE,EX,EFIRE,6/16/2026 10:36,,,,0.06,,,,,,,,,,,,,,,,,,,,,,,,6/17/2026 12:55,6/17/2026 12:55,00671,OPO4,23,0.002,mg/L,+/- 0.002,I,SM4500PF,0.002,,,,,97134004,10568784,00671
P162251-6,97134006,97134,Non-WQM,Burn_B,SW,GP,SAMP,EFIRE,EX,EFIRE,6/16/2026 10:55,,,,0.09,,,,,,,,,,,,,,,,,,,,,,,,6/17/2026 12:57,6/17/2026 12:57,00671,OPO4,23,0.003,mg/L,+/- 0.002,I,SM4500PF,0.002,,,,,97134006,10568790,00671
P162251-7,97134007,97134,Non-WQM,Burn_Herb_B,SW,GP,SAMP,EFIRE,EX,EFIRE,6/16/2026 11:09,,,,0.07,,,,,,,,,,,,,,,,,,,,,,,,6/17/2026 12:59,6/17/2026 12:59,00671,OPO4,23,0.002,mg/L,+/- 0.002,U,SM4500PF,0.002,,,,,97134007,10568795,00671
P162251-8,97134008,97134,Non-WQM,Herbicide_B,SW,GP,SAMP,EFIRE,EX,EFIRE,6/16/2026 11:31,,,,0.05,,,,,,,,,,,,,,,,,,,,,,,,6/17/2026 13:01,6/17/2026 13:01,00671,OPO4,23,0.002,mg/L,+/- 0.002,U,SM4500PF,0.002,,,,,97134008,10568800,00671
P162251-9,97134009,97134,Non-WQM,Herbicide_C,SW,GP,SAMP,EFIRE,EX,EFIRE,6/16/2026 11:47,,,,0.05,,,,,,,,,,,,,,,,,,,,,,,,6/17/2026 13:03,6/17/2026 13:03,00671,OPO4,23,0.002,mg/L,+/- 0.002,U,SM4500PF,0.002,,,,,97134009,10568805,00671
P162251-10,97134010,97134,Non-WQM,Burn_Herb_C,SW,GP,SAMP,EFIRE,EX,EFIRE,6/16/2026 12:05,,,,0.05,,,,,,,,,,,,,,,,,,,,,,,,6/17/2026 13:04,6/17/2026 13:04,00671,OPO4,23,0.002,mg/L,+/- 0.002,U,SM4500PF,0.002,,,,,97134010,10568810,00671
P162251-11,97134011,97134,Non-WQM,Burn_C,SW,GP,SAMP,EFIRE,EX,EFIRE,6/16/2026 12:18,,,,0.05,,,,,,,,,,,,,,,,,,,,,,,,6/17/2026 13:10,6/17/2026 13:10,00671,OPO4,23,0.008,mg/L,+/- 0.002,,SM4500PF,0.002,,,,,97134011,10568815,00671
P162251-12,97134012,97134,Non-WQM,Untreated_C,SW,GP,SAMP,EFIRE,EX,EFIRE,6/16/2026 12:33,,,,0.06,,,,,,,,,,,,,,,,,,,,,,,,6/17/2026 13:12,6/17/2026 13:12,00671,OPO4,23,0.005,mg/L,+/- 0.002,I,SM4500PF,0.002,,,,,97134012,10568820,00671
P166180-1,99001001,99001,Non-WQM,Untreated_A,SW,GP,SAMP,EFIRE,EX,EFIRE,8/25/2026 9:55,,,,0.06,,,,,,,,,,,,,,,,,,,,,,,,8/26/2026 13:33,8/26/2026 13:33,00671,OPO4,23,0.01,mg/L,+/- 0.002,,SM4500PF,0.002,,,,,99001001,10640464,00671
P166180-2,99001002,99001,Non-WQM,Herbicide_A,SW,GP,SAMP,EFIRE,EX,EFIRE,8/25/2026 10:10,,,,0.08,,,,,,,,,,,,,,,,,,,,,,,,8/26/2026 11:50,8/26/2026 11:50,00671,OPO4,23,0.002,mg/L,+/- 0.002,U,SM4500PF,0.002,,,,,99001002,10640469,00671
P166180-3,99001003,99001,Non-WQM,Burn_Herb_A,SW,GP,SAMP,EFIRE,EX,EFIRE,8/25/2026 10:20,,,,0.10,,,,,,,,,,,,,,,,,,,,,,,,8/26/2026 11:52,8/26/2026 11:52,00671,OPO4,23,0.002,mg/L,+/- 0.002,U,SM4500PF,0.002,,,,,99001003,10640474,00671
P166180-4,99001004,99001,Non-WQM,Burn_A,SW,GP,SAMP,EFIRE,EX,EFIRE,8/25/2026 10:40,,,,0.05,,,,,,,,,,,,,,,,,,,,,,,,8/26/2026 11:53,8/26/2026 11:53,00671,OPO4,23,0.002,mg/L,+/- 0.002,U,SM4500PF,0.002,,,,,99001004,10640479,00671
P166180-6,99001006,99001,Non-WQM,Burn_B,SW,GP,SAMP,EFIRE,EX,EFIRE,8/25/2026 11:00,,,,0.08,,,,,,,,,,,,,,,,,,,,,,,,8/26/2026 11:55,8/26/2026 11:55,00671,OPO4,23,0.002,mg/L,+/- 0.002,U,SM4500PF,0.002,,,,,99001006,10640485,00671
P166180-7,99001007,99001,Non-WQM,Burn_Herb_B,SW,GP,SAMP,EFIRE,EX,EFIRE,8/25/2026 11:15,,,,0.06,,,,,,,,,,,,,,,,,,,,,,,,8/26/2026 11:57,8/26/2026 11:57,00671,OPO4,23,0.002,mg/L,+/- 0.002,U,SM4500PF,0.002,,,,,99001007,10640490,00671
P166180-8,99001008,99001,Non-WQM,Herbicide_B,SW,GP,SAMP,EFIRE,EX,EFIRE,8/25/2026 11:25,,,,0.03,,,,,,,,,,,,,,,,,,,,,,,,8/26/2026 11:59,8/26/2026 11:59,00671,OPO4,23,0.002,mg/L,+/- 0.002,U,SM4500PF,0.002,,,,,99001008,10640495,00671
P166180-10,99001010,99001,Non-WQM,Burn_Herb_C,SW,GP,SAMP,EFIRE,EX,EFIRE,8/25/2026 11:40,,,,0.12,,,,,,,,,,,,,,,,,,,,,,,,8/26/2026 12:01,8/26/2026 12:01,00671,OPO4,23,0.002,mg/L,+/- 0.002,U,SM4500PF,0.002,,,,,99001010,10640501,00671
P166180-11,99001011,99001,Non-WQM,Burn_C,SW,GP,SAMP,EFIRE,EX,EFIRE,8/25/2026 11:50,,,,0.08,,,,,,,,,,,,,,,,,,,,,,,,8/26/2026 12:12,8/26/2026 12:12,00671,OPO4,23,0.002,mg/L,+/- 0.002,U,SM4500PF,0.002,,,,,99001011,10640506,00671
P166182-1,99003001,99003,Non-WQM,Untreated_A,SW,GP,SAMP,EFIRE,EX,EFIRE,9/22/2026 9:50,,,,0.23,,,,,,,,,,,,,,,,,,,,,,,,9/23/2026 11:00,9/23/2026 11:00,00671,OPO4,23,0.044,mg/L,+/- 0.003,,SM4500PF,0.002,,,,,99003001,10673838,00671
P166182-2,99003002,99003,Non-WQM,Herbicide_A,SW,GP,SAMP,EFIRE,EX,EFIRE,9/22/2026 10:05,,,,0.21,,,,,,,,,,,,,,,,,,,,,,,,9/23/2026 11:04,9/23/2026 11:04,00671,OPO4,23,0.039,mg/L,+/- 0.003,,SM4500PF,0.002,,,,,99003002,10673843,00671
P166182-3,99003003,99003,Non-WQM,Burn_Herb_A,SW,GP,SAMP,EFIRE,EX,EFIRE,9/22/2026 10:15,,,,0.23,,,,,,,,,,,,,,,,,,,,,,,,9/23/2026 11:06,9/23/2026 11:06,00671,OPO4,23,0.038,mg/L,+/- 0.003,,SM4500PF,0.002,,,,,99003003,10673848,00671
P166182-4,99003004,99003,Non-WQM,Burn_A,SW,GP,SAMP,EFIRE,EX,EFIRE,9/22/2026 10:20,,,,0.24,,,,,,,,,,,,,,,,,,,,,,,,9/23/2026 11:07,9/23/2026 11:07,00671,OPO4,23,0.04,mg/L,+/- 0.003,,SM4500PF,0.002,,,,,99003004,10673853,00671
P166182-5,99003005,99003,Non-WQM,Untreated_B,SW,GP,SAMP,EFIRE,EX,EFIRE,9/22/2026 10:35,,,,0.13,,,,,,,,,,,,,,,,,,,,,,,,9/23/2026 11:09,9/23/2026 11:09,00671,OPO4,23,0.044,mg/L,+/- 0.003,,SM4500PF,0.002,,,,,99003005,10673858,00671
P166182-6,99003006,99003,Non-WQM,Burn_B,SW,GP,SAMP,EFIRE,EX,EFIRE,9/22/2026 10:45,,,,0.24,,,,,,,,,,,,,,,,,,,,,,,,9/23/2026 11:11,9/23/2026 11:11,00671,OPO4,23,0.039,mg/L,+/- 0.003,,SM4500PF,0.002,,,,,99003006,10673863,00671
P166182-7,99003007,99003,Non-WQM,Burn_Herb_B,SW,GP,SAMP,EFIRE,EX,EFIRE,9/22/2026 10:55,,,,0.22,,,,,,,,,,,,,,,,,,,,,,,,9/23/2026 11:13,9/23/2026 11:13,00671,OPO4,23,0.031,mg/L,+/- 0.003,,SM4500PF,0.002,,,,,99003007,10673868,00671
P166182-8,99003008,99003,Non-WQM,Herbicide_B,SW,GP,SAMP,EFIRE,EX,EFIRE,9/22/2026 11:05,,,,0.20,,,,,,,,,,,,,,,,,,,,,,,,9/23/2026 11:15,9/23/2026 11:15,00671,OPO4,23,0.028,mg/L,+/- 0.002,,SM4500PF,0.002,,,,,99003008,10673873,00671
P166182-9,99003009,99003,Non-WQM,Herbicide_C,SW,GP,SAMP,EFIRE,EX,EFIRE,9/22/2026 11:20,,,,0.20,,,,,,,,,,,,,,,,,,,,,,,,9/23/2026 11:17,9/23/2026 11:17,00671,OPO4,23,0.022,mg/L,+/- 0.002,,SM4500PF,0.002,,,,,99003009,10673878,00671
P166182-10,99003010,99003,Non-WQM,Burn_Herb_C,SW,GP,SAMP,EFIRE,EX,EFIRE,9/22/2026 11:30,,,,0.28,,,,,,,,,,,,,,,,,,,,,,,,9/23/2026 11:19,9/23/2026 11:19,00671,OPO4,23,0.028,mg/L,+/- 0.002,,SM4500PF,0.002,,,,,99003010,10673883,00671
P166182-11,99003011,99003,Non-WQM,Burn_C,SW,GP,SAMP,EFIRE,EX,EFIRE,9/22/2026 11:40,,,,0.21,,,,,,,,,,,,,,,,,,,,,,,,9/23/2026 14:18,9/23/2026 14:18,00671,OPO4,23,0.02,mg/L,+/- 0.002,,SM4500PF,0.002,,,,G,99003011,10673888,00671
P166182-12,99003012,99003,Non-WQM,Untreated_C,SW,GP,SAMP,EFIRE,EX,EFIRE,9/22/2026 11:50,,,,0.21,,,,,,,,,,,,,,,,,,,,,,,,9/23/2026 11:30,9/23/2026 11:30,00671,OPO4,23,0.033,mg/L,+/- 0.003,,SM4500PF,0.002,,,,,99003012,10673893,00671
P164236-2,98069002,98069,Non-WQM,Untreated_A,SW,GP,SAMP,EFIRE,EX,EFIRE,5/6/2026 9:30,,,,0.08,,,,,,,,,,,,,,,,,,,,,,,,5/7/2026 10:10,5/7/2026 10:10,00671,OPO4,23,0.007,mg/L,+/- 0.002,I,SM4500PF,0.002,,,,,98069002,10528918,00671
P164236-3,98069003,98069,Non-WQM,Herbicide_A,SW,GP,SAMP,EFIRE,EX,EFIRE,5/6/2026 10:00,,,,0.07,,,,,,,,,,,,,,,,,,,,,,,,5/7/2026 10:14,5/7/2026 10:14,00671,OPO4,23,0.002,mg/L,+/- 0.002,U,SM4500PF,0.002,,Green algae in water column. ,,,98069003,10528923,00671
P164236-4,98069004,98069,Non-WQM,Burn_A,SW,GP,SAMP,EFIRE,EX,EFIRE,5/6/2026 10:30,,,,0.09,,,,,,,,,,,,,,,,,,,,,,,,5/7/2026 10:16,5/7/2026 10:16,00671,OPO4,23,0.002,mg/L,+/- 0.002,U,SM4500PF,0.002,,,,,98069004,10528928,00671
P164236-5,98069005,98069,Non-WQM,Untreated_B,SW,GP,SAMP,EFIRE,EX,EFIRE,5/6/2026 10:50,,,,0.04,,,,,,,,,,,,,,,,,,,,,,,,5/7/2026 10:17,5/7/2026 10:17,00671,OPO4,23,0.003,mg/L,+/- 0.002,I,SM4500PF,0.002,,,,,98069005,10528933,00671
P164236-6,98069006,98069,Non-WQM,Burn_B,SW,GP,SAMP,EFIRE,EX,EFIRE,5/6/2026 11:01,,,,0.09,,,,,,,,,,,,,,,,,,,,,,,,5/7/2026 10:19,5/7/2026 10:19,00671,OPO4,23,0.002,mg/L,+/- 0.002,U,SM4500PF,0.002,,,,,98069006,10528938,00671
P164236-7,98069007,98069,Non-WQM,Burn_Herb_B,SW,GP,SAMP,EFIRE,EX,EFIRE,5/6/2026 11:20,,,,0.10,,,,,,,,,,,,,,,,,,,,,,,,5/7/2026 10:21,5/7/2026 10:21,00671,OPO4,23,0.002,mg/L,+/- 0.002,U,SM4500PF,0.002,,,,,98069007,10528943,00671
P164236-8,98069008,98069,Non-WQM,Herbicide_B,SW,GP,SAMP,EFIRE,EX,EFIRE,5/6/2026 11:35,,,,0.06,,,,,,,,,,,,,,,,,,,,,,,,5/7/2026 10:23,5/7/2026 10:23,00671,OPO4,23,0.002,mg/L,+/- 0.002,U,SM4500PF,0.002,,,,,98069008,10528948,00671
P164236-9,98069009,98069,Non-WQM,Herbicide_C,SW,GP,SAMP,EFIRE,EX,EFIRE,5/6/2026 12:00,,,,0.06,,,,,,,,,,,,,,,,,,,,,,,,5/7/2026 10:25,5/7/2026 10:25,00671,OPO4,23,0.002,mg/L,+/- 0.002,U,SM4500PF,0.002,,,,,98069009,10528953,00671
P164236-10,98069010,98069,Non-WQM,Burn_Herb_C,SW,GP,SAMP,EFIRE,EX,EFIRE,5/6/2026 12:15,,,,0.11,,,,,,,,,,,,,,,,,,,,,,,,5/7/2026 10:27,5/7/2026 10:27,00671,OPO4,23,0.002,mg/L,+/- 0.002,U,SM4500PF,0.002,,Floating algae/periphyton. ,,,98069010,10528958,00671
P164236-11,98069011,98069,Non-WQM,Burn_C,SW,GP,SAMP,EFIRE,EX,EFIRE,5/6/2026 12:30,,,,0.13,,,,,,,,,,,,,,,,,,,,,,,,5/7/2026 10:28,5/7/2026 10:28,00671,OPO4,23,0.002,mg/L,+/- 0.002,U,SM4500PF,0.002,,,,,98069011,10528963,00671
P164236-12,98069012,98069,Non-WQM,Untreated_C,SW,GP,SAMP,EFIRE,EX,EFIRE,5/6/2026 12:50,,,,0.07,,,,,,,,,,,,,,,,,,,,,,,,5/7/2026 11:55,5/7/2026 11:55,00671,OPO4,23,0.002,mg/L,+/- 0.002,U,SM4500PF,0.002,,,,,98069012,10528968,00671
P164236-14,98069014,98069,Non-WQM,Burn_Herb_A,SW,GP,SAMP,EFIRE,EX,EFIRE,5/6/2026 10:15,,,,0.12,,,,,,,,,,,,,,,,,,,,,,,,5/7/2026 10:38,5/7/2026 10:38,00671,OPO4,23,0.002,mg/L,+/- 0.002,U,SM4500PF,0.002,,Floating algae/periphyton. ,,,98069014,10528978,00671
P166181-1,99002001,99002,Non-WQM,Untreated_A,SW,GP,SAMP,EFIRE,EX,EFIRE,9/10/2026 9:54,,,,0.22,,,,,,,,,,,,,,,,,,,,,,,,9/11/2026 11:18,9/11/2026 11:18,00671,OPO4,23,0.008,mg/L,+/- 0.002,,SM4500PF,0.002,,,,,99002001,10658660,00671
P166181-2,99002002,99002,Non-WQM,Herbicide_A,SW,GP,SAMP,EFIRE,EX,EFIRE,9/10/2026 10:05,,,,0.22,,,,,,,,,,,,,,,,,,,,,,,,9/11/2026 11:20,9/11/2026 11:20,00671,OPO4,23,0.007,mg/L,+/- 0.002,I,SM4500PF,0.002,,,,,99002002,10658665,00671
P166181-3,99002003,99002,Non-WQM,Burn_Herb_A,SW,GP,SAMP,EFIRE,EX,EFIRE,9/10/2026 10:18,,,,0.23,,,,,,,,,,,,,,,,,,,,,,,,9/11/2026 11:21,9/11/2026 11:21,00671,OPO4,23,0.006,mg/L,+/- 0.002,I,SM4500PF,0.002,,,,,99002003,10658670,00671
P166181-4,99002004,99002,Non-WQM,Burn_A,SW,GP,SAMP,EFIRE,EX,EFIRE,9/10/2026 10:25,,,,0.18,,,,,,,,,,,,,,,,,,,,,,,,9/11/2026 11:23,9/11/2026 11:23,00671,OPO4,23,0.007,mg/L,+/- 0.002,I,SM4500PF,0.002,,,,,99002004,10658675,00671
P166181-5,99002005,99002,Non-WQM,Untreated_B,SW,GP,SAMP,EFIRE,EX,EFIRE,9/10/2026 10:30,,,,0.17,,,,,,,,,,,,,,,,,,,,,,,,9/11/2026 11:29,9/11/2026 11:29,00671,OPO4,23,0.009,mg/L,+/- 0.002,,SM4500PF,0.002,,,,,99002005,10658680,00671
P166181-6,99002006,99002,Non-WQM,Burn_B,SW,GP,SAMP,EFIRE,EX,EFIRE,9/10/2026 10:40,,,,0.24,,,,,,,,,,,,,,,,,,,,,,,,9/11/2026 11:31,9/11/2026 11:31,00671,OPO4,23,0.005,mg/L,+/- 0.002,I,SM4500PF,0.002,,,,,99002006,10658685,00671
P166181-7,99002007,99002,Non-WQM,Burn_Herb_B,SW,GP,SAMP,EFIRE,EX,EFIRE,9/10/2026 10:45,,,,0.20,,,,,,,,,,,,,,,,,,,,,,,,9/11/2026 11:33,9/11/2026 11:33,00671,OPO4,23,0.008,mg/L,+/- 0.002,,SM4500PF,0.002,,,,,99002007,10658690,00671
P166181-8,99002008,99002,Non-WQM,Herbicide_B,SW,GP,SAMP,EFIRE,EX,EFIRE,9/10/2026 10:55,,,,0.22,,,,,,,,,,,,,,,,,,,,,,,,9/11/2026 11:34,9/11/2026 11:34,00671,OPO4,23,0.007,mg/L,+/- 0.002,I,SM4500PF,0.002,,,,,99002008,10658695,00671
P166181-9,99002009,99002,Non-WQM,Herbicide_C,SW,GP,SAMP,EFIRE,EX,EFIRE,9/10/2026 11:03,,,,0.17,,,,,,,,,,,,,,,,,,,,,,,,9/11/2026 11:36,9/11/2026 11:36,00671,OPO4,23,0.004,mg/L,+/- 0.002,I,SM4500PF,0.002,Red algae fleck in water,,,,99002009,10658700,00671
P166181-10,99002010,99002,Non-WQM,Burn_Herb_C,SW,GP,SAMP,EFIRE,EX,EFIRE,9/10/2026 11:12,,,,0.26,,,,,,,,,,,,,,,,,,,,,,,,9/11/2026 11:38,9/11/2026 11:38,00671,OPO4,23,0.006,mg/L,+/- 0.002,I,SM4500PF,0.002,,,,,99002010,10658705,00671
P166181-11,99002011,99002,Non-WQM,Burn_C,SW,GP,SAMP,EFIRE,EX,EFIRE,9/10/2026 11:20,,,,0.23,,,,,,,,,,,,,,,,,,,,,,,,9/11/2026 11:40,9/11/2026 11:40,00671,OPO4,23,0.003,mg/L,+/- 0.002,I,SM4500PF,0.002,Red algae flecks in water,,,,99002011,10658710,00671
P166181-12,99002012,99002,Non-WQM,Untreated_C,SW,GP,SAMP,EFIRE,EX,EFIRE,9/10/2026 11:28,,,,0.30,,,,,,,,,,,,,,,,,,,,,,,,9/11/2026 11:42,9/11/2026 11:42,00671,OPO4,23,0.006,mg/L,+/- 0.002,I,SM4500PF,0.002,,,,,99002012,10658715,00671
P158532-1,95276001,95276,Non-WQM,Untreated_A,SW,GP,SAMP,EFIRE,EX,EFIRE,12/22/2025 10:10,,,,0.05,,,,,,,,,,,,,,,,,,,,,,,,12/23/2025 12:12,12/23/2025 12:12,00671,OPO4,23,0.008,mg/L,+/- 0.002,,SM4500PF,0.002,,,,,95276001,10400833,00671
P158532-2,95276002,95276,Non-WQM,Herbicide_A,SW,GP,SAMP,EFIRE,EX,EFIRE,12/22/2025 10:40,,,,0.07,,,,,,,,,,,,,,,,,,,,,,,,12/23/2025 12:15,12/23/2025 12:15,00671,OPO4,23,0.004,mg/L,+/- 0.002,I,SM4500PF,0.002,,,,,95276002,10400838,00671
P158532-3,95276003,95276,Non-WQM,Burn_Herb_A,SW,GP,SAMP,EFIRE,EX,EFIRE,12/22/2025 11:00,,,,0.1,,,,,,,,,,,,,,,,,,,,,,,,12/23/2025 12:17,12/23/2025 12:17,00671,OPO4,23,0.003,mg/L,+/- 0.002,I,SM4500PF,0.002,,,,,95276003,10400843,00671
P158532-4,95276004,95276,Non-WQM,Burn_A,SW,GP,SAMP,EFIRE,EX,EFIRE,12/22/2025 11:15,,,,0.1,,,,,,,,,,,,,,,,,,,,,,,,12/23/2025 12:19,12/23/2025 12:19,00671,OPO4,23,0.002,mg/L,+/- 0.002,I,SM4500PF,0.002,,,,,95276004,10400848,00671
P158532-5,95276005,95276,Non-WQM,Untreated_B,SW,GP,SAMP,EFIRE,EX,EFIRE,12/22/2025 11:30,,,,0.05,,,,,,,,,,,,,,,,,,,,,,,,12/23/2025 12:21,12/23/2025 12:21,00671,OPO4,23,0.004,mg/L,+/- 0.002,I,SM4500PF,0.002,,,,,95276005,10400853,00671
P158532-6,95276006,95276,Non-WQM,Burn_B,SW,GP,SAMP,EFIRE,EX,EFIRE,12/22/2025 11:45,,,,0.1,,,,,,,,,,,,,,,,,,,,,,,,12/23/2025 12:23,12/23/2025 12:23,00671,OPO4,23,0.004,mg/L,+/- 0.002,I,SM4500PF,0.002,,,,,95276006,10400858,00671
P158532-7,95276007,95276,Non-WQM,Burn_Herb_B,SW,GP,SAMP,EFIRE,EX,EFIRE,12/22/2025 12:00,,,,0.07,,,,,,,,,,,,,,,,,,,,,,,,12/23/2025 12:24,12/23/2025 12:24,00671,OPO4,23,0.005,mg/L,+/- 0.002,I,SM4500PF,0.002,,,,,95276007,10400863,00671
P158532-8,95276008,95276,Non-WQM,Herbicide_B,SW,GP,SAMP,EFIRE,EX,EFIRE,12/22/2025 12:15,,,,0.05,,,,,,,,,,,,,,,,,,,,,,,,12/23/2025 12:26,12/23/2025 12:26,00671,OPO4,23,0.004,mg/L,+/- 0.002,I,SM4500PF,0.002,,,,,95276008,10400868,00671
P158532-9,95276009,95276,Non-WQM,Herbicide_C,SW,GP,SAMP,EFIRE,EX,EFIRE,12/22/2025 12:40,,,,0.07,,,,,,,,,,,,,,,,,,,,,,,,12/23/2025 12:28,12/23/2025 12:28,00671,OPO4,23,0.003,mg/L,+/- 0.002,I,SM4500PF,0.002,,,,,95276009,10400873,00671
P158532-10,95276010,95276,Non-WQM,Burn_Herb_C,SW,GP,SAMP,EFIRE,EX,EFIRE,12/22/2025 12:55,,,,0.08,,,,,,,,,,,,,,,,,,,,,,,,12/23/2025 12:30,12/23/2025 12:30,00671,OPO4,23,0.003,mg/L,+/- 0.002,I,SM4500PF,0.002,,,,,95276010,10400878,00671
P158532-11,95276011,95276,Non-WQM,Burn_C,SW,GP,SAMP,EFIRE,EX,EFIRE,12/22/2025 13:15,,,,0.12,,,,,,,,,,,,,,,,,,,,,,,,12/23/2025 12:34,12/23/2025 12:34,00671,OPO4,23,0.002,mg/L,+/- 0.002,I,SM4500PF,0.002,,,,,95276011,10400883,00671
P158532-12,95276012,95276,Non-WQM,Untreated_C,SW,GP,SAMP,EFIRE,EX,EFIRE,12/22/2025 13:25,,,,0.11,,,,,,,,,,,,,,,,,,,,,,,,12/23/2025 12:36,12/23/2025 12:36,00671,OPO4,23,0.004,mg/L,+/- 0.002,I,SM4500PF,0.002,,,,,95276012,10400888,00671
P166179-1,99000001,99000,Non-WQM,Untreated_A,SW,GP,SAMP,EFIRE,EX,EFIRE,8/11/2026 9:40,,,,0.06,,,,,,,,,,,,,,,,,,,,,,,,8/12/2026 10:51,8/12/2026 10:51,00671,OPO4,23,0.006,mg/L,+/- 0.002,I,SM4500PF,0.002,,,,,99000001,10625539,00671
P166179-2,99000002,99000,Non-WQM,Herbicide_A,SW,GP,SAMP,EFIRE,EX,EFIRE,8/11/2026 10:00,,,,0.11,,,,,,,,,,,,,,,,,,,,,,,,8/12/2026 15:41,8/12/2026 15:41,00671,OPO4,23,0.003,mg/L,+/- 0.002,I,SM4500PF,0.002,,,,,99000002,10629285,00671
P166179-3,99000003,99000,Non-WQM,Burn_Herb_A,SW,GP,SAMP,EFIRE,EX,EFIRE,8/11/2026 10:15,,,,0.10,,,,,,,,,,,,,,,,,,,,,,,,8/12/2026 11:18,8/12/2026 11:18,00671,OPO4,23,0.005,mg/L,+/- 0.002,I,SM4500PF,0.002,,,,,99000003,10625549,00671
P166179-4,99000004,99000,Non-WQM,Burn_A,SW,GP,SAMP,EFIRE,EX,EFIRE,8/11/2026 10:30,,,,0.12,,,,,,,,,,,,,,,,,,,,,,,,8/12/2026 11:20,8/12/2026 11:20,00671,OPO4,23,0.002,mg/L,+/- 0.002,U,SM4500PF,0.002,,,,,99000004,10625554,00671
P166179-6,99000006,99000,Non-WQM,Burn_B,SW,GP,SAMP,EFIRE,EX,EFIRE,8/11/2026 11:05,,,,0.16,,,,,,,,,,,,,,,,,,,,,,,,8/12/2026 11:22,8/12/2026 11:22,00671,OPO4,23,0.002,mg/L,+/- 0.002,I,SM4500PF,0.002,,,,,99000006,10625560,00671
P166179-7,99000007,99000,Non-WQM,Burn_Herb_B,SW,GP,SAMP,EFIRE,EX,EFIRE,8/11/2026 11:15,,,,0.10,,,,,,,,,,,,,,,,,,,,,,,,8/12/2026 11:24,8/12/2026 11:24,00671,OPO4,23,0.003,mg/L,+/- 0.002,I,SM4500PF,0.002,,,,,99000007,10625565,00671
P166179-8,99000008,99000,Non-WQM,Herbicide_B,SW,GP,SAMP,EFIRE,EX,EFIRE,8/11/2026 11:30,,,,0.05,,,,,,,,,,,,,,,,,,,,,,,,8/12/2026 11:25,8/12/2026 11:25,00671,OPO4,23,0.002,mg/L,+/- 0.002,U,SM4500PF,0.002,,,,,99000008,10625570,00671
P166179-9,99000009,99000,Non-WQM,Herbicide_C,SW,GP,SAMP,EFIRE,EX,EFIRE,8/11/2026 11:55,,,,0.05,,,,,,,,,,,,,,,,,,,,,,,,8/12/2026 11:27,8/12/2026 11:27,00671,OPO4,23,0.002,mg/L,+/- 0.002,U,SM4500PF,0.002,,,,,99000009,10625575,00671
P166179-10,99000010,99000,Non-WQM,Burn_Herb_C,SW,GP,SAMP,EFIRE,EX,EFIRE,8/11/2026 12:10,,,,0.14,,,,,,,,,,,,,,,,,,,,,,,,8/12/2026 11:29,8/12/2026 11:29,00671,OPO4,23,0.002,mg/L,+/- 0.002,U,SM4500PF,0.002,,,,,99000010,10625580,00671
P166179-11,99000011,99000,Non-WQM,Burn_C,SW,GP,SAMP,EFIRE,EX,EFIRE,8/11/2026 12:25,,,,0.07,,,,,,,,,,,,,,,,,,,,,,,,8/12/2026 11:40,8/12/2026 11:40,00671,OPO4,23,0.003,mg/L,+/- 0.002,I,SM4500PF,0.002,,,,,99000011,10625585,00671
P166179-12,99000012,99000,Non-WQM,Untreated_C,SW,GP,SAMP,EFIRE,EX,EFIRE,8/11/2026 12:40,,,,0.08,,,,,,,,,,,,,,,,,,,,,,,,8/12/2026 11:44,8/12/2026 11:44,00671,OPO4,23,0.002,mg/L,+/- 0.002,I,SM4500PF,0.002,,,,,99000012,10625590,00671
P162250-1,97133001,97133,Non-WQM,Untreated_A,SW,GP,SAMP,EFIRE,EX,EFIRE,6/2/2026 10:00,,,,0.08,,,,,,,,,,,,,,,,,,,,,,,,6/3/2026 11:00,6/3/2026 11:00,00671,OPO4,23,0.006,mg/L,+/- 0.002,I,SM4500PF,0.002,,,,,97133001,10554683,00671
P162250-2,97133002,97133,Non-WQM,Herbicide_A,SW,GP,SAMP,EFIRE,EX,EFIRE,6/2/2026 10:35,,,,0.10,,,,,,,,,,,,,,,,,,,,,,,,6/3/2026 11:04,6/3/2026 11:04,00671,OPO4,23,0.002,mg/L,+/- 0.002,U,SM4500PF,0.002,,,,,97133002,10554688,00671
P162250-3,97133003,97133,Non-WQM,Burn_Herb_A,SW,GP,SAMP,EFIRE,EX,EFIRE,6/2/2026 10:50,,,,0.12,,,,,,,,,,,,,,,,,,,,,,,,6/3/2026 11:06,6/3/2026 11:06,00671,OPO4,23,0.003,mg/L,+/- 0.002,I,SM4500PF,0.002,,,,,97133003,10554693,00671
P162250-4,97133004,97133,Non-WQM,Burn_A,SW,GP,SAMP,EFIRE,EX,EFIRE,6/2/2026 11:05,,,,0.11,,,,,,,,,,,,,,,,,,,,,,,,6/3/2026 11:08,6/3/2026 11:08,00671,OPO4,23,0.002,mg/L,+/- 0.002,U,SM4500PF,0.002,,,,,97133004,10554698,00671
P162250-5,97133005,97133,Non-WQM,Untreated_B,SW,GP,SAMP,EFIRE,EX,EFIRE,6/2/2026 11:20,,,,0.06,,,,,,,,,,,,,,,,,,,,,,,,6/3/2026 11:09,6/3/2026 11:09,00671,OPO4,23,0.003,mg/L,+/- 0.002,I,SM4500PF,0.002,,,,,97133005,10554703,00671
P162250-6,97133006,97133,Non-WQM,Burn_B,SW,GP,SAMP,EFIRE,EX,EFIRE,6/2/2026 11:30,,,,0.18,,,,,,,,,,,,,,,,,,,,,,,,6/3/2026 11:11,6/3/2026 11:11,00671,OPO4,23,0.002,mg/L,+/- 0.002,U,SM4500PF,0.002,,,,,97133006,10554708,00671
P162250-7,97133007,97133,Non-WQM,Burn_Herb_B,SW,GP,SAMP,EFIRE,EX,EFIRE,6/2/2026 11:45,,,,0.10,,,,,,,,,,,,,,,,,,,,,,,,6/3/2026 11:13,6/3/2026 11:13,00671,OPO4,23,0.011,mg/L,+/- 0.002,,SM4500PF,0.002,,Filter turned bright green during processing.  ,,,97133007,10554713,00671
P162250-8,97133008,97133,Non-WQM,Herbicide_B,SW,GP,SAMP,EFIRE,EX,EFIRE,6/2/2026 12:00,,,,0.07,,,,,,,,,,,,,,,,,,,,,,,,6/3/2026 11:15,6/3/2026 11:15,00671,OPO4,23,0.002,mg/L,+/- 0.002,I,SM4500PF,0.002,,,,,97133008,10554718,00671
P162250-9,97133009,97133,Non-WQM,Herbicide_C,SW,GP,SAMP,EFIRE,EX,EFIRE,6/2/2026 12:20,,,,0.06,,,,,,,,,,,,,,,,,,,,,,,,6/3/2026 11:17,6/3/2026 11:17,00671,OPO4,23,0.002,mg/L,+/- 0.002,U,SM4500PF,0.002,,,,,97133009,10554723,00671
P162250-10,97133010,97133,Non-WQM,Burn_Herb_C,SW,GP,SAMP,EFIRE,EX,EFIRE,6/2/2026 12:40,,,,0.17,,,,,,,,,,,,,,,,,,,,,,,,6/3/2026 11:26,6/3/2026 11:26,00671,OPO4,23,0.002,mg/L,+/- 0.002,I,SM4500PF,0.002,,,,,97133010,10554728,00671
P162250-11,97133011,97133,Non-WQM,Burn_C,SW,GP,SAMP,EFIRE,EX,EFIRE,6/2/2026 12:55,,,,0.10,,,,,,,,,,,,,,,,,,,,,,,,6/3/2026 11:28,6/3/2026 11:28,00671,OPO4,23,0.002,mg/L,+/- 0.002,U,SM4500PF,0.002,,,,,97133011,10554733,00671
P162250-12,97133012,97133,Non-WQM,Untreated_C,SW,GP,SAMP,EFIRE,EX,EFIRE,6/2/2026 13:10,,,,0.11,,,,,,,,,,,,,,,,,,,,,,,,6/3/2026 11:30,6/3/2026 11:30,00671,OPO4,23,0.002,mg/L,+/- 0.002,I,SM4500PF,0.002,,,,,97133012,10554738,00671
P162249-1,97132001,97132,Non-WQM,Untreated_A,SW,GP,SAMP,EFIRE,EX,EFIRE,5/19/2026 10:30,,,,0.10,,,,,,,,,,,,,,,,,,,,,,,,5/20/2026 11:22,5/20/2026 11:22,00671,OPO4,23,0.004,mg/L,+/- 0.002,I,SM4500PF,0.002,,,,,97132001,10543227,00671
P162249-2,97132002,97132,Non-WQM,Herbicide_A,SW,GP,SAMP,EFIRE,EX,EFIRE,5/19/2026 11:00,,,,0.09,,,,,,,,,,,,,,,,,,,,,,,,5/20/2026 11:26,5/20/2026 11:26,00671,OPO4,23,0.002,mg/L,+/- 0.002,U,SM4500PF,0.002,,Floating periphyton,,,97132002,10543232,00671
P162249-3,97132003,97132,Non-WQM,Burn_Herb_A,SW,GP,SAMP,EFIRE,EX,EFIRE,5/19/2026 11:20,,,,0.12,,,,,,,,,,,,,,,,,,,,,,,,5/20/2026 11:28,5/20/2026 11:28,00671,OPO4,23,0.002,mg/L,+/- 0.002,U,SM4500PF,0.002,,,,,97132003,10543237,00671
P162249-4,97132004,97132,Non-WQM,Burn_A,SW,GP,SAMP,EFIRE,EX,EFIRE,5/19/2026 11:35,,,,0.12,,,,,,,,,,,,,,,,,,,,,,,,5/20/2026 11:29,5/20/2026 11:29,00671,OPO4,23,0.002,mg/L,+/- 0.002,U,SM4500PF,0.002,,,,,97132004,10543242,00671
P162249-5,97132005,97132,Non-WQM,Untreated_B,SW,GP,SAMP,EFIRE,EX,EFIRE,5/19/2026 11:55,,,,0.04,,,,,,,,,,,,,,,,,,,,,,,,5/20/2026 11:31,5/20/2026 11:31,00671,OPO4,23,0.002,mg/L,+/- 0.002,I,SM4500PF,0.002,,,,,97132005,10543247,00671
P162249-6,97132006,97132,Non-WQM,Burn_B,SW,GP,SAMP,EFIRE,EX,EFIRE,5/19/2026 12:15,,,,0.18,,,,,,,,,,,,,,,,,,,,,,,,5/20/2026 11:33,5/20/2026 11:33,00671,OPO4,23,0.002,mg/L,+/- 0.002,U,SM4500PF,0.002,,,,,97132006,10543252,00671
P162249-7,97132007,97132,Non-WQM,Burn_Herb_B,SW,GP,SAMP,EFIRE,EX,EFIRE,5/19/2026 12:25,,,,0.07,,,,,,,,,,,,,,,,,,,,,,,,5/20/2026 11:35,5/20/2026 11:35,00671,OPO4,23,0.002,mg/L,+/- 0.002,U,SM4500PF,0.002,,,,,97132007,10543257,00671
P162249-8,97132008,97132,Non-WQM,Herbicide_B,SW,GP,SAMP,EFIRE,EX,EFIRE,5/19/2026 12:40,,,,0.05,,,,,,,,,,,,,,,,,,,,,,,,5/20/2026 11:37,5/20/2026 11:37,00671,OPO4,23,0.003,mg/L,+/- 0.002,I,SM4500PF,0.002,,,,,97132008,10543262,00671
P162249-9,97132009,97132,Non-WQM,Herbicide_C,SW,GP,SAMP,EFIRE,EX,EFIRE,5/19/2026 13:00,,,,0.07,,,,,,,,,,,,,,,,,,,,,,,,5/20/2026 11:39,5/20/2026 11:39,00671,OPO4,23,0.002,mg/L,+/- 0.002,U,SM4500PF,0.002,,,,,97132009,10543267,00671
P162249-10,97132010,97132,Non-WQM,Burn_Herb_C,SW,GP,SAMP,EFIRE,EX,EFIRE,5/19/2026 13:15,,,,0.11,,,,,,,,,,,,,,,,,,,,,,,,5/20/2026 11:46,5/20/2026 11:46,00671,OPO4,23,0.002,mg/L,+/- 0.002,U,SM4500PF,0.002,Floating periphyton,,,,97132010,10543272,00671
P162249-11,97132011,97132,Non-WQM,Burn_C,SW,GP,SAMP,EFIRE,EX,EFIRE,5/19/2026 13:25,,,,0.16,,,,,,,,,,,,,,,,,,,,,,,,5/20/2026 11:48,5/20/2026 11:48,00671,OPO4,23,0.002,mg/L,+/- 0.002,U,SM4500PF,0.002,,,,,97132011,10543277,00671
P162249-12,97132012,97132,Non-WQM,Untreated_C,SW,GP,SAMP,EFIRE,EX,EFIRE,5/19/2026 13:40,,,,0.12,,,,,,,,,,,,,,,,,,,,,,,,5/20/2026 11:50,5/20/2026 11:50,00671,OPO4,23,0.002,mg/L,+/- 0.002,U,SM4500PF,0.002,,,,,97132012,10543282,00671
P166177-1,98998001,98998,Non-WQM,Untreated_A,SW,GP,SAMP,EFIRE,EX,EFIRE,7/15/2026 10:10,,,,0.10,,,,,,,,,,,,,,,,,,,,,,,,7/16/2026 12:00,7/16/2026 12:00,00671,OPO4,23,0.005,mg/L,+/- 0.002,I,SM4500PF,0.002,,,,,98998001,10594168,00671
P166177-2,98998002,98998,Non-WQM,Herbicide_A,SW,GP,SAMP,EFIRE,EX,EFIRE,7/15/2026 10:40,,,,0.12,,,,,,,,,,,,,,,,,,,,,,,,7/16/2026 12:04,7/16/2026 12:04,00671,OPO4,23,0.002,mg/L,+/- 0.002,U,SM4500PF,0.002,,,,,98998002,10594173,00671
P166177-3,98998003,98998,Non-WQM,Burn_Herb_A,SW,GP,SAMP,EFIRE,EX,EFIRE,7/15/2026 11:10,,,,0.19,,,,,,,,,,,,,,,,,,,,,,,,7/16/2026 12:06,7/16/2026 12:06,00671,OPO4,23,0.002,mg/L,+/- 0.002,I,SM4500PF,0.002,,,,,98998003,10594178,00671
P166177-4,98998004,98998,Non-WQM,Burn_A,SW,GP,SAMP,EFIRE,EX,EFIRE,7/15/2026 11:25,,,,0.12,,,,,,,,,,,,,,,,,,,,,,,,7/16/2026 12:08,7/16/2026 12:08,00671,OPO4,23,0.002,mg/L,+/- 0.002,I,SM4500PF,0.002,,,,,98998004,10594183,00671
P166177-5,98998005,98998,Non-WQM,Untreated_B,SW,GP,SAMP,EFIRE,EX,EFIRE,7/15/2026 11:40,,,,0.07,,,,,,,,,,,,,,,,,,,,,,,,7/16/2026 12:10,7/16/2026 12:10,00671,OPO4,23,0.002,mg/L,+/- 0.002,U,SM4500PF,0.002,,,,,98998005,10594188,00671
P166177-6,98998006,98998,Non-WQM,Burn_B,SW,GP,SAMP,EFIRE,EX,EFIRE,7/15/2026 12:00,,,,0.14,,,,,,,,,,,,,,,,,,,,,,,,7/16/2026 12:11,7/16/2026 12:11,00671,OPO4,23,0.003,mg/L,+/- 0.002,I,SM4500PF,0.002,,,,,98998006,10594193,00671
P166177-7,98998007,98998,Non-WQM,Burn_Herb_B,SW,GP,SAMP,EFIRE,EX,EFIRE,7/15/2026 12:15,,,,0.12,,,,,,,,,,,,,,,,,,,,,,,,7/16/2026 12:13,7/16/2026 12:13,00671,OPO4,23,0.002,mg/L,+/- 0.002,I,SM4500PF,0.002,,,,,98998007,10594198,00671
P166177-8,98998008,98998,Non-WQM,Herbicide_B,SW,GP,SAMP,EFIRE,EX,EFIRE,7/15/2026 12:30,,,,0.08,,,,,,,,,,,,,,,,,,,,,,,,7/16/2026 12:15,7/16/2026 12:15,00671,OPO4,23,0.002,mg/L,+/- 0.002,U,SM4500PF,0.002,,,,,98998008,10594203,00671
P166177-9,98998009,98998,Non-WQM,Herbicide_C,SW,GP,SAMP,EFIRE,EX,EFIRE,7/15/2026 12:50,,,,0.09,,,,,,,,,,,,,,,,,,,,,,,,7/16/2026 12:17,7/16/2026 12:17,00671,OPO4,23,0.002,mg/L,+/- 0.002,I,SM4500PF,0.002,,,,,98998009,10594208,00671
P166177-10,98998010,98998,Non-WQM,Burn_Herb_C,SW,GP,SAMP,EFIRE,EX,EFIRE,7/15/2026 13:10,,,,0.15,,,,,,,,,,,,,,,,,,,,,,,,7/16/2026 12:19,7/16/2026 12:19,00671,OPO4,23,0.002,mg/L,+/- 0.002,U,SM4500PF,0.002,,,,,98998010,10594213,00671
P166177-11,98998011,98998,Non-WQM,Burn_C,SW,GP,SAMP,EFIRE,EX,EFIRE,7/15/2026 13:30,,,,0.07,,,,,,,,,,,,,,,,,,,,,,,,7/16/2026 12:24,7/16/2026 12:24,00671,OPO4,23,0.002,mg/L,+/- 0.002,I,SM4500PF,0.002,,,,,98998011,10594218,00671
P166177-12,98998012,98998,Non-WQM,Untreated_C,SW,GP,SAMP,EFIRE,EX,EFIRE,7/15/2026 13:45,,,,0.07,,,,,,,,,,,,,,,,,,,,,,,,7/16/2026 12:26,7/16/2026 12:26,00671,OPO4,23,0.002,mg/L,+/- 0.002,I,SM4500PF,0.002,,,,,98998012,10594223,00671
P166178-1,98999001,98999,Non-WQM,Untreated_A,SW,GP,SAMP,EFIRE,EX,EFIRE,7/28/2026 10:20,,,,0.11,,,,,,,,,,,,,,,,,,,,,,,,7/29/2026 11:18,7/29/2026 11:18,00671,OPO4,23,0.005,mg/L,+/- 0.002,I,SM4500PF,0.002,,,,,98999001,10608972,00671
P166178-2,98999002,98999,Non-WQM,Herbicide_A,SW,GP,SAMP,EFIRE,EX,EFIRE,7/28/2026 11:05,,,,0.06,,,,,,,,,,,,,,,,,,,,,,,,7/29/2026 11:19,7/29/2026 11:19,00671,OPO4,23,0.002,mg/L,+/- 0.002,U,SM4500PF,0.002,,,,,98999002,10608977,00671
P166178-3,98999003,98999,Non-WQM,Burn_Herb_A,SW,GP,SAMP,EFIRE,EX,EFIRE,7/28/2026 11:20,,,,0.1,,,,,,,,,,,,,,,,,,,,,,,,7/29/2026 11:21,7/29/2026 11:21,00671,OPO4,23,0.002,mg/L,+/- 0.002,U,SM4500PF,0.002,,,,,98999003,10608982,00671
P166178-4,98999004,98999,Non-WQM,Burn_A,SW,GP,SAMP,EFIRE,EX,EFIRE,7/28/2026 11:35,,,,0.1,,,,,,,,,,,,,,,,,,,,,,,,7/29/2026 11:23,7/29/2026 11:23,00671,OPO4,23,0.002,mg/L,+/- 0.002,U,SM4500PF,0.002,,,,,98999004,10608987,00671
P166178-5,98999005,98999,Non-WQM,Untreated_B,SW,GP,SAMP,EFIRE,EX,EFIRE,7/28/2026 11:50,,,,0.03,,,,,,,,,,,,,,,,,,,,,,,,7/29/2026 11:25,7/29/2026 11:25,00671,OPO4,23,0.002,mg/L,+/- 0.002,I,SM4500PF,0.002,,,,,98999005,10608992,00671
P166178-6,98999006,98999,Non-WQM,Burn_B,SW,GP,SAMP,EFIRE,EX,EFIRE,7/28/2026 12:05,,,,0.12,,,,,,,,,,,,,,,,,,,,,,,,7/29/2026 11:34,7/29/2026 11:34,00671,OPO4,23,0.002,mg/L,+/- 0.002,U,SM4500PF,0.002,,,,,98999006,10608997,00671
P166178-7,98999007,98999,Non-WQM,Burn_Herb_B,SW,GP,SAMP,EFIRE,EX,EFIRE,7/28/2026 12:20,,,,0.08,,,,,,,,,,,,,,,,,,,,,,,,7/29/2026 17:42,7/29/2026 17:42,00671,OPO4,23,0.002,mg/L,+/- 0.002,U,SM4500PF,0.002,,Ash from nearby fire present at site.,,,98999007,10609002,00671
P166178-8,98999008,98999,Non-WQM,Herbicide_B,SW,GP,SAMP,EFIRE,EX,EFIRE,7/28/2026 12:40,,,,0.06,,,,,,,,,,,,,,,,,,,,,,,,7/29/2026 17:44,7/29/2026 17:44,00671,OPO4,23,0.002,mg/L,+/- 0.002,U,SM4500PF,0.002,,Ash present at site,,,98999008,10609007,00671
P166178-9,98999009,98999,Non-WQM,Herbicide_C,SW,GP,SAMP,EFIRE,EX,EFIRE,7/28/2026 12:55,,,,0.04,,,,,,,,,,,,,,,,,,,,,,,,7/29/2026 11:42,7/29/2026 11:42,00671,OPO4,23,0.002,mg/L,+/- 0.002,U,SM4500PF,0.002,,Ash present at site,,,98999009,10609012,00671
P166178-10,98999010,98999,Non-WQM,Burn_Herb_C,SW,GP,SAMP,EFIRE,EX,EFIRE,7/28/2026 13:15,,,,0.07,,,,,,,,,,,,,,,,,,,,,,,,7/29/2026 11:43,7/29/2026 11:43,00671,OPO4,23,0.002,mg/L,+/- 0.002,U,SM4500PF,0.002,,Ash present at site,,,98999010,10609017,00671
P166178-11,98999011,98999,Non-WQM,Burn_C,SW,GP,SAMP,EFIRE,EX,EFIRE,7/28/2026 13:30,,,,0.05,,,,,,,,,,,,,,,,,,,,,,,,7/29/2026 11:45,7/29/2026 11:45,00671,OPO4,23,0.002,mg/L,+/- 0.002,I,SM4500PF,0.002,,Ash present at site,,,98999011,10609022,00671
P166178-12,98999012,98999,Non-WQM,Untreated_C,SW,GP,SAMP,EFIRE,EX,EFIRE,7/28/2026 13:45,,,,0.04,,,,,,,,,,,,,,,,,,,,,,,,7/29/2026 11:47,7/29/2026 11:47,00671,OPO4,23,0.002,mg/L,+/- 0.002,I,SM4500PF,0.002,,Ash present at site,,,98999012,10609027,00671
P167151-1,99471001,99471,Non-WQM,Untreated_A,SW,GP,SAMP,EFIRE,EX,EFIRE,6/30/2026 9:40,,,,0.10,,,,,,,,,,,,,,,,,,,,,,,,7/1/2026 12:03,7/1/2026 12:03,00671,OPO4,23,0.002,mg/L,+/- 0.002,U,SM4500PF,0.002,,,,,99471001,10581475,00671
P167151-2,99471002,99471,Non-WQM,Herbicide_A,SW,GP,SAMP,EFIRE,EX,EFIRE,6/30/2026 10:00,,,,0.07,,,,,,,,,,,,,,,,,,,,,,,,7/1/2026 12:09,7/1/2026 12:09,00671,OPO4,23,0.002,mg/L,+/- 0.002,U,SM4500PF,0.002,,,,,99471002,10581480,00671
P167151-3,99471003,99471,Non-WQM,Burn_Herb_A,SW,GP,SAMP,EFIRE,EX,EFIRE,6/30/2026 10:20,,,,0.15,,,,,,,,,,,,,,,,,,,,,,,,7/1/2026 12:10,7/1/2026 12:10,00671,OPO4,23,0.002,mg/L,+/- 0.002,U,SM4500PF,0.002,,,,,99471003,10581485,00671
P167151-4,99471004,99471,Non-WQM,Burn_A,SW,GP,SAMP,EFIRE,EX,EFIRE,6/30/2026 10:35,,,,0.06,,,,,,,,,,,,,,,,,,,,,,,,7/1/2026 12:12,7/1/2026 12:12,00671,OPO4,23,0.002,mg/L,+/- 0.002,I,SM4500PF,0.002,,,,,99471004,10581490,00671
P167151-6,99471006,99471,Non-WQM,Burn_B,SW,GP,SAMP,EFIRE,EX,EFIRE,6/30/2026 10:55,,,,0.09,,,,,,,,,,,,,,,,,,,,,,,,7/1/2026 12:14,7/1/2026 12:14,00671,OPO4,23,0.002,mg/L,+/- 0.002,U,SM4500PF,0.002,,,,,99471006,10581496,00671
P167151-7,99471007,99471,Non-WQM,Burn_Herb_B,SW,GP,SAMP,EFIRE,EX,EFIRE,6/30/2026 11:10,,,,0.08,,,,,,,,,,,,,,,,,,,,,,,,7/1/2026 12:16,7/1/2026 12:16,00671,OPO4,23,0.002,mg/L,+/- 0.002,U,SM4500PF,0.002,,,,,99471007,10581501,00671
P167151-8,99471008,99471,Non-WQM,Herbicide_B,SW,GP,SAMP,EFIRE,EX,EFIRE,6/30/2026 11:30,,,,0.05,,,,,,,,,,,,,,,,,,,,,,,,7/1/2026 12:18,7/1/2026 12:18,00671,OPO4,23,0.002,mg/L,+/- 0.002,U,SM4500PF,0.002,,,,,99471008,10581506,00671
P167151-10,99471010,99471,Non-WQM,Burn_Herb_C,SW,GP,SAMP,EFIRE,EX,EFIRE,6/30/2026 11:55,,,,0.12,,,,,,,,,,,,,,,,,,,,,,,,7/1/2026 12:20,7/1/2026 12:20,00671,OPO4,23,0.002,mg/L,+/- 0.002,U,SM4500PF,0.002,,,,,99471010,10581512,00671
P167151-11,99471011,99471,Non-WQM,Burn_C,SW,GP,SAMP,EFIRE,EX,EFIRE,6/30/2026 12:10,,,,0.07,,,,,,,,,,,,,,,,,,,,,,,,7/1/2026 12:22,7/1/2026 12:22,00671,OPO4,23,0.003,mg/L,+/- 0.002,I,SM4500PF,0.002,,,,,99471011,10581517,00671
P167151-12,99471012,99471,Non-WQM,Untreated_C,SW,GP,SAMP,EFIRE,EX,EFIRE,6/30/2026 12:25,,,,0.11,,,,,,,,,,,,,,,,,,,,,,,,7/1/2026 12:34,7/1/2026 12:34,00671,OPO4,23,0.002,mg/L,+/- 0.002,I,SM4500PF,0.002,,,,,99471012,10581522,00671
P155441-13,93721013,93721,Non-WQM,Untreated_A,DI,GP,FCEB,EFIRE,EX,EFIRE,4/10/2025 15:50,,,,,,,,,,,,,,,,,,,,,,,,,,,,4/11/2025 12:29,4/11/2025 12:29,00671,OPO4,23,0.002,mg/L,+/- 0.002,I,SM4500PF,0.002,,,,,93721013,10103527,00671
P155440-13,93720013,93720,Non-WQM,Untreated_A,DI,GP,FCEB,EFIRE,EX,EFIRE,3/25/2025 10:07,,,,,,,,,,,,,,,,,,,,,,,,,,,,3/26/2025 11:38,3/26/2025 11:38,00671,OPO4,23,0.002,mg/L,+/- 0.002,U,SM4500PF,0.002,,"DI 8186 through peristaltic pump tubing to bucket to sample bottles. Tray Flyers, bucket Kracker, filter lot 18197628, SA lot 072328.",,,93720013,10084957,00671
P155742-13,93872013,93872,Non-WQM,Untreated_A,DI,GP,FCEB,EFIRE,EX,EFIRE,4/21/2025 10:10,,,,,,,,,,,,,,,,,,,,,,,,,,,,4/22/2025 12:22,4/22/2025 12:22,00671,OPO4,23,0.002,mg/L,+/- 0.002,U,SM4500PF,0.002,,"DI 8166 through peristaltic pump tubing to bucket to sample bottles. Bucket Scooter, Tray Sheba, filter 17866092, SA 072823.",,,93872013,10115618,00671
P158399-13,95203013,95203,Non-WQM,Untreated_A,DI,GP,FCEB,EFIRE,EX,EFIRE,7/15/2025 9:25,,,,,,,,,,,,,,,,,,,,,,,,,,,,7/16/2025 11:55,7/16/2025 11:55,00671,OPO4,23,0.002,mg/L,+/- 0.002,U,SM4500PF,0.002,,,,,95203013,10211327,00671
P158396-13,95200013,95200,Non-WQM,Untreated_A,DI,GP,FCEB,EFIRE,EX,EFIRE,6/3/2025 9:40,,,,,,,,,,,,,,,,,,,,,,,,,,,,6/4/2025 14:19,6/4/2025 14:19,00671,OPO4,23,0.002,mg/L,+/- 0.002,U,SM4500PF,0.002,,"DI 8246 through peristaltic pump tubing to bucket to sample bottles. Bucket Mjolner, tray Redland, filter 17866092, H2SO4 072823.",,,95200013,10162699,00671
P158401-13,95205013,95205,Non-WQM,Untreated_A,DI,GP,FCEB,EFIRE,EX,EFIRE,8/26/2025 10:00,,,,,,,,,,,,,,,,,,,,,,,,,,,,8/27/2025 11:12,8/27/2025 11:12,00671,OPO4,23,0.002,mg/L,+/- 0.002,U,SM4500PF,0.002,,,,,95205013,10267374,00671
P158402-13,95206013,95206,Non-WQM,Untreated_A,DI,GP,FCEB,EFIRE,EX,EFIRE,9/9/2025 10:07,,,,,,,,,,,,,,,,,,,,,,,,,,,,9/10/2025 11:52,9/10/2025 11:52,00671,OPO4,23,0.002,mg/L,+/- 0.002,U,SM4500PF,0.002,,,,,95206013,10282966,00671
P158528-13,95272013,95272,Non-WQM,Untreated_A,DI,GP,FCEB,EFIRE,EX,EFIRE,10/21/2025 10:00,,,,,,,,,,,,,,,,,,,,,,,,,,,,10/22/2025 13:09,10/22/2025 13:09,00671,OPO4,23,0.002,mg/L,+/- 0.002,U,SM4500PF,0.002,,DI 8316 through peristaltic pump tubing to bucket to sample bottles. Filter lot 18129111. SA lot 072823. Tray Dustin D. Bucket Dexter. ,,,95272013,10338305,00671
P158519-13,95270013,95270,Non-WQM,Untreated_A,DI,GP,FCEB,EFIRE,EX,EFIRE,9/24/2025 10:00,,,,,,,,,,,,,,,,,,,,,,,,,,,,9/25/2025 11:55,9/25/2025 11:55,00671,OPO4,23,0.002,mg/L,+/- 0.002,U,SM4500PF,0.002,,,,,95270013,10303480,00671
P155444-13,93724013,93724,Non-WQM,Untreated_A,DI,GP,FCEB,EFIRE,EX,EFIRE,1/28/2025 10:30,,,,,,,,,,,,,,,,,,,,,,,,,,,,1/29/2025 12:11,1/29/2025 12:11,00671,OPO4,23,0.002,mg/L,+/- 0.002,U,SM4500PF,0.002,,"DI 8174 through peristaltic pump tubing to bucket to sample bottles. Bucket Dexter, tray Wild Bill, SA lot 072823, filter lot 81724837.",,,93724013,10014003,00671
P158400-13,95204013,95204,Non-WQM,Untreated_A,DI,GP,FCEB,EFIRE,EX,EFIRE,7/30/2025 10:18,,,,,,,,,,,,,,,,,,,,,,,,,,,,7/31/2025 11:48,7/31/2025 11:48,00671,OPO4,23,0.002,mg/L,+/- 0.002,U,SM4500PF,0.002,,,,,95204013,10232877,00671
P155744-13,93874013,93874,Non-WQM,Untreated_A,DI,GP,FCEB,EFIRE,EX,EFIRE,5/8/2025 9:40,,,,,,,,,,,,,,,,,,,,,,,,,,,,5/9/2025 11:41,5/9/2025 11:41,00671,OPO4,23,0.002,mg/L,+/- 0.002,U,SM4500PF,0.002,,"DI 8235 through peristaltic pump tubing to bucket to sample bottles. Bucket Chimichanga, Tray Trip, SA 072823, Filter lot 17866092.",,,93874013,10135423,00671
P155740-13,93870013,93870,Non-WQM,Untreated_A,DI,GP,FCEB,EFIRE,EX,EFIRE,4/14/2025 10:30,,,,,,,,,,,,,,,,,,,,,,,,,,,,4/15/2025 12:31,4/15/2025 12:31,00671,OPO4,23,0.002,mg/L,+/- 0.002,U,SM4500PF,0.002,,"DI 8216 through peristaltic pump to bucket. Tray Sheba, Bucket Scooter, filter 18278596, SA lot 072823.",,,93870013,10105869,00671
P155741-13,93871013,93871,Non-WQM,Untreated_A,DI,GP,FCEB,EFIRE,EX,EFIRE,4/16/2025 10:10,,,,,,,,,,,,,,,,,,,,,,,,,,,,4/17/2025 13:13,4/17/2025 13:13,00671,OPO4,23,0.002,mg/L,+/- 0.002,U,SM4500PF,0.002,,"DI 8213 through peristaltic pump tubing to bucket to sample bottles. Bucket Scooter, Tray ELC 11, SA 072823, filter 18181938.",,,93871013,10111022,00671
P158398-13,95202013,95202,Non-WQM,Untreated_A,DI,GP,FCEB,EFIRE,EX,EFIRE,7/1/2025 9:55,,,,,,,,,,,,,,,,,,,,,,,,,,,,7/2/2025 15:05,7/2/2025 15:05,00671,OPO4,23,0.002,mg/L,+/- 0.002,U,SM4500PF,0.002,,PC22|FCEB collected thru all sampling equipment.,,,95202013,10195432,00671
P158529-13,95273013,95273,Non-WQM,Untreated_A,DI,GP,FCEB,EFIRE,EX,EFIRE,11/4/2025 10:00,,,,,,,,,,,,,,,,,,,,,,,,,,,,11/5/2025 12:17,11/5/2025 12:17,00671,OPO4,23,0.002,mg/L,+/- 0.002,U,SM4500PF,0.002,,,,,95273013,10353948,00671
P155443-13,93723013,93723,Non-WQM,Untreated_A,DI,GP,FCEB,EFIRE,EX,EFIRE,12/17/2024 10:15,,,,,,,,,,,,,,,,,,,,,,,,,,,,12/18/2024 12:33,12/18/2024 12:33,00671,OPO4,23,0.002,mg/L,+/- 0.002,U,SM4500PF,0.002,,"DI 8075 through peristaltic pump tubing to bucket to sample bottles. Tray Orange, Bucket Dexter, Acid lot 072823, Filter lot 18197628.",,,93723013,9964219,00671
P158530-13,95274013,95274,Non-WQM,Untreated_A,DI,GP,FCEB,EFIRE,EX,EFIRE,11/18/2025 10:20,,,,,,,,,,,,,,,,,,,,,,,,,,,,11/19/2025 16:17,11/19/2025 16:17,00671,OPO4,23,0.002,mg/L,+/- 0.002,U,SM4500PF,0.002,,"DI 8369 through peristaltic pump tubing to bucket to sample bottles. Bucket Wille, tray Flyers, filter 18278596, SA 072823.",,,95274013,10368860,00671
P160184-13,96090013,96090,Non-WQM,Untreated_A,DI,GP,FCEB,EFIRE,EX,EFIRE,8/12/2025 10:08,,,,,,,,,,,,,,,,,,,,,,,,,,,,8/13/2025 12:43,8/13/2025 12:43,00671,OPO4,23,0.002,mg/L,+/- 0.002,U,SM4500PF,0.002,,,,,96090013,10248095,00671
P154830-13,93426013,93426,Non-WQM,Untreated_A,DI,GP,FCEB,EFIRE,EX,EFIRE,11/19/2024 10:30,,,,,,,,,,,,,,,,,,,,,,,,,,,,11/20/2024 12:40,11/20/2024 12:40,00671,OPO4,23,0.002,mg/L,+/- 0.002,U,SM4500PF,0.002,,"DI 8103 through peristaltic pump tubing to bucket to sample bottles. H2SO4 lot 072823, filter lot 17879938. Bucket- Maggie, Tray- Flyers.",,,93426013,9928489,00671
P158527-13,95271013,95271,Non-WQM,Untreated_A,DI,GP,FCEB,EFIRE,EX,EFIRE,10/8/2025 10:09,,,,,,,,,,,,,,,,,,,,,,,,,,,,10/9/2025 12:03,10/9/2025 12:03,00671,OPO4,23,0.002,mg/L,+/- 0.002,U,SM4500PF,0.002,,,,,95271013,10321004,00671
P155439-13,93719013,93719,Non-WQM,Untreated_A,DI,GP,FCEB,EFIRE,EX,EFIRE,2/26/2025 10:20,,,,,,,,,,,,,,,,,,,,,,,,,,,,2/27/2025 12:59,2/27/2025 12:59,00671,OPO4,23,0.002,mg/L,+/- 0.002,U,SM4500PF,0.002,,"DI 8174 through peristaltic pump tubing to bucket to sample bottles. Tray 3, bucket Chimichanga, filter G8825136, SA 072823. Ash in the air from nearby burn.",,,93719013,10052423,00671
P158531-13,95275013,95275,Non-WQM,Untreated_A,DI,GP,FCEB,EFIRE,EX,EFIRE,12/3/2025 10:40,,,,,,,,,,,,,,,,,,,,,,,,,,,,12/4/2025 11:32,12/4/2025 11:32,00671,OPO4,23,0.002,mg/L,+/- 0.002,U,SM4500PF,0.002,,PC22|FCEB collected thru all sampling equipment.,,,95275013,10382024,00671
P155442-13,93722013,93722,Non-WQM,Untreated_A,DI,GP,FCEB,EFIRE,EX,EFIRE,4/11/2025 10:30,,,,,,,,,,,,,,,,,,,,,,,,,,,,4/15/2025 11:57,4/15/2025 11:57,00671,OPO4,23,0.002,mg/L,+/- 0.002,U,SM4500PF,0.002,,"DI 8229 through peristaltic pump to bucket to sample bottles. Tray Rocky, bucket Nantucket, SA 072823, filter 18278596.",,Q,93722013,10103933,00671
P162251-13,97134013,97134,Non-WQM,Burn_Herb_B,DI,GP,FCEB,EFIRE,EX,EFIRE,6/16/2026 11:20,,,,,,,,,,,,,,,,,,,,,,,,,,,,6/17/2026 13:15,6/17/2026 13:15,00671,OPO4,23,0.002,mg/L,+/- 0.002,U,SM4500PF,0.002,,FCEB ran through all sampling equipment.,,,97134013,10568825,00671
P166180-13,99001013,99001,Non-WQM,Burn_Herb_A,DI,GP,FCEB,EFIRE,EX,EFIRE,8/25/2026 10:30,,,,,,,,,,,,,,,,,,,,,,,,,,,,8/26/2026 12:15,8/26/2026 12:15,00671,OPO4,23,0.002,mg/L,+/- 0.002,U,SM4500PF,0.002,,FCEB collected thru all sampling equipment,,,99001013,10640512,00671
P166182-13,99003013,99003,Non-WQM,Untreated_A,DI,GP,FCEB,EFIRE,EX,EFIRE,9/22/2026 9:55,,,,,,,,,,,,,,,,,,,,,,,,,,,,9/23/2026 11:31,9/23/2026 11:31,00671,OPO4,23,0.002,mg/L,+/- 0.002,I,SM4500PF,0.002,,FCEB collected through all sampling equipment.,,,99003013,10673898,00671
P164236-13,98069013,98069,Non-WQM,Untreated_A,DI,GP,FCEB,EFIRE,EX,EFIRE,5/6/2026 9:45,,,,,,,,,,,,,,,,,,,,,,,,,,,,5/7/2026 10:53,5/7/2026 10:53,00671,OPO4,23,0.002,mg/L,+/- 0.002,U,SM4500PF,0.002,,FCEB collected through all sampling equipment. ,,,98069013,10528973,00671
P166181-13,99002013,99002,Non-WQM,Herbicide_A,DI,GP,FCEB,EFIRE,EX,EFIRE,9/10/2026 10:15,,,,,,,,,,,,,,,,,,,,,,,,,,,,9/11/2026 11:43,9/11/2026 11:43,00671,OPO4,23,0.002,mg/L,+/- 0.002,U,SM4500PF,0.002,,FCEB ran thru all sampling equipment. ,,,99002013,10658720,00671
P158532-13,95276013,95276,Non-WQM,Untreated_A,DI,GP,FCEB,EFIRE,EX,EFIRE,12/22/2025 10:30,,,,,,,,,,,,,,,,,,,,,,,,,,,,12/23/2025 14:57,12/23/2025 14:57,00671,OPO4,23,0.002,mg/L,+/- 0.002,I,SM4500PF,0.002,,"DI 8394 through peristaltic pump tubing to bucket to sample bottles. Bucket Mjolner, tray Rocky. SA lot 072823, filter whatman polydisc 18230857.",,,95276013,10403756,00671
P166179-13,99000013,99000,Non-WQM,Untreated_A,DI,GP,FCEB,EFIRE,EX,EFIRE,8/11/2026 9:50,,,,,,,,,,,,,,,,,,,,,,,,,,,,8/12/2026 11:47,8/12/2026 11:47,00671,OPO4,23,0.002,mg/L,+/- 0.002,U,SM4500PF,0.002,,FCEB collected through all sampling equipment,,,99000013,10625595,00671
P162250-13,97133013,97133,Non-WQM,Untreated_A,DI,GP,FCEB,EFIRE,EX,EFIRE,6/2/2026 10:20,,,,,,,,,,,,,,,,,,,,,,,,,,,,6/3/2026 11:19,6/3/2026 11:19,00671,OPO4,23,0.002,mg/L,+/- 0.002,U,SM4500PF,0.002,,,,,97133013,10554743,00671
P162249-13,97132013,97132,Non-WQM,Untreated_A,DI,GP,FCEB,EFIRE,EX,EFIRE,5/19/2026 10:50,,,,,,,,,,,,,,,,,,,,,,,,,,,,5/20/2026 11:40,5/20/2026 11:40,00671,OPO4,23,0.002,mg/L,+/- 0.002,U,SM4500PF,0.002,,FCEB collected thru all sampling equipment.,,,97132013,10543287,00671
P166177-13,98998013,98998,Non-WQM,Herbicide_A,DI,GP,FCEB,EFIRE,EX,EFIRE,7/15/2026 10:50,,,,,,,,,,,,,,,,,,,,,,,,,,,,7/16/2026 12:28,7/16/2026 12:28,00671,OPO4,23,0.002,mg/L,+/- 0.002,U,SM4500PF,0.002,,FCEB ran through all sampling equipment,,,98998013,10594228,00671
P166178-13,98999013,98999,Non-WQM,Herbicide_A,DI,GP,FCEB,EFIRE,EX,EFIRE,7/28/2026 10:52,,,,,,,,,,,,,,,,,,,,,,,,,,,,7/29/2026 11:49,7/29/2026 11:49,00671,OPO4,23,0.002,mg/L,+/- 0.002,U,SM4500PF,0.002,,DI 8491 through peristaltic pump tubing to bucket to sample bottles.,,,98999013,10609032,00671
P167151-13,99471013,99471,Non-WQM,Burn_Herb_B,DI,GP,FCEB,EFIRE,EX,EFIRE,6/30/2026 11:10,,,,,,,,,,,,,,,,,,,,,,,,,,,,7/1/2026 12:26,7/1/2026 12:26,00671,OPO4,23,0.002,mg/L,+/- 0.002,U,SM4500PF,0.002,,FCEB collected thru all sampling equipment.,,,99471013,10581527,00671
P158397-13,95201013,95201,Non-WQM,Untreated_A,DI,GP,FB,EFIRE,EX,EFIRE,6/17/2025 10:15,,,,,,,,,,,,,,,,,,,,,,,,,,,,6/18/2025 10:25,6/18/2025 10:25,00671,OPO4,23,0.002,mg/L,+/- 0.002,U,SM4500PF,0.002,,DI 8242 through peristaltic pump tubing into sampling bucket.,,,95201013,10179126,00671
P158395-13,95199013,95199,Non-WQM,Untreated_A,DI,GP,FB,EFIRE,EX,EFIRE,5/21/2025 9:55,,,,,,,,,,,,,,,,,,,,,,,,,,,,5/22/2025 12:34,5/22/2025 12:34,00671,OPO4,23,0.002,mg/L,+/- 0.002,U,SM4500PF,0.002,,DI 8225 through peristaltic pump tubing to bucket to sample bottles. ,,,95199013,10150366,00671
P155440-1,93720001,93720,Non-WQM,Untreated_A,SW,GP,SAMP,EFIRE,EX,EFIRE,3/25/2025 9:45,,,,0.15,,,,,,,,,,,,,,,,,,,,,,,,3/28/2025 13:34,3/27/2025 14:27,00666,TDPO4,26,0.021,mg/L,+/- 0.002,,SM4500PF,0.002,,,,,93720001,10084947,00666
P155440-2,93720002,93720,Non-WQM,Herbicide_A,SW,GP,SAMP,EFIRE,EX,EFIRE,3/25/2025 10:23,,,,0.11,,,,,,,,,,,,,,,,,,,,,,,,3/28/2025 13:38,3/27/2025 14:27,00666,TDPO4,26,0.016,mg/L,+/- 0.002,,SM4500PF,0.002,,,,,93720002,10084971,00666
P155440-3,93720003,93720,Non-WQM,Burn_Herb_A,SW,GP,SAMP,EFIRE,EX,EFIRE,3/25/2025 10:43,,,,0.14,,,,,,,,,,,,,,,,,,,,,,,,3/28/2025 13:42,3/27/2025 14:27,00666,TDPO4,26,0.017,mg/L,+/- 0.002,,SM4500PF,0.002,,,,,93720003,10084983,00666
P155440-4,93720004,93720,Non-WQM,Burn_A,SW,GP,SAMP,EFIRE,EX,EFIRE,3/25/2025 11:11,,,,0.09,,,,,,,,,,,,,,,,,,,,,,,,3/28/2025 13:46,3/27/2025 14:27,00666,TDPO4,26,0.018,mg/L,+/- 0.002,,SM4500PF,0.002,,,,,93720004,10084995,00666
P155440-5,93720005,93720,Non-WQM,Untreated_B,SW,GP,SAMP,EFIRE,EX,EFIRE,3/25/2025 11:35,,,,0.11,,,,,,,,,,,,,,,,,,,,,,,,3/28/2025 13:51,3/27/2025 14:27,00666,TDPO4,26,0.018,mg/L,+/- 0.002,,SM4500PF,0.002,,,,,93720005,10085007,00666
P155440-6,93720006,93720,Non-WQM,Burn_B,SW,GP,SAMP,EFIRE,EX,EFIRE,3/25/2025 11:51,,,,0.1,,,,,,,,,,,,,,,,,,,,,,,,3/28/2025 13:55,3/27/2025 14:27,00666,TDPO4,26,0.016,mg/L,+/- 0.002,,SM4500PF,0.002,,,,,93720006,10085019,00666
P155440-7,93720007,93720,Non-WQM,Burn_Herb_B,SW,GP,SAMP,EFIRE,EX,EFIRE,3/25/2025 12:07,,,,0.16,,,,,,,,,,,,,,,,,,,,,,,,3/28/2025 13:59,3/27/2025 14:27,00666,TDPO4,26,0.015,mg/L,+/- 0.002,,SM4500PF,0.002,,,,,93720007,10085031,00666
P155440-8,93720008,93720,Non-WQM,Herbicide_B,SW,GP,SAMP,EFIRE,EX,EFIRE,3/25/2025 12:22,,,,0.1,,,,,,,,,,,,,,,,,,,,,,,,3/28/2025 14:03,3/27/2025 14:27,00666,TDPO4,26,0.018,mg/L,+/- 0.002,,SM4500PF,0.002,,,,,93720008,10085043,00666
P155440-9,93720009,93720,Non-WQM,Herbicide_C,SW,GP,SAMP,EFIRE,EX,EFIRE,3/25/2025 12:39,,,,0.12,,,,,,,,,,,,,,,,,,,,,,,,3/28/2025 14:07,3/27/2025 14:27,00666,TDPO4,26,0.016,mg/L,+/- 0.002,,SM4500PF,0.002,,,,,93720009,10085055,00666
P155440-10,93720010,93720,Non-WQM,Burn_Herb_C,SW,GP,SAMP,EFIRE,EX,EFIRE,3/25/2025 12:54,,,,0.14,,,,,,,,,,,,,,,,,,,,,,,,3/28/2025 14:20,3/27/2025 14:27,00666,TDPO4,26,0.015,mg/L,+/- 0.002,,SM4500PF,0.002,,,,,93720010,10085067,00666
P155440-11,93720011,93720,Non-WQM,Burn_C,SW,GP,SAMP,EFIRE,EX,EFIRE,3/25/2025 13:10,,,,0.08,,,,,,,,,,,,,,,,,,,,,,,,3/28/2025 14:24,3/27/2025 14:27,00666,TDPO4,26,0.016,mg/L,+/- 0.002,,SM4500PF,0.002,,,,,93720011,10085079,00666
P155440-12,93720012,93720,Non-WQM,Untreated_C,SW,GP,SAMP,EFIRE,EX,EFIRE,3/25/2025 13:22,,,,0.1,,,,,,,,,,,,,,,,,,,,,,,,3/28/2025 14:28,3/27/2025 14:27,00666,TDPO4,26,0.014,mg/L,+/- 0.002,,SM4500PF,0.002,,,,,93720012,10085091,00666
P155742-1,93872001,93872,Non-WQM,Untreated_A,SW,GP,SAMP,EFIRE,EX,EFIRE,4/21/2025 10:00,,,,0.05,,,,,,,,,,,,,,,,,,,,,,,,4/29/2025 15:07,4/25/2025 16:27,00666,TDPO4,26,0.037,mg/L,+/- 0.003,,SM4500PF,0.002,,,,,93872001,10115608,00666
P155742-2,93872002,93872,Non-WQM,Herbicide_A,SW,GP,SAMP,EFIRE,EX,EFIRE,4/21/2025 10:20,,,,0.05,,,,,,,,,,,,,,,,,,,,,,,,4/29/2025 15:09,4/25/2025 16:27,00666,TDPO4,26,0.027,mg/L,+/- 0.002,,SM4500PF,0.002,,,,,93872002,10115632,00666
P155742-3,93872003,93872,Non-WQM,Burn_Herb_A,SW,GP,SAMP,EFIRE,EX,EFIRE,4/21/2025 10:45,,,,0.06,,,,,,,,,,,,,,,,,,,,,,,,4/29/2025 15:22,4/25/2025 16:27,00666,TDPO4,26,0.028,mg/L,+/- 0.003,,SM4500PF,0.002,,,,,93872003,10115644,00666
P155742-4,93872004,93872,Non-WQM,Burn_A,SW,GP,SAMP,EFIRE,EX,EFIRE,4/21/2025 11:30,,,,0.05,,,,,,,,,,,,,,,,,,,,,,,,4/29/2025 15:19,4/25/2025 16:27,00666,TDPO4,26,0.04,mg/L,+/- 0.003,,SM4500PF,0.002,,,,,93872004,10115656,00666
P155742-5,93872005,93872,Non-WQM,Untreated_B,SW,GP,SAMP,EFIRE,EX,EFIRE,4/21/2025 11:55,,,,0.05,,,,,,,,,,,,,,,,,,,,,,,,4/29/2025 15:24,4/25/2025 16:27,00666,TDPO4,26,0.087,mg/L,+/- 0.006,,SM4500PF,0.002,,,,,93872005,10115668,00666
P155742-6,93872006,93872,Non-WQM,Burn_B,SW,GP,SAMP,EFIRE,EX,EFIRE,4/21/2025 12:20,,,,0.05,,,,,,,,,,,,,,,,,,,,,,,,4/29/2025 15:26,4/25/2025 16:27,00666,TDPO4,26,0.027,mg/L,+/- 0.002,,SM4500PF,0.002,,,,,93872006,10115680,00666
P155742-7,93872007,93872,Non-WQM,Burn_Herb_B,SW,GP,SAMP,EFIRE,EX,EFIRE,4/21/2025 12:35,,,,0.06,,,,,,,,,,,,,,,,,,,,,,,,4/29/2025 15:28,4/25/2025 16:27,00666,TDPO4,26,0.026,mg/L,+/- 0.002,,SM4500PF,0.002,,,,,93872007,10115692,00666
P155742-8,93872008,93872,Non-WQM,Herbicide_B,SW,GP,SAMP,EFIRE,EX,EFIRE,4/21/2025 12:50,,,,0.05,,,,,,,,,,,,,,,,,,,,,,,,4/29/2025 15:30,4/25/2025 16:27,00666,TDPO4,26,0.022,mg/L,+/- 0.002,,SM4500PF,0.002,,,,,93872008,10115704,00666
P155742-9,93872009,93872,Non-WQM,Herbicide_C,SW,GP,SAMP,EFIRE,EX,EFIRE,4/21/2025 13:05,,,,0.04,,,,,,,,,,,,,,,,,,,,,,,,4/29/2025 15:32,4/25/2025 16:27,00666,TDPO4,26,0.039,mg/L,+/- 0.003,,SM4500PF,0.002,,,,,93872009,10115716,00666
P155742-10,93872010,93872,Non-WQM,Burn_Herb_C,SW,GP,SAMP,EFIRE,EX,EFIRE,4/21/2025 13:20,,,,0.08,,,,,,,,,,,,,,,,,,,,,,,,4/29/2025 15:34,4/25/2025 16:27,00666,TDPO4,26,0.018,mg/L,+/- 0.002,,SM4500PF,0.002,,,,,93872010,10115728,00666
P155742-11,93872011,93872,Non-WQM,Burn_C,SW,GP,SAMP,EFIRE,EX,EFIRE,4/21/2025 13:35,,,,0.08,,,,,,,,,,,,,,,,,,,,,,,,4/29/2025 15:36,4/25/2025 16:27,00666,TDPO4,26,0.02,mg/L,+/- 0.002,,SM4500PF,0.002,,,,,93872011,10115740,00666
P155742-12,93872012,93872,Non-WQM,Untreated_C,SW,GP,SAMP,EFIRE,EX,EFIRE,4/21/2025 13:45,,,,0.05,,,,,,,,,,,,,,,,,,,,,,,,4/29/2025 15:38,4/25/2025 16:27,00666,TDPO4,26,0.023,mg/L,+/- 0.002,,SM4500PF,0.002,,,,,93872012,10115752,00666
P158395-1,95199001,95199,Non-WQM,Untreated_A,SW,GP,SAMP,EFIRE,EX,EFIRE,5/21/2025 9:40,,,,0.1,,,,,,,,,,,,,,,,,,,,,,,,5/29/2025 12:48,5/28/2025 15:06,00666,TDPO4,26,0.021,mg/L,+/- 0.002,,SM4500PF,0.002,,,,,95199001,10150363,00666
P158395-2,95199002,95199,Non-WQM,Herbicide_A,SW,GP,SAMP,EFIRE,EX,EFIRE,5/21/2025 10:10,,,,0.15,,,,,,,,,,,,,,,,,,,,,,,,5/29/2025 12:50,5/28/2025 15:06,00666,TDPO4,26,0.017,mg/L,+/- 0.002,,SM4500PF,0.002,,,,,95199002,10150373,00666
P158395-3,95199003,95199,Non-WQM,Burn_Herb_A,SW,GP,SAMP,EFIRE,EX,EFIRE,5/21/2025 10:25,,,,0.16,,,,,,,,,,,,,,,,,,,,,,,,5/29/2025 12:52,5/28/2025 15:06,00666,TDPO4,26,0.019,mg/L,+/- 0.002,,SM4500PF,0.002,,,,,95199003,10150378,00666
P158395-4,95199004,95199,Non-WQM,Burn_A,SW,GP,SAMP,EFIRE,EX,EFIRE,5/21/2025 10:50,,,,0.13,,,,,,,,,,,,,,,,,,,,,,,,5/29/2025 12:54,5/28/2025 15:06,00666,TDPO4,26,0.027,mg/L,+/- 0.002,,SM4500PF,0.002,,,,,95199004,10150383,00666
P158395-5,95199005,95199,Non-WQM,Untreated_B,SW,GP,SAMP,EFIRE,EX,EFIRE,5/21/2025 11:10,,,,0.14,,,,,,,,,,,,,,,,,,,,,,,,5/29/2025 12:56,5/28/2025 15:06,00666,TDPO4,26,0.028,mg/L,+/- 0.003,,SM4500PF,0.002,,,,,95199005,10150388,00666
P158395-6,95199006,95199,Non-WQM,Burn_B,SW,GP,SAMP,EFIRE,EX,EFIRE,5/21/2025 11:25,,,,0.16,,,,,,,,,,,,,,,,,,,,,,,,5/29/2025 12:57,5/28/2025 15:06,00666,TDPO4,26,0.021,mg/L,+/- 0.002,,SM4500PF,0.002,,,,,95199006,10150393,00666
P158395-7,95199007,95199,Non-WQM,Burn_Herb_B,SW,GP,SAMP,EFIRE,EX,EFIRE,5/21/2025 11:40,,,,0.17,,,,,,,,,,,,,,,,,,,,,,,,5/29/2025 12:59,5/28/2025 15:06,00666,TDPO4,26,0.032,mg/L,+/- 0.003,,SM4500PF,0.002,,Visible turbidity in water column.,,,95199007,10150398,00666
P158395-8,95199008,95199,Non-WQM,Herbicide_B,SW,GP,SAMP,EFIRE,EX,EFIRE,5/21/2025 11:50,,,,0.13,,,,,,,,,,,,,,,,,,,,,,,,5/29/2025 13:01,5/28/2025 15:06,00666,TDPO4,26,0.018,mg/L,+/- 0.002,,SM4500PF,0.002,,,,,95199008,10150403,00666
P158395-9,95199009,95199,Non-WQM,Herbicide_C,SW,GP,SAMP,EFIRE,EX,EFIRE,5/21/2025 12:05,,,,0.14,,,,,,,,,,,,,,,,,,,,,,,,5/29/2025 13:11,5/28/2025 15:06,00666,TDPO4,26,0.019,mg/L,+/- 0.002,,SM4500PF,0.002,,,,,95199009,10150408,00666
P158395-10,95199010,95199,Non-WQM,Burn_Herb_C,SW,GP,SAMP,EFIRE,EX,EFIRE,5/21/2025 12:20,,,,0.17,,,,,,,,,,,,,,,,,,,,,,,,5/29/2025 13:15,5/28/2025 15:06,00666,TDPO4,26,0.02,mg/L,+/- 0.002,,SM4500PF,0.002,,,,,95199010,10150413,00666
P158395-11,95199011,95199,Non-WQM,Burn_C,SW,GP,SAMP,EFIRE,EX,EFIRE,5/21/2025 12:30,,,,0.22,,,,,,,,,,,,,,,,,,,,,,,,5/29/2025 13:16,5/28/2025 15:06,00666,TDPO4,26,0.022,mg/L,+/- 0.002,,SM4500PF,0.002,,,,,95199011,10150418,00666
P158395-12,95199012,95199,Non-WQM,Untreated_C,SW,GP,SAMP,EFIRE,EX,EFIRE,5/21/2025 12:45,,,,0.16,,,,,,,,,,,,,,,,,,,,,,,,5/29/2025 13:18,5/28/2025 15:06,00666,TDPO4,26,0.026,mg/L,+/- 0.002,,SM4500PF,0.002,,,,,95199012,10150423,00666
P158401-1,95205001,95205,Non-WQM,Untreated_A,SW,GP,SAMP,EFIRE,EX,EFIRE,8/26/2025 9:50,,,,0.07,,,,,,,,,,,,,,,,,,,,,,,,9/4/2025 14:08,9/3/2025 9:38,00666,TDPO4,26,0.012,mg/L,+/- 0.002,,SM4500PF,0.002,,,,,95205001,10267311,00666
P158401-2,95205002,95205,Non-WQM,Herbicide_A,SW,GP,SAMP,EFIRE,EX,EFIRE,8/26/2025 10:15,,,,0.15,,,,,,,,,,,,,,,,,,,,,,,,9/4/2025 14:12,9/3/2025 9:38,00666,TDPO4,26,0.009,mg/L,+/- 0.002,,SM4500PF,0.002,,,,,95205002,10267316,00666
P158401-3,95205003,95205,Non-WQM,Burn_Herb_A,SW,GP,SAMP,EFIRE,EX,EFIRE,8/26/2025 10:30,,,,0.16,,,,,,,,,,,,,,,,,,,,,,,,9/4/2025 14:16,9/3/2025 9:38,00666,TDPO4,26,0.009,mg/L,+/- 0.002,,SM4500PF,0.002,,,,,95205003,10267321,00666
P158401-4,95205004,95205,Non-WQM,Burn_A,SW,GP,SAMP,EFIRE,EX,EFIRE,8/26/2025 10:45,,,,0.11,,,,,,,,,,,,,,,,,,,,,,,,9/4/2025 14:20,9/3/2025 9:38,00666,TDPO4,26,0.009,mg/L,+/- 0.002,,SM4500PF,0.002,,,,,95205004,10267326,00666
P158401-5,95205005,95205,Non-WQM,Untreated_B,SW,GP,SAMP,EFIRE,EX,EFIRE,8/26/2025 10:55,,,,0.11,,,,,,,,,,,,,,,,,,,,,,,,9/4/2025 14:31,9/3/2025 9:38,00666,TDPO4,26,0.015,mg/L,+/- 0.002,,SM4500PF,0.002,,,,,95205005,10267331,00666
P158401-6,95205006,95205,Non-WQM,Burn_B,SW,GP,SAMP,EFIRE,EX,EFIRE,8/26/2025 11:10,,,,0.11,,,,,,,,,,,,,,,,,,,,,,,,9/4/2025 14:37,9/3/2025 9:38,00666,TDPO4,26,0.009,mg/L,+/- 0.002,,SM4500PF,0.002,,,,,95205006,10267336,00666
P158401-7,95205007,95205,Non-WQM,Burn_Herb_B,SW,GP,SAMP,EFIRE,EX,EFIRE,8/26/2025 11:25,,,,0.16,,,,,,,,,,,,,,,,,,,,,,,,9/4/2025 14:41,9/3/2025 9:38,00666,TDPO4,26,0.009,mg/L,+/- 0.002,,SM4500PF,0.002,,,,,95205007,10267341,00666
P158401-8,95205008,95205,Non-WQM,Herbicide_B,SW,GP,SAMP,EFIRE,EX,EFIRE,8/26/2025 11:35,,,,0.07,,,,,,,,,,,,,,,,,,,,,,,,9/4/2025 14:44,9/3/2025 9:38,00666,TDPO4,26,0.01,mg/L,+/- 0.002,,SM4500PF,0.002,,,,,95205008,10267346,00666
P158401-9,95205009,95205,Non-WQM,Herbicide_C,SW,GP,SAMP,EFIRE,EX,EFIRE,8/26/2025 11:45,,,,0.09,,,,,,,,,,,,,,,,,,,,,,,,9/4/2025 14:48,9/3/2025 9:38,00666,TDPO4,26,0.011,mg/L,+/- 0.002,,SM4500PF,0.002,,,,,95205009,10267351,00666
P158401-10,95205010,95205,Non-WQM,Burn_Herb_C,SW,GP,SAMP,EFIRE,EX,EFIRE,8/26/2025 12:00,,,,0.15,,,,,,,,,,,,,,,,,,,,,,,,9/4/2025 14:54,9/3/2025 9:38,00666,TDPO4,26,0.008,mg/L,+/- 0.002,,SM4500PF,0.002,,,,,95205010,10267356,00666
P158401-11,95205011,95205,Non-WQM,Burn_C,SW,GP,SAMP,EFIRE,EX,EFIRE,8/26/2025 12:15,,,,0.15,,,,,,,,,,,,,,,,,,,,,,,,9/4/2025 14:58,9/3/2025 9:38,00666,TDPO4,26,0.009,mg/L,+/- 0.002,,SM4500PF,0.002,,,,,95205011,10267361,00666
P158401-12,95205012,95205,Non-WQM,Untreated_C,SW,GP,SAMP,EFIRE,EX,EFIRE,8/26/2025 12:25,,,,0.14,,,,,,,,,,,,,,,,,,,,,,,,9/4/2025 15:01,9/3/2025 9:38,00666,TDPO4,26,0.01,mg/L,+/- 0.002,,SM4500PF,0.002,,,,,95205012,10267366,00666
P158402-1,95206001,95206,Non-WQM,Untreated_A,SW,GP,SAMP,EFIRE,EX,EFIRE,9/9/2025 9:55,,,,0.13,,,,,,,,,,,,,,,,,,,,,,,,9/18/2025 12:39,9/16/2025 13:55,00666,TDPO4,26,0.01,mg/L,+/- 0.002,,SM4500PF,0.002,,,,,95206001,10282908,00666
P158402-2,95206002,95206,Non-WQM,Herbicide_A,SW,GP,SAMP,EFIRE,EX,EFIRE,9/9/2025 10:20,,,,0.13,,,,,,,,,,,,,,,,,,,,,,,,9/18/2025 12:43,9/16/2025 13:55,00666,TDPO4,26,0.008,mg/L,+/- 0.002,,SM4500PF,0.002,,,,,95206002,10282913,00666
P158402-3,95206003,95206,Non-WQM,Burn_Herb_A,SW,GP,SAMP,EFIRE,EX,EFIRE,9/9/2025 10:33,,,,0.13,,,,,,,,,,,,,,,,,,,,,,,,9/18/2025 12:46,9/16/2025 13:55,00666,TDPO4,26,0.008,mg/L,+/- 0.002,,SM4500PF,0.002,,,,,95206003,10282918,00666
P158402-4,95206004,95206,Non-WQM,Burn_A,SW,GP,SAMP,EFIRE,EX,EFIRE,9/9/2025 10:44,,,,0.13,,,,,,,,,,,,,,,,,,,,,,,,9/18/2025 12:50,9/16/2025 13:55,00666,TDPO4,26,0.008,mg/L,+/- 0.002,,SM4500PF,0.002,,,,,95206004,10282923,00666
P158402-5,95206005,95206,Non-WQM,Untreated_B,SW,GP,SAMP,EFIRE,EX,EFIRE,9/9/2025 11:17,,,,0.12,,,,,,,,,,,,,,,,,,,,,,,,9/18/2025 12:56,9/16/2025 13:55,00666,TDPO4,26,0.012,mg/L,+/- 0.002,,SM4500PF,0.002,,,,,95206005,10282928,00666
P158402-6,95206006,95206,Non-WQM,Burn_B,SW,GP,SAMP,EFIRE,EX,EFIRE,9/9/2025 11:00,,,,0.21,,,,,,,,,,,,,,,,,,,,,,,,9/18/2025 13:00,9/16/2025 13:55,00666,TDPO4,26,0.008,mg/L,+/- 0.002,,SM4500PF,0.002,,,,,95206006,10282933,00666
P158402-7,95206007,95206,Non-WQM,Burn_Herb_B,SW,GP,SAMP,EFIRE,EX,EFIRE,9/9/2025 11:32,,,,0.15,,,,,,,,,,,,,,,,,,,,,,,,9/18/2025 13:03,9/16/2025 13:55,00666,TDPO4,26,0.009,mg/L,+/- 0.002,,SM4500PF,0.002,,,,,95206007,10282938,00666
P158402-8,95206008,95206,Non-WQM,Herbicide_B,SW,GP,SAMP,EFIRE,EX,EFIRE,9/9/2025 11:50,,,,0.15,,,,,,,,,,,,,,,,,,,,,,,,9/18/2025 13:07,9/16/2025 13:55,00666,TDPO4,26,0.009,mg/L,+/- 0.002,,SM4500PF,0.002,,,,,95206008,10282943,00666
P158402-9,95206009,95206,Non-WQM,Herbicide_C,SW,GP,SAMP,EFIRE,EX,EFIRE,9/9/2025 12:02,,,,0.13,,,,,,,,,,,,,,,,,,,,,,,,9/18/2025 13:11,9/16/2025 13:55,00666,TDPO4,26,0.008,mg/L,+/- 0.002,,SM4500PF,0.002,,,,,95206009,10282948,00666
P158402-10,95206010,95206,Non-WQM,Burn_Herb_C,SW,GP,SAMP,EFIRE,EX,EFIRE,9/9/2025 12:14,,,,0.2,,,,,,,,,,,,,,,,,,,,,,,,9/18/2025 13:24,9/16/2025 13:55,00666,TDPO4,26,0.008,mg/L,+/- 0.002,,SM4500PF,0.002,,,,,95206010,10282953,00666
P158402-11,95206011,95206,Non-WQM,Burn_C,SW,GP,SAMP,EFIRE,EX,EFIRE,9/9/2025 12:24,,,,0.12,,,,,,,,,,,,,,,,,,,,,,,,9/18/2025 13:28,9/16/2025 13:55,00666,TDPO4,26,0.008,mg/L,+/- 0.002,,SM4500PF,0.002,,,,,95206011,10282958,00666
P158402-12,95206012,95206,Non-WQM,Untreated_C,SW,GP,SAMP,EFIRE,EX,EFIRE,9/9/2025 12:34,,,,0.17,,,,,,,,,,,,,,,,,,,,,,,,9/18/2025 13:32,9/16/2025 13:55,00666,TDPO4,26,0.007,mg/L,+/- 0.002,,SM4500PF,0.002,,,,,95206012,10282963,00666
P158519-1,95270001,95270,Non-WQM,Untreated_A,SW,GP,SAMP,EFIRE,EX,EFIRE,9/24/2025 9:50,,,,0.11,,,,,,,,,,,,,,,,,,,,,,,,10/7/2025 12:23,10/6/2025 13:22,00666,TDPO4,26,0.016,mg/L,+/- 0.002,,SM4500PF,0.002,,,,G,95270001,10303422,00666
P158519-2,95270002,95270,Non-WQM,Herbicide_A,SW,GP,SAMP,EFIRE,EX,EFIRE,9/24/2025 10:15,,,,0.14,,,,,,,,,,,,,,,,,,,,,,,,10/7/2025 12:29,10/6/2025 13:22,00666,TDPO4,26,0.011,mg/L,+/- 0.002,,SM4500PF,0.002,,,,G,95270002,10303427,00666
P158519-3,95270003,95270,Non-WQM,Burn_Herb_A,SW,GP,SAMP,EFIRE,EX,EFIRE,9/24/2025 10:30,,,,0.17,,,,,,,,,,,,,,,,,,,,,,,,10/7/2025 12:32,10/6/2025 13:22,00666,TDPO4,26,0.01,mg/L,+/- 0.002,,SM4500PF,0.002,,,,G,95270003,10303432,00666
P158519-4,95270004,95270,Non-WQM,Burn_A,SW,GP,SAMP,EFIRE,EX,EFIRE,9/24/2025 10:45,,,,0.13,,,,,,,,,,,,,,,,,,,,,,,,10/7/2025 12:36,10/6/2025 13:22,00666,TDPO4,26,0.009,mg/L,+/- 0.002,,SM4500PF,0.002,,,,G,95270004,10303437,00666
P158519-5,95270005,95270,Non-WQM,Untreated_B,SW,GP,SAMP,EFIRE,EX,EFIRE,9/24/2025 11:00,,,,0.12,,,,,,,,,,,,,,,,,,,,,,,,10/7/2025 12:40,10/6/2025 13:22,00666,TDPO4,26,0.016,mg/L,+/- 0.002,,SM4500PF,0.002,,,,G,95270005,10303442,00666
P158519-6,95270006,95270,Non-WQM,Burn_B,SW,GP,SAMP,EFIRE,EX,EFIRE,9/24/2025 11:20,,,,0.18,,,,,,,,,,,,,,,,,,,,,,,,10/7/2025 12:44,10/6/2025 13:22,00666,TDPO4,26,0.009,mg/L,+/- 0.002,,SM4500PF,0.002,,,,G,95270006,10303447,00666
P158519-8,95270008,95270,Non-WQM,Herbicide_B,SW,GP,SAMP,EFIRE,EX,EFIRE,9/24/2025 11:50,,,,0.13,,,,,,,,,,,,,,,,,,,,,,,,10/7/2025 13:01,10/6/2025 13:22,00666,TDPO4,26,0.011,mg/L,+/- 0.002,,SM4500PF,0.002,,,,G,95270008,10303457,00666
P158519-9,95270009,95270,Non-WQM,Herbicide_C,SW,GP,SAMP,EFIRE,EX,EFIRE,9/24/2025 12:00,,,,0.12,,,,,,,,,,,,,,,,,,,,,,,,10/7/2025 13:05,10/6/2025 13:22,00666,TDPO4,26,0.01,mg/L,+/- 0.002,,SM4500PF,0.002,,,,G,95270009,10303462,00666
P158519-10,95270010,95270,Non-WQM,Burn_Herb_C,SW,GP,SAMP,EFIRE,EX,EFIRE,9/24/2025 12:15,,,,0.18,,,,,,,,,,,,,,,,,,,,,,,,10/7/2025 13:08,10/6/2025 13:22,00666,TDPO4,26,0.009,mg/L,+/- 0.002,,SM4500PF,0.002,,,,G,95270010,10303467,00666
P158519-11,95270011,95270,Non-WQM,Burn_C,SW,GP,SAMP,EFIRE,EX,EFIRE,9/24/2025 12:25,,,,0.20,,,,,,,,,,,,,,,,,,,,,,,,10/7/2025 13:12,10/6/2025 13:22,00666,TDPO4,26,0.007,mg/L,+/- 0.002,,SM4500PF,0.002,,,,G,95270011,10303472,00666
P158519-12,95270012,95270,Non-WQM,Untreated_C,SW,GP,SAMP,EFIRE,EX,EFIRE,9/24/2025 12:40,,,,0.17,,,,,,,,,,,,,,,,,,,,,,,,10/7/2025 13:18,10/6/2025 13:22,00666,TDPO4,26,0.008,mg/L,+/- 0.002,,SM4500PF,0.002,,,,G,95270012,10303477,00666
P155444-1,93724001,93724,Non-WQM,Untreated_A,SW,GP,SAMP,EFIRE,EX,EFIRE,1/28/2025 10:15,,,,0.19,,,,,,,,,,,,,,,,,,,,,,,,1/30/2025 13:18,1/29/2025 13:25,00666,TDPO4,26,0.018,mg/L,+/- 0.002,,SM4500PF,0.002,,,,,93724001,10013993,00666
P155444-2,93724002,93724,Non-WQM,Herbicide_A,SW,GP,SAMP,EFIRE,EX,EFIRE,1/28/2025 10:50,,,,0.23,,,,,,,,,,,,,,,,,,,,,,,,1/30/2025 13:22,1/29/2025 13:25,00666,TDPO4,26,0.018,mg/L,+/- 0.002,,SM4500PF,0.002,,,,,93724002,10014017,00666
P155444-3,93724003,93724,Non-WQM,Burn_Herb_A,SW,GP,SAMP,EFIRE,EX,EFIRE,1/28/2025 11:11,,,,0.23,,,,,,,,,,,,,,,,,,,,,,,,1/30/2025 13:26,1/29/2025 13:25,00666,TDPO4,26,0.017,mg/L,+/- 0.002,,SM4500PF,0.002,,,,,93724003,10014029,00666
P155444-4,93724004,93724,Non-WQM,Burn_A,SW,GP,SAMP,EFIRE,EX,EFIRE,1/28/2025 11:35,,,,0.17,,,,,,,,,,,,,,,,,,,,,,,,1/30/2025 13:39,1/29/2025 13:25,00666,TDPO4,26,0.018,mg/L,+/- 0.002,,SM4500PF,0.002,,,,,93724004,10014041,00666
P155444-5,93724005,93724,Non-WQM,Untreated_B,SW,GP,SAMP,EFIRE,EX,EFIRE,1/28/2025 12:00,,,,0.16,,,,,,,,,,,,,,,,,,,,,,,,1/30/2025 13:43,1/29/2025 13:25,00666,TDPO4,26,0.019,mg/L,+/- 0.002,,SM4500PF,0.002,,Ash from nearby burn in the air,,,93724005,10014053,00666
P155444-6,93724006,93724,Non-WQM,Burn_B,SW,GP,SAMP,EFIRE,EX,EFIRE,1/28/2025 12:20,,,,0.12,,,,,,,,,,,,,,,,,,,,,,,,1/30/2025 13:47,1/29/2025 13:25,00666,TDPO4,26,0.016,mg/L,+/- 0.002,,SM4500PF,0.002,,,,,93724006,10014065,00666
P155444-7,93724007,93724,Non-WQM,Burn_Herb_B,SW,GP,SAMP,EFIRE,EX,EFIRE,1/28/2025 12:40,,,,0.11,,,,,,,,,,,,,,,,,,,,,,,,1/30/2025 13:51,1/29/2025 13:25,00666,TDPO4,26,0.018,mg/L,+/- 0.002,,SM4500PF,0.002,,,,,93724007,10014077,00666
P155444-8,93724008,93724,Non-WQM,Herbicide_B,SW,GP,SAMP,EFIRE,EX,EFIRE,1/28/2025 12:55,,,,0.09,,,,,,,,,,,,,,,,,,,,,,,,1/30/2025 13:54,1/29/2025 13:25,00666,TDPO4,26,0.017,mg/L,+/- 0.002,,SM4500PF,0.002,,,,,93724008,10014089,00666
P155444-9,93724009,93724,Non-WQM,Herbicide_C,SW,GP,SAMP,EFIRE,EX,EFIRE,1/28/2025 13:15,,,,0.14,,,,,,,,,,,,,,,,,,,,,,,,1/30/2025 14:00,1/29/2025 13:25,00666,TDPO4,26,0.014,mg/L,+/- 0.002,,SM4500PF,0.002,,,,,93724009,10014101,00666
P155444-10,93724010,93724,Non-WQM,Burn_Herb_C,SW,GP,SAMP,EFIRE,EX,EFIRE,1/28/2025 13:32,,,,0.14,,,,,,,,,,,,,,,,,,,,,,,,1/30/2025 14:04,1/29/2025 13:25,00666,TDPO4,26,0.016,mg/L,+/- 0.002,,SM4500PF,0.002,,,,,93724010,10014113,00666
P155444-11,93724011,93724,Non-WQM,Burn_C,SW,GP,SAMP,EFIRE,EX,EFIRE,1/28/2025 13:47,,,,0.12,,,,,,,,,,,,,,,,,,,,,,,,1/30/2025 14:08,1/29/2025 13:25,00666,TDPO4,26,0.014,mg/L,+/- 0.002,,SM4500PF,0.002,,,,,93724011,10014125,00666
P155444-12,93724012,93724,Non-WQM,Untreated_C,SW,GP,SAMP,EFIRE,EX,EFIRE,1/28/2025 14:05,,,,0.2,,,,,,,,,,,,,,,,,,,,,,,,1/30/2025 14:12,1/29/2025 13:25,00666,TDPO4,26,0.016,mg/L,+/- 0.002,,SM4500PF,0.002,,,,,93724012,10014137,00666
P158400-1,95204001,95204,Non-WQM,Untreated_A,SW,GP,SAMP,EFIRE,EX,EFIRE,7/30/2025 10:00,,,,0.07,,,,,,,,,,,,,,,,,,,,,,,,8/13/2025 10:30,8/12/2025 16:06,00666,TDPO4,26,0.011,mg/L,+/- 0.002,,SM4500PF,0.002,,,,,95204001,10232874,00666
P158400-2,95204002,95204,Non-WQM,Herbicide_A,SW,GP,SAMP,EFIRE,EX,EFIRE,7/30/2025 10:28,,,,0.09,,,,,,,,,,,,,,,,,,,,,,,,8/13/2025 10:38,8/12/2025 16:06,00666,TDPO4,26,0.007,mg/L,+/- 0.002,,SM4500PF,0.002,,,,,95204002,10232884,00666
P158400-3,95204003,95204,Non-WQM,Burn_Herb_A,SW,GP,SAMP,EFIRE,EX,EFIRE,7/30/2025 10:42,,,,0.12,,,,,,,,,,,,,,,,,,,,,,,,8/13/2025 10:41,8/12/2025 16:06,00666,TDPO4,26,0.006,mg/L,+/- 0.002,,SM4500PF,0.002,,,,,95204003,10232889,00666
P158400-4,95204004,95204,Non-WQM,Burn_A,SW,GP,SAMP,EFIRE,EX,EFIRE,7/30/2025 10:56,,,,0.09,,,,,,,,,,,,,,,,,,,,,,,,8/13/2025 10:45,8/12/2025 16:06,00666,TDPO4,26,0.006,mg/L,+/- 0.002,,SM4500PF,0.002,,,,,95204004,10232894,00666
P158400-5,95204005,95204,Non-WQM,Untreated_B,SW,GP,SAMP,EFIRE,EX,EFIRE,7/30/2025 11:07,,,,0.06,,,,,,,,,,,,,,,,,,,,,,,,8/13/2025 10:49,8/12/2025 16:06,00666,TDPO4,26,0.011,mg/L,+/- 0.002,,SM4500PF,0.002,,,,,95204005,10232899,00666
P158400-6,95204006,95204,Non-WQM,Burn_B,SW,GP,SAMP,EFIRE,EX,EFIRE,7/30/2025 11:22,,,,0.1,,,,,,,,,,,,,,,,,,,,,,,,8/13/2025 10:55,8/12/2025 16:06,00666,TDPO4,26,0.006,mg/L,+/- 0.002,,SM4500PF,0.002,,,,,95204006,10232904,00666
P158400-7,95204007,95204,Non-WQM,Burn_Herb_B,SW,GP,SAMP,EFIRE,EX,EFIRE,7/30/2025 11:36,,,,0.1,,,,,,,,,,,,,,,,,,,,,,,,8/13/2025 10:58,8/12/2025 16:06,00666,TDPO4,26,0.006,mg/L,+/- 0.002,,SM4500PF,0.002,,,,,95204007,10232909,00666
P158400-8,95204008,95204,Non-WQM,Herbicide_B,SW,GP,SAMP,EFIRE,EX,EFIRE,7/30/2025 11:48,,,,0.07,,,,,,,,,,,,,,,,,,,,,,,,8/13/2025 11:02,8/12/2025 16:06,00666,TDPO4,26,0.01,mg/L,+/- 0.002,,SM4500PF,0.002,,,,,95204008,10232914,00666
P158400-9,95204009,95204,Non-WQM,Herbicide_C,SW,GP,SAMP,EFIRE,EX,EFIRE,7/30/2025 12:05,,,,0.07,,,,,,,,,,,,,,,,,,,,,,,,8/13/2025 11:06,8/12/2025 16:06,00666,TDPO4,26,0.009,mg/L,+/- 0.002,,SM4500PF,0.002,,,,,95204009,10232919,00666
P158400-10,95204010,95204,Non-WQM,Burn_Herb_C,SW,GP,SAMP,EFIRE,EX,EFIRE,7/30/2025 12:20,,,,0.1,,,,,,,,,,,,,,,,,,,,,,,,8/13/2025 11:10,8/12/2025 16:06,00666,TDPO4,26,0.007,mg/L,+/- 0.002,,SM4500PF,0.002,,,,,95204010,10232924,00666
P158400-11,95204011,95204,Non-WQM,Burn_C,SW,GP,SAMP,EFIRE,EX,EFIRE,7/30/2025 12:32,,,,0.06,,,,,,,,,,,,,,,,,,,,,,,,8/13/2025 11:23,8/12/2025 16:06,00666,TDPO4,26,0.007,mg/L,+/- 0.002,,SM4500PF,0.002,,,,,95204011,10232929,00666
P158400-12,95204012,95204,Non-WQM,Untreated_C,SW,GP,SAMP,EFIRE,EX,EFIRE,7/30/2025 12:45,,,,0.08,,,,,,,,,,,,,,,,,,,,,,,,8/13/2025 11:27,8/12/2025 16:06,00666,TDPO4,26,0.008,mg/L,+/- 0.002,,SM4500PF,0.002,,,,,95204012,10232934,00666
P155744-1,93874001,93874,Non-WQM,Untreated_A,SW,GP,SAMP,EFIRE,EX,EFIRE,5/8/2025 9:30,,,,0.07,,,,,,,,,,,,,,,,,,,,,,,,5/12/2025 12:04,5/9/2025 16:44,00666,TDPO4,26,0.034,mg/L,+/- 0.003,,SM4500PF,0.002,,,,,93874001,10135420,00666
P155744-2,93874002,93874,Non-WQM,Herbicide_A,SW,GP,SAMP,EFIRE,EX,EFIRE,5/8/2025 9:50,,,,0.1,,,,,,,,,,,,,,,,,,,,,,,,5/12/2025 12:11,5/9/2025 16:44,00666,TDPO4,26,0.024,mg/L,+/- 0.002,,SM4500PF,0.002,,,,,93874002,10135430,00666
P155744-3,93874003,93874,Non-WQM,Burn_Herb_A,SW,GP,SAMP,EFIRE,EX,EFIRE,5/8/2025 10:10,,,,0.16,,,,,,,,,,,,,,,,,,,,,,,,5/12/2025 12:15,5/9/2025 16:44,00666,TDPO4,26,0.025,mg/L,+/- 0.002,,SM4500PF,0.002,,,,,93874003,10135435,00666
P155744-4,93874004,93874,Non-WQM,Burn_A,SW,GP,SAMP,EFIRE,EX,EFIRE,5/8/2025 11:00,,,,0.15,,,,,,,,,,,,,,,,,,,,,,,,5/12/2025 12:19,5/9/2025 16:44,00666,TDPO4,26,0.065,mg/L,+/- 0.004,,SM4500PF,0.002,,,,,93874004,10135440,00666
P155744-5,93874005,93874,Non-WQM,Untreated_B,SW,GP,SAMP,EFIRE,EX,EFIRE,5/8/2025 11:20,,,,0.12,,,,,,,,,,,,,,,,,,,,,,,,5/12/2025 12:23,5/9/2025 16:44,00666,TDPO4,26,0.034,mg/L,+/- 0.003,,SM4500PF,0.002,,,,,93874005,10135445,00666
P155744-6,93874006,93874,Non-WQM,Burn_B,SW,GP,SAMP,EFIRE,EX,EFIRE,5/8/2025 11:35,,,,0.17,,,,,,,,,,,,,,,,,,,,,,,,5/12/2025 12:28,5/9/2025 16:44,00666,TDPO4,26,0.024,mg/L,+/- 0.002,,SM4500PF,0.002,,,,,93874006,10135450,00666
P155744-7,93874007,93874,Non-WQM,Burn_Herb_B,SW,GP,SAMP,EFIRE,EX,EFIRE,5/8/2025 11:50,,,,0.19,,,,,,,,,,,,,,,,,,,,,,,,5/12/2025 12:32,5/9/2025 16:44,00666,TDPO4,26,0.017,mg/L,+/- 0.002,,SM4500PF,0.002,,,,,93874007,10135455,00666
P155744-8,93874008,93874,Non-WQM,Herbicide_B,SW,GP,SAMP,EFIRE,EX,EFIRE,5/8/2025 12:05,,,,0.13,,,,,,,,,,,,,,,,,,,,,,,,5/12/2025 12:36,5/9/2025 16:44,00666,TDPO4,26,0.02,mg/L,+/- 0.002,,SM4500PF,0.002,,,,,93874008,10135460,00666
P155744-9,93874009,93874,Non-WQM,Herbicide_C,SW,GP,SAMP,EFIRE,EX,EFIRE,5/8/2025 12:20,,,,0.12,,,,,,,,,,,,,,,,,,,,,,,,5/12/2025 12:40,5/9/2025 16:44,00666,TDPO4,26,0.03,mg/L,+/- 0.003,,SM4500PF,0.002,,,,,93874009,10135465,00666
P155744-10,93874010,93874,Non-WQM,Burn_Herb_C,SW,GP,SAMP,EFIRE,EX,EFIRE,5/8/2025 12:35,,,,0.2,,,,,,,,,,,,,,,,,,,,,,,,5/12/2025 12:43,5/9/2025 16:44,00666,TDPO4,26,0.015,mg/L,+/- 0.002,,SM4500PF,0.002,,,,,93874010,10135470,00666
P155744-11,93874011,93874,Non-WQM,Burn_C,SW,GP,SAMP,EFIRE,EX,EFIRE,5/8/2025 12:50,,,,0.12,,,,,,,,,,,,,,,,,,,,,,,,5/12/2025 12:57,5/9/2025 16:44,00666,TDPO4,26,0.018,mg/L,+/- 0.002,,SM4500PF,0.002,,,,,93874011,10135475,00666
P155744-12,93874012,93874,Non-WQM,Untreated_C,SW,GP,SAMP,EFIRE,EX,EFIRE,5/8/2025 13:05,,,,0.17,,,,,,,,,,,,,,,,,,,,,,,,5/12/2025 13:00,5/9/2025 16:44,00666,TDPO4,26,0.017,mg/L,+/- 0.002,,SM4500PF,0.002,,,,,93874012,10135480,00666
P155740-1,93870001,93870,Non-WQM,Untreated_A,SW,GP,SAMP,EFIRE,EX,EFIRE,4/14/2025 10:15,,,,0.09,,,,,,,,,,,,,,,,,,,,,,,,4/23/2025 14:19,4/22/2025 16:09,00666,TDPO4,26,0.053,mg/L,+/- 0.004,,SM4500PF,0.002,,,,,93870001,10105859,00666
P155740-2,93870002,93870,Non-WQM,Herbicide_A,SW,GP,SAMP,EFIRE,EX,EFIRE,4/14/2025 10:40,,,,0.07,,,,,,,,,,,,,,,,,,,,,,,,4/23/2025 14:21,4/22/2025 16:09,00666,TDPO4,26,0.03,mg/L,+/- 0.003,,SM4500PF,0.002,,,,,93870002,10105883,00666
P155740-3,93870003,93870,Non-WQM,Burn_Herb_A,SW,GP,SAMP,EFIRE,EX,EFIRE,4/14/2025 11:00,,,,0.1,,,,,,,,,,,,,,,,,,,,,,,,4/23/2025 14:23,4/22/2025 16:09,00666,TDPO4,26,0.051,mg/L,+/- 0.004,,SM4500PF,0.002,,,,,93870003,10105895,00666
P155740-4,93870004,93870,Non-WQM,Burn_A,SW,GP,SAMP,EFIRE,EX,EFIRE,4/14/2025 11:15,,,,0.06,,,,,,,,,,,,,,,,,,,,,,,,4/23/2025 14:25,4/22/2025 16:09,00666,TDPO4,26,0.084,mg/L,+/- 0.006,,SM4500PF,0.002,,,,,93870004,10105907,00666
P155740-5,93870005,93870,Non-WQM,Untreated_B,SW,GP,SAMP,EFIRE,EX,EFIRE,4/14/2025 11:30,,,,0.04,,,,,,,,,,,,,,,,,,,,,,,,4/23/2025 14:27,4/22/2025 16:09,00666,TDPO4,26,0.029,mg/L,+/- 0.003,,SM4500PF,0.002,,,,,93870005,10105919,00666
P155740-6,93870006,93870,Non-WQM,Burn_B,SW,GP,SAMP,EFIRE,EX,EFIRE,4/14/2025 11:45,,,,0.1,,,,,,,,,,,,,,,,,,,,,,,,4/23/2025 14:28,4/22/2025 16:09,00666,TDPO4,26,0.032,mg/L,+/- 0.003,,SM4500PF,0.002,,,,,93870006,10105931,00666
P155740-7,93870007,93870,Non-WQM,Burn_Herb_B,SW,GP,SAMP,EFIRE,EX,EFIRE,4/14/2025 12:00,,,,0.11,,,,,,,,,,,,,,,,,,,,,,,,4/24/2025 10:34,4/23/2025 10:20,00666,TDPO4,26,0.036,mg/L,+/- 0.003,,SM4500PF,0.002,,,,,93870007,10105943,00666
P155740-8,93870008,93870,Non-WQM,Herbicide_B,SW,GP,SAMP,EFIRE,EX,EFIRE,4/14/2025 12:15,,,,0.03,,,,,,,,,,,,,,,,,,,,,,,,4/24/2025 10:37,4/23/2025 10:20,00666,TDPO4,26,0.027,mg/L,+/- 0.002,,SM4500PF,0.002,,,,,93870008,10105955,00666
P155740-9,93870009,93870,Non-WQM,Herbicide_C,SW,GP,SAMP,EFIRE,EX,EFIRE,4/14/2025 12:30,,,,0.07,,,,,,,,,,,,,,,,,,,,,,,,4/24/2025 10:39,4/23/2025 10:20,00666,TDPO4,26,0.021,mg/L,+/- 0.002,,SM4500PF,0.002,,,,,93870009,10105967,00666
P155740-10,93870010,93870,Non-WQM,Burn_Herb_C,SW,GP,SAMP,EFIRE,EX,EFIRE,4/14/2025 12:45,,,,0.1,,,,,,,,,,,,,,,,,,,,,,,,4/24/2025 10:41,4/23/2025 10:20,00666,TDPO4,26,0.035,mg/L,+/- 0.003,,SM4500PF,0.002,,,,,93870010,10105979,00666
P155740-11,93870011,93870,Non-WQM,Burn_C,SW,GP,SAMP,EFIRE,EX,EFIRE,4/14/2025 13:00,,,,0.09,,,,,,,,,,,,,,,,,,,,,,,,4/24/2025 10:43,4/23/2025 10:20,00666,TDPO4,26,0.032,mg/L,+/- 0.003,,SM4500PF,0.002,,,,,93870011,10105991,00666
P155740-12,93870012,93870,Non-WQM,Untreated_C,SW,GP,SAMP,EFIRE,EX,EFIRE,4/14/2025 13:15,,,,0.08,,,,,,,,,,,,,,,,,,,,,,,,4/24/2025 10:45,4/23/2025 10:20,00666,TDPO4,26,0.022,mg/L,+/- 0.002,,SM4500PF,0.002,,,,,93870012,10106003,00666
P155741-1,93871001,93871,Non-WQM,Untreated_A,SW,GP,SAMP,EFIRE,EX,EFIRE,4/16/2025 10:00,,,,0.04,,,,,,,,,,,,,,,,,,,,,,,,4/29/2025 12:34,4/25/2025 16:27,00666,TDPO4,26,0.035,mg/L,+/- 0.003,,SM4500PF,0.002,,,,,93871001,10111012,00666
P155741-2,93871002,93871,Non-WQM,Herbicide_A,SW,GP,SAMP,EFIRE,EX,EFIRE,4/16/2025 10:30,,,,0.03,,,,,,,,,,,,,,,,,,,,,,,,4/29/2025 12:36,4/25/2025 16:27,00666,TDPO4,26,0.052,mg/L,+/- 0.004,,SM4500PF,0.002,,,,,93871002,10111036,00666
P155741-3,93871003,93871,Non-WQM,Burn_Herb_A,SW,GP,SAMP,EFIRE,EX,EFIRE,4/16/2025 10:50,,,,0.07,,,,,,,,,,,,,,,,,,,,,,,,4/29/2025 12:37,4/25/2025 16:27,00666,TDPO4,26,0.045,mg/L,+/- 0.003,,SM4500PF,0.002,,,,,93871003,10111048,00666
P155741-4,93871004,93871,Non-WQM,Burn_A,SW,GP,SAMP,EFIRE,EX,EFIRE,4/16/2025 11:10,,,,0.06,,,,,,,,,,,,,,,,,,,,,,,,4/29/2025 12:39,4/25/2025 16:27,00666,TDPO4,26,0.089,mg/L,+/- 0.006,,SM4500PF,0.002,,,,,93871004,10111060,00666
P155741-5,93871005,93871,Non-WQM,Untreated_B,SW,GP,SAMP,EFIRE,EX,EFIRE,4/16/2025 11:25,,,,0.03,,,,,,,,,,,,,,,,,,,,,,,,4/29/2025 12:53,4/25/2025 16:27,00666,TDPO4,26,0.031,mg/L,+/- 0.003,,SM4500PF,0.002,,,,,93871005,10111072,00666
P155741-6,93871006,93871,Non-WQM,Burn_B,SW,GP,SAMP,EFIRE,EX,EFIRE,4/16/2025 11:45,,,,0.08,,,,,,,,,,,,,,,,,,,,,,,,4/29/2025 13:02,4/25/2025 16:27,00666,TDPO4,26,0.03,mg/L,+/- 0.003,,SM4500PF,0.002,,,,,93871006,10111084,00666
P155741-7,93871007,93871,Non-WQM,Burn_Herb_B,SW,GP,SAMP,EFIRE,EX,EFIRE,4/16/2025 12:00,,,,0.08,,,,,,,,,,,,,,,,,,,,,,,,4/29/2025 12:54,4/25/2025 16:27,00666,TDPO4,26,0.023,mg/L,+/- 0.002,,SM4500PF,0.002,,,,,93871007,10111096,00666
P155741-8,93871008,93871,Non-WQM,Herbicide_B,SW,GP,SAMP,EFIRE,EX,EFIRE,4/16/2025 12:15,,,,0.02,,,,,,,,,,,,,,,,,,,,,,,,4/29/2025 12:56,4/25/2025 16:27,00666,TDPO4,26,0.031,mg/L,+/- 0.003,,SM4500PF,0.002,,,,,93871008,10111108,00666
P155741-9,93871009,93871,Non-WQM,Herbicide_C,SW,GP,SAMP,EFIRE,EX,EFIRE,4/16/2025 12:40,,,,0.04,,,,,,,,,,,,,,,,,,,,,,,,4/29/2025 12:58,4/25/2025 16:27,00666,TDPO4,26,0.026,mg/L,+/- 0.002,,SM4500PF,0.002,,,,,93871009,10111120,00666
P155741-10,93871010,93871,Non-WQM,Burn_Herb_C,SW,GP,SAMP,EFIRE,EX,EFIRE,4/16/2025 13:00,,,,0.07,,,,,,,,,,,,,,,,,,,,,,,,4/29/2025 13:00,4/25/2025 16:27,00666,TDPO4,26,0.024,mg/L,+/- 0.002,,SM4500PF,0.002,,,,,93871010,10111132,00666
P155741-11,93871011,93871,Non-WQM,Burn_C,SW,GP,SAMP,EFIRE,EX,EFIRE,4/16/2025 13:20,,,,0.08,,,,,,,,,,,,,,,,,,,,,,,,4/29/2025 13:04,4/25/2025 16:27,00666,TDPO4,26,0.032,mg/L,+/- 0.003,,SM4500PF,0.002,,,,,93871011,10111144,00666
P155741-12,93871012,93871,Non-WQM,Untreated_C,SW,GP,SAMP,EFIRE,EX,EFIRE,4/16/2025 13:35,,,,0.04,,,,,,,,,,,,,,,,,,,,,,,,4/29/2025 13:06,4/25/2025 16:27,00666,TDPO4,26,0.019,mg/L,+/- 0.002,,SM4500PF,0.002,,,,,93871012,10111156,00666
P158398-1,95202001,95202,Non-WQM,Untreated_A,SW,GP,SAMP,EFIRE,EX,EFIRE,7/1/2025 9:45,,,,0.13,,,,,,,,,,,,,,,,,,,,,,,,7/16/2025 14:13,7/14/2025 11:55,00666,TDPO4,26,0.013,mg/L,+/- 0.002,,SM4500PF,0.002,,,,,95202001,10195429,00666
P158398-2,95202002,95202,Non-WQM,Herbicide_A,SW,GP,SAMP,EFIRE,EX,EFIRE,7/1/2025 10:10,,,,0.14,,,,,,,,,,,,,,,,,,,,,,,,7/16/2025 14:25,7/14/2025 11:55,00666,TDPO4,26,0.012,mg/L,+/- 0.002,,SM4500PF,0.002,,,,,95202002,10195439,00666
P158398-3,95202003,95202,Non-WQM,Burn_Herb_A,SW,GP,SAMP,EFIRE,EX,EFIRE,7/1/2025 10:20,,,,0.14,,,,,,,,,,,,,,,,,,,,,,,,7/16/2025 14:30,7/14/2025 11:55,00666,TDPO4,26,0.009,mg/L,+/- 0.002,,SM4500PF,0.002,,,,,95202003,10195444,00666
P158398-4,95202004,95202,Non-WQM,Burn_A,SW,GP,SAMP,EFIRE,EX,EFIRE,7/1/2025 11:15,,,,0.10,,,,,,,,,,,,,,,,,,,,,,,,7/16/2025 14:34,7/14/2025 11:55,00666,TDPO4,26,0.014,mg/L,+/- 0.002,,SM4500PF,0.002,,,,,95202004,10195449,00666
P158398-6,95202006,95202,Non-WQM,Burn_B,SW,GP,SAMP,EFIRE,EX,EFIRE,7/1/2025 11:30,,,,0.13,,,,,,,,,,,,,,,,,,,,,,,,7/16/2025 14:42,7/14/2025 11:55,00666,TDPO4,26,0.01,mg/L,+/- 0.002,,SM4500PF,0.002,,,,,95202006,10195454,00666
P158398-5,95202005,95202,Non-WQM,Untreated_B,SW,GP,SAMP,EFIRE,EX,EFIRE,7/1/2025 11:45,,,,0.24,,,,,,,,,,,,,,,,,,,,,,,,7/16/2025 14:38,7/14/2025 11:55,00666,TDPO4,26,0.012,mg/L,+/- 0.002,,SM4500PF,0.002,,,,,95202005,10195459,00666
P158398-7,95202007,95202,Non-WQM,Burn_Herb_B,SW,GP,SAMP,EFIRE,EX,EFIRE,7/1/2025 11:55,,,,0.14,,,,,,,,,,,,,,,,,,,,,,,,7/16/2025 14:47,7/14/2025 11:55,00666,TDPO4,26,0.008,mg/L,+/- 0.002,,SM4500PF,0.002,,,,,95202007,10195464,00666
P158398-8,95202008,95202,Non-WQM,Herbicide_B,SW,GP,SAMP,EFIRE,EX,EFIRE,7/1/2025 12:05,,,,0.10,,,,,,,,,,,,,,,,,,,,,,,,7/16/2025 14:51,7/14/2025 11:55,00666,TDPO4,26,0.011,mg/L,+/- 0.002,,SM4500PF,0.002,,,,,95202008,10195469,00666
P158398-9,95202009,95202,Non-WQM,Herbicide_C,SW,GP,SAMP,EFIRE,EX,EFIRE,7/1/2025 12:20,,,,0.10,,,,,,,,,,,,,,,,,,,,,,,,7/16/2025 14:55,7/14/2025 11:55,00666,TDPO4,26,0.011,mg/L,+/- 0.002,,SM4500PF,0.002,,,,,95202009,10195474,00666
P158398-10,95202010,95202,Non-WQM,Burn_Herb_C,SW,GP,SAMP,EFIRE,EX,EFIRE,7/1/2025 12:35,,,,0.17,,,,,,,,,,,,,,,,,,,,,,,,7/16/2025 14:59,7/14/2025 11:55,00666,TDPO4,26,0.008,mg/L,+/- 0.002,,SM4500PF,0.002,,,,,95202010,10195479,00666
P158398-11,95202011,95202,Non-WQM,Burn_C,SW,GP,SAMP,EFIRE,EX,EFIRE,7/1/2025 12:45,,,,0.13,,,,,,,,,,,,,,,,,,,,,,,,7/16/2025 15:03,7/14/2025 11:55,00666,TDPO4,26,0.009,mg/L,+/- 0.002,,SM4500PF,0.002,,,,,95202011,10195484,00666
P158398-12,95202012,95202,Non-WQM,Untreated_C,SW,GP,SAMP,EFIRE,EX,EFIRE,7/1/2025 12:55,,,,0.09,,,,,,,,,,,,,,,,,,,,,,,,7/16/2025 15:14,7/14/2025 11:55,00666,TDPO4,26,0.013,mg/L,+/- 0.002,,SM4500PF,0.002,,,,,95202012,10195489,00666
P158529-1,95273001,95273,Non-WQM,Untreated_A,SW,GP,SAMP,EFIRE,EX,EFIRE,11/4/2025 9:40,,,,0.07,,,,,,,,,,,,,,,,,,,,,,,,11/17/2025 12:09,11/14/2025 16:11,00666,TDPO4,26,0.018,mg/L,+/- 0.002,,SM4500PF,0.002,,,,,95273001,10353890,00666
P158529-2,95273002,95273,Non-WQM,Herbicide_A,SW,GP,SAMP,EFIRE,EX,EFIRE,11/4/2025 10:20,,,,0.07,,,,,,,,,,,,,,,,,,,,,,,,11/17/2025 12:20,11/14/2025 16:11,00666,TDPO4,26,0.011,mg/L,+/- 0.002,,SM4500PF,0.002,,,,,95273002,10353895,00666
P158529-3,95273003,95273,Non-WQM,Burn_Herb_A,SW,GP,SAMP,EFIRE,EX,EFIRE,11/4/2025 10:35,,,,0.10,,,,,,,,,,,,,,,,,,,,,,,,11/17/2025 12:26,11/14/2025 16:11,00666,TDPO4,26,0.011,mg/L,+/- 0.002,,SM4500PF,0.002,,,,,95273003,10353900,00666
P158529-4,95273004,95273,Non-WQM,Burn_A,SW,GP,SAMP,EFIRE,EX,EFIRE,11/4/2025 10:50,,,,0.08,,,,,,,,,,,,,,,,,,,,,,,,11/17/2025 12:30,11/14/2025 16:11,00666,TDPO4,26,0.009,mg/L,+/- 0.002,,SM4500PF,0.002,,,,,95273004,10353905,00666
P158529-5,95273005,95273,Non-WQM,Untreated_B,SW,GP,SAMP,EFIRE,EX,EFIRE,11/4/2025 11:10,,,,0.05,,,,,,,,,,,,,,,,,,,,,,,,11/17/2025 12:34,11/14/2025 16:11,00666,TDPO4,26,0.021,mg/L,+/- 0.002,,SM4500PF,0.002,,,,,95273005,10353910,00666
P158529-6,95273006,95273,Non-WQM,Burn_B,SW,GP,SAMP,EFIRE,EX,EFIRE,11/4/2025 11:20,,,,0.12,,,,,,,,,,,,,,,,,,,,,,,,11/17/2025 12:37,11/14/2025 16:11,00666,TDPO4,26,0.009,mg/L,+/- 0.002,,SM4500PF,0.002,,,,,95273006,10353915,00666
P158529-7,95273007,95273,Non-WQM,Burn_Herb_B,SW,GP,SAMP,EFIRE,EX,EFIRE,11/4/2025 11:35,,,,0.08,,,,,,,,,,,,,,,,,,,,,,,,11/17/2025 12:43,11/14/2025 16:11,00666,TDPO4,26,0.008,mg/L,+/- 0.002,,SM4500PF,0.002,,,,,95273007,10353920,00666
P158529-8,95273008,95273,Non-WQM,Herbicide_B,SW,GP,SAMP,EFIRE,EX,EFIRE,11/4/2025 11:50,,,,0.07,,,,,,,,,,,,,,,,,,,,,,,,11/17/2025 12:47,11/14/2025 16:11,00666,TDPO4,26,0.009,mg/L,+/- 0.002,,SM4500PF,0.002,,,,,95273008,10353925,00666
P158529-9,95273009,95273,Non-WQM,Herbicide_C,SW,GP,SAMP,EFIRE,EX,EFIRE,11/4/2025 12:05,,,,0.06,,,,,,,,,,,,,,,,,,,,,,,,11/17/2025 12:51,11/14/2025 16:11,00666,TDPO4,26,0.009,mg/L,+/- 0.002,,SM4500PF,0.002,,,,,95273009,10353930,00666
P158529-10,95273010,95273,Non-WQM,Burn_Herb_C,SW,GP,SAMP,EFIRE,EX,EFIRE,11/4/2025 12:20,,,,0.13,,,,,,,,,,,,,,,,,,,,,,,,11/17/2025 12:54,11/14/2025 16:11,00666,TDPO4,26,0.008,mg/L,+/- 0.002,,SM4500PF,0.002,,,,,95273010,10353935,00666
P158529-11,95273011,95273,Non-WQM,Burn_C,SW,GP,SAMP,EFIRE,EX,EFIRE,11/4/2025 12:40,,,,0.14,,,,,,,,,,,,,,,,,,,,,,,,11/17/2025 12:58,11/14/2025 16:11,00666,TDPO4,26,0.006,mg/L,+/- 0.002,,SM4500PF,0.002,,,,,95273011,10353940,00666
P158529-12,95273012,95273,Non-WQM,Untreated_C,SW,GP,SAMP,EFIRE,EX,EFIRE,11/4/2025 12:55,,,,0.09,,,,,,,,,,,,,,,,,,,,,,,,11/17/2025 13:10,11/14/2025 16:11,00666,TDPO4,26,0.011,mg/L,+/- 0.002,,SM4500PF,0.002,,"A 60 mL bottle was used for the magenta, instead of the 120 mL, due to bottle shortage. Lab notified. ",,,95273012,10353945,00666
P158530-1,95274001,95274,Non-WQM,Untreated_A,SW,GP,SAMP,EFIRE,EX,EFIRE,11/18/2025 10:14,,,,0.05,,,,,,,,,,,,,,,,,,,,,,,,11/25/2025 14:27,11/25/2025 10:10,00666,TDPO4,26,0.016,mg/L,+/- 0.002,,SM4500PF,0.002,,,,,95274001,10368802,00666
P158530-2,95274002,95274,Non-WQM,Herbicide_A,SW,GP,SAMP,EFIRE,EX,EFIRE,11/18/2025 10:43,,,,0.08,,,,,,,,,,,,,,,,,,,,,,,,11/25/2025 14:33,11/25/2025 10:10,00666,TDPO4,26,0.009,mg/L,+/- 0.002,,SM4500PF,0.002,,,,,95274002,10368807,00666
P158530-3,95274003,95274,Non-WQM,Burn_Herb_A,SW,GP,SAMP,EFIRE,EX,EFIRE,11/18/2025 10:57,,,,0.08,,,,,,,,,,,,,,,,,,,,,,,,11/25/2025 14:36,11/25/2025 10:10,00666,TDPO4,26,0.008,mg/L,+/- 0.002,,SM4500PF,0.002,,,,,95274003,10368812,00666
P158530-4,95274004,95274,Non-WQM,Burn_A,SW,GP,SAMP,EFIRE,EX,EFIRE,11/18/2025 11:09,,,,0.04,,,,,,,,,,,,,,,,,,,,,,,,11/25/2025 14:40,11/25/2025 10:10,00666,TDPO4,26,0.01,mg/L,+/- 0.002,,SM4500PF,0.002,,,,,95274004,10368817,00666
P158530-5,95274005,95274,Non-WQM,Untreated_B,SW,GP,SAMP,EFIRE,EX,EFIRE,11/18/2025 11:26,,,,0.04,,,,,,,,,,,,,,,,,,,,,,,,11/25/2025 14:44,11/25/2025 10:10,00666,TDPO4,26,0.012,mg/L,+/- 0.002,,SM4500PF,0.002,,,,,95274005,10368822,00666
P158530-6,95274006,95274,Non-WQM,Burn_B,SW,GP,SAMP,EFIRE,EX,EFIRE,11/18/2025 11:42,,,,0.1,,,,,,,,,,,,,,,,,,,,,,,,11/25/2025 14:48,11/25/2025 10:10,00666,TDPO4,26,0.009,mg/L,+/- 0.002,,SM4500PF,0.002,,,,,95274006,10368827,00666
P158530-7,95274007,95274,Non-WQM,Burn_Herb_B,SW,GP,SAMP,EFIRE,EX,EFIRE,11/18/2025 11:56,,,,0.09,,,,,,,,,,,,,,,,,,,,,,,,11/25/2025 15:01,11/25/2025 10:10,00666,TDPO4,26,0.007,mg/L,+/- 0.002,,SM4500PF,0.002,,,,,95274007,10368832,00666
P158530-8,95274008,95274,Non-WQM,Herbicide_B,SW,GP,SAMP,EFIRE,EX,EFIRE,11/18/2025 12:11,,,,0.08,,,,,,,,,,,,,,,,,,,,,,,,11/25/2025 15:05,11/25/2025 10:10,00666,TDPO4,26,0.008,mg/L,+/- 0.002,,SM4500PF,0.002,,,,,95274008,10368837,00666
P158530-9,95274009,95274,Non-WQM,Herbicide_C,SW,GP,SAMP,EFIRE,EX,EFIRE,11/18/2025 12:28,,,,0.05,,,,,,,,,,,,,,,,,,,,,,,,11/25/2025 15:08,11/25/2025 10:10,00666,TDPO4,26,0.008,mg/L,+/- 0.002,,SM4500PF,0.002,,,,,95274009,10368842,00666
P158530-10,95274010,95274,Non-WQM,Burn_Herb_C,SW,GP,SAMP,EFIRE,EX,EFIRE,11/18/2025 12:44,,,,0.1,,,,,,,,,,,,,,,,,,,,,,,,11/25/2025 15:12,11/25/2025 10:10,00666,TDPO4,26,0.008,mg/L,+/- 0.002,,SM4500PF,0.002,,,,,95274010,10368847,00666
P158530-11,95274011,95274,Non-WQM,Burn_C,SW,GP,SAMP,EFIRE,EX,EFIRE,11/18/2025 13:00,,,,0.1,,,,,,,,,,,,,,,,,,,,,,,,11/25/2025 15:16,11/25/2025 10:10,00666,TDPO4,26,0.007,mg/L,+/- 0.002,,SM4500PF,0.002,,,,,95274011,10368852,00666
P158530-12,95274012,95274,Non-WQM,Untreated_C,SW,GP,SAMP,EFIRE,EX,EFIRE,11/18/2025 13:13,,,,0.05,,,,,,,,,,,,,,,,,,,,,,,,11/25/2025 15:22,11/25/2025 10:10,00666,TDPO4,26,0.01,mg/L,+/- 0.002,,SM4500PF,0.002,,,,,95274012,10368857,00666
P160184-1,96090001,96090,Non-WQM,Untreated_A,SW,GP,SAMP,EFIRE,EX,EFIRE,8/12/2025 10:00,,,,0.06,,,,,,,,,,,,,,,,,,,,,,,,8/22/2025 13:43,8/21/2025 16:32,00666,TDPO4,26,0.011,mg/L,+/- 0.002,,SM4500PF,0.002,,,,,96090001,10248037,00666
P160184-2,96090002,96090,Non-WQM,Herbicide_A,SW,GP,SAMP,EFIRE,EX,EFIRE,8/12/2025 10:25,,,,0.10,,,,,,,,,,,,,,,,,,,,,,,,8/22/2025 13:47,8/21/2025 16:32,00666,TDPO4,26,0.01,mg/L,+/- 0.002,,SM4500PF,0.002,,,,,96090002,10248042,00666
P160184-3,96090003,96090,Non-WQM,Burn_Herb_A,SW,GP,SAMP,EFIRE,EX,EFIRE,8/12/2025 10:35,,,,0.05,,,,,,,,,,,,,,,,,,,,,,,,8/22/2025 13:51,8/21/2025 16:32,00666,TDPO4,26,0.009,mg/L,+/- 0.002,,SM4500PF,0.002,,,,,96090003,10248047,00666
P160184-4,96090004,96090,Non-WQM,Burn_A,SW,GP,SAMP,EFIRE,EX,EFIRE,8/12/2025 10:50,,,,0.08,,,,,,,,,,,,,,,,,,,,,,,,8/22/2025 14:02,8/21/2025 16:32,00666,TDPO4,26,0.009,mg/L,+/- 0.002,,SM4500PF,0.002,,,,,96090004,10248052,00666
P160184-5,96090005,96090,Non-WQM,Untreated_B,SW,GP,SAMP,EFIRE,EX,EFIRE,8/12/2025 11:10,,,,0.05,,,,,,,,,,,,,,,,,,,,,,,,8/22/2025 14:08,8/21/2025 16:32,00666,TDPO4,26,0.013,mg/L,+/- 0.002,,SM4500PF,0.002,,,,,96090005,10248057,00666
P160184-6,96090006,96090,Non-WQM,Burn_B,SW,GP,SAMP,EFIRE,EX,EFIRE,8/12/2025 11:20,,,,0.08,,,,,,,,,,,,,,,,,,,,,,,,8/22/2025 14:12,8/21/2025 16:32,00666,TDPO4,26,0.01,mg/L,+/- 0.002,,SM4500PF,0.002,,,,,96090006,10248062,00666
P160184-7,96090007,96090,Non-WQM,Burn_Herb_B,SW,GP,SAMP,EFIRE,EX,EFIRE,8/12/2025 11:40,,,,0.05,,,,,,,,,,,,,,,,,,,,,,,,8/22/2025 14:15,8/21/2025 16:32,00666,TDPO4,26,0.011,mg/L,+/- 0.002,,SM4500PF,0.002,,,,,96090007,10248067,00666
P160184-8,96090008,96090,Non-WQM,Herbicide_B,SW,GP,SAMP,EFIRE,EX,EFIRE,8/12/2025 12:00,,,,0.04,,,,,,,,,,,,,,,,,,,,,,,,8/22/2025 14:19,8/21/2025 16:32,00666,TDPO4,26,0.011,mg/L,+/- 0.002,,SM4500PF,0.002,,,,,96090008,10248072,00666
P160184-9,96090009,96090,Non-WQM,Herbicide_C,SW,GP,SAMP,EFIRE,EX,EFIRE,8/12/2025 12:10,,,,0.03,,,,,,,,,,,,,,,,,,,,,,,,8/22/2025 14:25,8/21/2025 16:32,00666,TDPO4,26,0.015,mg/L,+/- 0.002,,SM4500PF,0.002,,,,,96090009,10248077,00666
P160184-10,96090010,96090,Non-WQM,Burn_Herb_C,SW,GP,SAMP,EFIRE,EX,EFIRE,8/12/2025 12:20,,,,0.09,,,,,,,,,,,,,,,,,,,,,,,,8/22/2025 14:29,8/21/2025 16:32,00666,TDPO4,26,0.009,mg/L,+/- 0.002,,SM4500PF,0.002,,,,,96090010,10248082,00666
P160184-11,96090011,96090,Non-WQM,Burn_C,SW,GP,SAMP,EFIRE,EX,EFIRE,8/12/2025 12:35,,,,0.07,,,,,,,,,,,,,,,,,,,,,,,,8/22/2025 14:33,8/21/2025 16:32,00666,TDPO4,26,0.008,mg/L,+/- 0.002,,SM4500PF,0.002,,,,,96090011,10248087,00666
P160184-12,96090012,96090,Non-WQM,Untreated_C,SW,GP,SAMP,EFIRE,EX,EFIRE,8/12/2025 12:50,,,,0.08,,,,,,,,,,,,,,,,,,,,,,,,8/22/2025 14:36,8/21/2025 16:32,00666,TDPO4,26,0.01,mg/L,+/- 0.002,,SM4500PF,0.002,,,,,96090012,10248092,00666
P154830-1,93426001,93426,Non-WQM,Untreated_A,SW,GP,SAMP,EFIRE,EX,EFIRE,11/19/2024 10:00,,,,0.15,,,,,,,,,,,,,,,,,,,,,,,,12/6/2024 10:45,12/5/2024 14:10,00666,TDPO4,26,0.026,mg/L,+/- 0.002,,SM4500PF,0.002,,,,,93426001,9928479,00666
P154830-2,93426002,93426,Non-WQM,Herbicide_A,SW,GP,SAMP,EFIRE,EX,EFIRE,11/19/2024 11:00,,,,0.08,,,,,,,,,,,,,,,,,,,,,,,,12/6/2024 10:49,12/5/2024 14:10,00666,TDPO4,26,0.021,mg/L,+/- 0.002,,SM4500PF,0.002,,,,,93426002,9928503,00666
P154830-3,93426003,93426,Non-WQM,Burn_Herb_A,SW,GP,SAMP,EFIRE,EX,EFIRE,11/19/2024 11:35,,,,0.06,,,,,,,,,,,,,,,,,,,,,,,,12/6/2024 10:51,12/5/2024 14:10,00666,TDPO4,26,0.027,mg/L,+/- 0.002,,SM4500PF,0.002,,,,,93426003,9928515,00666
P154830-4,93426004,93426,Non-WQM,Burn_A,SW,GP,SAMP,EFIRE,EX,EFIRE,11/19/2024 12:20,,,,0.06,,,,,,,,,,,,,,,,,,,,,,,,12/6/2024 10:53,12/5/2024 14:10,00666,TDPO4,26,0.033,mg/L,+/- 0.003,,SM4500PF,0.002,,,,,93426004,9928527,00666
P154830-5,93426005,93426,Non-WQM,Untreated_B,SW,GP,SAMP,EFIRE,EX,EFIRE,11/19/2024 12:50,,,,0.18,,,,,,,,,,,,,,,,,,,,,,,,12/6/2024 10:54,12/5/2024 14:10,00666,TDPO4,26,0.043,mg/L,+/- 0.003,,SM4500PF,0.002,,,,,93426005,9928539,00666
P154830-6,93426006,93426,Non-WQM,Burn_B,SW,GP,SAMP,EFIRE,EX,EFIRE,11/19/2024 13:05,,,,0.15,,,,,,,,,,,,,,,,,,,,,,,,12/6/2024 10:56,12/5/2024 14:10,00666,TDPO4,26,0.022,mg/L,+/- 0.002,,SM4500PF,0.002,,,,,93426006,9928551,00666
P154830-7,93426007,93426,Non-WQM,Burn_Herb_B,SW,GP,SAMP,EFIRE,EX,EFIRE,11/19/2024 13:25,,,,0.18,,,,,,,,,,,,,,,,,,,,,,,,12/6/2024 10:58,12/5/2024 14:10,00666,TDPO4,26,0.019,mg/L,+/- 0.002,,SM4500PF,0.002,,,,,93426007,9928563,00666
P154830-8,93426008,93426,Non-WQM,Herbicide_B,SW,GP,SAMP,EFIRE,EX,EFIRE,11/19/2024 13:30,,,,0.09,,,,,,,,,,,,,,,,,,,,,,,,12/6/2024 11:00,12/5/2024 14:10,00666,TDPO4,26,0.023,mg/L,+/- 0.002,,SM4500PF,0.002,,,,,93426008,9928575,00666
P154830-9,93426009,93426,Non-WQM,Herbicide_C,SW,GP,SAMP,EFIRE,EX,EFIRE,11/19/2024 13:50,,,,0.1,,,,,,,,,,,,,,,,,,,,,,,,12/6/2024 11:02,12/5/2024 14:10,00666,TDPO4,26,0.018,mg/L,+/- 0.002,,SM4500PF,0.002,,,,,93426009,9928587,00666
P154830-10,93426010,93426,Non-WQM,Burn_Herb_C,SW,GP,SAMP,EFIRE,EX,EFIRE,11/19/2024 14:04,,,,0.12,,,,,,,,,,,,,,,,,,,,,,,,12/6/2024 11:04,12/5/2024 14:10,00666,TDPO4,26,0.027,mg/L,+/- 0.002,,SM4500PF,0.002,,,,,93426010,9928599,00666
P154830-11,93426011,93426,Non-WQM,Burn_C,SW,GP,SAMP,EFIRE,EX,EFIRE,11/19/2024 14:20,,,,0.11,,,,,,,,,,,,,,,,,,,,,,,,12/6/2024 11:06,12/5/2024 14:10,00666,TDPO4,26,0.021,mg/L,+/- 0.002,,SM4500PF,0.002,,,,,93426011,9928611,00666
P154830-12,93426012,93426,Non-WQM,Untreated_C,SW,GP,SAMP,EFIRE,EX,EFIRE,11/19/2024 14:30,,,,0.1,,,,,,,,,,,,,,,,,,,,,,,,12/6/2024 11:49,12/5/2024 14:10,00666,TDPO4,26,0.019,mg/L,+/- 0.002,,SM4500PF,0.002,,,,,93426012,9928623,00666
P155439-1,93719001,93719,Non-WQM,Untreated_A,SW,GP,SAMP,EFIRE,EX,EFIRE,2/26/2025 10:05,,,,0.09,,,,,,,,,,,,,,,,,,,,,,,,2/28/2025 13:07,2/27/2025 14:39,00666,TDPO4,26,0.022,mg/L,+/- 0.002,,SM4500PF,0.002,,Ash in the air from nearby burn.,,,93719001,10052413,00666
P155439-2,93719002,93719,Non-WQM,Herbicide_A,SW,GP,SAMP,EFIRE,EX,EFIRE,2/26/2025 10:38,,,,0.09,,,,,,,,,,,,,,,,,,,,,,,,2/28/2025 13:11,2/27/2025 14:39,00666,TDPO4,26,0.015,mg/L,+/- 0.002,,SM4500PF,0.002,,,,,93719002,10052437,00666
P155439-3,93719003,93719,Non-WQM,Burn_Herb_A,SW,GP,SAMP,EFIRE,EX,EFIRE,2/26/2025 11:10,,,,0.07,,,,,,,,,,,,,,,,,,,,,,,,2/28/2025 13:16,2/27/2025 14:39,00666,TDPO4,26,0.018,mg/L,+/- 0.002,,SM4500PF,0.002,,,,,93719003,10052449,00666
P155439-4,93719004,93719,Non-WQM,Burn_A,SW,GP,SAMP,EFIRE,EX,EFIRE,2/26/2025 11:33,,,,0.08,,,,,,,,,,,,,,,,,,,,,,,,2/28/2025 13:20,2/27/2025 14:39,00666,TDPO4,26,0.02,mg/L,+/- 0.002,,SM4500PF,0.002,,,,,93719004,10052461,00666
P155439-5,93719005,93719,Non-WQM,Untreated_B,SW,GP,SAMP,EFIRE,EX,EFIRE,2/26/2025 12:03,,,,0.06,,,,,,,,,,,,,,,,,,,,,,,,2/28/2025 13:24,2/27/2025 14:39,00666,TDPO4,26,0.02,mg/L,+/- 0.002,,SM4500PF,0.002,,,,,93719005,10052473,00666
P155439-6,93719006,93719,Non-WQM,Burn_B,SW,GP,SAMP,EFIRE,EX,EFIRE,2/26/2025 12:20,,,,0.11,,,,,,,,,,,,,,,,,,,,,,,,2/28/2025 13:28,2/27/2025 14:39,00666,TDPO4,26,0.02,mg/L,+/- 0.002,,SM4500PF,0.002,,,,,93719006,10052485,00666
P155439-7,93719007,93719,Non-WQM,Burn_Herb_B,SW,GP,SAMP,EFIRE,EX,EFIRE,2/26/2025 12:35,,,,0.12,,,,,,,,,,,,,,,,,,,,,,,,2/28/2025 13:32,2/27/2025 14:39,00666,TDPO4,26,0.018,mg/L,+/- 0.002,,SM4500PF,0.002,,,,,93719007,10052497,00666
P155439-8,93719008,93719,Non-WQM,Herbicide_B,SW,GP,SAMP,EFIRE,EX,EFIRE,2/26/2025 12:50,,,,0.1,,,,,,,,,,,,,,,,,,,,,,,,2/28/2025 13:45,2/27/2025 14:39,00666,TDPO4,26,0.023,mg/L,+/- 0.002,,SM4500PF,0.002,,,,,93719008,10052509,00666
P155439-9,93719009,93719,Non-WQM,Herbicide_C,SW,GP,SAMP,EFIRE,EX,EFIRE,2/26/2025 13:06,,,,0.1,,,,,,,,,,,,,,,,,,,,,,,,2/28/2025 13:49,2/27/2025 14:39,00666,TDPO4,26,0.017,mg/L,+/- 0.002,,SM4500PF,0.002,,,,,93719009,10052521,00666
P155439-10,93719010,93719,Non-WQM,Burn_Herb_C,SW,GP,SAMP,EFIRE,EX,EFIRE,2/26/2025 13:21,,,,0.15,,,,,,,,,,,,,,,,,,,,,,,,2/28/2025 13:52,2/27/2025 14:39,00666,TDPO4,26,0.018,mg/L,+/- 0.002,,SM4500PF,0.002,,,,,93719010,10052533,00666
P155439-11,93719011,93719,Non-WQM,Burn_C,SW,GP,SAMP,EFIRE,EX,EFIRE,2/26/2025 13:35,,,,0.14,,,,,,,,,,,,,,,,,,,,,,,,2/28/2025 13:56,2/27/2025 14:39,00666,TDPO4,26,0.017,mg/L,+/- 0.002,,SM4500PF,0.002,,,,,93719011,10052545,00666
P155439-12,93719012,93719,Non-WQM,Untreated_C,SW,GP,SAMP,EFIRE,EX,EFIRE,2/26/2025 13:50,,,,0.11,,,,,,,,,,,,,,,,,,,,,,,,2/28/2025 14:00,2/27/2025 14:39,00666,TDPO4,26,0.019,mg/L,+/- 0.002,,SM4500PF,0.002,,,,,93719012,10052557,00666
P166180-1,99001001,99001,Non-WQM,Untreated_A,SW,GP,SAMP,EFIRE,EX,EFIRE,8/25/2026 9:55,,,,0.06,,,,,,,,,,,,,,,,,,,,,,,,9/2/2026 12:24,9/1/2026 16:15,00666,TDPO4,26,0.02,mg/L,+/- 0.002,,SM4500PF,0.002,,,,,99001001,10640466,00666
P166180-2,99001002,99001,Non-WQM,Herbicide_A,SW,GP,SAMP,EFIRE,EX,EFIRE,8/25/2026 10:10,,,,0.08,,,,,,,,,,,,,,,,,,,,,,,,9/2/2026 12:28,9/1/2026 16:15,00666,TDPO4,26,0.008,mg/L,+/- 0.002,,SM4500PF,0.002,,,,,99001002,10640471,00666
P166180-3,99001003,99001,Non-WQM,Burn_Herb_A,SW,GP,SAMP,EFIRE,EX,EFIRE,8/25/2026 10:20,,,,0.10,,,,,,,,,,,,,,,,,,,,,,,,9/2/2026 12:43,9/1/2026 16:15,00666,TDPO4,26,0.009,mg/L,+/- 0.002,,SM4500PF,0.002,,,,,99001003,10640476,00666
P166180-4,99001004,99001,Non-WQM,Burn_A,SW,GP,SAMP,EFIRE,EX,EFIRE,8/25/2026 10:40,,,,0.05,,,,,,,,,,,,,,,,,,,,,,,,9/2/2026 8:34,9/1/2026 16:15,00666,TDPO4,26,0.009,mg/L,+/- 0.002,,SM4500PF,0.002,,,,,99001004,10640481,00666
P166180-6,99001006,99001,Non-WQM,Burn_B,SW,GP,SAMP,EFIRE,EX,EFIRE,8/25/2026 11:00,,,,0.08,,,,,,,,,,,,,,,,,,,,,,,,9/2/2026 9:14,9/1/2026 16:15,00666,TDPO4,26,0.009,mg/L,+/- 0.002,,SM4500PF,0.002,,,,,99001006,10640487,00666
P166180-7,99001007,99001,Non-WQM,Burn_Herb_B,SW,GP,SAMP,EFIRE,EX,EFIRE,8/25/2026 11:15,,,,0.06,,,,,,,,,,,,,,,,,,,,,,,,9/2/2026 9:23,9/1/2026 16:15,00666,TDPO4,26,0.009,mg/L,+/- 0.002,,SM4500PF,0.002,,,,,99001007,10640492,00666
P166180-8,99001008,99001,Non-WQM,Herbicide_B,SW,GP,SAMP,EFIRE,EX,EFIRE,8/25/2026 11:25,,,,0.03,,,,,,,,,,,,,,,,,,,,,,,,9/2/2026 9:31,9/1/2026 16:15,00666,TDPO4,26,0.008,mg/L,+/- 0.002,,SM4500PF,0.002,,,,,99001008,10640497,00666
P166180-10,99001010,99001,Non-WQM,Burn_Herb_C,SW,GP,SAMP,EFIRE,EX,EFIRE,8/25/2026 11:40,,,,0.12,,,,,,,,,,,,,,,,,,,,,,,,9/2/2026 9:34,9/1/2026 16:15,00666,TDPO4,26,0.007,mg/L,+/- 0.002,,SM4500PF,0.002,,,,,99001010,10640503,00666
P166180-11,99001011,99001,Non-WQM,Burn_C,SW,GP,SAMP,EFIRE,EX,EFIRE,8/25/2026 11:50,,,,0.08,,,,,,,,,,,,,,,,,,,,,,,,9/2/2026 9:38,9/1/2026 16:15,00666,TDPO4,26,0.008,mg/L,+/- 0.002,,SM4500PF,0.002,,,,,99001011,10640508,00666
P166182-1,99003001,99003,Non-WQM,Untreated_A,SW,GP,SAMP,EFIRE,EX,EFIRE,9/22/2026 9:50,,,,0.23,,,,,,,,,,,,,,,,,,,,,,,,10/6/2026 10:33,10/5/2026 13:35,00666,TDPO4,26,0.055,mg/L,+/- 0.004,,SM4500PF,0.002,,,,,99003001,10673840,00666
P166182-2,99003002,99003,Non-WQM,Herbicide_A,SW,GP,SAMP,EFIRE,EX,EFIRE,9/22/2026 10:05,,,,0.21,,,,,,,,,,,,,,,,,,,,,,,,10/6/2026 10:36,10/5/2026 13:35,00666,TDPO4,26,0.048,mg/L,+/- 0.004,,SM4500PF,0.002,,,,,99003002,10673845,00666
P166182-3,99003003,99003,Non-WQM,Burn_Herb_A,SW,GP,SAMP,EFIRE,EX,EFIRE,9/22/2026 10:15,,,,0.23,,,,,,,,,,,,,,,,,,,,,,,,10/6/2026 10:51,10/5/2026 13:35,00666,TDPO4,26,0.047,mg/L,+/- 0.003,,SM4500PF,0.002,,,,,99003003,10673850,00666
P166182-4,99003004,99003,Non-WQM,Burn_A,SW,GP,SAMP,EFIRE,EX,EFIRE,9/22/2026 10:20,,,,0.24,,,,,,,,,,,,,,,,,,,,,,,,10/6/2026 10:55,10/5/2026 13:35,00666,TDPO4,26,0.05,mg/L,+/- 0.004,,SM4500PF,0.002,,,,,99003004,10673855,00666
P166182-5,99003005,99003,Non-WQM,Untreated_B,SW,GP,SAMP,EFIRE,EX,EFIRE,9/22/2026 10:35,,,,0.13,,,,,,,,,,,,,,,,,,,,,,,,10/6/2026 10:59,10/5/2026 13:35,00666,TDPO4,26,0.055,mg/L,+/- 0.004,,SM4500PF,0.002,,,,,99003005,10673860,00666
P166182-6,99003006,99003,Non-WQM,Burn_B,SW,GP,SAMP,EFIRE,EX,EFIRE,9/22/2026 10:45,,,,0.24,,,,,,,,,,,,,,,,,,,,,,,,10/6/2026 11:03,10/5/2026 13:35,00666,TDPO4,26,0.05,mg/L,+/- 0.004,,SM4500PF,0.002,,,,,99003006,10673865,00666
P166182-7,99003007,99003,Non-WQM,Burn_Herb_B,SW,GP,SAMP,EFIRE,EX,EFIRE,9/22/2026 10:55,,,,0.22,,,,,,,,,,,,,,,,,,,,,,,,10/6/2026 11:07,10/5/2026 13:35,00666,TDPO4,26,0.04,mg/L,+/- 0.003,,SM4500PF,0.002,,,,,99003007,10673870,00666
P166182-8,99003008,99003,Non-WQM,Herbicide_B,SW,GP,SAMP,EFIRE,EX,EFIRE,9/22/2026 11:05,,,,0.20,,,,,,,,,,,,,,,,,,,,,,,,10/6/2026 11:12,10/5/2026 13:35,00666,TDPO4,26,0.037,mg/L,+/- 0.003,,SM4500PF,0.002,,,,,99003008,10673875,00666
P166182-9,99003009,99003,Non-WQM,Herbicide_C,SW,GP,SAMP,EFIRE,EX,EFIRE,9/22/2026 11:20,,,,0.20,,,,,,,,,,,,,,,,,,,,,,,,10/6/2026 11:16,10/5/2026 13:35,00666,TDPO4,26,0.031,mg/L,+/- 0.003,,SM4500PF,0.002,,,,,99003009,10673880,00666
P166182-10,99003010,99003,Non-WQM,Burn_Herb_C,SW,GP,SAMP,EFIRE,EX,EFIRE,9/22/2026 11:30,,,,0.28,,,,,,,,,,,,,,,,,,,,,,,,10/6/2026 11:20,10/5/2026 13:35,00666,TDPO4,26,0.039,mg/L,+/- 0.003,,SM4500PF,0.002,,,,,99003010,10673885,00666
P166182-11,99003011,99003,Non-WQM,Burn_C,SW,GP,SAMP,EFIRE,EX,EFIRE,9/22/2026 11:40,,,,0.21,,,,,,,,,,,,,,,,,,,,,,,,10/6/2026 11:23,10/5/2026 13:35,00666,TDPO4,26,0.028,mg/L,+/- 0.003,,SM4500PF,0.002,,,,,99003011,10673890,00666
P166182-12,99003012,99003,Non-WQM,Untreated_C,SW,GP,SAMP,EFIRE,EX,EFIRE,9/22/2026 11:50,,,,0.21,,,,,,,,,,,,,,,,,,,,,,,,10/6/2026 11:27,10/5/2026 13:35,00666,TDPO4,26,0.041,mg/L,+/- 0.003,,SM4500PF,0.002,,,,,99003012,10673895,00666
P166181-1,99002001,99002,Non-WQM,Untreated_A,SW,GP,SAMP,EFIRE,EX,EFIRE,9/10/2026 9:54,,,,0.22,,,,,,,,,,,,,,,,,,,,,,,,9/18/2026 12:27,9/17/2026 15:42,00666,TDPO4,26,0.017,mg/L,+/- 0.002,,SM4500PF,0.002,,,,,99002001,10658662,00666
P166181-2,99002002,99002,Non-WQM,Herbicide_A,SW,GP,SAMP,EFIRE,EX,EFIRE,9/10/2026 10:05,,,,0.22,,,,,,,,,,,,,,,,,,,,,,,,9/18/2026 12:41,9/17/2026 15:42,00666,TDPO4,26,0.017,mg/L,+/- 0.002,,SM4500PF,0.002,,,,,99002002,10658667,00666
P166181-3,99002003,99002,Non-WQM,Burn_Herb_A,SW,GP,SAMP,EFIRE,EX,EFIRE,9/10/2026 10:18,,,,0.23,,,,,,,,,,,,,,,,,,,,,,,,9/18/2026 12:44,9/17/2026 15:42,00666,TDPO4,26,0.016,mg/L,+/- 0.002,,SM4500PF,0.002,,,,,99002003,10658672,00666
P166181-4,99002004,99002,Non-WQM,Burn_A,SW,GP,SAMP,EFIRE,EX,EFIRE,9/10/2026 10:25,,,,0.18,,,,,,,,,,,,,,,,,,,,,,,,9/18/2026 12:48,9/17/2026 15:42,00666,TDPO4,26,0.016,mg/L,+/- 0.002,,SM4500PF,0.002,,,,,99002004,10658677,00666
P166181-5,99002005,99002,Non-WQM,Untreated_B,SW,GP,SAMP,EFIRE,EX,EFIRE,9/10/2026 10:30,,,,0.17,,,,,,,,,,,,,,,,,,,,,,,,9/18/2026 12:52,9/17/2026 15:42,00666,TDPO4,26,0.018,mg/L,+/- 0.002,,SM4500PF,0.002,,,,,99002005,10658682,00666
P166181-6,99002006,99002,Non-WQM,Burn_B,SW,GP,SAMP,EFIRE,EX,EFIRE,9/10/2026 10:40,,,,0.24,,,,,,,,,,,,,,,,,,,,,,,,9/18/2026 12:56,9/17/2026 15:42,00666,TDPO4,26,0.013,mg/L,+/- 0.002,,SM4500PF,0.002,,,,,99002006,10658687,00666
P166181-7,99002007,99002,Non-WQM,Burn_Herb_B,SW,GP,SAMP,EFIRE,EX,EFIRE,9/10/2026 10:45,,,,0.20,,,,,,,,,,,,,,,,,,,,,,,,9/18/2026 13:02,9/17/2026 15:42,00666,TDPO4,26,0.017,mg/L,+/- 0.002,,SM4500PF,0.002,,,,,99002007,10658692,00666
P166181-8,99002008,99002,Non-WQM,Herbicide_B,SW,GP,SAMP,EFIRE,EX,EFIRE,9/10/2026 10:55,,,,0.22,,,,,,,,,,,,,,,,,,,,,,,,9/18/2026 13:05,9/17/2026 15:42,00666,TDPO4,26,0.016,mg/L,+/- 0.002,,SM4500PF,0.002,,,,,99002008,10658697,00666
P166181-9,99002009,99002,Non-WQM,Herbicide_C,SW,GP,SAMP,EFIRE,EX,EFIRE,9/10/2026 11:03,,,,0.17,,,,,,,,,,,,,,,,,,,,,,,,9/18/2026 13:09,9/17/2026 15:42,00666,TDPO4,26,0.013,mg/L,+/- 0.002,,SM4500PF,0.002,Red algae fleck in water,,,,99002009,10658702,00666
P166181-10,99002010,99002,Non-WQM,Burn_Herb_C,SW,GP,SAMP,EFIRE,EX,EFIRE,9/10/2026 11:12,,,,0.26,,,,,,,,,,,,,,,,,,,,,,,,9/18/2026 13:13,9/17/2026 15:42,00666,TDPO4,26,0.014,mg/L,+/- 0.002,,SM4500PF,0.002,,,,,99002010,10658707,00666
P166181-11,99002011,99002,Non-WQM,Burn_C,SW,GP,SAMP,EFIRE,EX,EFIRE,9/10/2026 11:20,,,,0.23,,,,,,,,,,,,,,,,,,,,,,,,9/18/2026 13:17,9/17/2026 15:42,00666,TDPO4,26,0.012,mg/L,+/- 0.002,,SM4500PF,0.002,Red algae flecks in water,,,,99002011,10658712,00666
P166181-12,99002012,99002,Non-WQM,Untreated_C,SW,GP,SAMP,EFIRE,EX,EFIRE,9/10/2026 11:28,,,,0.30,,,,,,,,,,,,,,,,,,,,,,,,9/18/2026 13:30,9/17/2026 15:42,00666,TDPO4,26,0.015,mg/L,+/- 0.002,,SM4500PF,0.002,,,,,99002012,10658717,00666
P158532-1,95276001,95276,Non-WQM,Untreated_A,SW,GP,SAMP,EFIRE,EX,EFIRE,12/22/2025 10:10,,,,0.05,,,,,,,,,,,,,,,,,,,,,,,,1/8/2026 9:30,1/6/2026 10:36,00666,TDPO4,26,0.018,mg/L,+/- 0.002,,SM4500PF,0.002,,,,,95276001,10400835,00666
P158532-2,95276002,95276,Non-WQM,Herbicide_A,SW,GP,SAMP,EFIRE,EX,EFIRE,12/22/2025 10:40,,,,0.07,,,,,,,,,,,,,,,,,,,,,,,,1/8/2026 9:33,1/6/2026 10:36,00666,TDPO4,26,0.011,mg/L,+/- 0.002,,SM4500PF,0.002,,,,,95276002,10400840,00666
P158532-3,95276003,95276,Non-WQM,Burn_Herb_A,SW,GP,SAMP,EFIRE,EX,EFIRE,12/22/2025 11:00,,,,0.1,,,,,,,,,,,,,,,,,,,,,,,,1/8/2026 9:37,1/6/2026 10:36,00666,TDPO4,26,0.014,mg/L,+/- 0.002,,SM4500PF,0.002,,,,,95276003,10400845,00666
P158532-4,95276004,95276,Non-WQM,Burn_A,SW,GP,SAMP,EFIRE,EX,EFIRE,12/22/2025 11:15,,,,0.1,,,,,,,,,,,,,,,,,,,,,,,,1/8/2026 9:41,1/6/2026 10:36,00666,TDPO4,26,0.01,mg/L,+/- 0.002,,SM4500PF,0.002,,,,,95276004,10400850,00666
P158532-5,95276005,95276,Non-WQM,Untreated_B,SW,GP,SAMP,EFIRE,EX,EFIRE,12/22/2025 11:30,,,,0.05,,,,,,,,,,,,,,,,,,,,,,,,1/8/2026 9:54,1/6/2026 10:36,00666,TDPO4,26,0.014,mg/L,+/- 0.002,,SM4500PF,0.002,,,,,95276005,10400855,00666
P158532-6,95276006,95276,Non-WQM,Burn_B,SW,GP,SAMP,EFIRE,EX,EFIRE,12/22/2025 11:45,,,,0.1,,,,,,,,,,,,,,,,,,,,,,,,1/8/2026 9:58,1/6/2026 10:36,00666,TDPO4,26,0.016,mg/L,+/- 0.002,,SM4500PF,0.002,,,,,95276006,10400860,00666
P158532-7,95276007,95276,Non-WQM,Burn_Herb_B,SW,GP,SAMP,EFIRE,EX,EFIRE,12/22/2025 12:00,,,,0.07,,,,,,,,,,,,,,,,,,,,,,,,1/8/2026 10:01,1/6/2026 10:36,00666,TDPO4,26,0.013,mg/L,+/- 0.002,,SM4500PF,0.002,,,,,95276007,10400865,00666
P158532-8,95276008,95276,Non-WQM,Herbicide_B,SW,GP,SAMP,EFIRE,EX,EFIRE,12/22/2025 12:15,,,,0.05,,,,,,,,,,,,,,,,,,,,,,,,1/8/2026 10:05,1/6/2026 10:36,00666,TDPO4,26,0.012,mg/L,+/- 0.002,,SM4500PF,0.002,,,,,95276008,10400870,00666
P158532-9,95276009,95276,Non-WQM,Herbicide_C,SW,GP,SAMP,EFIRE,EX,EFIRE,12/22/2025 12:40,,,,0.07,,,,,,,,,,,,,,,,,,,,,,,,1/8/2026 10:09,1/6/2026 10:36,00666,TDPO4,26,0.011,mg/L,+/- 0.002,,SM4500PF,0.002,,,,,95276009,10400875,00666
P158532-10,95276010,95276,Non-WQM,Burn_Herb_C,SW,GP,SAMP,EFIRE,EX,EFIRE,12/22/2025 12:55,,,,0.08,,,,,,,,,,,,,,,,,,,,,,,,1/8/2026 10:15,1/6/2026 10:36,00666,TDPO4,26,0.012,mg/L,+/- 0.002,,SM4500PF,0.002,,,,,95276010,10400880,00666
P158532-11,95276011,95276,Non-WQM,Burn_C,SW,GP,SAMP,EFIRE,EX,EFIRE,12/22/2025 13:15,,,,0.12,,,,,,,,,,,,,,,,,,,,,,,,1/8/2026 10:18,1/6/2026 10:36,00666,TDPO4,26,0.01,mg/L,+/- 0.002,,SM4500PF,0.002,,,,,95276011,10400885,00666
P158532-12,95276012,95276,Non-WQM,Untreated_C,SW,GP,SAMP,EFIRE,EX,EFIRE,12/22/2025 13:25,,,,0.11,,,,,,,,,,,,,,,,,,,,,,,,1/8/2026 10:22,1/6/2026 10:36,00666,TDPO4,26,0.012,mg/L,+/- 0.002,,SM4500PF,0.002,,,,,95276012,10400890,00666
P166179-1,99000001,99000,Non-WQM,Untreated_A,SW,GP,SAMP,EFIRE,EX,EFIRE,8/11/2026 9:40,,,,0.06,,,,,,,,,,,,,,,,,,,,,,,,8/25/2026 10:51,8/24/2026 14:27,00666,TDPO4,26,0.016,mg/L,+/- 0.002,,SM4500PF,0.002,,,,,99000001,10625541,00666
P166179-2,99000002,99000,Non-WQM,Herbicide_A,SW,GP,SAMP,EFIRE,EX,EFIRE,8/11/2026 10:00,,,,0.11,,,,,,,,,,,,,,,,,,,,,,,,8/25/2026 10:58,8/24/2026 14:27,00666,TDPO4,26,0.009,mg/L,+/- 0.002,,SM4500PF,0.002,,,,,99000002,10625546,00666
P166179-3,99000003,99000,Non-WQM,Burn_Herb_A,SW,GP,SAMP,EFIRE,EX,EFIRE,8/11/2026 10:15,,,,0.10,,,,,,,,,,,,,,,,,,,,,,,,8/25/2026 11:02,8/24/2026 14:27,00666,TDPO4,26,0.013,mg/L,+/- 0.002,,SM4500PF,0.002,,,,,99000003,10625551,00666
P166179-4,99000004,99000,Non-WQM,Burn_A,SW,GP,SAMP,EFIRE,EX,EFIRE,8/11/2026 10:30,,,,0.12,,,,,,,,,,,,,,,,,,,,,,,,8/25/2026 11:06,8/24/2026 14:27,00666,TDPO4,26,0.009,mg/L,+/- 0.002,,SM4500PF,0.002,,,,,99000004,10625556,00666
P166179-6,99000006,99000,Non-WQM,Burn_B,SW,GP,SAMP,EFIRE,EX,EFIRE,8/11/2026 11:05,,,,0.16,,,,,,,,,,,,,,,,,,,,,,,,8/25/2026 11:10,8/24/2026 14:27,00666,TDPO4,26,0.009,mg/L,+/- 0.002,,SM4500PF,0.002,,,,,99000006,10625562,00666
P166179-7,99000007,99000,Non-WQM,Burn_Herb_B,SW,GP,SAMP,EFIRE,EX,EFIRE,8/11/2026 11:15,,,,0.10,,,,,,,,,,,,,,,,,,,,,,,,8/25/2026 11:15,8/24/2026 14:27,00666,TDPO4,26,0.01,mg/L,+/- 0.002,,SM4500PF,0.002,,,,,99000007,10625567,00666
P166179-8,99000008,99000,Non-WQM,Herbicide_B,SW,GP,SAMP,EFIRE,EX,EFIRE,8/11/2026 11:30,,,,0.05,,,,,,,,,,,,,,,,,,,,,,,,8/25/2026 11:25,8/24/2026 14:27,00666,TDPO4,26,0.008,mg/L,+/- 0.002,,SM4500PF,0.002,,,,,99000008,10625572,00666
P166179-9,99000009,99000,Non-WQM,Herbicide_C,SW,GP,SAMP,EFIRE,EX,EFIRE,8/11/2026 11:55,,,,0.05,,,,,,,,,,,,,,,,,,,,,,,,8/25/2026 11:31,8/24/2026 14:27,00666,TDPO4,26,0.008,mg/L,+/- 0.002,,SM4500PF,0.002,,,,,99000009,10625577,00666
P166179-10,99000010,99000,Non-WQM,Burn_Herb_C,SW,GP,SAMP,EFIRE,EX,EFIRE,8/11/2026 12:10,,,,0.14,,,,,,,,,,,,,,,,,,,,,,,,8/25/2026 11:34,8/24/2026 14:27,00666,TDPO4,26,0.008,mg/L,+/- 0.002,,SM4500PF,0.002,,,,,99000010,10625582,00666
P166179-11,99000011,99000,Non-WQM,Burn_C,SW,GP,SAMP,EFIRE,EX,EFIRE,8/11/2026 12:25,,,,0.07,,,,,,,,,,,,,,,,,,,,,,,,8/25/2026 11:38,8/24/2026 14:27,00666,TDPO4,26,0.01,mg/L,+/- 0.002,,SM4500PF,0.002,,,,,99000011,10625587,00666
P166179-12,99000012,99000,Non-WQM,Untreated_C,SW,GP,SAMP,EFIRE,EX,EFIRE,8/11/2026 12:40,,,,0.08,,,,,,,,,,,,,,,,,,,,,,,,8/25/2026 11:42,8/24/2026 14:27,00666,TDPO4,26,0.01,mg/L,+/- 0.002,,SM4500PF,0.002,,,,,99000012,10625592,00666
P162250-1,97133001,97133,Non-WQM,Untreated_A,SW,GP,SAMP,EFIRE,EX,EFIRE,6/2/2026 10:00,,,,0.08,,,,,,,,,,,,,,,,,,,,,,,,6/5/2026 10:41,6/4/2026 14:28,00666,TDPO4,26,0.021,mg/L,+/- 0.002,,SM4500PF,0.002,,,,,97133001,10554685,00666
P162250-2,97133002,97133,Non-WQM,Herbicide_A,SW,GP,SAMP,EFIRE,EX,EFIRE,6/2/2026 10:35,,,,0.10,,,,,,,,,,,,,,,,,,,,,,,,6/5/2026 10:45,6/4/2026 14:28,00666,TDPO4,26,0.013,mg/L,+/- 0.002,,SM4500PF,0.002,,,,,97133002,10554690,00666
P162250-3,97133003,97133,Non-WQM,Burn_Herb_A,SW,GP,SAMP,EFIRE,EX,EFIRE,6/2/2026 10:50,,,,0.12,,,,,,,,,,,,,,,,,,,,,,,,6/5/2026 10:49,6/4/2026 14:28,00666,TDPO4,26,0.014,mg/L,+/- 0.002,,SM4500PF,0.002,,,,,97133003,10554695,00666
P162250-4,97133004,97133,Non-WQM,Burn_A,SW,GP,SAMP,EFIRE,EX,EFIRE,6/2/2026 11:05,,,,0.11,,,,,,,,,,,,,,,,,,,,,,,,6/5/2026 10:53,6/4/2026 14:28,00666,TDPO4,26,0.012,mg/L,+/- 0.002,,SM4500PF,0.002,,,,,97133004,10554700,00666
P162250-5,97133005,97133,Non-WQM,Untreated_B,SW,GP,SAMP,EFIRE,EX,EFIRE,6/2/2026 11:20,,,,0.06,,,,,,,,,,,,,,,,,,,,,,,,6/5/2026 10:56,6/4/2026 14:28,00666,TDPO4,26,0.016,mg/L,+/- 0.002,,SM4500PF,0.002,,,,,97133005,10554705,00666
P162250-6,97133006,97133,Non-WQM,Burn_B,SW,GP,SAMP,EFIRE,EX,EFIRE,6/2/2026 11:30,,,,0.18,,,,,,,,,,,,,,,,,,,,,,,,6/5/2026 11:02,6/4/2026 14:28,00666,TDPO4,26,0.012,mg/L,+/- 0.002,,SM4500PF,0.002,,,,,97133006,10554710,00666
P162250-7,97133007,97133,Non-WQM,Burn_Herb_B,SW,GP,SAMP,EFIRE,EX,EFIRE,6/2/2026 11:45,,,,0.10,,,,,,,,,,,,,,,,,,,,,,,,6/5/2026 11:11,6/4/2026 14:28,00666,TDPO4,26,0.058,mg/L,+/- 0.004,,SM4500PF,0.002,,Filter turned bright green during processing.  ,,,97133007,10554715,00666
P162250-8,97133008,97133,Non-WQM,Herbicide_B,SW,GP,SAMP,EFIRE,EX,EFIRE,6/2/2026 12:00,,,,0.07,,,,,,,,,,,,,,,,,,,,,,,,6/5/2026 11:17,6/4/2026 14:28,00666,TDPO4,26,0.012,mg/L,+/- 0.002,,SM4500PF,0.002,,,,,97133008,10554720,00666
P162250-9,97133009,97133,Non-WQM,Herbicide_C,SW,GP,SAMP,EFIRE,EX,EFIRE,6/2/2026 12:20,,,,0.06,,,,,,,,,,,,,,,,,,,,,,,,6/5/2026 11:21,6/4/2026 14:28,00666,TDPO4,26,0.009,mg/L,+/- 0.002,,SM4500PF,0.002,,,,,97133009,10554725,00666
P162250-10,97133010,97133,Non-WQM,Burn_Herb_C,SW,GP,SAMP,EFIRE,EX,EFIRE,6/2/2026 12:40,,,,0.17,,,,,,,,,,,,,,,,,,,,,,,,6/5/2026 11:25,6/4/2026 14:28,00666,TDPO4,26,0.011,mg/L,+/- 0.002,,SM4500PF,0.002,,,,,97133010,10554730,00666
P162250-11,97133011,97133,Non-WQM,Burn_C,SW,GP,SAMP,EFIRE,EX,EFIRE,6/2/2026 12:55,,,,0.10,,,,,,,,,,,,,,,,,,,,,,,,6/5/2026 11:30,6/4/2026 14:28,00666,TDPO4,26,0.012,mg/L,+/- 0.002,,SM4500PF,0.002,,,,,97133011,10554735,00666
P162250-12,97133012,97133,Non-WQM,Untreated_C,SW,GP,SAMP,EFIRE,EX,EFIRE,6/2/2026 13:10,,,,0.11,,,,,,,,,,,,,,,,,,,,,,,,6/5/2026 11:34,6/4/2026 14:28,00666,TDPO4,26,0.013,mg/L,+/- 0.002,,SM4500PF,0.002,,,,,97133012,10554740,00666
P162249-1,97132001,97132,Non-WQM,Untreated_A,SW,GP,SAMP,EFIRE,EX,EFIRE,5/19/2026 10:30,,,,0.10,,,,,,,,,,,,,,,,,,,,,,,,5/29/2026 10:35,5/27/2026 11:15,00666,TDPO4,26,0.018,mg/L,+/- 0.002,,SM4500PF,0.002,,,,,97132001,10543229,00666
P162249-2,97132002,97132,Non-WQM,Herbicide_A,SW,GP,SAMP,EFIRE,EX,EFIRE,5/19/2026 11:00,,,,0.09,,,,,,,,,,,,,,,,,,,,,,,,5/29/2026 10:39,5/27/2026 11:15,00666,TDPO4,26,0.01,mg/L,+/- 0.002,,SM4500PF,0.002,,Floating periphyton,,,97132002,10543234,00666
P162249-3,97132003,97132,Non-WQM,Burn_Herb_A,SW,GP,SAMP,EFIRE,EX,EFIRE,5/19/2026 11:20,,,,0.12,,,,,,,,,,,,,,,,,,,,,,,,5/29/2026 10:43,5/27/2026 11:15,00666,TDPO4,26,0.012,mg/L,+/- 0.002,,SM4500PF,0.002,,,,,97132003,10543239,00666
P162249-4,97132004,97132,Non-WQM,Burn_A,SW,GP,SAMP,EFIRE,EX,EFIRE,5/19/2026 11:35,,,,0.12,,,,,,,,,,,,,,,,,,,,,,,,5/29/2026 10:48,5/27/2026 11:15,00666,TDPO4,26,0.013,mg/L,+/- 0.002,,SM4500PF,0.002,,,,,97132004,10543244,00666
P162249-5,97132005,97132,Non-WQM,Untreated_B,SW,GP,SAMP,EFIRE,EX,EFIRE,5/19/2026 11:55,,,,0.04,,,,,,,,,,,,,,,,,,,,,,,,5/29/2026 10:52,5/27/2026 11:15,00666,TDPO4,26,0.016,mg/L,+/- 0.002,,SM4500PF,0.002,,,,,97132005,10543249,00666
P162249-6,97132006,97132,Non-WQM,Burn_B,SW,GP,SAMP,EFIRE,EX,EFIRE,5/19/2026 12:15,,,,0.18,,,,,,,,,,,,,,,,,,,,,,,,5/29/2026 10:56,5/27/2026 11:15,00666,TDPO4,26,0.014,mg/L,+/- 0.002,,SM4500PF,0.002,,,,,97132006,10543254,00666
P162249-7,97132007,97132,Non-WQM,Burn_Herb_B,SW,GP,SAMP,EFIRE,EX,EFIRE,5/19/2026 12:25,,,,0.07,,,,,,,,,,,,,,,,,,,,,,,,5/29/2026 10:59,5/27/2026 11:15,00666,TDPO4,26,0.012,mg/L,+/- 0.002,,SM4500PF,0.002,,,,,97132007,10543259,00666
P162249-8,97132008,97132,Non-WQM,Herbicide_B,SW,GP,SAMP,EFIRE,EX,EFIRE,5/19/2026 12:40,,,,0.05,,,,,,,,,,,,,,,,,,,,,,,,5/29/2026 11:03,5/27/2026 11:15,00666,TDPO4,26,0.019,mg/L,+/- 0.002,,SM4500PF,0.002,,,,,97132008,10543264,00666
P162249-9,97132009,97132,Non-WQM,Herbicide_C,SW,GP,SAMP,EFIRE,EX,EFIRE,5/19/2026 13:00,,,,0.07,,,,,,,,,,,,,,,,,,,,,,,,5/29/2026 11:15,5/27/2026 11:15,00666,TDPO4,26,0.011,mg/L,+/- 0.002,,SM4500PF,0.002,,,,,97132009,10543269,00666
P162249-10,97132010,97132,Non-WQM,Burn_Herb_C,SW,GP,SAMP,EFIRE,EX,EFIRE,5/19/2026 13:15,,,,0.11,,,,,,,,,,,,,,,,,,,,,,,,5/29/2026 11:20,5/27/2026 11:15,00666,TDPO4,26,0.012,mg/L,+/- 0.002,,SM4500PF,0.002,Floating periphyton,,,,97132010,10543274,00666
P162249-11,97132011,97132,Non-WQM,Burn_C,SW,GP,SAMP,EFIRE,EX,EFIRE,5/19/2026 13:25,,,,0.16,,,,,,,,,,,,,,,,,,,,,,,,5/29/2026 11:24,5/27/2026 11:15,00666,TDPO4,26,0.012,mg/L,+/- 0.002,,SM4500PF,0.002,,,,,97132011,10543279,00666
P162249-12,97132012,97132,Non-WQM,Untreated_C,SW,GP,SAMP,EFIRE,EX,EFIRE,5/19/2026 13:40,,,,0.12,,,,,,,,,,,,,,,,,,,,,,,,5/29/2026 11:28,5/27/2026 11:15,00666,TDPO4,26,0.013,mg/L,+/- 0.002,,SM4500PF,0.002,,,,,97132012,10543284,00666
P166177-1,98998001,98998,Non-WQM,Untreated_A,SW,GP,SAMP,EFIRE,EX,EFIRE,7/15/2026 10:10,,,,0.10,,,,,,,,,,,,,,,,,,,,,,,,7/24/2026 9:50,7/23/2026 14:06,00666,TDPO4,26,0.016,mg/L,+/- 0.002,,SM4500PF,0.002,,,,,98998001,10594170,00666
P166177-2,98998002,98998,Non-WQM,Herbicide_A,SW,GP,SAMP,EFIRE,EX,EFIRE,7/15/2026 10:40,,,,0.12,,,,,,,,,,,,,,,,,,,,,,,,7/24/2026 9:54,7/23/2026 14:06,00666,TDPO4,26,0.009,mg/L,+/- 0.002,,SM4500PF,0.002,,,,,98998002,10594175,00666
P166177-3,98998003,98998,Non-WQM,Burn_Herb_A,SW,GP,SAMP,EFIRE,EX,EFIRE,7/15/2026 11:10,,,,0.19,,,,,,,,,,,,,,,,,,,,,,,,7/24/2026 9:58,7/23/2026 14:06,00666,TDPO4,26,0.011,mg/L,+/- 0.002,,SM4500PF,0.002,,,,,98998003,10594180,00666
P166177-4,98998004,98998,Non-WQM,Burn_A,SW,GP,SAMP,EFIRE,EX,EFIRE,7/15/2026 11:25,,,,0.12,,,,,,,,,,,,,,,,,,,,,,,,7/24/2026 10:01,7/23/2026 14:06,00666,TDPO4,26,0.01,mg/L,+/- 0.002,,SM4500PF,0.002,,,,,98998004,10594185,00666
P166177-5,98998005,98998,Non-WQM,Untreated_B,SW,GP,SAMP,EFIRE,EX,EFIRE,7/15/2026 11:40,,,,0.07,,,,,,,,,,,,,,,,,,,,,,,,7/24/2026 10:22,7/23/2026 14:06,00666,TDPO4,26,0.011,mg/L,+/- 0.002,,SM4500PF,0.002,,,,,98998005,10594190,00666
P166177-6,98998006,98998,Non-WQM,Burn_B,SW,GP,SAMP,EFIRE,EX,EFIRE,7/15/2026 12:00,,,,0.14,,,,,,,,,,,,,,,,,,,,,,,,7/24/2026 10:26,7/23/2026 14:06,00666,TDPO4,26,0.01,mg/L,+/- 0.002,,SM4500PF,0.002,,,,,98998006,10594195,00666
P166177-7,98998007,98998,Non-WQM,Burn_Herb_B,SW,GP,SAMP,EFIRE,EX,EFIRE,7/15/2026 12:15,,,,0.12,,,,,,,,,,,,,,,,,,,,,,,,7/24/2026 10:30,7/23/2026 14:06,00666,TDPO4,26,0.011,mg/L,+/- 0.002,,SM4500PF,0.002,,,,,98998007,10594200,00666
P166177-8,98998008,98998,Non-WQM,Herbicide_B,SW,GP,SAMP,EFIRE,EX,EFIRE,7/15/2026 12:30,,,,0.08,,,,,,,,,,,,,,,,,,,,,,,,7/24/2026 10:33,7/23/2026 14:06,00666,TDPO4,26,0.011,mg/L,+/- 0.002,,SM4500PF,0.002,,,,,98998008,10594205,00666
P166177-9,98998009,98998,Non-WQM,Herbicide_C,SW,GP,SAMP,EFIRE,EX,EFIRE,7/15/2026 12:50,,,,0.09,,,,,,,,,,,,,,,,,,,,,,,,7/24/2026 10:35,7/23/2026 14:06,00666,TDPO4,26,0.011,mg/L,+/- 0.002,,SM4500PF,0.002,,,,,98998009,10594210,00666
P166177-10,98998010,98998,Non-WQM,Burn_Herb_C,SW,GP,SAMP,EFIRE,EX,EFIRE,7/15/2026 13:10,,,,0.15,,,,,,,,,,,,,,,,,,,,,,,,7/24/2026 10:41,7/23/2026 14:06,00666,TDPO4,26,0.008,mg/L,+/- 0.002,,SM4500PF,0.002,,,,,98998010,10594215,00666
P166177-11,98998011,98998,Non-WQM,Burn_C,SW,GP,SAMP,EFIRE,EX,EFIRE,7/15/2026 13:30,,,,0.07,,,,,,,,,,,,,,,,,,,,,,,,7/24/2026 10:45,7/23/2026 14:06,00666,TDPO4,26,0.009,mg/L,+/- 0.002,,SM4500PF,0.002,,,,,98998011,10594220,00666
P166177-12,98998012,98998,Non-WQM,Untreated_C,SW,GP,SAMP,EFIRE,EX,EFIRE,7/15/2026 13:45,,,,0.07,,,,,,,,,,,,,,,,,,,,,,,,7/24/2026 10:49,7/23/2026 14:06,00666,TDPO4,26,0.012,mg/L,+/- 0.002,,SM4500PF,0.002,,,,,98998012,10594225,00666
P166178-1,98999001,98999,Non-WQM,Untreated_A,SW,GP,SAMP,EFIRE,EX,EFIRE,7/28/2026 10:20,,,,0.11,,,,,,,,,,,,,,,,,,,,,,,,8/6/2026 11:30,8/4/2026 14:35,00666,TDPO4,26,0.013,mg/L,+/- 0.002,,SM4500PF,0.002,,,,,98999001,10608974,00666
P166178-2,98999002,98999,Non-WQM,Herbicide_A,SW,GP,SAMP,EFIRE,EX,EFIRE,7/28/2026 11:05,,,,0.06,,,,,,,,,,,,,,,,,,,,,,,,8/6/2026 11:41,8/4/2026 14:35,00666,TDPO4,26,0.008,mg/L,+/- 0.002,,SM4500PF,0.002,,,,,98999002,10608979,00666
P166178-3,98999003,98999,Non-WQM,Burn_Herb_A,SW,GP,SAMP,EFIRE,EX,EFIRE,7/28/2026 11:20,,,,0.1,,,,,,,,,,,,,,,,,,,,,,,,8/6/2026 11:47,8/4/2026 14:35,00666,TDPO4,26,0.009,mg/L,+/- 0.002,,SM4500PF,0.002,,,,,98999003,10608984,00666
P166178-4,98999004,98999,Non-WQM,Burn_A,SW,GP,SAMP,EFIRE,EX,EFIRE,7/28/2026 11:35,,,,0.1,,,,,,,,,,,,,,,,,,,,,,,,8/6/2026 11:50,8/4/2026 14:35,00666,TDPO4,26,0.01,mg/L,+/- 0.002,,SM4500PF,0.002,,,,,98999004,10608989,00666
P166178-5,98999005,98999,Non-WQM,Untreated_B,SW,GP,SAMP,EFIRE,EX,EFIRE,7/28/2026 11:50,,,,0.03,,,,,,,,,,,,,,,,,,,,,,,,8/6/2026 11:54,8/4/2026 14:35,00666,TDPO4,26,0.011,mg/L,+/- 0.002,,SM4500PF,0.002,,,,,98999005,10608994,00666
P166178-6,98999006,98999,Non-WQM,Burn_B,SW,GP,SAMP,EFIRE,EX,EFIRE,7/28/2026 12:05,,,,0.12,,,,,,,,,,,,,,,,,,,,,,,,8/6/2026 11:58,8/4/2026 14:35,00666,TDPO4,26,0.01,mg/L,+/- 0.002,,SM4500PF,0.002,,,,,98999006,10608999,00666
P166178-7,98999007,98999,Non-WQM,Burn_Herb_B,SW,GP,SAMP,EFIRE,EX,EFIRE,7/28/2026 12:20,,,,0.08,,,,,,,,,,,,,,,,,,,,,,,,8/6/2026 12:04,8/4/2026 14:35,00666,TDPO4,26,0.009,mg/L,+/- 0.002,,SM4500PF,0.002,,Ash from nearby fire present at site.,,,98999007,10609004,00666
P166178-8,98999008,98999,Non-WQM,Herbicide_B,SW,GP,SAMP,EFIRE,EX,EFIRE,7/28/2026 12:40,,,,0.06,,,,,,,,,,,,,,,,,,,,,,,,8/6/2026 12:08,8/4/2026 14:35,00666,TDPO4,26,0.009,mg/L,+/- 0.002,,SM4500PF,0.002,,Ash present at site,,,98999008,10609009,00666
P166178-9,98999009,98999,Non-WQM,Herbicide_C,SW,GP,SAMP,EFIRE,EX,EFIRE,7/28/2026 12:55,,,,0.04,,,,,,,,,,,,,,,,,,,,,,,,8/6/2026 12:11,8/4/2026 14:35,00666,TDPO4,26,0.011,mg/L,+/- 0.002,,SM4500PF,0.002,,Ash present at site,,,98999009,10609014,00666
P166178-10,98999010,98999,Non-WQM,Burn_Herb_C,SW,GP,SAMP,EFIRE,EX,EFIRE,7/28/2026 13:15,,,,0.07,,,,,,,,,,,,,,,,,,,,,,,,8/6/2026 12:15,8/4/2026 14:35,00666,TDPO4,26,0.009,mg/L,+/- 0.002,,SM4500PF,0.002,,Ash present at site,,Y,98999010,10609019,00666
P166178-11,98999011,98999,Non-WQM,Burn_C,SW,GP,SAMP,EFIRE,EX,EFIRE,7/28/2026 13:30,,,,0.05,,,,,,,,,,,,,,,,,,,,,,,,8/6/2026 12:19,8/4/2026 14:35,00666,TDPO4,26,0.011,mg/L,+/- 0.002,,SM4500PF,0.002,,Ash present at site,,,98999011,10609024,00666
P166178-12,98999012,98999,Non-WQM,Untreated_C,SW,GP,SAMP,EFIRE,EX,EFIRE,7/28/2026 13:45,,,,0.04,,,,,,,,,,,,,,,,,,,,,,,,8/6/2026 12:30,8/4/2026 14:35,00666,TDPO4,26,0.01,mg/L,+/- 0.002,,SM4500PF,0.002,,Ash present at site,,,98999012,10609029,00666
P167151-1,99471001,99471,Non-WQM,Untreated_A,SW,GP,SAMP,EFIRE,EX,EFIRE,6/30/2026 9:40,,,,0.10,,,,,,,,,,,,,,,,,,,,,,,,7/15/2026 12:07,7/14/2026 15:00,00666,TDPO4,26,0.013,mg/L,+/- 0.002,,SM4500PF,0.002,,,,,99471001,10581477,00666
P167151-2,99471002,99471,Non-WQM,Herbicide_A,SW,GP,SAMP,EFIRE,EX,EFIRE,6/30/2026 10:00,,,,0.07,,,,,,,,,,,,,,,,,,,,,,,,7/15/2026 12:11,7/14/2026 15:00,00666,TDPO4,26,0.01,mg/L,+/- 0.002,,SM4500PF,0.002,,,,,99471002,10581482,00666
P167151-3,99471003,99471,Non-WQM,Burn_Herb_A,SW,GP,SAMP,EFIRE,EX,EFIRE,6/30/2026 10:20,,,,0.15,,,,,,,,,,,,,,,,,,,,,,,,7/15/2026 12:15,7/14/2026 15:00,00666,TDPO4,26,0.012,mg/L,+/- 0.002,,SM4500PF,0.002,,,,,99471003,10581487,00666
P167151-4,99471004,99471,Non-WQM,Burn_A,SW,GP,SAMP,EFIRE,EX,EFIRE,6/30/2026 10:35,,,,0.06,,,,,,,,,,,,,,,,,,,,,,,,7/15/2026 12:18,7/14/2026 15:00,00666,TDPO4,26,0.011,mg/L,+/- 0.002,,SM4500PF,0.002,,,,,99471004,10581492,00666
P167151-6,99471006,99471,Non-WQM,Burn_B,SW,GP,SAMP,EFIRE,EX,EFIRE,6/30/2026 10:55,,,,0.09,,,,,,,,,,,,,,,,,,,,,,,,7/15/2026 12:24,7/14/2026 15:00,00666,TDPO4,26,0.009,mg/L,+/- 0.002,,SM4500PF,0.002,,,,,99471006,10581498,00666
P167151-7,99471007,99471,Non-WQM,Burn_Herb_B,SW,GP,SAMP,EFIRE,EX,EFIRE,6/30/2026 11:10,,,,0.08,,,,,,,,,,,,,,,,,,,,,,,,7/15/2026 12:28,7/14/2026 15:00,00666,TDPO4,26,0.011,mg/L,+/- 0.002,,SM4500PF,0.002,,,,,99471007,10581503,00666
P167151-8,99471008,99471,Non-WQM,Herbicide_B,SW,GP,SAMP,EFIRE,EX,EFIRE,6/30/2026 11:30,,,,0.05,,,,,,,,,,,,,,,,,,,,,,,,7/15/2026 12:32,7/14/2026 15:00,00666,TDPO4,26,0.009,mg/L,+/- 0.002,,SM4500PF,0.002,,,,,99471008,10581508,00666
P167151-10,99471010,99471,Non-WQM,Burn_Herb_C,SW,GP,SAMP,EFIRE,EX,EFIRE,6/30/2026 11:55,,,,0.12,,,,,,,,,,,,,,,,,,,,,,,,7/15/2026 12:35,7/14/2026 15:00,00666,TDPO4,26,0.009,mg/L,+/- 0.002,,SM4500PF,0.002,,,,,99471010,10581514,00666
P167151-11,99471011,99471,Non-WQM,Burn_C,SW,GP,SAMP,EFIRE,EX,EFIRE,6/30/2026 12:10,,,,0.07,,,,,,,,,,,,,,,,,,,,,,,,7/15/2026 12:39,7/14/2026 15:00,00666,TDPO4,26,0.011,mg/L,+/- 0.002,,SM4500PF,0.002,,,,,99471011,10581519,00666
P167151-12,99471012,99471,Non-WQM,Untreated_C,SW,GP,SAMP,EFIRE,EX,EFIRE,6/30/2026 12:25,,,,0.11,,,,,,,,,,,,,,,,,,,,,,,,7/15/2026 12:52,7/14/2026 15:00,00666,TDPO4,26,0.011,mg/L,+/- 0.002,,SM4500PF,0.002,,,,,99471012,10581524,00666
P155440-13,93720013,93720,Non-WQM,Untreated_A,DI,GP,FCEB,EFIRE,EX,EFIRE,3/25/2025 10:07,,,,,,,,,,,,,,,,,,,,,,,,,,,,3/28/2025 14:31,3/27/2025 14:27,00666,TDPO4,26,0.002,mg/L,+/- 0.002,U,SM4500PF,0.002,,"DI 8186 through peristaltic pump tubing to bucket to sample bottles. Tray Flyers, bucket Kracker, filter lot 18197628, SA lot 072328.",,,93720013,10084959,00666
P155742-13,93872013,93872,Non-WQM,Untreated_A,DI,GP,FCEB,EFIRE,EX,EFIRE,4/21/2025 10:10,,,,,,,,,,,,,,,,,,,,,,,,,,,,4/29/2025 15:41,4/25/2025 16:27,00666,TDPO4,26,0.002,mg/L,+/- 0.002,U,SM4500PF,0.002,,"DI 8166 through peristaltic pump tubing to bucket to sample bottles. Bucket Scooter, Tray Sheba, filter 17866092, SA 072823.",,,93872013,10115620,00666
P158402-13,95206013,95206,Non-WQM,Untreated_A,DI,GP,FCEB,EFIRE,EX,EFIRE,9/9/2025 10:07,,,,,,,,,,,,,,,,,,,,,,,,,,,,9/18/2025 13:38,9/16/2025 13:55,00666,TDPO4,26,0.002,mg/L,+/- 0.002,U,SM4500PF,0.002,,,,,95206013,10282970,00666
P158519-13,95270013,95270,Non-WQM,Untreated_A,DI,GP,FCEB,EFIRE,EX,EFIRE,9/24/2025 10:00,,,,,,,,,,,,,,,,,,,,,,,,,,,,10/7/2025 13:24,10/6/2025 13:22,00666,TDPO4,26,0.002,mg/L,+/- 0.002,I,SM4500PF,0.002,,,,,95270013,10303484,00666
P158400-13,95204013,95204,Non-WQM,Untreated_A,DI,GP,FCEB,EFIRE,EX,EFIRE,7/30/2025 10:18,,,,,,,,,,,,,,,,,,,,,,,,,,,,8/13/2025 11:32,8/12/2025 16:06,00666,TDPO4,26,0.002,mg/L,+/- 0.002,U,SM4500PF,0.002,,,,,95204013,10232881,00666
P155744-13,93874013,93874,Non-WQM,Untreated_A,DI,GP,FCEB,EFIRE,EX,EFIRE,5/8/2025 9:40,,,,,,,,,,,,,,,,,,,,,,,,,,,,5/12/2025 13:07,5/9/2025 16:44,00666,TDPO4,26,0.002,mg/L,+/- 0.002,U,SM4500PF,0.002,,"DI 8235 through peristaltic pump tubing to bucket to sample bottles. Bucket Chimichanga, Tray Trip, SA 072823, Filter lot 17866092.",,,93874013,10135427,00666
P155740-13,93870013,93870,Non-WQM,Untreated_A,DI,GP,FCEB,EFIRE,EX,EFIRE,4/14/2025 10:30,,,,,,,,,,,,,,,,,,,,,,,,,,,,4/24/2025 10:47,4/23/2025 10:20,00666,TDPO4,26,0.002,mg/L,+/- 0.002,U,SM4500PF,0.002,,"DI 8216 through peristaltic pump to bucket. Tray Sheba, Bucket Scooter, filter 18278596, SA lot 072823.",,,93870013,10105871,00666
P155741-13,93871013,93871,Non-WQM,Untreated_A,DI,GP,FCEB,EFIRE,EX,EFIRE,4/16/2025 10:10,,,,,,,,,,,,,,,,,,,,,,,,,,,,4/29/2025 13:08,4/25/2025 16:27,00666,TDPO4,26,0.002,mg/L,+/- 0.002,U,SM4500PF,0.002,,"DI 8213 through peristaltic pump tubing to bucket to sample bottles. Bucket Scooter, Tray ELC 11, SA 072823, filter 18181938.",,,93871013,10111024,00666
P158398-13,95202013,95202,Non-WQM,Untreated_A,DI,GP,FCEB,EFIRE,EX,EFIRE,7/1/2025 9:55,,,,,,,,,,,,,,,,,,,,,,,,,,,,7/16/2025 15:22,7/14/2025 11:55,00666,TDPO4,26,0.002,mg/L,+/- 0.002,U,SM4500PF,0.002,,PC22|FCEB collected thru all sampling equipment.,,,95202013,10195436,00666
P158529-13,95273013,95273,Non-WQM,Untreated_A,DI,GP,FCEB,EFIRE,EX,EFIRE,11/4/2025 10:00,,,,,,,,,,,,,,,,,,,,,,,,,,,,11/17/2025 13:18,11/14/2025 16:11,00666,TDPO4,26,0.002,mg/L,+/- 0.002,U,SM4500PF,0.002,,,,,95273013,10353952,00666
P158530-13,95274013,95274,Non-WQM,Untreated_A,DI,GP,FCEB,EFIRE,EX,EFIRE,11/18/2025 10:20,,,,,,,,,,,,,,,,,,,,,,,,,,,,11/25/2025 15:27,11/25/2025 10:10,00666,TDPO4,26,0.002,mg/L,+/- 0.002,U,SM4500PF,0.002,,"DI 8369 through peristaltic pump tubing to bucket to sample bottles. Bucket Wille, tray Flyers, filter 18278596, SA 072823.",,,95274013,10368864,00666
P160184-13,96090013,96090,Non-WQM,Untreated_A,DI,GP,FCEB,EFIRE,EX,EFIRE,8/12/2025 10:08,,,,,,,,,,,,,,,,,,,,,,,,,,,,8/22/2025 14:42,8/21/2025 16:32,00666,TDPO4,26,0.002,mg/L,+/- 0.002,U,SM4500PF,0.002,,,,,96090013,10248099,00666
P154830-13,93426013,93426,Non-WQM,Untreated_A,DI,GP,FCEB,EFIRE,EX,EFIRE,11/19/2024 10:30,,,,,,,,,,,,,,,,,,,,,,,,,,,,12/6/2024 11:19,12/5/2024 14:10,00666,TDPO4,26,0.002,mg/L,+/- 0.002,U,SM4500PF,0.002,,"DI 8103 through peristaltic pump tubing to bucket to sample bottles. H2SO4 lot 072823, filter lot 17879938. Bucket- Maggie, Tray- Flyers.",,,93426013,9928491,00666
P155439-13,93719013,93719,Non-WQM,Untreated_A,DI,GP,FCEB,EFIRE,EX,EFIRE,2/26/2025 10:20,,,,,,,,,,,,,,,,,,,,,,,,,,,,2/28/2025 14:21,2/27/2025 14:39,00666,TDPO4,26,0.002,mg/L,+/- 0.002,U,SM4500PF,0.002,,"DI 8174 through peristaltic pump tubing to bucket to sample bottles. Tray 3, bucket Chimichanga, filter G8825136, SA 072823. Ash in the air from nearby burn.",,,93719013,10052425,00666
P166180-13,99001013,99001,Non-WQM,Burn_Herb_A,DI,GP,FCEB,EFIRE,EX,EFIRE,8/25/2026 10:30,,,,,,,,,,,,,,,,,,,,,,,,,,,,9/2/2026 9:46,9/1/2026 16:15,00666,TDPO4,26,0.002,mg/L,+/- 0.002,U,SM4500PF,0.002,,FCEB collected thru all sampling equipment,,,99001013,10640516,00666
P166182-13,99003013,99003,Non-WQM,Untreated_A,DI,GP,FCEB,EFIRE,EX,EFIRE,9/22/2026 9:55,,,,,,,,,,,,,,,,,,,,,,,,,,,,10/6/2026 11:56,10/5/2026 13:35,00666,TDPO4,26,0.002,mg/L,+/- 0.002,U,SM4500PF,0.002,,FCEB collected through all sampling equipment.,,,99003013,10673902,00666
P166181-13,99002013,99002,Non-WQM,Herbicide_A,DI,GP,FCEB,EFIRE,EX,EFIRE,9/10/2026 10:15,,,,,,,,,,,,,,,,,,,,,,,,,,,,9/18/2026 14:03,9/17/2026 15:42,00666,TDPO4,26,0.002,mg/L,+/- 0.002,U,SM4500PF,0.002,,FCEB ran thru all sampling equipment. ,,,99002013,10658724,00666
P158532-13,95276013,95276,Non-WQM,Untreated_A,DI,GP,FCEB,EFIRE,EX,EFIRE,12/22/2025 10:30,,,,,,,,,,,,,,,,,,,,,,,,,,,,1/8/2026 10:28,1/6/2026 10:36,00666,TDPO4,26,0.002,mg/L,+/- 0.002,U,SM4500PF,0.002,,"DI 8394 through peristaltic pump tubing to bucket to sample bottles. Bucket Mjolner, tray Rocky. SA lot 072823, filter whatman polydisc 18230857.",,,95276013,10400897,00666
P166179-13,99000013,99000,Non-WQM,Untreated_A,DI,GP,FCEB,EFIRE,EX,EFIRE,8/11/2026 9:50,,,,,,,,,,,,,,,,,,,,,,,,,,,,8/25/2026 11:49,8/24/2026 14:27,00666,TDPO4,26,0.002,mg/L,+/- 0.002,U,SM4500PF,0.002,,FCEB collected through all sampling equipment,,,99000013,10625599,00666
P162250-13,97133013,97133,Non-WQM,Untreated_A,DI,GP,FCEB,EFIRE,EX,EFIRE,6/2/2026 10:20,,,,,,,,,,,,,,,,,,,,,,,,,,,,6/5/2026 11:52,6/4/2026 14:28,00666,TDPO4,26,0.002,mg/L,+/- 0.002,U,SM4500PF,0.002,,,,,97133013,10554747,00666
P162249-13,97132013,97132,Non-WQM,Untreated_A,DI,GP,FCEB,EFIRE,EX,EFIRE,5/19/2026 10:50,,,,,,,,,,,,,,,,,,,,,,,,,,,,5/29/2026 11:31,5/27/2026 11:15,00666,TDPO4,26,0.002,mg/L,+/- 0.002,U,SM4500PF,0.002,,FCEB collected thru all sampling equipment.,,,97132013,10543291,00666
P166177-13,98998013,98998,Non-WQM,Herbicide_A,DI,GP,FCEB,EFIRE,EX,EFIRE,7/15/2026 10:50,,,,,,,,,,,,,,,,,,,,,,,,,,,,7/24/2026 10:57,7/23/2026 14:06,00666,TDPO4,26,0.002,mg/L,+/- 0.002,U,SM4500PF,0.002,,FCEB ran through all sampling equipment,,,98998013,10594232,00666
P166178-13,98999013,98999,Non-WQM,Herbicide_A,DI,GP,FCEB,EFIRE,EX,EFIRE,7/28/2026 10:52,,,,,,,,,,,,,,,,,,,,,,,,,,,,8/6/2026 12:39,8/4/2026 14:35,00666,TDPO4,26,0.002,mg/L,+/- 0.002,U,SM4500PF,0.002,,DI 8491 through peristaltic pump tubing to bucket to sample bottles.,,,98999013,10609036,00666
P167151-13,99471013,99471,Non-WQM,Burn_Herb_B,DI,GP,FCEB,EFIRE,EX,EFIRE,6/30/2026 11:10,,,,,,,,,,,,,,,,,,,,,,,,,,,,7/15/2026 12:58,7/14/2026 15:00,00666,TDPO4,26,0.002,mg/L,+/- 0.002,U,SM4500PF,0.002,,FCEB collected thru all sampling equipment.,,,99471013,10581531,00666
P158395-13,95199013,95199,Non-WQM,Untreated_A,DI,GP,FB,EFIRE,EX,EFIRE,5/21/2025 9:55,,,,,,,,,,,,,,,,,,,,,,,,,,,,5/29/2025 13:20,5/28/2025 15:06,00666,TDPO4,26,0.002,mg/L,+/- 0.002,U,SM4500PF,0.002,,DI 8225 through peristaltic pump tubing to bucket to sample bottles. ,,,95199013,10150370,00666
P154857-15,93441015,93441,Non-WQM,Burn_A,DI,ADT,FB,EFIRE,EX,EFIRE,12/4/2024 11:20,,,,,,,,,,,,,,,,,,,,,,,,,,,12/04/2024 11:20:00 AM,12/12/2024 12:23,12/11/2024 15:04,00665,TPO4,25,0.002,mg/L,+/- 0.002,U,SM4500PF,0.002,,DI in 2L bottle through autosampler tubing to sample bottle.,,,93441015,9945951,00665
P157255-1,94625001,94625,Non-WQM,Untreated_A,SW,ADT,SAMP,EFIRE,EX,EFIRE,4/14/2025 14:01,,,,,,,,,,,,,,,,,,,,,,,,,,,03/25/2025 03:00:00 AM,4/23/2025 10:17,4/22/2025 16:09,00665,TPO4,25,0.025,mg/L,+/- 0.003,,SM4500PF,0.002,,,,Q,94625001,10116630,00665
P157255-2,94625002,94625,Non-WQM,Untreated_A,SW,ADT,SAMP,EFIRE,EX,EFIRE,4/14/2025 14:02,,,,,,,,,,,,,,,,,,,,,,,,,,,03/26/2025 03:00:00 AM,4/18/2025 10:04,4/17/2025 16:10,00665,TPO4,25,0.023,mg/L,+/- 0.002,,SM4500PF,0.002,,,,,94625002,10105364,00665
P157255-3,94625003,94625,Non-WQM,Untreated_A,SW,ADT,SAMP,EFIRE,EX,EFIRE,4/14/2025 14:03,,,,,,,,,,,,,,,,,,,,,,,,,,,03/27/2025 03:00:00 AM,4/18/2025 10:06,4/17/2025 16:10,00665,TPO4,25,0.025,mg/L,+/- 0.003,,SM4500PF,0.002,,,,,94625003,10105366,00665
P157255-4,94625004,94625,Non-WQM,Untreated_A,SW,ADT,SAMP,EFIRE,EX,EFIRE,4/14/2025 14:04,,,,,,,,,,,,,,,,,,,,,,,,,,,03/28/2025 03:00:00 AM,4/18/2025 10:08,4/17/2025 16:10,00665,TPO4,25,0.027,mg/L,+/- 0.003,,SM4500PF,0.002,,,,,94625004,10105368,00665
P157255-5,94625005,94625,Non-WQM,Untreated_A,SW,ADT,SAMP,EFIRE,EX,EFIRE,4/14/2025 14:05,,,,,,,,,,,,,,,,,,,,,,,,,,,03/29/2025 03:00:00 AM,4/18/2025 10:10,4/17/2025 16:10,00665,TPO4,25,0.033,mg/L,+/- 0.003,,SM4500PF,0.002,,,,,94625005,10105370,00665
P157255-6,94625006,94625,Non-WQM,Untreated_A,SW,ADT,SAMP,EFIRE,EX,EFIRE,4/14/2025 14:06,,,,,,,,,,,,,,,,,,,,,,,,,,,03/30/2025 03:00:00 AM,4/18/2025 10:11,4/17/2025 16:10,00665,TPO4,25,0.031,mg/L,+/- 0.003,,SM4500PF,0.002,,,,,94625006,10105372,00665
P157255-7,94625007,94625,Non-WQM,Untreated_A,SW,ADT,SAMP,EFIRE,EX,EFIRE,4/14/2025 14:07,,,,,,,,,,,,,,,,,,,,,,,,,,,03/31/2025 03:00:00 AM,4/18/2025 10:13,4/17/2025 16:10,00665,TPO4,25,0.033,mg/L,+/- 0.003,,SM4500PF,0.002,,,,,94625007,10105374,00665
P157255-8,94625008,94625,Non-WQM,Untreated_A,SW,ADT,SAMP,EFIRE,EX,EFIRE,4/14/2025 14:08,,,,,,,,,,,,,,,,,,,,,,,,,,,04/01/2025 03:00:00 AM,4/18/2025 10:15,4/17/2025 16:10,00665,TPO4,25,0.045,mg/L,+/- 0.004,,SM4500PF,0.002,,,,,94625008,10105376,00665
P157255-9,94625009,94625,Non-WQM,Untreated_A,SW,ADT,SAMP,EFIRE,EX,EFIRE,4/14/2025 14:09,,,,,,,,,,,,,,,,,,,,,,,,,,,04/02/2025 03:00:00 AM,4/18/2025 10:17,4/17/2025 16:10,00665,TPO4,25,0.035,mg/L,+/- 0.003,,SM4500PF,0.002,,,,,94625009,10105378,00665
P157255-10,94625010,94625,Non-WQM,Untreated_A,SW,ADT,SAMP,EFIRE,EX,EFIRE,4/14/2025 14:10,,,,,,,,,,,,,,,,,,,,,,,,,,,04/03/2025 03:00:00 AM,4/18/2025 10:19,4/17/2025 16:10,00665,TPO4,25,0.034,mg/L,+/- 0.003,,SM4500PF,0.002,,,,,94625010,10105380,00665
P157255-11,94625011,94625,Non-WQM,Untreated_A,SW,ADT,SAMP,EFIRE,EX,EFIRE,4/14/2025 14:11,,,,,,,,,,,,,,,,,,,,,,,,,,,04/04/2025 03:00:00 AM,4/18/2025 10:23,4/17/2025 16:10,00665,TPO4,25,0.038,mg/L,+/- 0.003,,SM4500PF,0.002,,,,,94625011,10105382,00665
P157255-12,94625012,94625,Non-WQM,Untreated_A,SW,ADT,SAMP,EFIRE,EX,EFIRE,4/14/2025 14:12,,,,,,,,,,,,,,,,,,,,,,,,,,,04/05/2025 03:00:00 AM,4/18/2025 10:25,4/17/2025 16:10,00665,TPO4,25,0.042,mg/L,+/- 0.003,,SM4500PF,0.002,,,,,94625012,10105384,00665
P155506-1,93755001,93755,Non-WQM,Burn_A,SW,ADT,SAMP,EFIRE,EX,EFIRE,3/26/2025 9:01,,,,,,,,,,,,,,,,,,,,,,,,,,,03/11/2025 03:00:00 AM,4/2/2025 12:46,4/1/2025 16:40,00665,TPO4,25,0.023,mg/L,+/- 0.002,,SM4500PF,0.002,,,,,93755001,10086173,00665
P155506-2,93755002,93755,Non-WQM,Burn_A,SW,ADT,SAMP,EFIRE,EX,EFIRE,3/26/2025 9:02,,,,,,,,,,,,,,,,,,,,,,,,,,,03/12/2025 03:00:00 AM,4/2/2025 12:48,4/1/2025 16:40,00665,TPO4,25,0.027,mg/L,+/- 0.003,,SM4500PF,0.002,,,,,93755002,10086175,00665
P155506-7,93755007,93755,Non-WQM,Burn_A,SW,ADT,SAMP,EFIRE,EX,EFIRE,3/26/2025 9:07,,,,,,,,,,,,,,,,,,,,,,,,,,,03/17/2025 03:00:00 AM,4/2/2025 12:59,4/1/2025 16:40,00665,TPO4,25,0.03,mg/L,+/- 0.003,,SM4500PF,0.002,,,,,93755007,10086177,00665
P155506-8,93755008,93755,Non-WQM,Burn_A,SW,ADT,SAMP,EFIRE,EX,EFIRE,3/26/2025 9:08,,,,,,,,,,,,,,,,,,,,,,,,,,,03/18/2025 03:00:00 AM,4/2/2025 13:01,4/1/2025 16:40,00665,TPO4,25,0.028,mg/L,+/- 0.003,,SM4500PF,0.002,,,,,93755008,10086179,00665
P155506-3,93755003,93755,Non-WQM,Burn_A,SW,ADT,SAMP,EFIRE,EX,EFIRE,3/26/2025 9:03,,,,,,,,,,,,,,,,,,,,,,,,,,,03/13/2025 03:00:00 AM,4/2/2025 12:49,4/1/2025 16:40,00665,TPO4,25,0.025,mg/L,+/- 0.003,,SM4500PF,0.002,,,,,93755003,10086189,00665
P155506-4,93755004,93755,Non-WQM,Burn_A,SW,ADT,SAMP,EFIRE,EX,EFIRE,3/26/2025 9:04,,,,,,,,,,,,,,,,,,,,,,,,,,,03/14/2025 03:00:00 AM,4/2/2025 12:51,4/1/2025 16:40,00665,TPO4,25,0.023,mg/L,+/- 0.002,,SM4500PF,0.002,,,,,93755004,10086191,00665
P155506-5,93755005,93755,Non-WQM,Burn_A,SW,ADT,SAMP,EFIRE,EX,EFIRE,3/26/2025 9:05,,,,,,,,,,,,,,,,,,,,,,,,,,,03/15/2025 03:00:00 AM,4/2/2025 12:53,4/1/2025 16:40,00665,TPO4,25,0.027,mg/L,+/- 0.003,,SM4500PF,0.002,,,,,93755005,10086193,00665
P155506-6,93755006,93755,Non-WQM,Burn_A,SW,ADT,SAMP,EFIRE,EX,EFIRE,3/26/2025 9:06,,,,,,,,,,,,,,,,,,,,,,,,,,,03/16/2025 03:00:00 AM,4/2/2025 12:55,4/1/2025 16:40,00665,TPO4,25,0.028,mg/L,+/- 0.003,,SM4500PF,0.002,,,,,93755006,10086195,00665
P155440-1,93720001,93720,Non-WQM,Untreated_A,SW,GP,SAMP,EFIRE,EX,EFIRE,3/25/2025 9:45,,,,0.15,,,,,,,,,,,,,,,,,,,,,,,,3/28/2025 13:36,3/27/2025 14:27,00665,TPO4,25,0.028,mg/L,+/- 0.003,,SM4500PF,0.002,,,,,93720001,10084951,00665
P155440-2,93720002,93720,Non-WQM,Herbicide_A,SW,GP,SAMP,EFIRE,EX,EFIRE,3/25/2025 10:23,,,,0.11,,,,,,,,,,,,,,,,,,,,,,,,3/28/2025 13:40,3/27/2025 14:27,00665,TPO4,25,0.023,mg/L,+/- 0.002,,SM4500PF,0.002,,,,,93720002,10084975,00665
P155440-3,93720003,93720,Non-WQM,Burn_Herb_A,SW,GP,SAMP,EFIRE,EX,EFIRE,3/25/2025 10:43,,,,0.14,,,,,,,,,,,,,,,,,,,,,,,,3/28/2025 13:44,3/27/2025 14:27,00665,TPO4,25,0.022,mg/L,+/- 0.002,,SM4500PF,0.002,,,,,93720003,10084987,00665
P155440-4,93720004,93720,Non-WQM,Burn_A,SW,GP,SAMP,EFIRE,EX,EFIRE,3/25/2025 11:11,,,,0.09,,,,,,,,,,,,,,,,,,,,,,,,3/28/2025 13:50,3/27/2025 14:27,00665,TPO4,25,0.023,mg/L,+/- 0.002,,SM4500PF,0.002,,,,,93720004,10084999,00665
P155440-5,93720005,93720,Non-WQM,Untreated_B,SW,GP,SAMP,EFIRE,EX,EFIRE,3/25/2025 11:35,,,,0.11,,,,,,,,,,,,,,,,,,,,,,,,3/28/2025 13:53,3/27/2025 14:27,00665,TPO4,25,0.025,mg/L,+/- 0.003,,SM4500PF,0.002,,,,,93720005,10085011,00665
P155440-6,93720006,93720,Non-WQM,Burn_B,SW,GP,SAMP,EFIRE,EX,EFIRE,3/25/2025 11:51,,,,0.1,,,,,,,,,,,,,,,,,,,,,,,,3/28/2025 13:57,3/27/2025 14:27,00665,TPO4,25,0.024,mg/L,+/- 0.002,,SM4500PF,0.002,,,,,93720006,10085023,00665
P155440-7,93720007,93720,Non-WQM,Burn_Herb_B,SW,GP,SAMP,EFIRE,EX,EFIRE,3/25/2025 12:07,,,,0.16,,,,,,,,,,,,,,,,,,,,,,,,3/28/2025 14:01,3/27/2025 14:27,00665,TPO4,25,0.02,mg/L,+/- 0.002,,SM4500PF,0.002,,,,,93720007,10085035,00665
P155440-8,93720008,93720,Non-WQM,Herbicide_B,SW,GP,SAMP,EFIRE,EX,EFIRE,3/25/2025 12:22,,,,0.1,,,,,,,,,,,,,,,,,,,,,,,,3/28/2025 14:05,3/27/2025 14:27,00665,TPO4,25,0.024,mg/L,+/- 0.002,,SM4500PF,0.002,,,,,93720008,10085047,00665
P155440-9,93720009,93720,Non-WQM,Herbicide_C,SW,GP,SAMP,EFIRE,EX,EFIRE,3/25/2025 12:39,,,,0.12,,,,,,,,,,,,,,,,,,,,,,,,3/28/2025 14:16,3/27/2025 14:27,00665,TPO4,25,0.022,mg/L,+/- 0.002,,SM4500PF,0.002,,,,,93720009,10085059,00665
P155440-10,93720010,93720,Non-WQM,Burn_Herb_C,SW,GP,SAMP,EFIRE,EX,EFIRE,3/25/2025 12:54,,,,0.14,,,,,,,,,,,,,,,,,,,,,,,,3/28/2025 14:22,3/27/2025 14:27,00665,TPO4,25,0.017,mg/L,+/- 0.002,,SM4500PF,0.002,,,,,93720010,10085071,00665
P155440-11,93720011,93720,Non-WQM,Burn_C,SW,GP,SAMP,EFIRE,EX,EFIRE,3/25/2025 13:10,,,,0.08,,,,,,,,,,,,,,,,,,,,,,,,3/28/2025 14:26,3/27/2025 14:27,00665,TPO4,25,0.022,mg/L,+/- 0.002,,SM4500PF,0.002,,,,,93720011,10085083,00665
P155440-12,93720012,93720,Non-WQM,Untreated_C,SW,GP,SAMP,EFIRE,EX,EFIRE,3/25/2025 13:22,,,,0.1,,,,,,,,,,,,,,,,,,,,,,,,3/28/2025 14:30,3/27/2025 14:27,00665,TPO4,25,0.02,mg/L,+/- 0.002,,SM4500PF,0.002,,,,,93720012,10085095,00665
P157280-1,94638001,94638,Non-WQM,Herbicide_A,SW,ADT,SAMP,EFIRE,EX,EFIRE,5/1/2025 10:01,,,,,,,,,,,,,,,,,,,,,,,,,,,04/10/2025 03:00:00 AM,5/12/2025 10:50,5/9/2025 16:44,00665,TPO4,25,0.042,mg/L,+/- 0.003,,SM4500PF,0.002,,4/10 sample composite of 3 and 9AM samples. Autosampler stopped for burn and restarted on 4/11 at 3AM,,Q,94638001,10127348,00665
P157280-2,94638002,94638,Non-WQM,Herbicide_A,SW,ADT,SAMP,EFIRE,EX,EFIRE,5/1/2025 10:02,,,,,,,,,,,,,,,,,,,,,,,,,,,04/11/2025 03:00:00 AM,5/12/2025 10:52,5/9/2025 16:44,00665,TPO4,25,0.056,mg/L,+/- 0.004,,SM4500PF,0.002,,,,Q,94638002,10127350,00665
P157271-1,94633001,94633,Non-WQM,Burn_Herb_A,SW,ADT,SAMP,EFIRE,EX,EFIRE,4/17/2025 9:01,,,,,,,,,,,,,,,,,,,,,,,,,,,03/25/2025 03:00:00 AM,4/18/2025 12:50,4/17/2025 16:10,00665,TPO4,25,0.031,mg/L,+/- 0.003,,SM4500PF,0.002,,,,,94633001,10112686,00665
P157271-2,94633002,94633,Non-WQM,Burn_Herb_A,SW,ADT,SAMP,EFIRE,EX,EFIRE,4/17/2025 9:02,,,,,,,,,,,,,,,,,,,,,,,,,,,03/26/2025 03:00:00 AM,4/18/2025 12:52,4/17/2025 16:10,00665,TPO4,25,0.026,mg/L,+/- 0.003,,SM4500PF,0.002,,,,,94633002,10112688,00665
P157271-3,94633003,94633,Non-WQM,Burn_Herb_A,SW,ADT,SAMP,EFIRE,EX,EFIRE,4/17/2025 9:03,,,,,,,,,,,,,,,,,,,,,,,,,,,03/27/2025 03:00:00 AM,4/18/2025 12:53,4/17/2025 16:10,00665,TPO4,25,0.027,mg/L,+/- 0.003,,SM4500PF,0.002,,,,,94633003,10112690,00665
P157271-4,94633004,94633,Non-WQM,Burn_Herb_A,SW,ADT,SAMP,EFIRE,EX,EFIRE,4/17/2025 9:04,,,,,,,,,,,,,,,,,,,,,,,,,,,03/28/2025 03:00:00 AM,4/18/2025 12:55,4/17/2025 16:10,00665,TPO4,25,0.021,mg/L,+/- 0.002,,SM4500PF,0.002,,,,,94633004,10112692,00665
P157271-5,94633005,94633,Non-WQM,Burn_Herb_A,SW,ADT,SAMP,EFIRE,EX,EFIRE,4/17/2025 9:05,,,,,,,,,,,,,,,,,,,,,,,,,,,03/29/2025 03:00:00 AM,4/18/2025 12:57,4/17/2025 16:10,00665,TPO4,25,0.168,mg/L,+/- 0.012,,SM4500PF,0.002,,,,,94633005,10112694,00665
P157271-6,94633006,94633,Non-WQM,Burn_Herb_A,SW,ADT,SAMP,EFIRE,EX,EFIRE,4/17/2025 9:06,,,,,,,,,,,,,,,,,,,,,,,,,,,03/30/2025 03:00:00 AM,4/18/2025 12:59,4/17/2025 16:10,00665,TPO4,25,0.03,mg/L,+/- 0.003,,SM4500PF,0.002,,,,,94633006,10112696,00665
P157271-7,94633007,94633,Non-WQM,Burn_Herb_A,SW,ADT,SAMP,EFIRE,EX,EFIRE,4/17/2025 9:07,,,,,,,,,,,,,,,,,,,,,,,,,,,03/31/2025 03:00:00 AM,4/18/2025 13:01,4/17/2025 16:10,00665,TPO4,25,0.038,mg/L,+/- 0.003,,SM4500PF,0.002,,,,,94633007,10112698,00665
P157271-8,94633008,94633,Non-WQM,Burn_Herb_A,SW,ADT,SAMP,EFIRE,EX,EFIRE,4/17/2025 9:08,,,,,,,,,,,,,,,,,,,,,,,,,,,04/01/2025 03:00:00 AM,4/18/2025 13:03,4/17/2025 16:10,00665,TPO4,25,0.045,mg/L,+/- 0.004,,SM4500PF,0.002,,,,,94633008,10112700,00665
P157271-9,94633009,94633,Non-WQM,Burn_Herb_A,SW,ADT,SAMP,EFIRE,EX,EFIRE,4/17/2025 9:09,,,,,,,,,,,,,,,,,,,,,,,,,,,04/02/2025 03:00:00 AM,4/18/2025 13:05,4/17/2025 16:10,00665,TPO4,25,0.037,mg/L,+/- 0.003,,SM4500PF,0.002,,,,,94633009,10112702,00665
P157271-10,94633010,94633,Non-WQM,Burn_Herb_A,SW,ADT,SAMP,EFIRE,EX,EFIRE,4/17/2025 9:10,,,,,,,,,,,,,,,,,,,,,,,,,,,04/03/2025 03:00:00 AM,4/18/2025 13:07,4/17/2025 16:10,00665,TPO4,25,0.045,mg/L,+/- 0.004,,SM4500PF,0.002,,,,,94633010,10112704,00665
P157271-11,94633011,94633,Non-WQM,Burn_Herb_A,SW,ADT,SAMP,EFIRE,EX,EFIRE,4/17/2025 9:11,,,,,,,,,,,,,,,,,,,,,,,,,,,04/04/2025 03:00:00 AM,4/18/2025 13:16,4/17/2025 16:10,00665,TPO4,25,0.048,mg/L,+/- 0.004,,SM4500PF,0.002,,,,,94633011,10112706,00665
P157271-12,94633012,94633,Non-WQM,Burn_Herb_A,SW,ADT,SAMP,EFIRE,EX,EFIRE,4/17/2025 9:12,,,,,,,,,,,,,,,,,,,,,,,,,,,04/05/2025 03:00:00 AM,4/18/2025 13:24,4/17/2025 16:10,00665,TPO4,25,0.049,mg/L,+/- 0.004,,SM4500PF,0.002,,,,,94633012,10112708,00665
P157271-13,94633013,94633,Non-WQM,Burn_Herb_A,SW,ADT,SAMP,EFIRE,EX,EFIRE,4/17/2025 9:13,,,,,,,,,,,,,,,,,,,,,,,,,,,04/06/2025 03:00:00 AM,4/18/2025 13:26,4/17/2025 16:10,00665,TPO4,25,0.046,mg/L,+/- 0.004,,SM4500PF,0.002,,,,,94633013,10112710,00665
P157271-14,94633014,94633,Non-WQM,Burn_Herb_A,SW,ADT,SAMP,EFIRE,EX,EFIRE,4/17/2025 9:14,,,,,,,,,,,,,,,,,,,,,,,,,,,04/07/2025 03:00:00 AM,4/18/2025 13:28,4/17/2025 16:10,00665,TPO4,25,0.093,mg/L,+/- 0.007,,SM4500PF,0.002,,,,,94633014,10112712,00665
P157271-15,94633015,94633,Non-WQM,Burn_Herb_A,SW,ADT,SAMP,EFIRE,EX,EFIRE,4/17/2025 9:15,,,,,,,,,,,,,,,,,,,,,,,,,,,04/08/2025 03:00:00 AM,4/18/2025 13:29,4/17/2025 16:10,00665,TPO4,25,0.042,mg/L,+/- 0.003,,SM4500PF,0.002,,,,,94633015,10112714,00665
P156554-1,94285001,94285,Non-WQM,Untreated_A,SW,ADT,SAMP,EFIRE,EX,EFIRE,1/29/2025 10:01,,,,,,,,,,,,,,,,,,,,,,,,,,,01/15/2025 03:00:00 AM,1/31/2025 10:37,1/30/2025 15:26,00665,TPO4,25,0.025,mg/L,+/- 0.003,,SM4500PF,0.002,,,,,94285001,10015187,00665
P156554-2,94285002,94285,Non-WQM,Untreated_A,SW,ADT,SAMP,EFIRE,EX,EFIRE,1/29/2025 10:02,,,,,,,,,,,,,,,,,,,,,,,,,,,01/16/2025 03:00:00 AM,1/31/2025 10:39,1/30/2025 15:26,00665,TPO4,25,0.024,mg/L,+/- 0.002,,SM4500PF,0.002,,,,,94285002,10015189,00665
P156554-3,94285003,94285,Non-WQM,Untreated_A,SW,ADT,SAMP,EFIRE,EX,EFIRE,1/29/2025 10:03,,,,,,,,,,,,,,,,,,,,,,,,,,,01/17/2025 03:00:00 AM,1/31/2025 10:41,1/30/2025 15:26,00665,TPO4,25,0.021,mg/L,+/- 0.002,,SM4500PF,0.002,,,,,94285003,10015191,00665
P156554-4,94285004,94285,Non-WQM,Untreated_A,SW,ADT,SAMP,EFIRE,EX,EFIRE,1/29/2025 10:04,,,,,,,,,,,,,,,,,,,,,,,,,,,01/18/2025 03:00:00 AM,1/31/2025 10:43,1/30/2025 15:26,00665,TPO4,25,0.025,mg/L,+/- 0.003,,SM4500PF,0.002,,,,,94285004,10015193,00665
P156554-5,94285005,94285,Non-WQM,Untreated_A,SW,ADT,SAMP,EFIRE,EX,EFIRE,1/29/2025 10:05,,,,,,,,,,,,,,,,,,,,,,,,,,,01/19/2025 03:00:00 AM,1/31/2025 10:45,1/30/2025 15:26,00665,TPO4,25,0.037,mg/L,+/- 0.003,,SM4500PF,0.002,,,,,94285005,10015195,00665
P156554-6,94285006,94285,Non-WQM,Untreated_A,SW,ADT,SAMP,EFIRE,EX,EFIRE,1/29/2025 10:06,,,,,,,,,,,,,,,,,,,,,,,,,,,01/20/2025 03:00:00 AM,1/31/2025 10:47,1/30/2025 15:26,00665,TPO4,25,0.027,mg/L,+/- 0.003,,SM4500PF,0.002,,,,,94285006,10015197,00665
P156554-7,94285007,94285,Non-WQM,Untreated_A,SW,ADT,SAMP,EFIRE,EX,EFIRE,1/29/2025 10:07,,,,,,,,,,,,,,,,,,,,,,,,,,,01/21/2025 03:00:00 AM,1/31/2025 10:56,1/30/2025 15:26,00665,TPO4,25,0.029,mg/L,+/- 0.003,,SM4500PF,0.002,,,,,94285007,10015199,00665
P156554-8,94285008,94285,Non-WQM,Untreated_A,SW,ADT,SAMP,EFIRE,EX,EFIRE,1/29/2025 10:08,,,,,,,,,,,,,,,,,,,,,,,,,,,01/22/2025 03:00:00 AM,1/31/2025 11:00,1/30/2025 15:26,00665,TPO4,25,0.06,mg/L,+/- 0.004,,SM4500PF,0.002,,,,,94285008,10015201,00665
P156554-9,94285009,94285,Non-WQM,Untreated_A,SW,ADT,SAMP,EFIRE,EX,EFIRE,1/29/2025 10:09,,,,,,,,,,,,,,,,,,,,,,,,,,,01/23/2025 03:00:00 AM,1/31/2025 11:02,1/30/2025 15:26,00665,TPO4,25,0.035,mg/L,+/- 0.003,,SM4500PF,0.002,,,,,94285009,10015203,00665
P156554-10,94285010,94285,Non-WQM,Untreated_A,SW,ADT,SAMP,EFIRE,EX,EFIRE,1/29/2025 10:10,,,,,,,,,,,,,,,,,,,,,,,,,,,01/24/2025 03:00:00 AM,1/31/2025 11:04,1/30/2025 15:26,00665,TPO4,25,0.029,mg/L,+/- 0.003,,SM4500PF,0.002,,,,,94285010,10015205,00665
P156554-11,94285011,94285,Non-WQM,Untreated_A,SW,ADT,SAMP,EFIRE,EX,EFIRE,1/29/2025 10:11,,,,,,,,,,,,,,,,,,,,,,,,,,,01/25/2025 03:00:00 AM,1/31/2025 11:06,1/30/2025 15:26,00665,TPO4,25,0.028,mg/L,+/- 0.003,,SM4500PF,0.002,,,,,94285011,10015207,00665
P156554-12,94285012,94285,Non-WQM,Untreated_A,SW,ADT,SAMP,EFIRE,EX,EFIRE,1/29/2025 10:12,,,,,,,,,,,,,,,,,,,,,,,,,,,01/26/2025 03:00:00 AM,1/31/2025 11:07,1/30/2025 15:26,00665,TPO4,25,0.021,mg/L,+/- 0.002,,SM4500PF,0.002,,,,,94285012,10015209,00665
P156554-13,94285013,94285,Non-WQM,Untreated_A,SW,ADT,SAMP,EFIRE,EX,EFIRE,1/29/2025 10:13,,,,,,,,,,,,,,,,,,,,,,,,,,,01/27/2025 03:00:00 AM,1/31/2025 11:09,1/30/2025 15:26,00665,TPO4,25,0.021,mg/L,+/- 0.002,,SM4500PF,0.002,,,,,94285013,10015211,00665
P155492-1,93747001,93747,Non-WQM,Untreated_A,SW,ADT,SAMP,EFIRE,EX,EFIRE,2/27/2025 8:01,,,,,,,,,,,,,,,,,,,,,,,,,,,02/11/2025 03:00:00 AM,3/3/2025 11:21,2/28/2025 15:01,00665,TPO4,25,0.038,mg/L,+/- 0.003,,SM4500PF,0.002,,,,,93747001,10053179,00665
P155492-2,93747002,93747,Non-WQM,Untreated_A,SW,ADT,SAMP,EFIRE,EX,EFIRE,2/27/2025 8:02,,,,,,,,,,,,,,,,,,,,,,,,,,,02/12/2025 03:00:00 AM,3/3/2025 11:23,2/28/2025 15:01,00665,TPO4,25,0.035,mg/L,+/- 0.003,,SM4500PF,0.002,,,,,93747002,10053181,00665
P155492-3,93747003,93747,Non-WQM,Untreated_A,SW,ADT,SAMP,EFIRE,EX,EFIRE,2/27/2025 8:03,,,,,,,,,,,,,,,,,,,,,,,,,,,02/13/2025 03:00:00 AM,3/3/2025 11:25,2/28/2025 15:01,00665,TPO4,25,0.036,mg/L,+/- 0.003,,SM4500PF,0.002,,,,,93747003,10053183,00665
P155492-4,93747004,93747,Non-WQM,Untreated_A,SW,ADT,SAMP,EFIRE,EX,EFIRE,2/27/2025 8:04,,,,,,,,,,,,,,,,,,,,,,,,,,,02/14/2025 03:00:00 AM,3/3/2025 11:27,2/28/2025 15:01,00665,TPO4,25,0.034,mg/L,+/- 0.003,,SM4500PF,0.002,,,,,93747004,10053185,00665
P155492-5,93747005,93747,Non-WQM,Untreated_A,SW,ADT,SAMP,EFIRE,EX,EFIRE,2/27/2025 8:05,,,,,,,,,,,,,,,,,,,,,,,,,,,02/15/2025 03:00:00 AM,3/3/2025 11:28,2/28/2025 15:01,00665,TPO4,25,0.031,mg/L,+/- 0.003,,SM4500PF,0.002,,,,,93747005,10053187,00665
P155492-6,93747006,93747,Non-WQM,Untreated_A,SW,ADT,SAMP,EFIRE,EX,EFIRE,2/27/2025 8:06,,,,,,,,,,,,,,,,,,,,,,,,,,,02/16/2025 03:00:00 AM,3/3/2025 11:30,2/28/2025 15:01,00665,TPO4,25,0.032,mg/L,+/- 0.003,,SM4500PF,0.002,,,,,93747006,10053189,00665
P155492-7,93747007,93747,Non-WQM,Untreated_A,SW,ADT,SAMP,EFIRE,EX,EFIRE,2/27/2025 8:07,,,,,,,,,,,,,,,,,,,,,,,,,,,02/17/2025 03:00:00 AM,3/3/2025 11:32,2/28/2025 15:01,00665,TPO4,25,0.031,mg/L,+/- 0.003,,SM4500PF,0.002,,,,,93747007,10053191,00665
P155492-8,93747008,93747,Non-WQM,Untreated_A,SW,ADT,SAMP,EFIRE,EX,EFIRE,2/27/2025 8:08,,,,,,,,,,,,,,,,,,,,,,,,,,,02/18/2025 03:00:00 AM,3/3/2025 11:34,2/28/2025 15:01,00665,TPO4,25,0.034,mg/L,+/- 0.003,,SM4500PF,0.002,,,,,93747008,10053193,00665
P155492-9,93747009,93747,Non-WQM,Untreated_A,SW,ADT,SAMP,EFIRE,EX,EFIRE,2/27/2025 8:09,,,,,,,,,,,,,,,,,,,,,,,,,,,02/19/2025 03:00:00 AM,3/3/2025 13:50,2/28/2025 15:01,00665,TPO4,25,0.032,mg/L,+/- 0.003,,SM4500PF,0.002,,,,,93747009,10053195,00665
P155492-10,93747010,93747,Non-WQM,Untreated_A,SW,ADT,SAMP,EFIRE,EX,EFIRE,2/27/2025 8:10,,,,,,,,,,,,,,,,,,,,,,,,,,,02/20/2025 03:00:00 AM,3/3/2025 11:38,2/28/2025 15:01,00665,TPO4,25,0.03,mg/L,+/- 0.003,,SM4500PF,0.002,,,,,93747010,10053197,00665
P155492-11,93747011,93747,Non-WQM,Untreated_A,SW,ADT,SAMP,EFIRE,EX,EFIRE,2/27/2025 8:11,,,,,,,,,,,,,,,,,,,,,,,,,,,02/21/2025 03:00:00 AM,3/3/2025 11:47,2/28/2025 15:01,00665,TPO4,25,0.027,mg/L,+/- 0.003,,SM4500PF,0.002,,,,,93747011,10053199,00665
P155492-12,93747012,93747,Non-WQM,Untreated_A,SW,ADT,SAMP,EFIRE,EX,EFIRE,2/27/2025 8:12,,,,,,,,,,,,,,,,,,,,,,,,,,,02/22/2025 03:00:00 AM,3/3/2025 11:51,2/28/2025 15:01,00665,TPO4,25,0.025,mg/L,+/- 0.003,,SM4500PF,0.002,,,,,93747012,10053201,00665
P155492-13,93747013,93747,Non-WQM,Untreated_A,SW,ADT,SAMP,EFIRE,EX,EFIRE,2/27/2025 8:13,,,,,,,,,,,,,,,,,,,,,,,,,,,02/23/2025 03:00:00 AM,3/3/2025 11:53,2/28/2025 15:01,00665,TPO4,25,0.023,mg/L,+/- 0.002,,SM4500PF,0.002,,,,,93747013,10053203,00665
P155492-14,93747014,93747,Non-WQM,Untreated_A,SW,ADT,SAMP,EFIRE,EX,EFIRE,2/27/2025 8:14,,,,,,,,,,,,,,,,,,,,,,,,,,,02/24/2025 03:00:00 AM,3/3/2025 11:55,2/28/2025 15:01,00665,TPO4,25,0.031,mg/L,+/- 0.003,,SM4500PF,0.002,,,,,93747014,10053205,00665
P155492-15,93747015,93747,Non-WQM,Untreated_A,SW,ADT,SAMP,EFIRE,EX,EFIRE,2/27/2025 8:15,,,,,,,,,,,,,,,,,,,,,,,,,,,02/25/2025 03:00:00 AM,3/3/2025 11:57,2/28/2025 15:01,00665,TPO4,25,0.027,mg/L,+/- 0.003,,SM4500PF,0.002,,,,,93747015,10053207,00665
P155505-1,93754001,93754,Non-WQM,Burn_A,SW,ADT,SAMP,EFIRE,EX,EFIRE,3/11/2025 10:01,,,,,,,,,,,,,,,,,,,,,,,,,,,02/27/2025 03:00:00 AM,3/27/2025 10:21,3/26/2025 15:01,00665,TPO4,25,0.016,mg/L,+/- 0.002,,SM4500PF,0.002,,,,Y,93754001,10084047,00665
P158401-1,95205001,95205,Non-WQM,Untreated_A,SW,GP,SAMP,EFIRE,EX,EFIRE,8/26/2025 9:50,,,,0.07,,,,,,,,,,,,,,,,,,,,,,,,9/4/2025 14:10,9/3/2025 9:38,00665,TPO4,25,0.022,mg/L,+/- 0.002,,SM4500PF,0.002,,,,,95205001,10267313,00665
P158401-2,95205002,95205,Non-WQM,Herbicide_A,SW,GP,SAMP,EFIRE,EX,EFIRE,8/26/2025 10:15,,,,0.15,,,,,,,,,,,,,,,,,,,,,,,,9/4/2025 14:14,9/3/2025 9:38,00665,TPO4,25,0.02,mg/L,+/- 0.002,,SM4500PF,0.002,,,,,95205002,10267318,00665
P158401-3,95205003,95205,Non-WQM,Burn_Herb_A,SW,GP,SAMP,EFIRE,EX,EFIRE,8/26/2025 10:30,,,,0.16,,,,,,,,,,,,,,,,,,,,,,,,9/4/2025 14:18,9/3/2025 9:38,00665,TPO4,25,0.021,mg/L,+/- 0.002,,SM4500PF,0.002,,,,,95205003,10267323,00665
P158401-4,95205004,95205,Non-WQM,Burn_A,SW,GP,SAMP,EFIRE,EX,EFIRE,8/26/2025 10:45,,,,0.11,,,,,,,,,,,,,,,,,,,,,,,,9/4/2025 14:22,9/3/2025 9:38,00665,TPO4,25,0.022,mg/L,+/- 0.002,,SM4500PF,0.002,,,,,95205004,10267328,00665
P158401-5,95205005,95205,Non-WQM,Untreated_B,SW,GP,SAMP,EFIRE,EX,EFIRE,8/26/2025 10:55,,,,0.11,,,,,,,,,,,,,,,,,,,,,,,,9/4/2025 14:35,9/3/2025 9:38,00665,TPO4,25,0.028,mg/L,+/- 0.003,,SM4500PF,0.002,,,,,95205005,10267333,00665
P158401-6,95205006,95205,Non-WQM,Burn_B,SW,GP,SAMP,EFIRE,EX,EFIRE,8/26/2025 11:10,,,,0.11,,,,,,,,,,,,,,,,,,,,,,,,9/4/2025 14:39,9/3/2025 9:38,00665,TPO4,25,0.02,mg/L,+/- 0.002,,SM4500PF,0.002,,,,,95205006,10267338,00665
P158401-7,95205007,95205,Non-WQM,Burn_Herb_B,SW,GP,SAMP,EFIRE,EX,EFIRE,8/26/2025 11:25,,,,0.16,,,,,,,,,,,,,,,,,,,,,,,,9/4/2025 14:42,9/3/2025 9:38,00665,TPO4,25,0.02,mg/L,+/- 0.002,,SM4500PF,0.002,,,,,95205007,10267343,00665
P158401-8,95205008,95205,Non-WQM,Herbicide_B,SW,GP,SAMP,EFIRE,EX,EFIRE,8/26/2025 11:35,,,,0.07,,,,,,,,,,,,,,,,,,,,,,,,9/4/2025 14:46,9/3/2025 9:38,00665,TPO4,25,0.026,mg/L,+/- 0.003,,SM4500PF,0.002,,,,,95205008,10267348,00665
P158401-9,95205009,95205,Non-WQM,Herbicide_C,SW,GP,SAMP,EFIRE,EX,EFIRE,8/26/2025 11:45,,,,0.09,,,,,,,,,,,,,,,,,,,,,,,,9/4/2025 14:50,9/3/2025 9:38,00665,TPO4,25,0.03,mg/L,+/- 0.003,,SM4500PF,0.002,,,,,95205009,10267353,00665
P158401-10,95205010,95205,Non-WQM,Burn_Herb_C,SW,GP,SAMP,EFIRE,EX,EFIRE,8/26/2025 12:00,,,,0.15,,,,,,,,,,,,,,,,,,,,,,,,9/4/2025 14:56,9/3/2025 9:38,00665,TPO4,25,0.019,mg/L,+/- 0.002,,SM4500PF,0.002,,,,,95205010,10267358,00665
P158401-11,95205011,95205,Non-WQM,Burn_C,SW,GP,SAMP,EFIRE,EX,EFIRE,8/26/2025 12:15,,,,0.15,,,,,,,,,,,,,,,,,,,,,,,,9/4/2025 15:00,9/3/2025 9:38,00665,TPO4,25,0.02,mg/L,+/- 0.002,,SM4500PF,0.002,,,,,95205011,10267363,00665
P158401-12,95205012,95205,Non-WQM,Untreated_C,SW,GP,SAMP,EFIRE,EX,EFIRE,8/26/2025 12:25,,,,0.14,,,,,,,,,,,,,,,,,,,,,,,,9/4/2025 15:03,9/3/2025 9:38,00665,TPO4,25,0.024,mg/L,+/- 0.002,,SM4500PF,0.002,,,,,95205012,10267368,00665
P158402-1,95206001,95206,Non-WQM,Untreated_A,SW,GP,SAMP,EFIRE,EX,EFIRE,9/9/2025 9:55,,,,0.13,,,,,,,,,,,,,,,,,,,,,,,,9/18/2025 12:41,9/16/2025 13:55,00665,TPO4,25,0.015,mg/L,+/- 0.002,,SM4500PF,0.002,,,,,95206001,10282910,00665
P158402-2,95206002,95206,Non-WQM,Herbicide_A,SW,GP,SAMP,EFIRE,EX,EFIRE,9/9/2025 10:20,,,,0.13,,,,,,,,,,,,,,,,,,,,,,,,9/18/2025 12:44,9/16/2025 13:55,00665,TPO4,25,0.013,mg/L,+/- 0.002,,SM4500PF,0.002,,,,,95206002,10282915,00665
P158402-3,95206003,95206,Non-WQM,Burn_Herb_A,SW,GP,SAMP,EFIRE,EX,EFIRE,9/9/2025 10:33,,,,0.13,,,,,,,,,,,,,,,,,,,,,,,,9/18/2025 12:48,9/16/2025 13:55,00665,TPO4,25,0.013,mg/L,+/- 0.002,,SM4500PF,0.002,,,,,95206003,10282920,00665
P158402-4,95206004,95206,Non-WQM,Burn_A,SW,GP,SAMP,EFIRE,EX,EFIRE,9/9/2025 10:44,,,,0.13,,,,,,,,,,,,,,,,,,,,,,,,9/18/2025 12:54,9/16/2025 13:55,00665,TPO4,25,0.013,mg/L,+/- 0.002,,SM4500PF,0.002,,,,,95206004,10282925,00665
P158402-5,95206005,95206,Non-WQM,Untreated_B,SW,GP,SAMP,EFIRE,EX,EFIRE,9/9/2025 11:17,,,,0.12,,,,,,,,,,,,,,,,,,,,,,,,9/18/2025 12:58,9/16/2025 13:55,00665,TPO4,25,0.015,mg/L,+/- 0.002,,SM4500PF,0.002,,,,,95206005,10282930,00665
P158402-6,95206006,95206,Non-WQM,Burn_B,SW,GP,SAMP,EFIRE,EX,EFIRE,9/9/2025 11:00,,,,0.21,,,,,,,,,,,,,,,,,,,,,,,,9/18/2025 13:01,9/16/2025 13:55,00665,TPO4,25,0.012,mg/L,+/- 0.002,,SM4500PF,0.002,,,,,95206006,10282935,00665
P158402-7,95206007,95206,Non-WQM,Burn_Herb_B,SW,GP,SAMP,EFIRE,EX,EFIRE,9/9/2025 11:32,,,,0.15,,,,,,,,,,,,,,,,,,,,,,,,9/18/2025 13:05,9/16/2025 13:55,00665,TPO4,25,0.014,mg/L,+/- 0.002,,SM4500PF,0.002,,,,,95206007,10282940,00665
P158402-8,95206008,95206,Non-WQM,Herbicide_B,SW,GP,SAMP,EFIRE,EX,EFIRE,9/9/2025 11:50,,,,0.15,,,,,,,,,,,,,,,,,,,,,,,,9/18/2025 13:09,9/16/2025 13:55,00665,TPO4,25,0.013,mg/L,+/- 0.002,,SM4500PF,0.002,,,,,95206008,10282945,00665
P158402-9,95206009,95206,Non-WQM,Herbicide_C,SW,GP,SAMP,EFIRE,EX,EFIRE,9/9/2025 12:02,,,,0.13,,,,,,,,,,,,,,,,,,,,,,,,9/18/2025 13:20,9/16/2025 13:55,00665,TPO4,25,0.012,mg/L,+/- 0.002,,SM4500PF,0.002,,,,,95206009,10282950,00665
P158402-10,95206010,95206,Non-WQM,Burn_Herb_C,SW,GP,SAMP,EFIRE,EX,EFIRE,9/9/2025 12:14,,,,0.2,,,,,,,,,,,,,,,,,,,,,,,,9/18/2025 13:26,9/16/2025 13:55,00665,TPO4,25,0.013,mg/L,+/- 0.002,,SM4500PF,0.002,,,,,95206010,10282955,00665
P158402-11,95206011,95206,Non-WQM,Burn_C,SW,GP,SAMP,EFIRE,EX,EFIRE,9/9/2025 12:24,,,,0.12,,,,,,,,,,,,,,,,,,,,,,,,9/18/2025 13:30,9/16/2025 13:55,00665,TPO4,25,0.012,mg/L,+/- 0.002,,SM4500PF,0.002,,,,,95206011,10282960,00665
P158402-12,95206012,95206,Non-WQM,Untreated_C,SW,GP,SAMP,EFIRE,EX,EFIRE,9/9/2025 12:34,,,,0.17,,,,,,,,,,,,,,,,,,,,,,,,9/18/2025 13:34,9/16/2025 13:55,00665,TPO4,25,0.012,mg/L,+/- 0.002,,SM4500PF,0.002,,,,,95206012,10282965,00665
P155729-1,93867001,93867,Non-WQM,Burn_Herb_A,SW,ADT,SAMP,EFIRE,EX,EFIRE,2/27/2025 8:01,,,,,,,,,,,,,,,,,,,,,,,,,,,02/11/2025 03:00:00 AM,3/3/2025 12:01,2/28/2025 15:01,00665,TPO4,25,0.038,mg/L,+/- 0.003,,SM4500PF,0.002,,,,,93867001,10053260,00665
P155729-2,93867002,93867,Non-WQM,Burn_Herb_A,SW,ADT,SAMP,EFIRE,EX,EFIRE,2/27/2025 8:02,,,,,,,,,,,,,,,,,,,,,,,,,,,02/12/2025 03:00:00 AM,3/3/2025 12:02,2/28/2025 15:01,00665,TPO4,25,0.038,mg/L,+/- 0.003,,SM4500PF,0.002,,,,,93867002,10053262,00665
P155729-3,93867003,93867,Non-WQM,Burn_Herb_A,SW,ADT,SAMP,EFIRE,EX,EFIRE,2/27/2025 8:03,,,,,,,,,,,,,,,,,,,,,,,,,,,02/13/2025 03:00:00 AM,3/3/2025 12:04,2/28/2025 15:01,00665,TPO4,25,0.041,mg/L,+/- 0.003,,SM4500PF,0.002,,,,,93867003,10053264,00665
P155729-4,93867004,93867,Non-WQM,Burn_Herb_A,SW,ADT,SAMP,EFIRE,EX,EFIRE,2/27/2025 8:04,,,,,,,,,,,,,,,,,,,,,,,,,,,02/14/2025 03:00:00 AM,3/3/2025 12:06,2/28/2025 15:01,00665,TPO4,25,0.035,mg/L,+/- 0.003,,SM4500PF,0.002,,,,,93867004,10053266,00665
P155729-5,93867005,93867,Non-WQM,Burn_Herb_A,SW,ADT,SAMP,EFIRE,EX,EFIRE,2/27/2025 8:05,,,,,,,,,,,,,,,,,,,,,,,,,,,02/15/2025 03:00:00 AM,3/3/2025 12:10,2/28/2025 15:01,00665,TPO4,25,0.03,mg/L,+/- 0.003,,SM4500PF,0.002,,,,,93867005,10053268,00665
P155729-6,93867006,93867,Non-WQM,Burn_Herb_A,SW,ADT,SAMP,EFIRE,EX,EFIRE,2/27/2025 8:06,,,,,,,,,,,,,,,,,,,,,,,,,,,02/16/2025 03:00:00 AM,3/3/2025 12:12,2/28/2025 15:01,00665,TPO4,25,0.03,mg/L,+/- 0.003,,SM4500PF,0.002,,,,,93867006,10053270,00665
P155729-7,93867007,93867,Non-WQM,Burn_Herb_A,SW,ADT,SAMP,EFIRE,EX,EFIRE,2/27/2025 8:07,,,,,,,,,,,,,,,,,,,,,,,,,,,02/17/2025 03:00:00 AM,3/3/2025 13:52,2/28/2025 15:01,00665,TPO4,25,0.027,mg/L,+/- 0.003,,SM4500PF,0.002,,,,,93867007,10053272,00665
P155729-8,93867008,93867,Non-WQM,Burn_Herb_A,SW,ADT,SAMP,EFIRE,EX,EFIRE,2/27/2025 8:08,,,,,,,,,,,,,,,,,,,,,,,,,,,02/18/2025 03:00:00 AM,3/3/2025 12:16,2/28/2025 15:01,00665,TPO4,25,0.031,mg/L,+/- 0.003,,SM4500PF,0.002,,,,,93867008,10053274,00665
P155729-9,93867009,93867,Non-WQM,Burn_Herb_A,SW,ADT,SAMP,EFIRE,EX,EFIRE,2/27/2025 8:09,,,,,,,,,,,,,,,,,,,,,,,,,,,02/19/2025 03:00:00 AM,3/3/2025 12:18,2/28/2025 15:01,00665,TPO4,25,0.034,mg/L,+/- 0.003,,SM4500PF,0.002,,,,,93867009,10053276,00665
P155729-10,93867010,93867,Non-WQM,Burn_Herb_A,SW,ADT,SAMP,EFIRE,EX,EFIRE,2/27/2025 8:10,,,,,,,,,,,,,,,,,,,,,,,,,,,02/20/2025 03:00:00 AM,3/3/2025 12:19,2/28/2025 15:01,00665,TPO4,25,0.026,mg/L,+/- 0.003,,SM4500PF,0.002,,,,,93867010,10053278,00665
P155729-11,93867011,93867,Non-WQM,Burn_Herb_A,SW,ADT,SAMP,EFIRE,EX,EFIRE,2/27/2025 8:11,,,,,,,,,,,,,,,,,,,,,,,,,,,02/21/2025 03:00:00 AM,3/3/2025 12:21,2/28/2025 15:01,00665,TPO4,25,0.022,mg/L,+/- 0.002,,SM4500PF,0.002,,,,,93867011,10053280,00665
P155729-12,93867012,93867,Non-WQM,Burn_Herb_A,SW,ADT,SAMP,EFIRE,EX,EFIRE,2/27/2025 8:12,,,,,,,,,,,,,,,,,,,,,,,,,,,02/22/2025 03:00:00 AM,3/3/2025 12:23,2/28/2025 15:01,00665,TPO4,25,0.021,mg/L,+/- 0.002,,SM4500PF,0.002,,,,,93867012,10053282,00665
P155729-13,93867013,93867,Non-WQM,Burn_Herb_A,SW,ADT,SAMP,EFIRE,EX,EFIRE,2/27/2025 8:13,,,,,,,,,,,,,,,,,,,,,,,,,,,02/23/2025 03:00:00 AM,3/3/2025 13:54,2/28/2025 15:01,00665,TPO4,25,0.021,mg/L,+/- 0.002,,SM4500PF,0.002,,,,,93867013,10053284,00665
P155729-14,93867014,93867,Non-WQM,Burn_Herb_A,SW,ADT,SAMP,EFIRE,EX,EFIRE,2/27/2025 8:14,,,,,,,,,,,,,,,,,,,,,,,,,,,02/24/2025 03:00:00 AM,3/3/2025 12:27,2/28/2025 15:01,00665,TPO4,25,0.025,mg/L,+/- 0.003,,SM4500PF,0.002,,,,,93867014,10053286,00665
P155729-15,93867015,93867,Non-WQM,Burn_Herb_A,SW,ADT,SAMP,EFIRE,EX,EFIRE,2/27/2025 8:15,,,,,,,,,,,,,,,,,,,,,,,,,,,02/25/2025 03:00:00 AM,3/3/2025 12:36,2/28/2025 15:01,00665,TPO4,25,0.028,mg/L,+/- 0.003,,SM4500PF,0.002,,,,,93867015,10053288,00665
P158519-1,95270001,95270,Non-WQM,Untreated_A,SW,GP,SAMP,EFIRE,EX,EFIRE,9/24/2025 9:50,,,,0.11,,,,,,,,,,,,,,,,,,,,,,,,10/7/2025 12:25,10/6/2025 13:22,00665,TPO4,25,0.022,mg/L,+/- 0.002,,SM4500PF,0.002,,,,,95270001,10303424,00665
P158519-2,95270002,95270,Non-WQM,Herbicide_A,SW,GP,SAMP,EFIRE,EX,EFIRE,9/24/2025 10:15,,,,0.14,,,,,,,,,,,,,,,,,,,,,,,,10/7/2025 12:30,10/6/2025 13:22,00665,TPO4,25,0.016,mg/L,+/- 0.002,,SM4500PF,0.002,,,,G,95270002,10303429,00665
P158519-3,95270003,95270,Non-WQM,Burn_Herb_A,SW,GP,SAMP,EFIRE,EX,EFIRE,9/24/2025 10:30,,,,0.17,,,,,,,,,,,,,,,,,,,,,,,,10/7/2025 12:34,10/6/2025 13:22,00665,TPO4,25,0.015,mg/L,+/- 0.002,,SM4500PF,0.002,,,,G,95270003,10303434,00665
P158519-4,95270004,95270,Non-WQM,Burn_A,SW,GP,SAMP,EFIRE,EX,EFIRE,9/24/2025 10:45,,,,0.13,,,,,,,,,,,,,,,,,,,,,,,,10/7/2025 12:38,10/6/2025 13:22,00665,TPO4,25,0.016,mg/L,+/- 0.002,,SM4500PF,0.002,,,,G,95270004,10303439,00665
P158519-5,95270005,95270,Non-WQM,Untreated_B,SW,GP,SAMP,EFIRE,EX,EFIRE,9/24/2025 11:00,,,,0.12,,,,,,,,,,,,,,,,,,,,,,,,10/7/2025 12:42,10/6/2025 13:22,00665,TPO4,25,0.022,mg/L,+/- 0.002,,SM4500PF,0.002,,,,,95270005,10303444,00665
P158519-6,95270006,95270,Non-WQM,Burn_B,SW,GP,SAMP,EFIRE,EX,EFIRE,9/24/2025 11:20,,,,0.18,,,,,,,,,,,,,,,,,,,,,,,,10/7/2025 12:46,10/6/2025 13:22,00665,TPO4,25,0.014,mg/L,+/- 0.002,,SM4500PF,0.002,,,,G,95270006,10303449,00665
P158519-7,95270007,95270,Non-WQM,Burn_Herb_B,SW,GP,SAMP,EFIRE,EX,EFIRE,9/24/2025 12:30,,,,0.13,,,,,,,,,,,,,,,,,,,,,,,,10/7/2025 12:59,10/6/2025 13:22,00665,TPO4,25,0.016,mg/L,+/- 0.002,,SM4500PF,0.002,,,,G,95270007,10303454,00665
P158519-8,95270008,95270,Non-WQM,Herbicide_B,SW,GP,SAMP,EFIRE,EX,EFIRE,9/24/2025 11:50,,,,0.13,,,,,,,,,,,,,,,,,,,,,,,,10/7/2025 13:03,10/6/2025 13:22,00665,TPO4,25,0.016,mg/L,+/- 0.002,,SM4500PF,0.002,,,,G,95270008,10303459,00665
P158519-9,95270009,95270,Non-WQM,Herbicide_C,SW,GP,SAMP,EFIRE,EX,EFIRE,9/24/2025 12:00,,,,0.12,,,,,,,,,,,,,,,,,,,,,,,,10/7/2025 13:06,10/6/2025 13:22,00665,TPO4,25,0.016,mg/L,+/- 0.002,,SM4500PF,0.002,,,,G,95270009,10303464,00665
P158519-10,95270010,95270,Non-WQM,Burn_Herb_C,SW,GP,SAMP,EFIRE,EX,EFIRE,9/24/2025 12:15,,,,0.18,,,,,,,,,,,,,,,,,,,,,,,,10/7/2025 13:10,10/6/2025 13:22,00665,TPO4,25,0.016,mg/L,+/- 0.002,,SM4500PF,0.002,,,,G,95270010,10303469,00665
P158519-11,95270011,95270,Non-WQM,Burn_C,SW,GP,SAMP,EFIRE,EX,EFIRE,9/24/2025 12:25,,,,0.20,,,,,,,,,,,,,,,,,,,,,,,,10/7/2025 13:14,10/6/2025 13:22,00665,TPO4,25,0.012,mg/L,+/- 0.002,,SM4500PF,0.002,,,,G,95270011,10303474,00665
P158519-12,95270012,95270,Non-WQM,Untreated_C,SW,GP,SAMP,EFIRE,EX,EFIRE,9/24/2025 12:40,,,,0.17,,,,,,,,,,,,,,,,,,,,,,,,10/7/2025 13:20,10/6/2025 13:22,00665,TPO4,25,0.013,mg/L,+/- 0.002,,SM4500PF,0.002,,,,G,95270012,10303479,00665
P156552-1,94284001,94284,Non-WQM,Herbicide_A,SW,ADT,SAMP,EFIRE,EX,EFIRE,1/29/2025 12:40,,,,,,,,,,,,,,,,,,,,,,,,,,,01/15/2025 03:00:00 AM,1/31/2025 11:13,1/30/2025 15:26,00665,TPO4,25,0.015,mg/L,+/- 0.002,,SM4500PF,0.002,,,,,94284001,10015215,00665
P156552-2,94284002,94284,Non-WQM,Herbicide_A,SW,ADT,SAMP,EFIRE,EX,EFIRE,1/29/2025 12:42,,,,,,,,,,,,,,,,,,,,,,,,,,,01/16/2025 03:00:00 AM,1/31/2025 11:15,1/30/2025 15:26,00665,TPO4,25,0.016,mg/L,+/- 0.002,,SM4500PF,0.002,,,,,94284002,10015217,00665
P156552-3,94284003,94284,Non-WQM,Herbicide_A,SW,ADT,SAMP,EFIRE,EX,EFIRE,1/29/2025 12:43,,,,,,,,,,,,,,,,,,,,,,,,,,,01/17/2025 03:00:00 AM,1/31/2025 11:19,1/30/2025 15:26,00665,TPO4,25,0.026,mg/L,+/- 0.003,,SM4500PF,0.002,,,,,94284003,10015219,00665
P156552-4,94284004,94284,Non-WQM,Herbicide_A,SW,ADT,SAMP,EFIRE,EX,EFIRE,1/29/2025 12:43,,,,,,,,,,,,,,,,,,,,,,,,,,,01/18/2025 03:00:00 AM,1/31/2025 11:21,1/30/2025 15:26,00665,TPO4,25,0.056,mg/L,+/- 0.004,,SM4500PF,0.002,,,,,94284004,10015221,00665
P156552-5,94284005,94284,Non-WQM,Herbicide_A,SW,ADT,SAMP,EFIRE,EX,EFIRE,1/29/2025 12:44,,,,,,,,,,,,,,,,,,,,,,,,,,,01/19/2025 03:00:00 AM,1/31/2025 11:23,1/30/2025 15:26,00665,TPO4,25,0.031,mg/L,+/- 0.003,,SM4500PF,0.002,,,,,94284005,10015223,00665
P156552-6,94284006,94284,Non-WQM,Herbicide_A,SW,ADT,SAMP,EFIRE,EX,EFIRE,1/29/2025 12:44,,,,,,,,,,,,,,,,,,,,,,,,,,,01/20/2025 03:00:00 AM,1/31/2025 11:24,1/30/2025 15:26,00665,TPO4,25,0.023,mg/L,+/- 0.002,,SM4500PF,0.002,,,,,94284006,10015225,00665
P156552-7,94284007,94284,Non-WQM,Herbicide_A,SW,ADT,SAMP,EFIRE,EX,EFIRE,1/29/2025 12:45,,,,,,,,,,,,,,,,,,,,,,,,,,,01/21/2025 03:00:00 AM,1/31/2025 11:26,1/30/2025 15:26,00665,TPO4,25,0.018,mg/L,+/- 0.002,,SM4500PF,0.002,,,,,94284007,10015227,00665
P156552-8,94284008,94284,Non-WQM,Herbicide_A,SW,ADT,SAMP,EFIRE,EX,EFIRE,1/29/2025 12:45,,,,,,,,,,,,,,,,,,,,,,,,,,,01/22/2025 03:00:00 AM,1/31/2025 11:28,1/30/2025 15:26,00665,TPO4,25,0.022,mg/L,+/- 0.002,,SM4500PF,0.002,,,,,94284008,10015229,00665
P156552-9,94284009,94284,Non-WQM,Herbicide_A,SW,ADT,SAMP,EFIRE,EX,EFIRE,1/29/2025 12:46,,,,,,,,,,,,,,,,,,,,,,,,,,,01/23/2025 03:00:00 AM,1/31/2025 11:30,1/30/2025 15:26,00665,TPO4,25,0.02,mg/L,+/- 0.002,,SM4500PF,0.002,,,,,94284009,10015231,00665
P156552-10,94284010,94284,Non-WQM,Herbicide_A,SW,ADT,SAMP,EFIRE,EX,EFIRE,1/29/2025 12:46,,,,,,,,,,,,,,,,,,,,,,,,,,,01/24/2025 03:00:00 AM,1/31/2025 11:32,1/30/2025 15:26,00665,TPO4,25,0.02,mg/L,+/- 0.002,,SM4500PF,0.002,,,,,94284010,10015233,00665
P156552-11,94284011,94284,Non-WQM,Herbicide_A,SW,ADT,SAMP,EFIRE,EX,EFIRE,1/29/2025 12:47,,,,,,,,,,,,,,,,,,,,,,,,,,,01/25/2025 03:00:00 AM,1/31/2025 11:34,1/30/2025 15:26,00665,TPO4,25,0.016,mg/L,+/- 0.002,,SM4500PF,0.002,,,,,94284011,10015235,00665
P156552-12,94284012,94284,Non-WQM,Herbicide_A,SW,ADT,SAMP,EFIRE,EX,EFIRE,1/29/2025 12:47,,,,,,,,,,,,,,,,,,,,,,,,,,,01/26/2025 03:00:00 AM,1/31/2025 11:36,1/30/2025 15:26,00665,TPO4,25,0.018,mg/L,+/- 0.002,,SM4500PF,0.002,,,,,94284012,10015237,00665
P156552-13,94284013,94284,Non-WQM,Herbicide_A,SW,ADT,SAMP,EFIRE,EX,EFIRE,1/29/2025 12:48,,,,,,,,,,,,,,,,,,,,,,,,,,,01/27/2025 03:00:00 AM,1/31/2025 11:45,1/30/2025 15:26,00665,TPO4,25,0.02,mg/L,+/- 0.002,,SM4500PF,0.002,,,,,94284013,10015239,00665
P155727-1,93865001,93865,Non-WQM,Burn_Herb_A,SW,ADT,SAMP,EFIRE,EX,EFIRE,1/15/2025 11:01,,,,,,,,,,,,,,,,,,,,,,,,,,,01/02/2025 03:00:00 AM,1/24/2025 10:37,1/23/2025 14:01,00665,TPO4,25,0.026,mg/L,+/- 0.003,,SM4500PF,0.002,,,,,93865001,9996743,00665
P155727-2,93865002,93865,Non-WQM,Burn_Herb_A,SW,ADT,SAMP,EFIRE,EX,EFIRE,1/15/2025 11:02,,,,,,,,,,,,,,,,,,,,,,,,,,,01/03/2025 03:00:00 AM,1/24/2025 10:39,1/23/2025 14:01,00665,TPO4,25,0.026,mg/L,+/- 0.003,,SM4500PF,0.002,,,,,93865002,9996745,00665
P155727-3,93865003,93865,Non-WQM,Burn_Herb_A,SW,ADT,SAMP,EFIRE,EX,EFIRE,1/15/2025 11:03,,,,,,,,,,,,,,,,,,,,,,,,,,,01/04/2025 03:00:00 AM,1/24/2025 10:42,1/23/2025 14:01,00665,TPO4,25,0.02,mg/L,+/- 0.002,,SM4500PF,0.002,,,,,93865003,9996747,00665
P155727-4,93865004,93865,Non-WQM,Burn_Herb_A,SW,ADT,SAMP,EFIRE,EX,EFIRE,1/15/2025 11:04,,,,,,,,,,,,,,,,,,,,,,,,,,,01/05/2025 03:00:00 AM,1/24/2025 10:44,1/23/2025 14:01,00665,TPO4,25,0.024,mg/L,+/- 0.002,,SM4500PF,0.002,,,,,93865004,9996749,00665
P155727-5,93865005,93865,Non-WQM,Burn_Herb_A,SW,ADT,SAMP,EFIRE,EX,EFIRE,1/15/2025 11:05,,,,,,,,,,,,,,,,,,,,,,,,,,,01/06/2025 03:00:00 AM,1/24/2025 10:46,1/23/2025 14:01,00665,TPO4,25,0.038,mg/L,+/- 0.003,,SM4500PF,0.002,,,,,93865005,9996751,00665
P155727-6,93865006,93865,Non-WQM,Burn_Herb_A,SW,ADT,SAMP,EFIRE,EX,EFIRE,1/15/2025 11:06,,,,,,,,,,,,,,,,,,,,,,,,,,,01/07/2025 03:00:00 AM,1/24/2025 10:48,1/23/2025 14:01,00665,TPO4,25,0.031,mg/L,+/- 0.003,,SM4500PF,0.002,,,,,93865006,9996753,00665
P155727-7,93865007,93865,Non-WQM,Burn_Herb_A,SW,ADT,SAMP,EFIRE,EX,EFIRE,1/15/2025 11:07,,,,,,,,,,,,,,,,,,,,,,,,,,,01/08/2025 03:00:00 AM,1/24/2025 10:50,1/23/2025 14:01,00665,TPO4,25,0.024,mg/L,+/- 0.002,,SM4500PF,0.002,,,,,93865007,9996755,00665
P155727-8,93865008,93865,Non-WQM,Burn_Herb_A,SW,ADT,SAMP,EFIRE,EX,EFIRE,1/15/2025 11:08,,,,,,,,,,,,,,,,,,,,,,,,,,,01/09/2025 03:00:00 AM,1/24/2025 10:52,1/23/2025 14:01,00665,TPO4,25,0.02,mg/L,+/- 0.002,,SM4500PF,0.002,,,,,93865008,9996757,00665
P155727-9,93865009,93865,Non-WQM,Burn_Herb_A,SW,ADT,SAMP,EFIRE,EX,EFIRE,1/15/2025 11:09,,,,,,,,,,,,,,,,,,,,,,,,,,,01/10/2025 03:00:00 AM,1/24/2025 10:53,1/23/2025 14:01,00665,TPO4,25,0.022,mg/L,+/- 0.002,,SM4500PF,0.002,,,,,93865009,9996759,00665
P155727-10,93865010,93865,Non-WQM,Burn_Herb_A,SW,ADT,SAMP,EFIRE,EX,EFIRE,1/15/2025 11:10,,,,,,,,,,,,,,,,,,,,,,,,,,,01/11/2025 03:00:00 AM,1/24/2025 14:56,1/23/2025 14:01,00665,TPO4,25,0.024,mg/L,+/- 0.002,,SM4500PF,0.002,,,,,93865010,9996761,00665
P155727-11,93865011,93865,Non-WQM,Burn_Herb_A,SW,ADT,SAMP,EFIRE,EX,EFIRE,1/15/2025 11:11,,,,,,,,,,,,,,,,,,,,,,,,,,,01/12/2025 03:00:00 AM,1/24/2025 10:57,1/23/2025 14:01,00665,TPO4,25,0.024,mg/L,+/- 0.002,,SM4500PF,0.002,,,,,93865011,9996763,00665
P155727-12,93865012,93865,Non-WQM,Burn_Herb_A,SW,ADT,SAMP,EFIRE,EX,EFIRE,1/15/2025 11:12,,,,,,,,,,,,,,,,,,,,,,,,,,,01/13/2025 03:00:00 AM,1/24/2025 10:59,1/23/2025 14:01,00665,TPO4,25,0.027,mg/L,+/- 0.003,,SM4500PF,0.002,,,,,93865012,9996765,00665
P155727-13,93865013,93865,Non-WQM,Burn_Herb_A,SW,ADT,SAMP,EFIRE,EX,EFIRE,1/15/2025 11:13,,,,,,,,,,,,,,,,,,,,,,,,,,,01/14/2025 03:00:00 AM,1/24/2025 11:09,1/23/2025 14:01,00665,TPO4,25,0.021,mg/L,+/- 0.002,,SM4500PF,0.002,,,,,93865013,9996767,00665
P155444-1,93724001,93724,Non-WQM,Untreated_A,SW,GP,SAMP,EFIRE,EX,EFIRE,1/28/2025 10:15,,,,0.19,,,,,,,,,,,,,,,,,,,,,,,,1/30/2025 13:20,1/29/2025 13:25,00665,TPO4,25,0.023,mg/L,+/- 0.002,,SM4500PF,0.002,,,,,93724001,10013997,00665
P155444-2,93724002,93724,Non-WQM,Herbicide_A,SW,GP,SAMP,EFIRE,EX,EFIRE,1/28/2025 10:50,,,,0.23,,,,,,,,,,,,,,,,,,,,,,,,1/30/2025 13:24,1/29/2025 13:25,00665,TPO4,25,0.021,mg/L,+/- 0.002,,SM4500PF,0.002,,,,,93724002,10014021,00665
P155444-3,93724003,93724,Non-WQM,Burn_Herb_A,SW,GP,SAMP,EFIRE,EX,EFIRE,1/28/2025 11:11,,,,0.23,,,,,,,,,,,,,,,,,,,,,,,,1/30/2025 13:35,1/29/2025 13:25,00665,TPO4,25,0.02,mg/L,+/- 0.002,,SM4500PF,0.002,,,,,93724003,10014033,00665
P155444-4,93724004,93724,Non-WQM,Burn_A,SW,GP,SAMP,EFIRE,EX,EFIRE,1/28/2025 11:35,,,,0.17,,,,,,,,,,,,,,,,,,,,,,,,1/30/2025 13:41,1/29/2025 13:25,00665,TPO4,25,0.023,mg/L,+/- 0.002,,SM4500PF,0.002,,,,,93724004,10014045,00665
P155444-5,93724005,93724,Non-WQM,Untreated_B,SW,GP,SAMP,EFIRE,EX,EFIRE,1/28/2025 12:00,,,,0.16,,,,,,,,,,,,,,,,,,,,,,,,1/30/2025 13:45,1/29/2025 13:25,00665,TPO4,25,0.026,mg/L,+/- 0.003,,SM4500PF,0.002,,Ash from nearby burn in the air,,,93724005,10014057,00665
P155444-6,93724006,93724,Non-WQM,Burn_B,SW,GP,SAMP,EFIRE,EX,EFIRE,1/28/2025 12:20,,,,0.12,,,,,,,,,,,,,,,,,,,,,,,,1/30/2025 13:49,1/29/2025 13:25,00665,TPO4,25,0.022,mg/L,+/- 0.002,,SM4500PF,0.002,,,,,93724006,10014069,00665
P155444-7,93724007,93724,Non-WQM,Burn_Herb_B,SW,GP,SAMP,EFIRE,EX,EFIRE,1/28/2025 12:40,,,,0.11,,,,,,,,,,,,,,,,,,,,,,,,1/30/2025 13:52,1/29/2025 13:25,00665,TPO4,25,0.022,mg/L,+/- 0.002,,SM4500PF,0.002,,,,,93724007,10014081,00665
P155444-8,93724008,93724,Non-WQM,Herbicide_B,SW,GP,SAMP,EFIRE,EX,EFIRE,1/28/2025 12:55,,,,0.09,,,,,,,,,,,,,,,,,,,,,,,,1/30/2025 13:58,1/29/2025 13:25,00665,TPO4,25,0.021,mg/L,+/- 0.002,,SM4500PF,0.002,,,,,93724008,10014093,00665
P155444-9,93724009,93724,Non-WQM,Herbicide_C,SW,GP,SAMP,EFIRE,EX,EFIRE,1/28/2025 13:15,,,,0.14,,,,,,,,,,,,,,,,,,,,,,,,1/30/2025 14:02,1/29/2025 13:25,00665,TPO4,25,0.018,mg/L,+/- 0.002,,SM4500PF,0.002,,,,,93724009,10014105,00665
P155444-10,93724010,93724,Non-WQM,Burn_Herb_C,SW,GP,SAMP,EFIRE,EX,EFIRE,1/28/2025 13:32,,,,0.14,,,,,,,,,,,,,,,,,,,,,,,,1/30/2025 14:06,1/29/2025 13:25,00665,TPO4,25,0.022,mg/L,+/- 0.002,,SM4500PF,0.002,,,,,93724010,10014117,00665
P155444-11,93724011,93724,Non-WQM,Burn_C,SW,GP,SAMP,EFIRE,EX,EFIRE,1/28/2025 13:47,,,,0.12,,,,,,,,,,,,,,,,,,,,,,,,1/30/2025 14:10,1/29/2025 13:25,00665,TPO4,25,0.02,mg/L,+/- 0.002,,SM4500PF,0.002,,,,,93724011,10014129,00665
P155444-12,93724012,93724,Non-WQM,Untreated_C,SW,GP,SAMP,EFIRE,EX,EFIRE,1/28/2025 14:05,,,,0.2,,,,,,,,,,,,,,,,,,,,,,,,1/30/2025 14:13,1/29/2025 13:25,00665,TPO4,25,0.025,mg/L,+/- 0.003,,SM4500PF,0.002,,,,,93724012,10014141,00665
P155477-1,93738001,93738,Non-WQM,Herbicide_A,SW,ADT,SAMP,EFIRE,EX,EFIRE,1/2/2025 10:00,,,,,,,,,,,,,,,,,,,,,,,,,,,12/18/2024 03:00:00 AM,1/8/2025 13:27,1/7/2025 12:50,00665,TPO4,25,0.228,mg/L,+/- 0.016,,SM4500PF,0.002,,Not Flow Proportional.,,,93738001,9976155,00665
P155477-2,93738002,93738,Non-WQM,Herbicide_A,SW,ADT,SAMP,EFIRE,EX,EFIRE,1/2/2025 10:01,,,,,,,,,,,,,,,,,,,,,,,,,,,12/19/2024 03:00:00 AM,1/8/2025 13:33,1/7/2025 12:50,00665,TPO4,25,0.09,mg/L,+/- 0.006,,SM4500PF,0.002,,Not Flow Proportional.,,,93738002,9976157,00665
P155477-3,93738003,93738,Non-WQM,Herbicide_A,SW,ADT,SAMP,EFIRE,EX,EFIRE,1/2/2025 10:02,,,,,,,,,,,,,,,,,,,,,,,,,,,12/20/2024 03:00:00 AM,1/8/2025 13:35,1/7/2025 12:50,00665,TPO4,25,0.091,mg/L,+/- 0.006,,SM4500PF,0.002,,,,,93738003,9976159,00665
P155477-4,93738004,93738,Non-WQM,Herbicide_A,SW,ADT,SAMP,EFIRE,EX,EFIRE,1/2/2025 10:03,,,,,,,,,,,,,,,,,,,,,,,,,,,12/21/2024 03:00:00 AM,1/8/2025 13:37,1/7/2025 12:50,00665,TPO4,25,0.065,mg/L,+/- 0.005,,SM4500PF,0.002,,,,,93738004,9976161,00665
P155477-5,93738005,93738,Non-WQM,Herbicide_A,SW,ADT,SAMP,EFIRE,EX,EFIRE,1/2/2025 10:04,,,,,,,,,,,,,,,,,,,,,,,,,,,12/22/2024 03:00:00 AM,1/8/2025 13:39,1/7/2025 12:50,00665,TPO4,25,0.048,mg/L,+/- 0.004,,SM4500PF,0.002,,,,,93738005,9976163,00665
P155477-6,93738006,93738,Non-WQM,Herbicide_A,SW,ADT,SAMP,EFIRE,EX,EFIRE,1/2/2025 10:05,,,,,,,,,,,,,,,,,,,,,,,,,,,12/23/2024 03:00:00 AM,1/8/2025 13:41,1/7/2025 12:50,00665,TPO4,25,0.06,mg/L,+/- 0.004,,SM4500PF,0.002,,,,,93738006,9976165,00665
P155477-7,93738007,93738,Non-WQM,Herbicide_A,SW,ADT,SAMP,EFIRE,EX,EFIRE,1/2/2025 10:06,,,,,,,,,,,,,,,,,,,,,,,,,,,12/24/2024 03:00:00 AM,1/8/2025 13:42,1/7/2025 12:50,00665,TPO4,25,0.069,mg/L,+/- 0.005,,SM4500PF,0.002,,,,,93738007,9976167,00665
P155477-8,93738008,93738,Non-WQM,Herbicide_A,SW,ADT,SAMP,EFIRE,EX,EFIRE,1/2/2025 10:07,,,,,,,,,,,,,,,,,,,,,,,,,,,12/25/2024 03:00:00 AM,1/8/2025 13:44,1/7/2025 12:50,00665,TPO4,25,0.067,mg/L,+/- 0.005,,SM4500PF,0.002,,,,,93738008,9976169,00665
P155477-9,93738009,93738,Non-WQM,Herbicide_A,SW,ADT,SAMP,EFIRE,EX,EFIRE,1/2/2025 10:08,,,,,,,,,,,,,,,,,,,,,,,,,,,12/26/2024 03:00:00 AM,1/8/2025 13:46,1/7/2025 12:50,00665,TPO4,25,0.075,mg/L,+/- 0.005,,SM4500PF,0.002,,,,,93738009,9976171,00665
P155477-10,93738010,93738,Non-WQM,Herbicide_A,SW,ADT,SAMP,EFIRE,EX,EFIRE,1/2/2025 10:09,,,,,,,,,,,,,,,,,,,,,,,,,,,12/27/2024 03:00:00 AM,1/8/2025 13:50,1/7/2025 12:50,00665,TPO4,25,0.076,mg/L,+/- 0.006,,SM4500PF,0.002,,,,,93738010,9976173,00665
P155477-11,93738011,93738,Non-WQM,Herbicide_A,SW,ADT,SAMP,EFIRE,EX,EFIRE,1/2/2025 10:10,,,,,,,,,,,,,,,,,,,,,,,,,,,12/28/2024 03:00:00 AM,1/8/2025 13:52,1/7/2025 12:50,00665,TPO4,25,0.093,mg/L,+/- 0.007,,SM4500PF,0.002,,,,,93738011,9976175,00665
P155477-12,93738012,93738,Non-WQM,Herbicide_A,SW,ADT,SAMP,EFIRE,EX,EFIRE,1/2/2025 10:11,,,,,,,,,,,,,,,,,,,,,,,,,,,12/29/2024 03:00:00 AM,1/8/2025 13:54,1/7/2025 12:50,00665,TPO4,25,0.102,mg/L,+/- 0.007,,SM4500PF,0.002,,,,,93738012,9976177,00665
P155477-13,93738013,93738,Non-WQM,Herbicide_A,SW,ADT,SAMP,EFIRE,EX,EFIRE,1/2/2025 10:12,,,,,,,,,,,,,,,,,,,,,,,,,,,12/30/2024 03:00:00 AM,1/8/2025 13:56,1/7/2025 12:50,00665,TPO4,25,0.064,mg/L,+/- 0.005,,SM4500PF,0.002,,,,,93738013,9976179,00665
P155477-14,93738014,93738,Non-WQM,Herbicide_A,SW,ADT,SAMP,EFIRE,EX,EFIRE,1/2/2025 10:13,,,,,,,,,,,,,,,,,,,,,,,,,,,12/31/2024 03:00:00 AM,1/8/2025 13:58,1/7/2025 12:50,00665,TPO4,25,0.065,mg/L,+/- 0.005,,SM4500PF,0.002,,,,,93738014,9976181,00665
P155477-15,93738015,93738,Non-WQM,Herbicide_A,SW,ADT,SAMP,EFIRE,EX,EFIRE,1/2/2025 10:14,,,,,,,,,,,,,,,,,,,,,,,,,,,01/01/2025 03:00:00 AM,1/8/2025 14:00,1/7/2025 12:50,00665,TPO4,25,0.065,mg/L,+/- 0.005,,SM4500PF,0.002,,,,,93738015,9976183,00665
P157256-1,94626001,94626,Non-WQM,Untreated_A,SW,ADT,SAMP,EFIRE,EX,EFIRE,5/1/2025 10:01,,,,,,,,,,,,,,,,,,,,,,,,,,,04/10/2025 03:00:00 AM,5/12/2025 10:26,5/9/2025 16:44,00665,TPO4,25,0.086,mg/L,+/- 0.006,,SM4500PF,0.002,,Sample collected on 4/10 is composite of 3 and 9 AM samples. Autosampler stopped for burn and restarted at 3:00AM on 4/11,,Q,94626001,10127314,00665
P157256-2,94626002,94626,Non-WQM,Untreated_A,SW,ADT,SAMP,EFIRE,EX,EFIRE,5/1/2025 10:02,,,,,,,,,,,,,,,,,,,,,,,,,,,04/11/2025 03:00:00 AM,5/12/2025 13:08,5/9/2025 16:44,00665,TPO4,25,0.086,mg/L,+/- 0.006,,SM4500PF,0.002,,,,Q,94626002,10127316,00665
P157256-3,94626003,94626,Non-WQM,Untreated_A,SW,ADT,SAMP,EFIRE,EX,EFIRE,5/1/2025 10:03,,,,,,,,,,,,,,,,,,,,,,,,,,,04/12/2025 03:00:00 AM,5/12/2025 13:10,5/9/2025 16:44,00665,TPO4,25,0.057,mg/L,+/- 0.004,,SM4500PF,0.002,,,,Q,94626003,10127318,00665
P157256-4,94626004,94626,Non-WQM,Untreated_A,SW,ADT,SAMP,EFIRE,EX,EFIRE,5/1/2025 10:04,,,,,,,,,,,,,,,,,,,,,,,,,,,04/13/2025 03:00:00 AM,5/12/2025 13:12,5/9/2025 16:44,00665,TPO4,25,0.053,mg/L,+/- 0.004,,SM4500PF,0.002,,,,Q,94626004,10127320,00665
P157256-5,94626005,94626,Non-WQM,Untreated_A,SW,ADT,SAMP,EFIRE,EX,EFIRE,5/1/2025 10:05,,,,,,,,,,,,,,,,,,,,,,,,,,,04/14/2025 03:00:00 AM,5/12/2025 10:35,5/9/2025 16:44,00665,TPO4,25,0.062,mg/L,+/- 0.005,,SM4500PF,0.002,,,,Q,94626005,10127322,00665
P157256-6,94626006,94626,Non-WQM,Untreated_A,SW,ADT,SAMP,EFIRE,EX,EFIRE,5/1/2025 10:06,,,,,,,,,,,,,,,,,,,,,,,,,,,04/15/2025 03:00:00 AM,5/12/2025 10:37,5/9/2025 16:44,00665,TPO4,25,0.066,mg/L,+/- 0.005,,SM4500PF,0.002,,,,,94626006,10127324,00665
P157256-7,94626007,94626,Non-WQM,Untreated_A,SW,ADT,SAMP,EFIRE,EX,EFIRE,5/1/2025 10:07,,,,,,,,,,,,,,,,,,,,,,,,,,,04/16/2025 03:00:00 AM,5/12/2025 10:39,5/9/2025 16:44,00665,TPO4,25,0.068,mg/L,+/- 0.005,,SM4500PF,0.002,,,,,94626007,10127326,00665
P157256-8,94626008,94626,Non-WQM,Untreated_A,SW,ADT,SAMP,EFIRE,EX,EFIRE,5/1/2025 10:08,,,,,,,,,,,,,,,,,,,,,,,,,,,04/17/2025 03:00:00 AM,5/12/2025 10:41,5/9/2025 16:44,00665,TPO4,25,0.069,mg/L,+/- 0.005,,SM4500PF,0.002,,,,,94626008,10127328,00665
P157256-9,94626009,94626,Non-WQM,Untreated_A,SW,ADT,SAMP,EFIRE,EX,EFIRE,5/1/2025 10:09,,,,,,,,,,,,,,,,,,,,,,,,,,,04/18/2025 03:00:00 AM,5/12/2025 10:43,5/9/2025 16:44,00665,TPO4,25,0.07,mg/L,+/- 0.005,,SM4500PF,0.002,,,,,94626009,10127330,00665
P157256-10,94626010,94626,Non-WQM,Untreated_A,SW,ADT,SAMP,EFIRE,EX,EFIRE,5/1/2025 10:10,,,,,,,,,,,,,,,,,,,,,,,,,,,04/19/2025 03:00:00 AM,5/12/2025 10:45,5/9/2025 16:44,00665,TPO4,25,0.067,mg/L,+/- 0.005,,SM4500PF,0.002,,,,,94626010,10127332,00665
P157272-1,94634001,94634,Non-WQM,Burn_Herb_A,SW,ADT,SAMP,EFIRE,EX,EFIRE,5/1/2025 10:01,,,,,,,,,,,,,,,,,,,,,,,,,,,04/09/2025 03:00:00 AM,5/12/2025 10:56,5/9/2025 16:44,00665,TPO4,25,0.066,mg/L,+/- 0.005,,SM4500PF,0.002,,,,Q,94634001,10127367,00665
P157272-2,94634002,94634,Non-WQM,Burn_Herb_A,SW,ADT,SAMP,EFIRE,EX,EFIRE,5/1/2025 10:02,,,,,,,,,,,,,,,,,,,,,,,,,,,04/10/2025 03:00:00 AM,5/12/2025 10:58,5/9/2025 16:44,00665,TPO4,25,0.057,mg/L,+/- 0.004,,SM4500PF,0.002,,Composite sample collected 4/10 of 3 an 9 am samples. Autosampler stopped for burn and restarted 4/11 at 3:00 AM,,Q,94634002,10127369,00665
P157272-3,94634003,94634,Non-WQM,Burn_Herb_A,SW,ADT,SAMP,EFIRE,EX,EFIRE,5/1/2025 10:03,,,,,,,,,,,,,,,,,,,,,,,,,,,04/11/2025 03:00:00 AM,5/12/2025 11:00,5/9/2025 16:44,00665,TPO4,25,0.135,mg/L,+/- 0.009,,SM4500PF,0.002,,,,Q,94634003,10127371,00665
P157272-4,94634004,94634,Non-WQM,Burn_Herb_A,SW,ADT,SAMP,EFIRE,EX,EFIRE,5/1/2025 10:04,,,,,,,,,,,,,,,,,,,,,,,,,,,04/12/2025 03:00:00 AM,5/12/2025 11:02,5/9/2025 16:44,00665,TPO4,25,0.123,mg/L,+/- 0.008,,SM4500PF,0.002,,,,Q,94634004,10127373,00665
P157272-5,94634005,94634,Non-WQM,Burn_Herb_A,SW,ADT,SAMP,EFIRE,EX,EFIRE,5/1/2025 10:05,,,,,,,,,,,,,,,,,,,,,,,,,,,04/13/2025 03:00:00 AM,5/12/2025 11:03,5/9/2025 16:44,00665,TPO4,25,0.076,mg/L,+/- 0.006,,SM4500PF,0.002,,,,Q,94634005,10127375,00665
P157272-6,94634006,94634,Non-WQM,Burn_Herb_A,SW,ADT,SAMP,EFIRE,EX,EFIRE,5/1/2025 10:06,,,,,,,,,,,,,,,,,,,,,,,,,,,04/14/2025 03:00:00 AM,5/12/2025 11:05,5/9/2025 16:44,00665,TPO4,25,0.057,mg/L,+/- 0.004,,SM4500PF,0.002,,,,Q,94634006,10127377,00665
P157272-7,94634007,94634,Non-WQM,Burn_Herb_A,SW,ADT,SAMP,EFIRE,EX,EFIRE,5/1/2025 10:07,,,,,,,,,,,,,,,,,,,,,,,,,,,04/15/2025 03:00:00 AM,5/12/2025 11:15,5/9/2025 16:44,00665,TPO4,25,0.054,mg/L,+/- 0.004,,SM4500PF,0.002,,,,,94634007,10127379,00665
P157272-8,94634008,94634,Non-WQM,Burn_Herb_A,SW,ADT,SAMP,EFIRE,EX,EFIRE,5/1/2025 10:08,,,,,,,,,,,,,,,,,,,,,,,,,,,04/16/2025 03:00:00 AM,5/12/2025 11:18,5/9/2025 16:44,00665,TPO4,25,0.053,mg/L,+/- 0.004,,SM4500PF,0.002,,,,,94634008,10127381,00665
P157272-9,94634009,94634,Non-WQM,Burn_Herb_A,SW,ADT,SAMP,EFIRE,EX,EFIRE,5/1/2025 10:09,,,,,,,,,,,,,,,,,,,,,,,,,,,04/17/2025 03:00:00 AM,5/12/2025 11:20,5/9/2025 16:44,00665,TPO4,25,0.049,mg/L,+/- 0.004,,SM4500PF,0.002,,,,,94634009,10127383,00665
P157272-10,94634010,94634,Non-WQM,Burn_Herb_A,SW,ADT,SAMP,EFIRE,EX,EFIRE,5/1/2025 10:10,,,,,,,,,,,,,,,,,,,,,,,,,,,04/18/2025 03:00:00 AM,5/12/2025 11:22,5/9/2025 16:44,00665,TPO4,25,0.044,mg/L,+/- 0.004,,SM4500PF,0.002,,,,,94634010,10127385,00665
P157272-11,94634011,94634,Non-WQM,Burn_Herb_A,SW,ADT,SAMP,EFIRE,EX,EFIRE,5/1/2025 10:11,,,,,,,,,,,,,,,,,,,,,,,,,,,04/19/2025 03:00:00 AM,5/12/2025 11:24,5/9/2025 16:44,00665,TPO4,25,0.039,mg/L,+/- 0.003,,SM4500PF,0.002,,,,,94634011,10127387,00665
P157272-12,94634012,94634,Non-WQM,Burn_Herb_A,SW,ADT,SAMP,EFIRE,EX,EFIRE,5/1/2025 10:12,,,,,,,,,,,,,,,,,,,,,,,,,,,04/20/2025 03:00:00 AM,5/12/2025 11:26,5/9/2025 16:44,00665,TPO4,25,0.038,mg/L,+/- 0.003,,SM4500PF,0.002,,,,,94634012,10127389,00665
P157272-13,94634013,94634,Non-WQM,Burn_Herb_A,SW,ADT,SAMP,EFIRE,EX,EFIRE,5/1/2025 10:13,,,,,,,,,,,,,,,,,,,,,,,,,,,04/21/2025 03:00:00 AM,5/12/2025 11:28,5/9/2025 16:44,00665,TPO4,25,0.052,mg/L,+/- 0.004,,SM4500PF,0.002,,,,,94634013,10127391,00665
P157264-1,94630001,94630,Non-WQM,Burn_A,SW,ADT,SAMP,EFIRE,EX,EFIRE,4/21/2025 10:01,,,,,,,,,,,,,,,,,,,,,,,,,,,04/10/2025 03:00:00 AM,5/12/2025 11:32,5/9/2025 16:44,00665,TPO4,25,0.13,mg/L,+/- 0.009,,SM4500PF,0.002,,,,Q,94630001,10127478,00665
P157264-2,94630002,94630,Non-WQM,Burn_A,SW,ADT,SAMP,EFIRE,EX,EFIRE,4/21/2025 10:02,,,,,,,,,,,,,,,,,,,,,,,,,,,04/11/2025 03:00:00 AM,5/14/2025 14:53,5/13/2025 16:47,00665,TPO4,25,1.229,mg/L,+/- 0.084,,SM4500PF,0.008,,,,Q,94630002,10127480,00665
P157264-3,94630003,94630,Non-WQM,Burn_A,SW,ADT,SAMP,EFIRE,EX,EFIRE,4/21/2025 10:03,,,,,,,,,,,,,,,,,,,,,,,,,,,04/12/2025 03:00:00 AM,5/14/2025 10:28,5/13/2025 16:47,00665,TPO4,25,0.711,mg/L,+/- 0.048,,SM4500PF,0.004,,,,Q,94630003,10127482,00665
P157264-4,94630004,94630,Non-WQM,Burn_A,SW,ADT,SAMP,EFIRE,EX,EFIRE,4/21/2025 10:04,,,,,,,,,,,,,,,,,,,,,,,,,,,04/13/2025 03:00:00 AM,5/12/2025 11:39,5/9/2025 16:44,00665,TPO4,25,0.396,mg/L,+/- 0.027,,SM4500PF,0.002,,,,Q,94630004,10127484,00665
P157264-5,94630005,94630,Non-WQM,Burn_A,SW,ADT,SAMP,EFIRE,EX,EFIRE,4/21/2025 10:05,,,,,,,,,,,,,,,,,,,,,,,,,,,04/14/2025 03:00:00 AM,5/12/2025 11:41,5/9/2025 16:44,00665,TPO4,25,0.368,mg/L,+/- 0.025,,SM4500PF,0.002,,,,Q,94630005,10127486,00665
P157264-6,94630006,94630,Non-WQM,Burn_A,SW,ADT,SAMP,EFIRE,EX,EFIRE,4/21/2025 10:06,,,,,,,,,,,,,,,,,,,,,,,,,,,04/15/2025 03:00:00 AM,5/12/2025 11:43,5/9/2025 16:44,00665,TPO4,25,0.33,mg/L,+/- 0.022,,SM4500PF,0.002,,,,,94630006,10127488,00665
P157264-7,94630007,94630,Non-WQM,Burn_A,SW,ADT,SAMP,EFIRE,EX,EFIRE,4/21/2025 10:07,,,,,,,,,,,,,,,,,,,,,,,,,,,04/16/2025 03:00:00 AM,5/12/2025 11:45,5/9/2025 16:44,00665,TPO4,25,0.287,mg/L,+/- 0.020,,SM4500PF,0.002,,,,,94630007,10127490,00665
P157264-8,94630008,94630,Non-WQM,Burn_A,SW,ADT,SAMP,EFIRE,EX,EFIRE,4/21/2025 10:08,,,,,,,,,,,,,,,,,,,,,,,,,,,04/17/2025 03:00:00 AM,5/12/2025 11:47,5/9/2025 16:44,00665,TPO4,25,0.242,mg/L,+/- 0.016,,SM4500PF,0.002,,,,,94630008,10127492,00665
P157264-9,94630009,94630,Non-WQM,Burn_A,SW,ADT,SAMP,EFIRE,EX,EFIRE,4/21/2025 10:09,,,,,,,,,,,,,,,,,,,,,,,,,,,04/18/2025 03:00:00 AM,5/12/2025 11:49,5/9/2025 16:44,00665,TPO4,25,0.2,mg/L,+/- 0.014,,SM4500PF,0.002,,,,,94630009,10127494,00665
P157264-10,94630010,94630,Non-WQM,Burn_A,SW,ADT,SAMP,EFIRE,EX,EFIRE,4/21/2025 10:10,,,,,,,,,,,,,,,,,,,,,,,,,,,04/19/2025 03:00:00 AM,5/12/2025 11:51,5/9/2025 16:44,00665,TPO4,25,0.24,mg/L,+/- 0.016,,SM4500PF,0.002,,,,,94630010,10127496,00665
P157264-11,94630011,94630,Non-WQM,Burn_A,SW,ADT,SAMP,EFIRE,EX,EFIRE,4/21/2025 10:11,,,,,,,,,,,,,,,,,,,,,,,,,,,04/20/2025 03:00:00 AM,5/12/2025 11:52,5/9/2025 16:44,00665,TPO4,25,0.229,mg/L,+/- 0.016,,SM4500PF,0.002,,,,,94630011,10127498,00665
P157264-12,94630012,94630,Non-WQM,Burn_A,SW,ADT,SAMP,EFIRE,EX,EFIRE,4/21/2025 10:12,,,,,,,,,,,,,,,,,,,,,,,,,,,04/21/2025 03:00:00 AM,5/12/2025 11:54,5/9/2025 16:44,00665,TPO4,25,0.227,mg/L,+/- 0.016,,SM4500PF,0.002,,,,,94630012,10127500,00665
P158400-1,95204001,95204,Non-WQM,Untreated_A,SW,GP,SAMP,EFIRE,EX,EFIRE,7/30/2025 10:00,,,,0.07,,,,,,,,,,,,,,,,,,,,,,,,8/13/2025 10:36,8/12/2025 16:06,00665,TPO4,25,0.017,mg/L,+/- 0.002,,SM4500PF,0.002,,,,,95204001,10232876,00665
P158400-2,95204002,95204,Non-WQM,Herbicide_A,SW,GP,SAMP,EFIRE,EX,EFIRE,7/30/2025 10:28,,,,0.09,,,,,,,,,,,,,,,,,,,,,,,,8/13/2025 10:39,8/12/2025 16:06,00665,TPO4,25,0.014,mg/L,+/- 0.002,,SM4500PF,0.002,,,,,95204002,10232886,00665
P158400-3,95204003,95204,Non-WQM,Burn_Herb_A,SW,GP,SAMP,EFIRE,EX,EFIRE,7/30/2025 10:42,,,,0.12,,,,,,,,,,,,,,,,,,,,,,,,8/13/2025 10:43,8/12/2025 16:06,00665,TPO4,25,0.015,mg/L,+/- 0.002,,SM4500PF,0.002,,,,,95204003,10232891,00665
P158400-4,95204004,95204,Non-WQM,Burn_A,SW,GP,SAMP,EFIRE,EX,EFIRE,7/30/2025 10:56,,,,0.09,,,,,,,,,,,,,,,,,,,,,,,,8/13/2025 10:47,8/12/2025 16:06,00665,TPO4,25,0.016,mg/L,+/- 0.002,,SM4500PF,0.002,,,,,95204004,10232896,00665
P158400-5,95204005,95204,Non-WQM,Untreated_B,SW,GP,SAMP,EFIRE,EX,EFIRE,7/30/2025 11:07,,,,0.06,,,,,,,,,,,,,,,,,,,,,,,,8/13/2025 10:53,8/12/2025 16:06,00665,TPO4,25,0.017,mg/L,+/- 0.002,,SM4500PF,0.002,,,,,95204005,10232901,00665
P158400-6,95204006,95204,Non-WQM,Burn_B,SW,GP,SAMP,EFIRE,EX,EFIRE,7/30/2025 11:22,,,,0.1,,,,,,,,,,,,,,,,,,,,,,,,8/13/2025 10:57,8/12/2025 16:06,00665,TPO4,25,0.011,mg/L,+/- 0.002,,SM4500PF,0.002,,,,,95204006,10232906,00665
P158400-7,95204007,95204,Non-WQM,Burn_Herb_B,SW,GP,SAMP,EFIRE,EX,EFIRE,7/30/2025 11:36,,,,0.1,,,,,,,,,,,,,,,,,,,,,,,,8/13/2025 11:00,8/12/2025 16:06,00665,TPO4,25,0.015,mg/L,+/- 0.002,,SM4500PF,0.002,,,,,95204007,10232911,00665
P158400-8,95204008,95204,Non-WQM,Herbicide_B,SW,GP,SAMP,EFIRE,EX,EFIRE,7/30/2025 11:48,,,,0.07,,,,,,,,,,,,,,,,,,,,,,,,8/13/2025 11:04,8/12/2025 16:06,00665,TPO4,25,0.019,mg/L,+/- 0.002,,SM4500PF,0.002,,,,,95204008,10232916,00665
P158400-9,95204009,95204,Non-WQM,Herbicide_C,SW,GP,SAMP,EFIRE,EX,EFIRE,7/30/2025 12:05,,,,0.07,,,,,,,,,,,,,,,,,,,,,,,,8/13/2025 11:08,8/12/2025 16:06,00665,TPO4,25,0.021,mg/L,+/- 0.002,,SM4500PF,0.002,,,,,95204009,10232921,00665
P158400-10,95204010,95204,Non-WQM,Burn_Herb_C,SW,GP,SAMP,EFIRE,EX,EFIRE,7/30/2025 12:20,,,,0.1,,,,,,,,,,,,,,,,,,,,,,,,8/13/2025 11:19,8/12/2025 16:06,00665,TPO4,25,0.012,mg/L,+/- 0.002,,SM4500PF,0.002,,,,,95204010,10232926,00665
P158400-11,95204011,95204,Non-WQM,Burn_C,SW,GP,SAMP,EFIRE,EX,EFIRE,7/30/2025 12:32,,,,0.06,,,,,,,,,,,,,,,,,,,,,,,,8/13/2025 11:25,8/12/2025 16:06,00665,TPO4,25,0.013,mg/L,+/- 0.002,,SM4500PF,0.002,,,,,95204011,10232931,00665
P158400-12,95204012,95204,Non-WQM,Untreated_C,SW,GP,SAMP,EFIRE,EX,EFIRE,7/30/2025 12:45,,,,0.08,,,,,,,,,,,,,,,,,,,,,,,,8/13/2025 11:29,8/12/2025 16:06,00665,TPO4,25,0.015,mg/L,+/- 0.002,,SM4500PF,0.002,,,,,95204012,10232936,00665
P155744-1,93874001,93874,Non-WQM,Untreated_A,SW,GP,SAMP,EFIRE,EX,EFIRE,5/8/2025 9:30,,,,0.07,,,,,,,,,,,,,,,,,,,,,,,,5/12/2025 12:09,5/9/2025 16:44,00665,TPO4,25,0.046,mg/L,+/- 0.004,,SM4500PF,0.002,,,,,93874001,10135422,00665
P155744-2,93874002,93874,Non-WQM,Herbicide_A,SW,GP,SAMP,EFIRE,EX,EFIRE,5/8/2025 9:50,,,,0.1,,,,,,,,,,,,,,,,,,,,,,,,5/12/2025 12:13,5/9/2025 16:44,00665,TPO4,25,0.035,mg/L,+/- 0.003,,SM4500PF,0.002,,,,,93874002,10135432,00665
P155744-3,93874003,93874,Non-WQM,Burn_Herb_A,SW,GP,SAMP,EFIRE,EX,EFIRE,5/8/2025 10:10,,,,0.16,,,,,,,,,,,,,,,,,,,,,,,,5/12/2025 12:17,5/9/2025 16:44,00665,TPO4,25,0.045,mg/L,+/- 0.004,,SM4500PF,0.002,,,,,93874003,10135437,00665
P155744-4,93874004,93874,Non-WQM,Burn_A,SW,GP,SAMP,EFIRE,EX,EFIRE,5/8/2025 11:00,,,,0.15,,,,,,,,,,,,,,,,,,,,,,,,5/12/2025 12:21,5/9/2025 16:44,00665,TPO4,25,0.08,mg/L,+/- 0.006,,SM4500PF,0.002,,,,,93874004,10135442,00665
P155744-5,93874005,93874,Non-WQM,Untreated_B,SW,GP,SAMP,EFIRE,EX,EFIRE,5/8/2025 11:20,,,,0.12,,,,,,,,,,,,,,,,,,,,,,,,5/12/2025 12:26,5/9/2025 16:44,00665,TPO4,25,0.054,mg/L,+/- 0.004,,SM4500PF,0.002,,,,,93874005,10135447,00665
P155744-6,93874006,93874,Non-WQM,Burn_B,SW,GP,SAMP,EFIRE,EX,EFIRE,5/8/2025 11:35,,,,0.17,,,,,,,,,,,,,,,,,,,,,,,,5/12/2025 12:30,5/9/2025 16:44,00665,TPO4,25,0.038,mg/L,+/- 0.003,,SM4500PF,0.002,,,,,93874006,10135452,00665
P155744-7,93874007,93874,Non-WQM,Burn_Herb_B,SW,GP,SAMP,EFIRE,EX,EFIRE,5/8/2025 11:50,,,,0.19,,,,,,,,,,,,,,,,,,,,,,,,5/12/2025 12:34,5/9/2025 16:44,00665,TPO4,25,0.037,mg/L,+/- 0.003,,SM4500PF,0.002,,,,,93874007,10135457,00665
P155744-8,93874008,93874,Non-WQM,Herbicide_B,SW,GP,SAMP,EFIRE,EX,EFIRE,5/8/2025 12:05,,,,0.13,,,,,,,,,,,,,,,,,,,,,,,,5/12/2025 12:38,5/9/2025 16:44,00665,TPO4,25,0.035,mg/L,+/- 0.003,,SM4500PF,0.002,,,,,93874008,10135462,00665
P155744-9,93874009,93874,Non-WQM,Herbicide_C,SW,GP,SAMP,EFIRE,EX,EFIRE,5/8/2025 12:20,,,,0.12,,,,,,,,,,,,,,,,,,,,,,,,5/12/2025 12:42,5/9/2025 16:44,00665,TPO4,25,0.037,mg/L,+/- 0.003,,SM4500PF,0.002,,,,,93874009,10135467,00665
P155744-10,93874010,93874,Non-WQM,Burn_Herb_C,SW,GP,SAMP,EFIRE,EX,EFIRE,5/8/2025 12:35,,,,0.2,,,,,,,,,,,,,,,,,,,,,,,,5/12/2025 12:53,5/9/2025 16:44,00665,TPO4,25,0.028,mg/L,+/- 0.003,,SM4500PF,0.002,,,,,93874010,10135472,00665
P155744-11,93874011,93874,Non-WQM,Burn_C,SW,GP,SAMP,EFIRE,EX,EFIRE,5/8/2025 12:50,,,,0.12,,,,,,,,,,,,,,,,,,,,,,,,5/12/2025 12:59,5/9/2025 16:44,00665,TPO4,25,0.035,mg/L,+/- 0.003,,SM4500PF,0.002,,,,,93874011,10135477,00665
P155744-12,93874012,93874,Non-WQM,Untreated_C,SW,GP,SAMP,EFIRE,EX,EFIRE,5/8/2025 13:05,,,,0.17,,,,,,,,,,,,,,,,,,,,,,,,5/12/2025 13:02,5/9/2025 16:44,00665,TPO4,25,0.03,mg/L,+/- 0.003,,SM4500PF,0.002,,,,,93874012,10135482,00665
P154857-1,93441001,93441,Non-WQM,Burn_A,SW,ADT,SAMP,EFIRE,EX,EFIRE,12/4/2024 11:00,,,,,,,,,,,,,,,,,,,,,,,,,,,11/20/2024 12:00:00 AM,12/12/2024 11:43,12/11/2024 15:04,00665,TPO4,25,0.087,mg/L,+/- 0.006,,SM4500PF,0.002,,ADT,,,93441001,9945923,00665
P154857-2,93441002,93441,Non-WQM,Burn_A,SW,ADT,SAMP,EFIRE,EX,EFIRE,12/4/2024 11:01,,,,,,,,,,,,,,,,,,,,,,,,,,,11/21/2024 12:00:00 AM,12/12/2024 11:49,12/11/2024 15:04,00665,TPO4,25,0.086,mg/L,+/- 0.006,,SM4500PF,0.002,,ADT,,,93441002,9945925,00665
P154857-3,93441003,93441,Non-WQM,Burn_A,SW,ADT,SAMP,EFIRE,EX,EFIRE,12/4/2024 11:02,,,,,,,,,,,,,,,,,,,,,,,,,,,11/22/2024 12:00:00 AM,12/12/2024 11:50,12/11/2024 15:04,00665,TPO4,25,0.05,mg/L,+/- 0.004,,SM4500PF,0.002,,ADT,,,93441003,9945927,00665
P154857-4,93441004,93441,Non-WQM,Burn_A,SW,ADT,SAMP,EFIRE,EX,EFIRE,12/4/2024 11:03,,,,,,,,,,,,,,,,,,,,,,,,,,,11/23/2024 12:00:00 AM,12/12/2024 11:52,12/11/2024 15:04,00665,TPO4,25,0.033,mg/L,+/- 0.003,,SM4500PF,0.002,,ADT,,,93441004,9945929,00665
P154857-5,93441005,93441,Non-WQM,Burn_A,SW,ADT,SAMP,EFIRE,EX,EFIRE,12/4/2024 11:04,,,,,,,,,,,,,,,,,,,,,,,,,,,11/24/2024 12:00:00 AM,12/12/2024 11:54,12/11/2024 15:04,00665,TPO4,25,0.04,mg/L,+/- 0.003,,SM4500PF,0.002,,ADT,,,93441005,9945931,00665
P154857-6,93441006,93441,Non-WQM,Burn_A,SW,ADT,SAMP,EFIRE,EX,EFIRE,12/4/2024 11:05,,,,,,,,,,,,,,,,,,,,,,,,,,,11/25/2024 12:00:00 AM,12/12/2024 11:56,12/11/2024 15:04,00665,TPO4,25,0.035,mg/L,+/- 0.003,,SM4500PF,0.002,,ADT,,,93441006,9945933,00665
P154857-7,93441007,93441,Non-WQM,Burn_A,SW,ADT,SAMP,EFIRE,EX,EFIRE,12/4/2024 11:06,,,,,,,,,,,,,,,,,,,,,,,,,,,11/26/2024 12:00:00 AM,12/12/2024 11:58,12/11/2024 15:04,00665,TPO4,25,0.036,mg/L,+/- 0.003,,SM4500PF,0.002,,ADT,,,93441007,9945935,00665
P154857-8,93441008,93441,Non-WQM,Burn_A,SW,ADT,SAMP,EFIRE,EX,EFIRE,12/4/2024 11:07,,,,,,,,,,,,,,,,,,,,,,,,,,,11/27/2024 12:00:00 AM,12/12/2024 12:00,12/11/2024 15:04,00665,TPO4,25,0.034,mg/L,+/- 0.003,,SM4500PF,0.002,,ADT,,,93441008,9945937,00665
P154857-9,93441009,93441,Non-WQM,Burn_A,SW,ADT,SAMP,EFIRE,EX,EFIRE,12/4/2024 11:08,,,,,,,,,,,,,,,,,,,,,,,,,,,11/28/2024 12:00:00 AM,12/12/2024 12:02,12/11/2024 15:04,00665,TPO4,25,0.039,mg/L,+/- 0.003,,SM4500PF,0.002,,ADT,,,93441009,9945939,00665
P154857-10,93441010,93441,Non-WQM,Burn_A,SW,ADT,SAMP,EFIRE,EX,EFIRE,12/4/2024 11:09,,,,,,,,,,,,,,,,,,,,,,,,,,,11/29/2024 12:00:00 AM,12/12/2024 12:04,12/11/2024 15:04,00665,TPO4,25,0.044,mg/L,+/- 0.004,,SM4500PF,0.002,,ADT,,,93441010,9945941,00665
P154857-11,93441011,93441,Non-WQM,Burn_A,SW,ADT,SAMP,EFIRE,EX,EFIRE,12/4/2024 11:10,,,,,,,,,,,,,,,,,,,,,,,,,,,11/30/2024 12:00:00 AM,12/12/2024 12:05,12/11/2024 15:04,00665,TPO4,25,0.045,mg/L,+/- 0.004,,SM4500PF,0.002,,ADT,,,93441011,9945943,00665
P154857-12,93441012,93441,Non-WQM,Burn_A,SW,ADT,SAMP,EFIRE,EX,EFIRE,12/4/2024 11:11,,,,,,,,,,,,,,,,,,,,,,,,,,,12/01/2024 12:00:00 AM,12/12/2024 12:53,12/11/2024 15:04,00665,TPO4,25,0.04,mg/L,+/- 0.003,,SM4500PF,0.002,,ADT,,,93441012,9945945,00665
P154857-13,93441013,93441,Non-WQM,Burn_A,SW,ADT,SAMP,EFIRE,EX,EFIRE,12/4/2024 11:12,,,,,,,,,,,,,,,,,,,,,,,,,,,12/02/2024 12:00:00 AM,12/12/2024 12:19,12/11/2024 15:04,00665,TPO4,25,0.029,mg/L,+/- 0.003,,SM4500PF,0.002,,ADT,,,93441013,9945947,00665
P154857-14,93441014,93441,Non-WQM,Burn_A,SW,ADT,SAMP,EFIRE,EX,EFIRE,12/4/2024 11:13,,,,,,,,,,,,,,,,,,,,,,,,,,,12/03/2024 12:00:00 AM,12/12/2024 12:21,12/11/2024 15:04,00665,TPO4,25,0.029,mg/L,+/- 0.003,,SM4500PF,0.002,,ADT,,,93441014,9945949,00665
P155478-1,93739001,93739,Non-WQM,Herbicide_A,SW,ADT,SAMP,EFIRE,EX,EFIRE,1/15/2025 10:01,,,,,,,,,,,,,,,,,,,,,,,,,,,01/02/2025 03:00:00 AM,1/21/2025 10:12,1/17/2025 16:23,00665,TPO4,25,0.022,mg/L,+/- 0.002,,SM4500PF,0.002,,,,,93739001,9996715,00665
P155478-2,93739002,93739,Non-WQM,Herbicide_A,SW,ADT,SAMP,EFIRE,EX,EFIRE,1/15/2025 10:02,,,,,,,,,,,,,,,,,,,,,,,,,,,01/03/2025 03:00:00 AM,1/21/2025 12:20,1/17/2025 16:23,00665,TPO4,25,0.018,mg/L,+/- 0.002,,SM4500PF,0.002,,,,,93739002,9996717,00665
P155478-3,93739003,93739,Non-WQM,Herbicide_A,SW,ADT,SAMP,EFIRE,EX,EFIRE,1/15/2025 10:03,,,,,,,,,,,,,,,,,,,,,,,,,,,01/04/2025 03:00:00 AM,1/21/2025 10:21,1/17/2025 16:23,00665,TPO4,25,0.02,mg/L,+/- 0.002,,SM4500PF,0.002,,,,,93739003,9996719,00665
P155478-4,93739004,93739,Non-WQM,Herbicide_A,SW,ADT,SAMP,EFIRE,EX,EFIRE,1/15/2025 10:04,,,,,,,,,,,,,,,,,,,,,,,,,,,01/05/2025 03:00:00 AM,1/21/2025 10:23,1/17/2025 16:23,00665,TPO4,25,0.026,mg/L,+/- 0.003,,SM4500PF,0.002,,,,,93739004,9996721,00665
P155478-5,93739005,93739,Non-WQM,Herbicide_A,SW,ADT,SAMP,EFIRE,EX,EFIRE,1/15/2025 10:05,,,,,,,,,,,,,,,,,,,,,,,,,,,01/06/2025 03:00:00 AM,1/21/2025 10:25,1/17/2025 16:23,00665,TPO4,25,0.023,mg/L,+/- 0.002,,SM4500PF,0.002,,,,,93739005,9996723,00665
P155478-6,93739006,93739,Non-WQM,Herbicide_A,SW,ADT,SAMP,EFIRE,EX,EFIRE,1/15/2025 10:06,,,,,,,,,,,,,,,,,,,,,,,,,,,01/07/2025 03:00:00 AM,1/21/2025 10:27,1/17/2025 16:23,00665,TPO4,25,0.025,mg/L,+/- 0.003,,SM4500PF,0.002,,,,,93739006,9996725,00665
P155478-7,93739007,93739,Non-WQM,Herbicide_A,SW,ADT,SAMP,EFIRE,EX,EFIRE,1/15/2025 10:07,,,,,,,,,,,,,,,,,,,,,,,,,,,01/08/2025 03:00:00 AM,1/21/2025 10:29,1/17/2025 16:23,00665,TPO4,25,0.022,mg/L,+/- 0.002,,SM4500PF,0.002,,,,,93739007,9996727,00665
P155478-8,93739008,93739,Non-WQM,Herbicide_A,SW,ADT,SAMP,EFIRE,EX,EFIRE,1/15/2025 10:08,,,,,,,,,,,,,,,,,,,,,,,,,,,01/09/2025 03:00:00 AM,1/21/2025 10:30,1/17/2025 16:23,00665,TPO4,25,0.02,mg/L,+/- 0.002,,SM4500PF,0.002,,,,,93739008,9996729,00665
P155478-9,93739009,93739,Non-WQM,Herbicide_A,SW,ADT,SAMP,EFIRE,EX,EFIRE,1/15/2025 10:09,,,,,,,,,,,,,,,,,,,,,,,,,,,01/10/2025 03:00:00 AM,1/21/2025 10:34,1/17/2025 16:23,00665,TPO4,25,0.02,mg/L,+/- 0.002,,SM4500PF,0.002,,,,,93739009,9996731,00665
P155478-10,93739010,93739,Non-WQM,Herbicide_A,SW,ADT,SAMP,EFIRE,EX,EFIRE,1/15/2025 10:10,,,,,,,,,,,,,,,,,,,,,,,,,,,01/11/2025 03:00:00 AM,1/21/2025 10:36,1/17/2025 16:23,00665,TPO4,25,0.022,mg/L,+/- 0.002,,SM4500PF,0.002,,,,,93739010,9996733,00665
P155478-11,93739011,93739,Non-WQM,Herbicide_A,SW,ADT,SAMP,EFIRE,EX,EFIRE,1/15/2025 10:11,,,,,,,,,,,,,,,,,,,,,,,,,,,01/12/2025 03:00:00 AM,1/21/2025 10:38,1/17/2025 16:23,00665,TPO4,25,0.023,mg/L,+/- 0.002,,SM4500PF,0.002,,,,,93739011,9996735,00665
P155478-12,93739012,93739,Non-WQM,Herbicide_A,SW,ADT,SAMP,EFIRE,EX,EFIRE,1/15/2025 10:12,,,,,,,,,,,,,,,,,,,,,,,,,,,01/13/2025 03:00:00 AM,1/21/2025 10:40,1/17/2025 16:23,00665,TPO4,25,0.036,mg/L,+/- 0.003,,SM4500PF,0.002,,,,,93739012,9996737,00665
P155478-13,93739013,93739,Non-WQM,Herbicide_A,SW,ADT,SAMP,EFIRE,EX,EFIRE,1/15/2025 10:13,,,,,,,,,,,,,,,,,,,,,,,,,,,01/14/2025 03:00:00 AM,1/21/2025 10:42,1/17/2025 16:23,00665,TPO4,25,0.02,mg/L,+/- 0.002,,SM4500PF,0.002,,,,,93739013,9996739,00665
P155740-1,93870001,93870,Non-WQM,Untreated_A,SW,GP,SAMP,EFIRE,EX,EFIRE,4/14/2025 10:15,,,,0.09,,,,,,,,,,,,,,,,,,,,,,,,4/18/2025 11:08,4/17/2025 16:10,00665,TPO4,25,0.062,mg/L,+/- 0.005,,SM4500PF,0.002,,,,,93870001,10105863,00665
P155740-2,93870002,93870,Non-WQM,Herbicide_A,SW,GP,SAMP,EFIRE,EX,EFIRE,4/14/2025 10:40,,,,0.07,,,,,,,,,,,,,,,,,,,,,,,,4/18/2025 11:12,4/17/2025 16:10,00665,TPO4,25,0.046,mg/L,+/- 0.004,,SM4500PF,0.002,,,,,93870002,10105887,00665
P155740-3,93870003,93870,Non-WQM,Burn_Herb_A,SW,GP,SAMP,EFIRE,EX,EFIRE,4/14/2025 11:00,,,,0.1,,,,,,,,,,,,,,,,,,,,,,,,4/18/2025 11:13,4/17/2025 16:10,00665,TPO4,25,0.058,mg/L,+/- 0.004,,SM4500PF,0.002,,,,,93870003,10105899,00665
P155740-4,93870004,93870,Non-WQM,Burn_A,SW,GP,SAMP,EFIRE,EX,EFIRE,4/14/2025 11:15,,,,0.06,,,,,,,,,,,,,,,,,,,,,,,,4/18/2025 11:15,4/17/2025 16:10,00665,TPO4,25,0.097,mg/L,+/- 0.007,,SM4500PF,0.002,,,,,93870004,10105911,00665
P155740-5,93870005,93870,Non-WQM,Untreated_B,SW,GP,SAMP,EFIRE,EX,EFIRE,4/14/2025 11:30,,,,0.04,,,,,,,,,,,,,,,,,,,,,,,,4/18/2025 11:17,4/17/2025 16:10,00665,TPO4,25,0.037,mg/L,+/- 0.003,,SM4500PF,0.002,,,,,93870005,10105923,00665
P155740-6,93870006,93870,Non-WQM,Burn_B,SW,GP,SAMP,EFIRE,EX,EFIRE,4/14/2025 11:45,,,,0.1,,,,,,,,,,,,,,,,,,,,,,,,4/18/2025 11:19,4/17/2025 16:10,00665,TPO4,25,0.036,mg/L,+/- 0.003,,SM4500PF,0.002,,,,,93870006,10105935,00665
P155740-7,93870007,93870,Non-WQM,Burn_Herb_B,SW,GP,SAMP,EFIRE,EX,EFIRE,4/14/2025 12:00,,,,0.11,,,,,,,,,,,,,,,,,,,,,,,,4/18/2025 11:21,4/17/2025 16:10,00665,TPO4,25,0.043,mg/L,+/- 0.004,,SM4500PF,0.002,,,,,93870007,10105947,00665
P155740-8,93870008,93870,Non-WQM,Herbicide_B,SW,GP,SAMP,EFIRE,EX,EFIRE,4/14/2025 12:15,,,,0.03,,,,,,,,,,,,,,,,,,,,,,,,4/18/2025 11:23,4/17/2025 16:10,00665,TPO4,25,0.037,mg/L,+/- 0.003,,SM4500PF,0.002,,,,,93870008,10105959,00665
P155740-9,93870009,93870,Non-WQM,Herbicide_C,SW,GP,SAMP,EFIRE,EX,EFIRE,4/14/2025 12:30,,,,0.07,,,,,,,,,,,,,,,,,,,,,,,,4/18/2025 11:25,4/17/2025 16:10,00665,TPO4,25,0.033,mg/L,+/- 0.003,,SM4500PF,0.002,,,,,93870009,10105971,00665
P155740-10,93870010,93870,Non-WQM,Burn_Herb_C,SW,GP,SAMP,EFIRE,EX,EFIRE,4/14/2025 12:45,,,,0.1,,,,,,,,,,,,,,,,,,,,,,,,4/18/2025 11:27,4/17/2025 16:10,00665,TPO4,25,0.04,mg/L,+/- 0.003,,SM4500PF,0.002,,,,,93870010,10105983,00665
P155740-11,93870011,93870,Non-WQM,Burn_C,SW,GP,SAMP,EFIRE,EX,EFIRE,4/14/2025 13:00,,,,0.09,,,,,,,,,,,,,,,,,,,,,,,,4/18/2025 11:28,4/17/2025 16:10,00665,TPO4,25,0.04,mg/L,+/- 0.003,,SM4500PF,0.002,,,,,93870011,10105995,00665
P155740-12,93870012,93870,Non-WQM,Untreated_C,SW,GP,SAMP,EFIRE,EX,EFIRE,4/14/2025 13:15,,,,0.08,,,,,,,,,,,,,,,,,,,,,,,,4/18/2025 11:38,4/17/2025 16:10,00665,TPO4,25,0.028,mg/L,+/- 0.003,,SM4500PF,0.002,,,,,93870012,10106007,00665
P155491-1,93746001,93746,Non-WQM,Untreated_A,SW,ADT,SAMP,EFIRE,EX,EFIRE,2/11/2025 9:01,,,,,,,,,,,,,,,,,,,,,,,,,,,01/28/2025 03:00:00 AM,2/13/2025 11:39,2/12/2025 14:36,00665,TPO4,25,0.02,mg/L,+/- 0.002,,SM4500PF,0.002,,,,,93746001,10032175,00665
P155491-2,93746002,93746,Non-WQM,Untreated_A,SW,ADT,SAMP,EFIRE,EX,EFIRE,2/11/2025 9:02,,,,,,,,,,,,,,,,,,,,,,,,,,,01/29/2025 03:00:00 AM,2/13/2025 11:41,2/12/2025 14:36,00665,TPO4,25,0.02,mg/L,+/- 0.002,,SM4500PF,0.002,,,,,93746002,10032177,00665
P155491-3,93746003,93746,Non-WQM,Untreated_A,SW,ADT,SAMP,EFIRE,EX,EFIRE,2/11/2025 9:03,,,,,,,,,,,,,,,,,,,,,,,,,,,01/30/2025 03:00:00 AM,2/13/2025 11:43,2/12/2025 14:36,00665,TPO4,25,0.022,mg/L,+/- 0.002,,SM4500PF,0.002,,,,,93746003,10032179,00665
P155491-4,93746004,93746,Non-WQM,Untreated_A,SW,ADT,SAMP,EFIRE,EX,EFIRE,2/11/2025 9:04,,,,,,,,,,,,,,,,,,,,,,,,,,,01/31/2025 03:00:00 AM,2/13/2025 11:45,2/12/2025 14:36,00665,TPO4,25,0.024,mg/L,+/- 0.002,,SM4500PF,0.002,,,,,93746004,10032181,00665
P155491-5,93746005,93746,Non-WQM,Untreated_A,SW,ADT,SAMP,EFIRE,EX,EFIRE,2/11/2025 9:05,,,,,,,,,,,,,,,,,,,,,,,,,,,02/01/2025 03:00:00 AM,2/13/2025 11:47,2/12/2025 14:36,00665,TPO4,25,0.027,mg/L,+/- 0.003,,SM4500PF,0.002,,,,,93746005,10032183,00665
P155491-6,93746006,93746,Non-WQM,Untreated_A,SW,ADT,SAMP,EFIRE,EX,EFIRE,2/11/2025 9:06,,,,,,,,,,,,,,,,,,,,,,,,,,,02/02/2025 03:00:00 AM,2/13/2025 11:49,2/12/2025 14:36,00665,TPO4,25,0.029,mg/L,+/- 0.003,,SM4500PF,0.002,,,,,93746006,10032185,00665
P155491-7,93746007,93746,Non-WQM,Untreated_A,SW,ADT,SAMP,EFIRE,EX,EFIRE,2/11/2025 9:07,,,,,,,,,,,,,,,,,,,,,,,,,,,02/03/2025 03:00:00 AM,2/13/2025 11:50,2/12/2025 14:36,00665,TPO4,25,0.035,mg/L,+/- 0.003,,SM4500PF,0.002,,,,,93746007,10032187,00665
P155491-8,93746008,93746,Non-WQM,Untreated_A,SW,ADT,SAMP,EFIRE,EX,EFIRE,2/11/2025 9:08,,,,,,,,,,,,,,,,,,,,,,,,,,,02/04/2025 03:00:00 AM,2/13/2025 12:00,2/12/2025 14:36,00665,TPO4,25,0.042,mg/L,+/- 0.003,,SM4500PF,0.002,,,,,93746008,10032189,00665
P155491-9,93746009,93746,Non-WQM,Untreated_A,SW,ADT,SAMP,EFIRE,EX,EFIRE,2/11/2025 9:09,,,,,,,,,,,,,,,,,,,,,,,,,,,02/05/2025 03:00:00 AM,2/13/2025 12:04,2/12/2025 14:36,00665,TPO4,25,0.039,mg/L,+/- 0.003,,SM4500PF,0.002,,,,,93746009,10032191,00665
P155491-10,93746010,93746,Non-WQM,Untreated_A,SW,ADT,SAMP,EFIRE,EX,EFIRE,2/11/2025 9:10,,,,,,,,,,,,,,,,,,,,,,,,,,,02/06/2025 03:00:00 AM,2/13/2025 12:06,2/12/2025 14:36,00665,TPO4,25,0.036,mg/L,+/- 0.003,,SM4500PF,0.002,,,,,93746010,10032193,00665
P155491-11,93746011,93746,Non-WQM,Untreated_A,SW,ADT,SAMP,EFIRE,EX,EFIRE,2/11/2025 9:11,,,,,,,,,,,,,,,,,,,,,,,,,,,02/07/2025 03:00:00 AM,2/13/2025 12:07,2/12/2025 14:36,00665,TPO4,25,0.04,mg/L,+/- 0.003,,SM4500PF,0.002,,,,,93746011,10032195,00665
P155491-12,93746012,93746,Non-WQM,Untreated_A,SW,ADT,SAMP,EFIRE,EX,EFIRE,2/11/2025 9:12,,,,,,,,,,,,,,,,,,,,,,,,,,,02/08/2025 03:00:00 AM,2/13/2025 12:09,2/12/2025 14:36,00665,TPO4,25,0.035,mg/L,+/- 0.003,,SM4500PF,0.002,,,,,93746012,10032197,00665
P155491-13,93746013,93746,Non-WQM,Untreated_A,SW,ADT,SAMP,EFIRE,EX,EFIRE,2/11/2025 9:13,,,,,,,,,,,,,,,,,,,,,,,,,,,02/09/2025 03:00:00 AM,2/13/2025 12:11,2/12/2025 14:36,00665,TPO4,25,0.037,mg/L,+/- 0.003,,SM4500PF,0.002,,,,,93746013,10032199,00665
P155491-14,93746014,93746,Non-WQM,Untreated_A,SW,ADT,SAMP,EFIRE,EX,EFIRE,2/11/2025 9:14,,,,,,,,,,,,,,,,,,,,,,,,,,,02/10/2025 03:00:00 AM,2/13/2025 12:13,2/12/2025 14:36,00665,TPO4,25,0.039,mg/L,+/- 0.003,,SM4500PF,0.002,,,,,93746014,10032201,00665
P157279-1,94637001,94637,Non-WQM,Herbicide_A,SW,ADT,SAMP,EFIRE,EX,EFIRE,4/14/2025 14:01,,,,,,,,,,,,,,,,,,,,,,,,,,,03/25/2025 03:00:00 AM,4/18/2025 10:28,4/17/2025 16:10,00665,TPO4,25,0.04,mg/L,+/- 0.003,,SM4500PF,0.002,,,,,94637001,10105821,00665
P157279-2,94637002,94637,Non-WQM,Herbicide_A,SW,ADT,SAMP,EFIRE,EX,EFIRE,4/14/2025 14:02,,,,,,,,,,,,,,,,,,,,,,,,,,,03/26/2025 03:00:00 AM,4/18/2025 10:30,4/17/2025 16:10,00665,TPO4,25,0.022,mg/L,+/- 0.002,,SM4500PF,0.002,,,,,94637002,10105823,00665
P157279-3,94637003,94637,Non-WQM,Herbicide_A,SW,ADT,SAMP,EFIRE,EX,EFIRE,4/14/2025 14:03,,,,,,,,,,,,,,,,,,,,,,,,,,,03/27/2025 03:00:00 AM,4/18/2025 10:32,4/17/2025 16:10,00665,TPO4,25,0.028,mg/L,+/- 0.003,,SM4500PF,0.002,,,,,94637003,10105825,00665
P157279-4,94637004,94637,Non-WQM,Herbicide_A,SW,ADT,SAMP,EFIRE,EX,EFIRE,4/14/2025 14:04,,,,,,,,,,,,,,,,,,,,,,,,,,,03/28/2025 03:00:00 AM,4/18/2025 10:34,4/17/2025 16:10,00665,TPO4,25,0.038,mg/L,+/- 0.003,,SM4500PF,0.002,,,,,94637004,10105827,00665
P157279-5,94637005,94637,Non-WQM,Herbicide_A,SW,ADT,SAMP,EFIRE,EX,EFIRE,4/14/2025 14:05,,,,,,,,,,,,,,,,,,,,,,,,,,,03/29/2025 03:00:00 AM,4/18/2025 10:36,4/17/2025 16:10,00665,TPO4,25,0.029,mg/L,+/- 0.003,,SM4500PF,0.002,,,,,94637005,10105829,00665
P157279-6,94637006,94637,Non-WQM,Herbicide_A,SW,ADT,SAMP,EFIRE,EX,EFIRE,4/14/2025 14:06,,,,,,,,,,,,,,,,,,,,,,,,,,,03/30/2025 03:00:00 AM,4/18/2025 10:38,4/17/2025 16:10,00665,TPO4,25,0.034,mg/L,+/- 0.003,,SM4500PF,0.002,,,,,94637006,10105831,00665
P157279-7,94637007,94637,Non-WQM,Herbicide_A,SW,ADT,SAMP,EFIRE,EX,EFIRE,4/14/2025 14:07,,,,,,,,,,,,,,,,,,,,,,,,,,,03/31/2025 03:00:00 AM,4/18/2025 10:40,4/17/2025 16:10,00665,TPO4,25,0.036,mg/L,+/- 0.003,,SM4500PF,0.002,,,,,94637007,10105833,00665
P157279-8,94637008,94637,Non-WQM,Herbicide_A,SW,ADT,SAMP,EFIRE,EX,EFIRE,4/14/2025 14:08,,,,,,,,,,,,,,,,,,,,,,,,,,,04/01/2025 03:00:00 AM,4/18/2025 10:49,4/17/2025 16:10,00665,TPO4,25,0.028,mg/L,+/- 0.003,,SM4500PF,0.002,,,,,94637008,10105835,00665
P157279-9,94637009,94637,Non-WQM,Herbicide_A,SW,ADT,SAMP,EFIRE,EX,EFIRE,4/14/2025 14:09,,,,,,,,,,,,,,,,,,,,,,,,,,,04/02/2025 03:00:00 AM,4/18/2025 10:53,4/17/2025 16:10,00665,TPO4,25,0.025,mg/L,+/- 0.003,,SM4500PF,0.002,,,,,94637009,10105837,00665
P157279-10,94637010,94637,Non-WQM,Herbicide_A,SW,ADT,SAMP,EFIRE,EX,EFIRE,4/14/2025 14:10,,,,,,,,,,,,,,,,,,,,,,,,,,,04/03/2025 03:00:00 AM,4/18/2025 10:55,4/17/2025 16:10,00665,TPO4,25,0.026,mg/L,+/- 0.003,,SM4500PF,0.002,,,,,94637010,10105839,00665
P157279-11,94637011,94637,Non-WQM,Herbicide_A,SW,ADT,SAMP,EFIRE,EX,EFIRE,4/14/2025 14:11,,,,,,,,,,,,,,,,,,,,,,,,,,,04/04/2025 03:00:00 AM,4/18/2025 10:56,4/17/2025 16:10,00665,TPO4,25,0.03,mg/L,+/- 0.003,,SM4500PF,0.002,,,,,94637011,10105841,00665
P157279-12,94637012,94637,Non-WQM,Herbicide_A,SW,ADT,SAMP,EFIRE,EX,EFIRE,4/14/2025 14:12,,,,,,,,,,,,,,,,,,,,,,,,,,,04/05/2025 03:00:00 AM,4/18/2025 10:58,4/17/2025 16:10,00665,TPO4,25,0.033,mg/L,+/- 0.003,,SM4500PF,0.002,,,,,94637012,10105843,00665
P157279-13,94637013,94637,Non-WQM,Herbicide_A,SW,ADT,SAMP,EFIRE,EX,EFIRE,4/14/2025 14:13,,,,,,,,,,,,,,,,,,,,,,,,,,,04/06/2025 03:00:00 AM,4/18/2025 11:00,4/17/2025 16:10,00665,TPO4,25,0.036,mg/L,+/- 0.003,,SM4500PF,0.002,,,,,94637013,10105845,00665
P157279-14,94637014,94637,Non-WQM,Herbicide_A,SW,ADT,SAMP,EFIRE,EX,EFIRE,4/14/2025 14:14,,,,,,,,,,,,,,,,,,,,,,,,,,,04/07/2025 03:00:00 AM,4/18/2025 11:02,4/17/2025 16:10,00665,TPO4,25,0.054,mg/L,+/- 0.004,,SM4500PF,0.002,,,,,94637014,10105847,00665
P157279-15,94637015,94637,Non-WQM,Herbicide_A,SW,ADT,SAMP,EFIRE,EX,EFIRE,4/14/2025 15:15,,,,,,,,,,,,,,,,,,,,,,,,,,,04/08/2025 03:00:00 AM,4/18/2025 11:04,4/17/2025 16:10,00665,TPO4,25,0.043,mg/L,+/- 0.004,,SM4500PF,0.002,,,,,94637015,10105851,00665
P155490-1,93745001,93745,Non-WQM,Untreated_A,SW,ADT,SAMP,EFIRE,EX,EFIRE,1/15/2025 9:01,,,,,,,,,,,,,,,,,,,,,,,,,,,01/02/2025 03:00:00 AM,1/21/2025 12:22,1/17/2025 16:23,00665,TPO4,25,0.035,mg/L,+/- 0.003,,SM4500PF,0.002,,,,,93745001,9996602,00665
P155490-2,93745002,93745,Non-WQM,Untreated_A,SW,ADT,SAMP,EFIRE,EX,EFIRE,1/15/2025 9:02,,,,,,,,,,,,,,,,,,,,,,,,,,,01/03/2025 03:00:00 AM,1/21/2025 10:49,1/17/2025 16:23,00665,TPO4,25,0.03,mg/L,+/- 0.003,,SM4500PF,0.002,,,,,93745002,9996604,00665
P155490-3,93745003,93745,Non-WQM,Untreated_A,SW,ADT,SAMP,EFIRE,EX,EFIRE,1/15/2025 9:03,,,,,,,,,,,,,,,,,,,,,,,,,,,01/04/2025 03:00:00 AM,1/21/2025 10:51,1/17/2025 16:23,00665,TPO4,25,0.035,mg/L,+/- 0.003,,SM4500PF,0.002,,,,,93745003,9996606,00665
P155490-4,93745004,93745,Non-WQM,Untreated_A,SW,ADT,SAMP,EFIRE,EX,EFIRE,1/15/2025 9:04,,,,,,,,,,,,,,,,,,,,,,,,,,,01/05/2025 03:00:00 AM,1/21/2025 11:00,1/17/2025 16:23,00665,TPO4,25,0.027,mg/L,+/- 0.003,,SM4500PF,0.002,,,,,93745004,9996608,00665
P155490-5,93745005,93745,Non-WQM,Untreated_A,SW,ADT,SAMP,EFIRE,EX,EFIRE,1/15/2025 9:05,,,,,,,,,,,,,,,,,,,,,,,,,,,01/06/2025 03:00:00 AM,1/21/2025 11:04,1/17/2025 16:23,00665,TPO4,25,0.038,mg/L,+/- 0.003,,SM4500PF,0.002,,,,,93745005,9996610,00665
P155490-6,93745006,93745,Non-WQM,Untreated_A,SW,ADT,SAMP,EFIRE,EX,EFIRE,1/15/2025 9:06,,,,,,,,,,,,,,,,,,,,,,,,,,,01/07/2025 03:00:00 AM,1/21/2025 11:06,1/17/2025 16:23,00665,TPO4,25,0.033,mg/L,+/- 0.003,,SM4500PF,0.002,,,,,93745006,9996612,00665
P155490-7,93745007,93745,Non-WQM,Untreated_A,SW,ADT,SAMP,EFIRE,EX,EFIRE,1/15/2025 9:07,,,,,,,,,,,,,,,,,,,,,,,,,,,01/08/2025 03:00:00 AM,1/21/2025 11:08,1/17/2025 16:23,00665,TPO4,25,0.047,mg/L,+/- 0.004,,SM4500PF,0.002,,,,,93745007,9996614,00665
P155490-8,93745008,93745,Non-WQM,Untreated_A,SW,ADT,SAMP,EFIRE,EX,EFIRE,1/15/2025 9:08,,,,,,,,,,,,,,,,,,,,,,,,,,,01/09/2025 03:00:00 AM,1/21/2025 11:10,1/17/2025 16:23,00665,TPO4,25,0.029,mg/L,+/- 0.003,,SM4500PF,0.002,,,,,93745008,9996616,00665
P155490-9,93745009,93745,Non-WQM,Untreated_A,SW,ADT,SAMP,EFIRE,EX,EFIRE,1/15/2025 9:09,,,,,,,,,,,,,,,,,,,,,,,,,,,01/10/2025 03:00:00 AM,1/21/2025 11:12,1/17/2025 16:23,00665,TPO4,25,0.034,mg/L,+/- 0.003,,SM4500PF,0.002,,,,,93745009,9996618,00665
P155490-10,93745010,93745,Non-WQM,Untreated_A,SW,ADT,SAMP,EFIRE,EX,EFIRE,1/15/2025 9:10,,,,,,,,,,,,,,,,,,,,,,,,,,,01/11/2025 03:00:00 AM,1/21/2025 12:23,1/17/2025 16:23,00665,TPO4,25,0.026,mg/L,+/- 0.003,,SM4500PF,0.002,,,,,93745010,9996620,00665
P155490-11,93745011,93745,Non-WQM,Untreated_A,SW,ADT,SAMP,EFIRE,EX,EFIRE,1/15/2025 9:11,,,,,,,,,,,,,,,,,,,,,,,,,,,01/12/2025 03:00:00 AM,1/21/2025 11:15,1/17/2025 16:23,00665,TPO4,25,0.023,mg/L,+/- 0.002,,SM4500PF,0.002,,,,,93745011,9996622,00665
P155490-12,93745012,93745,Non-WQM,Untreated_A,SW,ADT,SAMP,EFIRE,EX,EFIRE,1/15/2025 9:12,,,,,,,,,,,,,,,,,,,,,,,,,,,01/13/2025 03:00:00 AM,1/21/2025 11:17,1/17/2025 16:23,00665,TPO4,25,0.025,mg/L,+/- 0.003,,SM4500PF,0.002,,,,,93745012,9996624,00665
P155490-13,93745013,93745,Non-WQM,Untreated_A,SW,ADT,SAMP,EFIRE,EX,EFIRE,1/15/2025 9:13,,,,,,,,,,,,,,,,,,,,,,,,,,,01/14/2025 03:00:00 AM,1/21/2025 11:19,1/17/2025 16:23,00665,TPO4,25,0.022,mg/L,+/- 0.002,,SM4500PF,0.002,,,,,93745013,9996626,00665
P155479-1,93740001,93740,Non-WQM,Herbicide_A,SW,ADT,SAMP,EFIRE,EX,EFIRE,2/11/2025 10:01,,,,,,,,,,,,,,,,,,,,,,,,,,,01/28/2025 03:00:00 AM,2/13/2025 12:17,2/12/2025 14:36,00665,TPO4,25,0.019,mg/L,+/- 0.002,,SM4500PF,0.002,,,,,93740001,10032246,00665
P155479-2,93740002,93740,Non-WQM,Herbicide_A,SW,ADT,SAMP,EFIRE,EX,EFIRE,2/11/2025 10:02,,,,,,,,,,,,,,,,,,,,,,,,,,,01/29/2025 03:00:00 AM,2/13/2025 12:19,2/12/2025 14:36,00665,TPO4,25,0.019,mg/L,+/- 0.002,,SM4500PF,0.002,,,,,93740002,10032248,00665
P155479-3,93740003,93740,Non-WQM,Herbicide_A,SW,ADT,SAMP,EFIRE,EX,EFIRE,2/11/2025 10:03,,,,,,,,,,,,,,,,,,,,,,,,,,,01/30/2025 03:00:00 AM,2/13/2025 12:23,2/12/2025 14:36,00665,TPO4,25,0.018,mg/L,+/- 0.002,,SM4500PF,0.002,,,,,93740003,10032250,00665
P155479-4,93740004,93740,Non-WQM,Herbicide_A,SW,ADT,SAMP,EFIRE,EX,EFIRE,2/11/2025 10:04,,,,,,,,,,,,,,,,,,,,,,,,,,,01/31/2025 03:00:00 AM,2/13/2025 12:24,2/12/2025 14:36,00665,TPO4,25,0.022,mg/L,+/- 0.002,,SM4500PF,0.002,,,,,93740004,10032252,00665
P155479-5,93740005,93740,Non-WQM,Herbicide_A,SW,ADT,SAMP,EFIRE,EX,EFIRE,2/11/2025 10:05,,,,,,,,,,,,,,,,,,,,,,,,,,,02/01/2025 03:00:00 AM,2/13/2025 12:26,2/12/2025 14:36,00665,TPO4,25,0.02,mg/L,+/- 0.002,,SM4500PF,0.002,,,,,93740005,10032254,00665
P155479-6,93740006,93740,Non-WQM,Herbicide_A,SW,ADT,SAMP,EFIRE,EX,EFIRE,2/11/2025 10:06,,,,,,,,,,,,,,,,,,,,,,,,,,,02/02/2025 03:00:00 AM,2/13/2025 12:28,2/12/2025 14:36,00665,TPO4,25,0.022,mg/L,+/- 0.002,,SM4500PF,0.002,,,,,93740006,10032256,00665
P155479-7,93740007,93740,Non-WQM,Herbicide_A,SW,ADT,SAMP,EFIRE,EX,EFIRE,2/11/2025 10:07,,,,,,,,,,,,,,,,,,,,,,,,,,,02/03/2025 03:00:00 AM,2/13/2025 12:30,2/12/2025 14:36,00665,TPO4,25,0.053,mg/L,+/- 0.004,,SM4500PF,0.002,,,,,93740007,10032258,00665
P155479-8,93740008,93740,Non-WQM,Herbicide_A,SW,ADT,SAMP,EFIRE,EX,EFIRE,2/11/2025 10:08,,,,,,,,,,,,,,,,,,,,,,,,,,,02/04/2025 03:00:00 AM,2/13/2025 12:32,2/12/2025 14:36,00665,TPO4,25,0.034,mg/L,+/- 0.003,,SM4500PF,0.002,,,,,93740008,10032260,00665
P155479-9,93740009,93740,Non-WQM,Herbicide_A,SW,ADT,SAMP,EFIRE,EX,EFIRE,2/11/2025 10:09,,,,,,,,,,,,,,,,,,,,,,,,,,,02/05/2025 03:00:00 AM,2/13/2025 12:34,2/12/2025 14:36,00665,TPO4,25,0.026,mg/L,+/- 0.003,,SM4500PF,0.002,,,,,93740009,10032262,00665
P155479-10,93740010,93740,Non-WQM,Herbicide_A,SW,ADT,SAMP,EFIRE,EX,EFIRE,2/11/2025 10:10,,,,,,,,,,,,,,,,,,,,,,,,,,,02/06/2025 03:00:00 AM,2/13/2025 12:36,2/12/2025 14:36,00665,TPO4,25,0.024,mg/L,+/- 0.002,,SM4500PF,0.002,,,,,93740010,10032264,00665
P155479-11,93740011,93740,Non-WQM,Herbicide_A,SW,ADT,SAMP,EFIRE,EX,EFIRE,2/11/2025 10:11,,,,,,,,,,,,,,,,,,,,,,,,,,,02/07/2025 03:00:00 AM,2/13/2025 12:38,2/12/2025 14:36,00665,TPO4,25,0.024,mg/L,+/- 0.002,,SM4500PF,0.002,,,,,93740011,10032266,00665
P155479-12,93740012,93740,Non-WQM,Herbicide_A,SW,ADT,SAMP,EFIRE,EX,EFIRE,2/11/2025 10:12,,,,,,,,,,,,,,,,,,,,,,,,,,,02/08/2025 03:00:00 AM,2/13/2025 12:39,2/12/2025 14:36,00665,TPO4,25,0.023,mg/L,+/- 0.002,,SM4500PF,0.002,,,,,93740012,10032268,00665
P155479-13,93740013,93740,Non-WQM,Herbicide_A,SW,ADT,SAMP,EFIRE,EX,EFIRE,2/11/2025 10:13,,,,,,,,,,,,,,,,,,,,,,,,,,,02/09/2025 03:00:00 AM,2/13/2025 12:49,2/12/2025 14:36,00665,TPO4,25,0.024,mg/L,+/- 0.002,,SM4500PF,0.002,,,,,93740013,10032270,00665
P155479-14,93740014,93740,Non-WQM,Herbicide_A,SW,ADT,SAMP,EFIRE,EX,EFIRE,2/11/2025 10:14,,,,,,,,,,,,,,,,,,,,,,,,,,,02/10/2025 03:00:00 AM,2/13/2025 12:53,2/12/2025 14:36,00665,TPO4,25,0.027,mg/L,+/- 0.003,,SM4500PF,0.002,,,,,93740014,10032272,00665
P155741-1,93871001,93871,Non-WQM,Untreated_A,SW,GP,SAMP,EFIRE,EX,EFIRE,4/16/2025 10:00,,,,0.04,,,,,,,,,,,,,,,,,,,,,,,,4/18/2025 11:44,4/17/2025 16:10,00665,TPO4,25,0.046,mg/L,+/- 0.004,,SM4500PF,0.002,,,,,93871001,10111016,00665
P155741-2,93871002,93871,Non-WQM,Herbicide_A,SW,GP,SAMP,EFIRE,EX,EFIRE,4/16/2025 10:30,,,,0.03,,,,,,,,,,,,,,,,,,,,,,,,4/18/2025 11:45,4/17/2025 16:10,00665,TPO4,25,0.084,mg/L,+/- 0.006,,SM4500PF,0.002,,,,,93871002,10111040,00665
P155741-3,93871003,93871,Non-WQM,Burn_Herb_A,SW,GP,SAMP,EFIRE,EX,EFIRE,4/16/2025 10:50,,,,0.07,,,,,,,,,,,,,,,,,,,,,,,,4/18/2025 11:47,4/17/2025 16:10,00665,TPO4,25,0.06,mg/L,+/- 0.004,,SM4500PF,0.002,,,,,93871003,10111052,00665
P155741-4,93871004,93871,Non-WQM,Burn_A,SW,GP,SAMP,EFIRE,EX,EFIRE,4/16/2025 11:10,,,,0.06,,,,,,,,,,,,,,,,,,,,,,,,4/18/2025 11:49,4/17/2025 16:10,00665,TPO4,25,0.122,mg/L,+/- 0.008,,SM4500PF,0.002,,,,,93871004,10111064,00665
P155741-5,93871005,93871,Non-WQM,Untreated_B,SW,GP,SAMP,EFIRE,EX,EFIRE,4/16/2025 11:25,,,,0.03,,,,,,,,,,,,,,,,,,,,,,,,4/18/2025 11:51,4/17/2025 16:10,00665,TPO4,25,0.048,mg/L,+/- 0.004,,SM4500PF,0.002,,,,,93871005,10111076,00665
P155741-6,93871006,93871,Non-WQM,Burn_B,SW,GP,SAMP,EFIRE,EX,EFIRE,4/16/2025 11:45,,,,0.08,,,,,,,,,,,,,,,,,,,,,,,,4/18/2025 11:53,4/17/2025 16:10,00665,TPO4,25,0.05,mg/L,+/- 0.004,,SM4500PF,0.002,,,,,93871006,10111088,00665
P155741-7,93871007,93871,Non-WQM,Burn_Herb_B,SW,GP,SAMP,EFIRE,EX,EFIRE,4/16/2025 12:00,,,,0.08,,,,,,,,,,,,,,,,,,,,,,,,4/18/2025 11:55,4/17/2025 16:10,00665,TPO4,25,0.042,mg/L,+/- 0.003,,SM4500PF,0.002,,,,,93871007,10111100,00665
P155741-8,93871008,93871,Non-WQM,Herbicide_B,SW,GP,SAMP,EFIRE,EX,EFIRE,4/16/2025 12:15,,,,0.02,,,,,,,,,,,,,,,,,,,,,,,,4/18/2025 11:57,4/17/2025 16:10,00665,TPO4,25,0.047,mg/L,+/- 0.004,,SM4500PF,0.002,,,,,93871008,10111112,00665
P155741-9,93871009,93871,Non-WQM,Herbicide_C,SW,GP,SAMP,EFIRE,EX,EFIRE,4/16/2025 12:40,,,,0.04,,,,,,,,,,,,,,,,,,,,,,,,4/18/2025 12:01,4/17/2025 16:10,00665,TPO4,25,0.042,mg/L,+/- 0.003,,SM4500PF,0.002,,,,,93871009,10111124,00665
P155741-10,93871010,93871,Non-WQM,Burn_Herb_C,SW,GP,SAMP,EFIRE,EX,EFIRE,4/16/2025 13:00,,,,0.07,,,,,,,,,,,,,,,,,,,,,,,,4/18/2025 12:02,4/17/2025 16:10,00665,TPO4,25,0.043,mg/L,+/- 0.004,,SM4500PF,0.002,,,,,93871010,10111136,00665
P155741-11,93871011,93871,Non-WQM,Burn_C,SW,GP,SAMP,EFIRE,EX,EFIRE,4/16/2025 13:20,,,,0.08,,,,,,,,,,,,,,,,,,,,,,,,4/18/2025 12:04,4/17/2025 16:10,00665,TPO4,25,0.074,mg/L,+/- 0.005,,SM4500PF,0.002,,,,,93871011,10111148,00665
P155741-12,93871012,93871,Non-WQM,Untreated_C,SW,GP,SAMP,EFIRE,EX,EFIRE,4/16/2025 13:35,,,,0.04,,,,,,,,,,,,,,,,,,,,,,,,4/18/2025 12:06,4/17/2025 16:10,00665,TPO4,25,0.04,mg/L,+/- 0.003,,SM4500PF,0.002,,,,,93871012,10111160,00665
P156550-1,94283001,94283,Non-WQM,Burn_Herb_A,SW,ADT,SAMP,EFIRE,EX,EFIRE,1/29/2025 9:01,,,,,,,,,,,,,,,,,,,,,,,,,,,01/15/2025 03:00:00 AM,1/31/2025 10:07,1/30/2025 15:26,00665,TPO4,25,0.016,mg/L,+/- 0.002,,SM4500PF,0.002,,,,,94283001,10015157,00665
P156550-2,94283002,94283,Non-WQM,Burn_Herb_A,SW,ADT,SAMP,EFIRE,EX,EFIRE,1/29/2025 9:02,,,,,,,,,,,,,,,,,,,,,,,,,,,01/16/2025 03:00:00 AM,1/31/2025 10:11,1/30/2025 15:26,00665,TPO4,25,0.018,mg/L,+/- 0.002,,SM4500PF,0.002,,,,,94283002,10015159,00665
P156550-3,94283003,94283,Non-WQM,Burn_Herb_A,SW,ADT,SAMP,EFIRE,EX,EFIRE,1/29/2025 9:03,,,,,,,,,,,,,,,,,,,,,,,,,,,01/17/2025 03:00:00 AM,1/31/2025 10:13,1/30/2025 15:26,00665,TPO4,25,0.033,mg/L,+/- 0.003,,SM4500PF,0.002,,,,,94283003,10015161,00665
P156550-4,94283004,94283,Non-WQM,Burn_Herb_A,SW,ADT,SAMP,EFIRE,EX,EFIRE,1/29/2025 9:04,,,,,,,,,,,,,,,,,,,,,,,,,,,01/18/2025 03:00:00 AM,1/31/2025 10:15,1/30/2025 15:26,00665,TPO4,25,0.042,mg/L,+/- 0.003,,SM4500PF,0.002,,,,,94283004,10015163,00665
P156550-5,94283005,94283,Non-WQM,Burn_Herb_A,SW,ADT,SAMP,EFIRE,EX,EFIRE,1/29/2025 9:05,,,,,,,,,,,,,,,,,,,,,,,,,,,01/19/2025 03:00:00 AM,1/31/2025 10:17,1/30/2025 15:26,00665,TPO4,25,0.079,mg/L,+/- 0.006,,SM4500PF,0.002,,,,,94283005,10015165,00665
P156550-6,94283006,94283,Non-WQM,Burn_Herb_A,SW,ADT,SAMP,EFIRE,EX,EFIRE,1/29/2025 9:06,,,,,,,,,,,,,,,,,,,,,,,,,,,01/20/2025 03:00:00 AM,1/31/2025 10:19,1/30/2025 15:26,00665,TPO4,25,0.034,mg/L,+/- 0.003,,SM4500PF,0.002,,,,,94283006,10015167,00665
P156550-7,94283007,94283,Non-WQM,Burn_Herb_A,SW,ADT,SAMP,EFIRE,EX,EFIRE,1/29/2025 9:07,,,,,,,,,,,,,,,,,,,,,,,,,,,01/21/2025 03:00:00 AM,1/31/2025 10:21,1/30/2025 15:26,00665,TPO4,25,0.024,mg/L,+/- 0.002,,SM4500PF,0.002,,,,,94283007,10015169,00665
P156550-8,94283008,94283,Non-WQM,Burn_Herb_A,SW,ADT,SAMP,EFIRE,EX,EFIRE,1/29/2025 9:08,,,,,,,,,,,,,,,,,,,,,,,,,,,01/22/2025 03:00:00 AM,1/31/2025 10:22,1/30/2025 15:26,00665,TPO4,25,0.025,mg/L,+/- 0.003,,SM4500PF,0.002,,,,,94283008,10015171,00665
P156550-9,94283009,94283,Non-WQM,Burn_Herb_A,SW,ADT,SAMP,EFIRE,EX,EFIRE,1/29/2025 9:09,,,,,,,,,,,,,,,,,,,,,,,,,,,01/23/2025 03:00:00 AM,1/31/2025 10:24,1/30/2025 15:26,00665,TPO4,25,0.024,mg/L,+/- 0.002,,SM4500PF,0.002,,,,,94283009,10015173,00665
P156550-10,94283010,94283,Non-WQM,Burn_Herb_A,SW,ADT,SAMP,EFIRE,EX,EFIRE,1/29/2025 9:10,,,,,,,,,,,,,,,,,,,,,,,,,,,01/24/2025 03:00:00 AM,1/31/2025 10:26,1/30/2025 15:26,00665,TPO4,25,0.022,mg/L,+/- 0.002,,SM4500PF,0.002,,,,,94283010,10015175,00665
P156550-11,94283011,94283,Non-WQM,Burn_Herb_A,SW,ADT,SAMP,EFIRE,EX,EFIRE,1/29/2025 9:11,,,,,,,,,,,,,,,,,,,,,,,,,,,01/25/2025 03:00:00 AM,1/31/2025 10:30,1/30/2025 15:26,00665,TPO4,25,0.021,mg/L,+/- 0.002,,SM4500PF,0.002,,,,,94283011,10015177,00665
P156550-12,94283012,94283,Non-WQM,Burn_Herb_A,SW,ADT,SAMP,EFIRE,EX,EFIRE,1/29/2025 9:12,,,,,,,,,,,,,,,,,,,,,,,,,,,01/26/2025 03:00:00 AM,1/31/2025 10:32,1/30/2025 15:26,00665,TPO4,25,0.02,mg/L,+/- 0.002,,SM4500PF,0.002,,,,,94283012,10015179,00665
P156550-13,94283013,94283,Non-WQM,Burn_Herb_A,SW,ADT,SAMP,EFIRE,EX,EFIRE,1/29/2025 9:13,,,,,,,,,,,,,,,,,,,,,,,,,,,01/27/2025 03:00:00 AM,1/31/2025 10:34,1/30/2025 15:26,00665,TPO4,25,0.017,mg/L,+/- 0.002,,SM4500PF,0.002,,,,,94283013,10015181,00665
P158398-1,95202001,95202,Non-WQM,Untreated_A,SW,GP,SAMP,EFIRE,EX,EFIRE,7/1/2025 9:45,,,,0.13,,,,,,,,,,,,,,,,,,,,,,,,7/16/2025 14:15,7/14/2025 11:55,00665,TPO4,25,0.024,mg/L,+/- 0.002,,SM4500PF,0.002,,,,,95202001,10195431,00665
P158398-2,95202002,95202,Non-WQM,Herbicide_A,SW,GP,SAMP,EFIRE,EX,EFIRE,7/1/2025 10:10,,,,0.14,,,,,,,,,,,,,,,,,,,,,,,,7/16/2025 14:28,7/14/2025 11:55,00665,TPO4,25,0.023,mg/L,+/- 0.002,,SM4500PF,0.002,,,,,95202002,10195441,00665
P158398-3,95202003,95202,Non-WQM,Burn_Herb_A,SW,GP,SAMP,EFIRE,EX,EFIRE,7/1/2025 10:20,,,,0.14,,,,,,,,,,,,,,,,,,,,,,,,7/16/2025 14:32,7/14/2025 11:55,00665,TPO4,25,0.023,mg/L,+/- 0.002,,SM4500PF,0.002,,,,,95202003,10195446,00665
P158398-4,95202004,95202,Non-WQM,Burn_A,SW,GP,SAMP,EFIRE,EX,EFIRE,7/1/2025 11:15,,,,0.10,,,,,,,,,,,,,,,,,,,,,,,,7/16/2025 14:36,7/14/2025 11:55,00665,TPO4,25,0.027,mg/L,+/- 0.003,,SM4500PF,0.002,,,,,95202004,10195451,00665
P158398-6,95202006,95202,Non-WQM,Burn_B,SW,GP,SAMP,EFIRE,EX,EFIRE,7/1/2025 11:30,,,,0.13,,,,,,,,,,,,,,,,,,,,,,,,7/16/2025 14:44,7/14/2025 11:55,00665,TPO4,25,0.017,mg/L,+/- 0.002,,SM4500PF,0.002,,,,,95202006,10195456,00665
P158398-5,95202005,95202,Non-WQM,Untreated_B,SW,GP,SAMP,EFIRE,EX,EFIRE,7/1/2025 11:45,,,,0.24,,,,,,,,,,,,,,,,,,,,,,,,7/16/2025 14:40,7/14/2025 11:55,00665,TPO4,25,0.02,mg/L,+/- 0.002,,SM4500PF,0.002,,,,,95202005,10195461,00665
P158398-7,95202007,95202,Non-WQM,Burn_Herb_B,SW,GP,SAMP,EFIRE,EX,EFIRE,7/1/2025 11:55,,,,0.14,,,,,,,,,,,,,,,,,,,,,,,,7/16/2025 14:49,7/14/2025 11:55,00665,TPO4,25,0.022,mg/L,+/- 0.002,,SM4500PF,0.002,,,,,95202007,10195466,00665
P158398-8,95202008,95202,Non-WQM,Herbicide_B,SW,GP,SAMP,EFIRE,EX,EFIRE,7/1/2025 12:05,,,,0.10,,,,,,,,,,,,,,,,,,,,,,,,7/16/2025 14:53,7/14/2025 11:55,00665,TPO4,25,0.022,mg/L,+/- 0.002,,SM4500PF,0.002,,,,,95202008,10195471,00665
P158398-9,95202009,95202,Non-WQM,Herbicide_C,SW,GP,SAMP,EFIRE,EX,EFIRE,7/1/2025 12:20,,,,0.10,,,,,,,,,,,,,,,,,,,,,,,,7/16/2025 14:57,7/14/2025 11:55,00665,TPO4,25,0.022,mg/L,+/- 0.002,,SM4500PF,0.002,,,,,95202009,10195476,00665
P158398-10,95202010,95202,Non-WQM,Burn_Herb_C,SW,GP,SAMP,EFIRE,EX,EFIRE,7/1/2025 12:35,,,,0.17,,,,,,,,,,,,,,,,,,,,,,,,7/16/2025 15:01,7/14/2025 11:55,00665,TPO4,25,0.016,mg/L,+/- 0.002,,SM4500PF,0.002,,,,,95202010,10195481,00665
P158398-11,95202011,95202,Non-WQM,Burn_C,SW,GP,SAMP,EFIRE,EX,EFIRE,7/1/2025 12:45,,,,0.13,,,,,,,,,,,,,,,,,,,,,,,,7/16/2025 15:05,7/14/2025 11:55,00665,TPO4,25,0.023,mg/L,+/- 0.002,,SM4500PF,0.002,,,,,95202011,10195486,00665
P158398-12,95202012,95202,Non-WQM,Untreated_C,SW,GP,SAMP,EFIRE,EX,EFIRE,7/1/2025 12:55,,,,0.09,,,,,,,,,,,,,,,,,,,,,,,,7/16/2025 15:18,7/14/2025 11:55,00665,TPO4,25,0.029,mg/L,+/- 0.003,,SM4500PF,0.002,,,,,95202012,10195491,00665
P155482-1,93743001,93743,Non-WQM,Herbicide_A,SW,ADT,SAMP,EFIRE,EX,EFIRE,3/26/2025 9:01,,,,,,,,,,,,,,,,,,,,,,,,,,,03/11/2025 03:00:00 AM,4/2/2025 12:06,4/1/2025 16:40,00665,TPO4,25,0.021,mg/L,+/- 0.002,,SM4500PF,0.002,,,,,93743001,10086017,00665
P155482-2,93743002,93743,Non-WQM,Herbicide_A,SW,ADT,SAMP,EFIRE,EX,EFIRE,3/26/2025 9:02,,,,,,,,,,,,,,,,,,,,,,,,,,,03/12/2025 03:00:00 AM,4/2/2025 12:10,4/1/2025 16:40,00665,TPO4,25,0.139,mg/L,+/- 0.010,,SM4500PF,0.002,,,,,93743002,10086019,00665
P155482-3,93743003,93743,Non-WQM,Herbicide_A,SW,ADT,SAMP,EFIRE,EX,EFIRE,3/26/2025 9:03,,,,,,,,,,,,,,,,,,,,,,,,,,,03/13/2025 03:00:00 AM,4/2/2025 12:12,4/1/2025 16:40,00665,TPO4,25,0.06,mg/L,+/- 0.004,,SM4500PF,0.002,,,,,93743003,10086021,00665
P155482-4,93743004,93743,Non-WQM,Herbicide_A,SW,ADT,SAMP,EFIRE,EX,EFIRE,3/26/2025 9:04,,,,,,,,,,,,,,,,,,,,,,,,,,,03/14/2025 03:00:00 AM,4/2/2025 12:14,4/1/2025 16:40,00665,TPO4,25,0.085,mg/L,+/- 0.006,,SM4500PF,0.002,,,,,93743004,10086023,00665
P155482-5,93743005,93743,Non-WQM,Herbicide_A,SW,ADT,SAMP,EFIRE,EX,EFIRE,3/26/2025 9:05,,,,,,,,,,,,,,,,,,,,,,,,,,,03/15/2025 03:00:00 AM,4/2/2025 12:16,4/1/2025 16:40,00665,TPO4,25,0.087,mg/L,+/- 0.006,,SM4500PF,0.002,,,,,93743005,10086025,00665
P155482-6,93743006,93743,Non-WQM,Herbicide_A,SW,ADT,SAMP,EFIRE,EX,EFIRE,3/26/2025 9:06,,,,,,,,,,,,,,,,,,,,,,,,,,,03/16/2025 03:00:00 AM,4/2/2025 12:17,4/1/2025 16:40,00665,TPO4,25,0.122,mg/L,+/- 0.008,,SM4500PF,0.002,,,,,93743006,10086027,00665
P155482-7,93743007,93743,Non-WQM,Herbicide_A,SW,ADT,SAMP,EFIRE,EX,EFIRE,3/26/2025 9:07,,,,,,,,,,,,,,,,,,,,,,,,,,,03/17/2025 03:00:00 AM,4/2/2025 12:19,4/1/2025 16:40,00665,TPO4,25,0.083,mg/L,+/- 0.006,,SM4500PF,0.002,,,,,93743007,10086029,00665
P155482-8,93743008,93743,Non-WQM,Herbicide_A,SW,ADT,SAMP,EFIRE,EX,EFIRE,3/26/2025 9:08,,,,,,,,,,,,,,,,,,,,,,,,,,,03/18/2025 03:00:00 AM,4/2/2025 12:21,4/1/2025 16:40,00665,TPO4,25,0.034,mg/L,+/- 0.003,,SM4500PF,0.002,,,,,93743008,10086031,00665
P155482-9,93743009,93743,Non-WQM,Herbicide_A,SW,ADT,SAMP,EFIRE,EX,EFIRE,3/26/2025 9:09,,,,,,,,,,,,,,,,,,,,,,,,,,,03/19/2025 03:00:00 AM,4/2/2025 12:23,4/1/2025 16:40,00665,TPO4,25,0.047,mg/L,+/- 0.004,,SM4500PF,0.002,,,,,93743009,10086033,00665
P155482-10,93743010,93743,Non-WQM,Herbicide_A,SW,ADT,SAMP,EFIRE,EX,EFIRE,3/26/2025 9:10,,,,,,,,,,,,,,,,,,,,,,,,,,,03/20/2025 03:00:00 AM,4/2/2025 12:25,4/1/2025 16:40,00665,TPO4,25,0.056,mg/L,+/- 0.004,,SM4500PF,0.002,,,,,93743010,10086035,00665
P155482-11,93743011,93743,Non-WQM,Herbicide_A,SW,ADT,SAMP,EFIRE,EX,EFIRE,3/26/2025 9:11,,,,,,,,,,,,,,,,,,,,,,,,,,,03/21/2025 03:00:00 AM,4/2/2025 12:27,4/1/2025 16:40,00665,TPO4,25,0.077,mg/L,+/- 0.006,,SM4500PF,0.002,,,,,93743011,10086037,00665
P155482-12,93743012,93743,Non-WQM,Herbicide_A,SW,ADT,SAMP,EFIRE,EX,EFIRE,3/26/2025 9:12,,,,,,,,,,,,,,,,,,,,,,,,,,,03/22/2025 03:00:00 AM,4/2/2025 12:36,4/1/2025 16:40,00665,TPO4,25,0.054,mg/L,+/- 0.004,,SM4500PF,0.002,,,,,93743012,10086039,00665
P155482-13,93743013,93743,Non-WQM,Herbicide_A,SW,ADT,SAMP,EFIRE,EX,EFIRE,3/26/2025 9:13,,,,,,,,,,,,,,,,,,,,,,,,,,,03/23/2025 03:00:00 AM,4/2/2025 12:40,4/1/2025 16:40,00665,TPO4,25,0.062,mg/L,+/- 0.005,,SM4500PF,0.002,,,,,93743013,10086041,00665
P155482-14,93743014,93743,Non-WQM,Herbicide_A,SW,ADT,SAMP,EFIRE,EX,EFIRE,3/26/2025 9:14,,,,,,,,,,,,,,,,,,,,,,,,,,,03/24/2025 03:00:00 AM,4/2/2025 12:42,4/1/2025 16:40,00665,TPO4,25,0.117,mg/L,+/- 0.008,,SM4500PF,0.002,,,,,93743014,10086043,00665
P158529-1,95273001,95273,Non-WQM,Untreated_A,SW,GP,SAMP,EFIRE,EX,EFIRE,11/4/2025 9:40,,,,0.07,,,,,,,,,,,,,,,,,,,,,,,,11/17/2025 12:11,11/14/2025 16:11,00665,TPO4,25,0.036,mg/L,+/- 0.003,,SM4500PF,0.002,,,,,95273001,10353892,00665
P158529-2,95273002,95273,Non-WQM,Herbicide_A,SW,GP,SAMP,EFIRE,EX,EFIRE,11/4/2025 10:20,,,,0.07,,,,,,,,,,,,,,,,,,,,,,,,11/17/2025 12:24,11/14/2025 16:11,00665,TPO4,25,0.024,mg/L,+/- 0.002,,SM4500PF,0.002,,,,,95273002,10353897,00665
P158529-3,95273003,95273,Non-WQM,Burn_Herb_A,SW,GP,SAMP,EFIRE,EX,EFIRE,11/4/2025 10:35,,,,0.10,,,,,,,,,,,,,,,,,,,,,,,,11/17/2025 12:28,11/14/2025 16:11,00665,TPO4,25,0.033,mg/L,+/- 0.003,,SM4500PF,0.002,,,,,95273003,10353902,00665
P158529-4,95273004,95273,Non-WQM,Burn_A,SW,GP,SAMP,EFIRE,EX,EFIRE,11/4/2025 10:50,,,,0.08,,,,,,,,,,,,,,,,,,,,,,,,11/17/2025 12:32,11/14/2025 16:11,00665,TPO4,25,0.02,mg/L,+/- 0.002,,SM4500PF,0.002,,,,,95273004,10353907,00665
P158529-5,95273005,95273,Non-WQM,Untreated_B,SW,GP,SAMP,EFIRE,EX,EFIRE,11/4/2025 11:10,,,,0.05,,,,,,,,,,,,,,,,,,,,,,,,11/17/2025 12:35,11/14/2025 16:11,00665,TPO4,25,0.037,mg/L,+/- 0.003,,SM4500PF,0.002,,,,,95273005,10353912,00665
P158529-6,95273006,95273,Non-WQM,Burn_B,SW,GP,SAMP,EFIRE,EX,EFIRE,11/4/2025 11:20,,,,0.12,,,,,,,,,,,,,,,,,,,,,,,,11/17/2025 12:39,11/14/2025 16:11,00665,TPO4,25,0.02,mg/L,+/- 0.002,,SM4500PF,0.002,,,,,95273006,10353917,00665
P158529-7,95273007,95273,Non-WQM,Burn_Herb_B,SW,GP,SAMP,EFIRE,EX,EFIRE,11/4/2025 11:35,,,,0.08,,,,,,,,,,,,,,,,,,,,,,,,11/17/2025 12:45,11/14/2025 16:11,00665,TPO4,25,0.023,mg/L,+/- 0.002,,SM4500PF,0.002,,,,,95273007,10353922,00665
P158529-8,95273008,95273,Non-WQM,Herbicide_B,SW,GP,SAMP,EFIRE,EX,EFIRE,11/4/2025 11:50,,,,0.07,,,,,,,,,,,,,,,,,,,,,,,,11/17/2025 12:49,11/14/2025 16:11,00665,TPO4,25,0.018,mg/L,+/- 0.002,,SM4500PF,0.002,,,,,95273008,10353927,00665
P158529-9,95273009,95273,Non-WQM,Herbicide_C,SW,GP,SAMP,EFIRE,EX,EFIRE,11/4/2025 12:05,,,,0.06,,,,,,,,,,,,,,,,,,,,,,,,11/17/2025 12:53,11/14/2025 16:11,00665,TPO4,25,0.024,mg/L,+/- 0.002,,SM4500PF,0.002,,,,,95273009,10353932,00665
P158529-10,95273010,95273,Non-WQM,Burn_Herb_C,SW,GP,SAMP,EFIRE,EX,EFIRE,11/4/2025 12:20,,,,0.13,,,,,,,,,,,,,,,,,,,,,,,,11/17/2025 12:56,11/14/2025 16:11,00665,TPO4,25,0.016,mg/L,+/- 0.002,,SM4500PF,0.002,,,,,95273010,10353937,00665
P158529-11,95273011,95273,Non-WQM,Burn_C,SW,GP,SAMP,EFIRE,EX,EFIRE,11/4/2025 12:40,,,,0.14,,,,,,,,,,,,,,,,,,,,,,,,11/17/2025 13:00,11/14/2025 16:11,00665,TPO4,25,0.014,mg/L,+/- 0.002,,SM4500PF,0.002,,,,,95273011,10353942,00665
P158529-12,95273012,95273,Non-WQM,Untreated_C,SW,GP,SAMP,EFIRE,EX,EFIRE,11/4/2025 12:55,,,,0.09,,,,,,,,,,,,,,,,,,,,,,,,11/17/2025 13:13,11/14/2025 16:11,00665,TPO4,25,0.018,mg/L,+/- 0.002,,SM4500PF,0.002,,"A 60 mL bottle was used for the magenta, instead of the 120 mL, due to bottle shortage. Lab notified. ",,,95273012,10353947,00665
P158530-1,95274001,95274,Non-WQM,Untreated_A,SW,GP,SAMP,EFIRE,EX,EFIRE,11/18/2025 10:14,,,,0.05,,,,,,,,,,,,,,,,,,,,,,,,11/25/2025 14:31,11/25/2025 10:10,00665,TPO4,25,0.027,mg/L,+/- 0.003,,SM4500PF,0.002,,,,,95274001,10368804,00665
P158530-2,95274002,95274,Non-WQM,Herbicide_A,SW,GP,SAMP,EFIRE,EX,EFIRE,11/18/2025 10:43,,,,0.08,,,,,,,,,,,,,,,,,,,,,,,,11/25/2025 14:34,11/25/2025 10:10,00665,TPO4,25,0.018,mg/L,+/- 0.002,,SM4500PF,0.002,,,,,95274002,10368809,00665
P158530-3,95274003,95274,Non-WQM,Burn_Herb_A,SW,GP,SAMP,EFIRE,EX,EFIRE,11/18/2025 10:57,,,,0.08,,,,,,,,,,,,,,,,,,,,,,,,11/25/2025 14:38,11/25/2025 10:10,00665,TPO4,25,0.017,mg/L,+/- 0.002,,SM4500PF,0.002,,,,,95274003,10368814,00665
P158530-4,95274004,95274,Non-WQM,Burn_A,SW,GP,SAMP,EFIRE,EX,EFIRE,11/18/2025 11:09,,,,0.04,,,,,,,,,,,,,,,,,,,,,,,,11/25/2025 14:42,11/25/2025 10:10,00665,TPO4,25,0.023,mg/L,+/- 0.002,,SM4500PF,0.002,,,,,95274004,10368819,00665
P158530-5,95274005,95274,Non-WQM,Untreated_B,SW,GP,SAMP,EFIRE,EX,EFIRE,11/18/2025 11:26,,,,0.04,,,,,,,,,,,,,,,,,,,,,,,,11/25/2025 14:46,11/25/2025 10:10,00665,TPO4,25,0.022,mg/L,+/- 0.002,,SM4500PF,0.002,,,,,95274005,10368824,00665
P158530-6,95274006,95274,Non-WQM,Burn_B,SW,GP,SAMP,EFIRE,EX,EFIRE,11/18/2025 11:42,,,,0.1,,,,,,,,,,,,,,,,,,,,,,,,11/25/2025 14:57,11/25/2025 10:10,00665,TPO4,25,0.016,mg/L,+/- 0.002,,SM4500PF,0.002,,,,,95274006,10368829,00665
P158530-7,95274007,95274,Non-WQM,Burn_Herb_B,SW,GP,SAMP,EFIRE,EX,EFIRE,11/18/2025 11:56,,,,0.09,,,,,,,,,,,,,,,,,,,,,,,,11/25/2025 15:03,11/25/2025 10:10,00665,TPO4,25,0.018,mg/L,+/- 0.002,,SM4500PF,0.002,,,,,95274007,10368834,00665
P158530-8,95274008,95274,Non-WQM,Herbicide_B,SW,GP,SAMP,EFIRE,EX,EFIRE,11/18/2025 12:11,,,,0.08,,,,,,,,,,,,,,,,,,,,,,,,11/25/2025 15:06,11/25/2025 10:10,00665,TPO4,25,0.018,mg/L,+/- 0.002,,SM4500PF,0.002,,,,,95274008,10368839,00665
P158530-9,95274009,95274,Non-WQM,Herbicide_C,SW,GP,SAMP,EFIRE,EX,EFIRE,11/18/2025 12:28,,,,0.05,,,,,,,,,,,,,,,,,,,,,,,,11/25/2025 15:10,11/25/2025 10:10,00665,TPO4,25,0.017,mg/L,+/- 0.002,,SM4500PF,0.002,,,,,95274009,10368844,00665
P158530-10,95274010,95274,Non-WQM,Burn_Herb_C,SW,GP,SAMP,EFIRE,EX,EFIRE,11/18/2025 12:44,,,,0.1,,,,,,,,,,,,,,,,,,,,,,,,11/25/2025 15:14,11/25/2025 10:10,00665,TPO4,25,0.015,mg/L,+/- 0.002,,SM4500PF,0.002,,,,,95274010,10368849,00665
P158530-11,95274011,95274,Non-WQM,Burn_C,SW,GP,SAMP,EFIRE,EX,EFIRE,11/18/2025 13:00,,,,0.1,,,,,,,,,,,,,,,,,,,,,,,,11/25/2025 15:20,11/25/2025 10:10,00665,TPO4,25,0.013,mg/L,+/- 0.002,,SM4500PF,0.002,,,,,95274011,10368854,00665
P158530-12,95274012,95274,Non-WQM,Untreated_C,SW,GP,SAMP,EFIRE,EX,EFIRE,11/18/2025 13:13,,,,0.05,,,,,,,,,,,,,,,,,,,,,,,,11/25/2025 15:23,11/25/2025 10:10,00665,TPO4,25,0.019,mg/L,+/- 0.002,,SM4500PF,0.002,,,,,95274012,10368859,00665
P155501-1,93750001,93750,Non-WQM,Burn_A,SW,ADT,SAMP,EFIRE,EX,EFIRE,1/2/2025 12:00,,,,,,,,,,,,,,,,,,,,,,,,,,,12/18/2024 03:00:00 AM,1/8/2025 11:30,1/7/2025 12:50,00665,TPO4,25,0.119,mg/L,+/- 0.008,,SM4500PF,0.002,,,,,93750001,9976269,00665
P155501-2,93750002,93750,Non-WQM,Burn_A,SW,ADT,SAMP,EFIRE,EX,EFIRE,1/2/2025 12:01,,,,,,,,,,,,,,,,,,,,,,,,,,,12/19/2024 03:00:00 AM,1/8/2025 11:32,1/7/2025 12:50,00665,TPO4,25,0.203,mg/L,+/- 0.014,,SM4500PF,0.002,,,,,93750002,9976271,00665
P155501-6,93750006,93750,Non-WQM,Burn_A,SW,ADT,SAMP,EFIRE,EX,EFIRE,1/2/2025 12:05,,,,,,,,,,,,,,,,,,,,,,,,,,,12/23/2024 03:00:00 AM,1/8/2025 11:47,1/7/2025 12:50,00665,TPO4,25,0.076,mg/L,+/- 0.006,,SM4500PF,0.002,,,,,93750006,9976273,00665
P155501-5,93750005,93750,Non-WQM,Burn_A,SW,ADT,SAMP,EFIRE,EX,EFIRE,1/2/2025 12:04,,,,,,,,,,,,,,,,,,,,,,,,,,,12/22/2024 03:00:00 AM,1/8/2025 11:38,1/7/2025 12:50,00665,TPO4,25,0.096,mg/L,+/- 0.007,,SM4500PF,0.002,,,,,93750005,9976275,00665
P155501-7,93750007,93750,Non-WQM,Burn_A,SW,ADT,SAMP,EFIRE,EX,EFIRE,1/2/2025 12:06,,,,,,,,,,,,,,,,,,,,,,,,,,,12/24/2024 03:00:00 AM,1/8/2025 11:51,1/7/2025 12:50,00665,TPO4,25,0.063,mg/L,+/- 0.005,,SM4500PF,0.002,,,,,93750007,9976277,00665
P155501-8,93750008,93750,Non-WQM,Burn_A,SW,ADT,SAMP,EFIRE,EX,EFIRE,1/2/2025 12:07,,,,,,,,,,,,,,,,,,,,,,,,,,,12/25/2024 03:00:00 AM,1/8/2025 11:53,1/7/2025 12:50,00665,TPO4,25,0.094,mg/L,+/- 0.007,,SM4500PF,0.002,,,,,93750008,9976279,00665
P155501-9,93750009,93750,Non-WQM,Burn_A,SW,ADT,SAMP,EFIRE,EX,EFIRE,1/2/2025 12:08,,,,,,,,,,,,,,,,,,,,,,,,,,,12/26/2024 03:00:00 AM,1/8/2025 11:55,1/7/2025 12:50,00665,TPO4,25,0.093,mg/L,+/- 0.007,,SM4500PF,0.002,,,,,93750009,9976281,00665
P155501-10,93750010,93750,Non-WQM,Burn_A,SW,ADT,SAMP,EFIRE,EX,EFIRE,1/2/2025 12:09,,,,,,,,,,,,,,,,,,,,,,,,,,,12/27/2024 03:00:00 AM,1/8/2025 11:56,1/7/2025 12:50,00665,TPO4,25,0.088,mg/L,+/- 0.006,,SM4500PF,0.002,,,,,93750010,9976283,00665
P155501-11,93750011,93750,Non-WQM,Burn_A,SW,ADT,SAMP,EFIRE,EX,EFIRE,1/2/2025 12:10,,,,,,,,,,,,,,,,,,,,,,,,,,,12/28/2024 03:00:00 AM,1/8/2025 11:58,1/7/2025 12:50,00665,TPO4,25,0.174,mg/L,+/- 0.012,,SM4500PF,0.002,,,,,93750011,9976285,00665
P155501-12,93750012,93750,Non-WQM,Burn_A,SW,ADT,SAMP,EFIRE,EX,EFIRE,1/2/2025 12:11,,,,,,,,,,,,,,,,,,,,,,,,,,,12/29/2024 03:00:00 AM,1/8/2025 12:00,1/7/2025 12:50,00665,TPO4,25,0.103,mg/L,+/- 0.007,,SM4500PF,0.002,,,,,93750012,9976287,00665
P155501-13,93750013,93750,Non-WQM,Burn_A,SW,ADT,SAMP,EFIRE,EX,EFIRE,1/2/2025 12:12,,,,,,,,,,,,,,,,,,,,,,,,,,,12/30/2024 03:00:00 AM,1/8/2025 12:02,1/7/2025 12:50,00665,TPO4,25,0.096,mg/L,+/- 0.007,,SM4500PF,0.002,,,,,93750013,9976289,00665
P155501-3,93750003,93750,Non-WQM,Burn_A,SW,ADT,SAMP,EFIRE,EX,EFIRE,1/2/2025 12:02,,,,,,,,,,,,,,,,,,,,,,,,,,,12/20/2024 03:00:00 AM,1/8/2025 11:34,1/7/2025 12:50,00665,TPO4,25,0.1,mg/L,+/- 0.007,,SM4500PF,0.002,,,,,93750003,9976295,00665
P155501-4,93750004,93750,Non-WQM,Burn_A,SW,ADT,SAMP,EFIRE,EX,EFIRE,1/2/2025 12:03,,,,,,,,,,,,,,,,,,,,,,,,,,,12/21/2024 03:00:00 AM,1/8/2025 11:36,1/7/2025 12:50,00665,TPO4,25,0.063,mg/L,+/- 0.005,,SM4500PF,0.002,,,,,93750004,9976297,00665
P160184-1,96090001,96090,Non-WQM,Untreated_A,SW,GP,SAMP,EFIRE,EX,EFIRE,8/12/2025 10:00,,,,0.06,,,,,,,,,,,,,,,,,,,,,,,,8/22/2025 13:45,8/21/2025 16:32,00665,TPO4,25,0.03,mg/L,+/- 0.003,,SM4500PF,0.002,,,,,96090001,10248039,00665
P160184-2,96090002,96090,Non-WQM,Herbicide_A,SW,GP,SAMP,EFIRE,EX,EFIRE,8/12/2025 10:25,,,,0.10,,,,,,,,,,,,,,,,,,,,,,,,8/22/2025 13:49,8/21/2025 16:32,00665,TPO4,25,0.023,mg/L,+/- 0.002,,SM4500PF,0.002,,,,,96090002,10248044,00665
P160184-3,96090003,96090,Non-WQM,Burn_Herb_A,SW,GP,SAMP,EFIRE,EX,EFIRE,8/12/2025 10:35,,,,0.05,,,,,,,,,,,,,,,,,,,,,,,,8/22/2025 13:53,8/21/2025 16:32,00665,TPO4,25,0.023,mg/L,+/- 0.002,,SM4500PF,0.002,,,,,96090003,10248049,00665
P160184-4,96090004,96090,Non-WQM,Burn_A,SW,GP,SAMP,EFIRE,EX,EFIRE,8/12/2025 10:50,,,,0.08,,,,,,,,,,,,,,,,,,,,,,,,8/22/2025 14:06,8/21/2025 16:32,00665,TPO4,25,0.022,mg/L,+/- 0.002,,SM4500PF,0.002,,,,,96090004,10248054,00665
P160184-5,96090005,96090,Non-WQM,Untreated_B,SW,GP,SAMP,EFIRE,EX,EFIRE,8/12/2025 11:10,,,,0.05,,,,,,,,,,,,,,,,,,,,,,,,8/22/2025 14:10,8/21/2025 16:32,00665,TPO4,25,0.027,mg/L,+/- 0.003,,SM4500PF,0.002,,,,,96090005,10248059,00665
P160184-6,96090006,96090,Non-WQM,Burn_B,SW,GP,SAMP,EFIRE,EX,EFIRE,8/12/2025 11:20,,,,0.08,,,,,,,,,,,,,,,,,,,,,,,,8/22/2025 14:14,8/21/2025 16:32,00665,TPO4,25,0.026,mg/L,+/- 0.003,,SM4500PF,0.002,,,,,96090006,10248064,00665
P160184-7,96090007,96090,Non-WQM,Burn_Herb_B,SW,GP,SAMP,EFIRE,EX,EFIRE,8/12/2025 11:40,,,,0.05,,,,,,,,,,,,,,,,,,,,,,,,8/22/2025 14:17,8/21/2025 16:32,00665,TPO4,25,0.028,mg/L,+/- 0.003,,SM4500PF,0.002,,,,,96090007,10248069,00665
P160184-8,96090008,96090,Non-WQM,Herbicide_B,SW,GP,SAMP,EFIRE,EX,EFIRE,8/12/2025 12:00,,,,0.04,,,,,,,,,,,,,,,,,,,,,,,,8/22/2025 14:21,8/21/2025 16:32,00665,TPO4,25,0.028,mg/L,+/- 0.003,,SM4500PF,0.002,,,,,96090008,10248074,00665
P160184-9,96090009,96090,Non-WQM,Herbicide_C,SW,GP,SAMP,EFIRE,EX,EFIRE,8/12/2025 12:10,,,,0.03,,,,,,,,,,,,,,,,,,,,,,,,8/22/2025 14:27,8/21/2025 16:32,00665,TPO4,25,0.03,mg/L,+/- 0.003,,SM4500PF,0.002,,,,,96090009,10248079,00665
P160184-10,96090010,96090,Non-WQM,Burn_Herb_C,SW,GP,SAMP,EFIRE,EX,EFIRE,8/12/2025 12:20,,,,0.09,,,,,,,,,,,,,,,,,,,,,,,,8/22/2025 14:31,8/21/2025 16:32,00665,TPO4,25,0.02,mg/L,+/- 0.002,,SM4500PF,0.002,,,,,96090010,10248084,00665
P160184-11,96090011,96090,Non-WQM,Burn_C,SW,GP,SAMP,EFIRE,EX,EFIRE,8/12/2025 12:35,,,,0.07,,,,,,,,,,,,,,,,,,,,,,,,8/22/2025 14:34,8/21/2025 16:32,00665,TPO4,25,0.02,mg/L,+/- 0.002,,SM4500PF,0.002,,,,,96090011,10248089,00665
P160184-12,96090012,96090,Non-WQM,Untreated_C,SW,GP,SAMP,EFIRE,EX,EFIRE,8/12/2025 12:50,,,,0.08,,,,,,,,,,,,,,,,,,,,,,,,8/22/2025 14:38,8/21/2025 16:32,00665,TPO4,25,0.02,mg/L,+/- 0.002,,SM4500PF,0.002,,,,,96090012,10248094,00665
P154869-1,93446001,93446,Non-WQM,Untreated_A,SW,ADT,SAMP,EFIRE,EX,EFIRE,12/4/2024 10:00,,,,,,,,,,,,,,,,,,,,,,,,,,,11/20/2024 12:00:00 AM,12/12/2024 11:07,12/11/2024 15:04,00665,TPO4,25,0.046,mg/L,+/- 0.004,,SM4500PF,0.002,,ADT sample,,,93446001,9945893,00665
P154869-2,93446002,93446,Non-WQM,Untreated_A,SW,ADT,SAMP,EFIRE,EX,EFIRE,12/4/2024 10:01,,,,,,,,,,,,,,,,,,,,,,,,,,,11/21/2024 12:00:00 AM,12/12/2024 11:09,12/11/2024 15:04,00665,TPO4,25,0.058,mg/L,+/- 0.004,,SM4500PF,0.002,,ADT,,,93446002,9945895,00665
P154869-3,93446003,93446,Non-WQM,Untreated_A,SW,ADT,SAMP,EFIRE,EX,EFIRE,12/4/2024 10:02,,,,,,,,,,,,,,,,,,,,,,,,,,,11/22/2024 12:00:00 AM,12/12/2024 11:11,12/11/2024 15:04,00665,TPO4,25,0.05,mg/L,+/- 0.004,,SM4500PF,0.002,,ADT,,,93446003,9945897,00665
P154869-4,93446004,93446,Non-WQM,Untreated_A,SW,ADT,SAMP,EFIRE,EX,EFIRE,12/4/2024 10:03,,,,,,,,,,,,,,,,,,,,,,,,,,,11/23/2024 12:00:00 AM,12/12/2024 11:13,12/11/2024 15:04,00665,TPO4,25,0.038,mg/L,+/- 0.003,,SM4500PF,0.002,,ADT,,,93446004,9945899,00665
P154869-5,93446005,93446,Non-WQM,Untreated_A,SW,ADT,SAMP,EFIRE,EX,EFIRE,12/4/2024 10:04,,,,,,,,,,,,,,,,,,,,,,,,,,,11/24/2024 12:00:00 AM,12/12/2024 11:15,12/11/2024 15:04,00665,TPO4,25,0.031,mg/L,+/- 0.003,,SM4500PF,0.002,,ADT,,,93446005,9945901,00665
P154869-6,93446006,93446,Non-WQM,Untreated_A,SW,ADT,SAMP,EFIRE,EX,EFIRE,12/4/2024 10:05,,,,,,,,,,,,,,,,,,,,,,,,,,,11/25/2024 12:00:00 AM,12/12/2024 11:17,12/11/2024 15:04,00665,TPO4,25,0.026,mg/L,+/- 0.003,,SM4500PF,0.002,,ADT,,,93446006,9945903,00665
P154869-7,93446007,93446,Non-WQM,Untreated_A,SW,ADT,SAMP,EFIRE,EX,EFIRE,12/4/2024 10:06,,,,,,,,,,,,,,,,,,,,,,,,,,,11/26/2024 12:00:00 AM,12/12/2024 11:26,12/11/2024 15:04,00665,TPO4,25,0.025,mg/L,+/- 0.003,,SM4500PF,0.002,,ADT,,,93446007,9945905,00665
P154869-8,93446008,93446,Non-WQM,Untreated_A,SW,ADT,SAMP,EFIRE,EX,EFIRE,12/4/2024 10:07,,,,,,,,,,,,,,,,,,,,,,,,,,,11/27/2024 12:00:00 AM,12/12/2024 11:30,12/11/2024 15:04,00665,TPO4,25,0.028,mg/L,+/- 0.003,,SM4500PF,0.002,,ADT,,,93446008,9945907,00665
P154869-9,93446009,93446,Non-WQM,Untreated_A,SW,ADT,SAMP,EFIRE,EX,EFIRE,12/4/2024 10:08,,,,,,,,,,,,,,,,,,,,,,,,,,,11/28/2024 12:00:00 AM,12/12/2024 11:32,12/11/2024 15:04,00665,TPO4,25,0.029,mg/L,+/- 0.003,,SM4500PF,0.002,,ADT,,,93446009,9945909,00665
P154869-10,93446010,93446,Non-WQM,Untreated_A,SW,ADT,SAMP,EFIRE,EX,EFIRE,12/4/2024 10:09,,,,,,,,,,,,,,,,,,,,,,,,,,,11/29/2024 12:00:00 AM,12/12/2024 11:33,12/11/2024 15:04,00665,TPO4,25,0.041,mg/L,+/- 0.003,,SM4500PF,0.002,,ADT,,,93446010,9945911,00665
P154869-11,93446011,93446,Non-WQM,Untreated_A,SW,ADT,SAMP,EFIRE,EX,EFIRE,12/4/2024 10:10,,,,,,,,,,,,,,,,,,,,,,,,,,,11/30/2024 12:00:00 AM,12/12/2024 11:35,12/11/2024 15:04,00665,TPO4,25,0.041,mg/L,+/- 0.003,,SM4500PF,0.002,,ADT,,,93446011,9945913,00665
P154869-12,93446012,93446,Non-WQM,Untreated_A,SW,ADT,SAMP,EFIRE,EX,EFIRE,12/4/2024 10:11,,,,,,,,,,,,,,,,,,,,,,,,,,,12/01/2024 12:00:00 AM,12/12/2024 11:37,12/11/2024 15:04,00665,TPO4,25,0.028,mg/L,+/- 0.003,,SM4500PF,0.002,,ADT,,,93446012,9945915,00665
P154869-13,93446013,93446,Non-WQM,Untreated_A,SW,ADT,SAMP,EFIRE,EX,EFIRE,12/4/2024 10:12,,,,,,,,,,,,,,,,,,,,,,,,,,,12/02/2024 12:00:00 AM,12/12/2024 11:39,12/11/2024 15:04,00665,TPO4,25,0.028,mg/L,+/- 0.003,,SM4500PF,0.002,,ADT,,,93446013,9945917,00665
P154869-14,93446014,93446,Non-WQM,Untreated_A,SW,ADT,SAMP,EFIRE,EX,EFIRE,12/4/2024 10:13,,,,,,,,,,,,,,,,,,,,,,,,,,,12/03/2024 12:00:00 AM,12/12/2024 11:41,12/11/2024 15:04,00665,TPO4,25,0.023,mg/L,+/- 0.002,,SM4500PF,0.002,,ADT,,,93446014,9945919,00665
P155489-1,93744001,93744,Non-WQM,Untreated_A,SW,ADT,SAMP,EFIRE,EX,EFIRE,1/2/2025 9:00,,,,,,,,,,,,,,,,,,,,,,,,,,,12/18/2024 03:00:00 AM,1/8/2025 12:06,1/7/2025 12:50,00665,TPO4,25,0.028,mg/L,+/- 0.003,,SM4500PF,0.002,,,,,93744001,9976187,00665
P155489-2,93744002,93744,Non-WQM,Untreated_A,SW,ADT,SAMP,EFIRE,EX,EFIRE,1/2/2025 9:01,,,,,,,,,,,,,,,,,,,,,,,,,,,12/19/2024 03:00:00 AM,1/8/2025 12:10,1/7/2025 12:50,00665,TPO4,25,0.03,mg/L,+/- 0.003,,SM4500PF,0.002,,,,,93744002,9976189,00665
P155489-3,93744003,93744,Non-WQM,Untreated_A,SW,ADT,SAMP,EFIRE,EX,EFIRE,1/2/2025 9:02,,,,,,,,,,,,,,,,,,,,,,,,,,,12/20/2024 03:00:00 AM,1/8/2025 12:12,1/7/2025 12:50,00665,TPO4,25,0.038,mg/L,+/- 0.003,,SM4500PF,0.002,,,,,93744003,9976191,00665
P155489-4,93744004,93744,Non-WQM,Untreated_A,SW,ADT,SAMP,EFIRE,EX,EFIRE,1/2/2025 9:03,,,,,,,,,,,,,,,,,,,,,,,,,,,12/21/2024 03:00:00 AM,1/8/2025 12:13,1/7/2025 12:50,00665,TPO4,25,0.026,mg/L,+/- 0.003,,SM4500PF,0.002,,,,,93744004,9976193,00665
P155489-5,93744005,93744,Non-WQM,Untreated_A,SW,ADT,SAMP,EFIRE,EX,EFIRE,1/2/2025 9:04,,,,,,,,,,,,,,,,,,,,,,,,,,,12/22/2024 03:00:00 AM,1/8/2025 12:15,1/7/2025 12:50,00665,TPO4,25,0.03,mg/L,+/- 0.003,,SM4500PF,0.002,,,,,93744005,9976195,00665
P155489-6,93744006,93744,Non-WQM,Untreated_A,SW,ADT,SAMP,EFIRE,EX,EFIRE,1/2/2025 9:05,,,,,,,,,,,,,,,,,,,,,,,,,,,12/23/2024 03:00:00 AM,1/8/2025 12:17,1/7/2025 12:50,00665,TPO4,25,0.024,mg/L,+/- 0.002,,SM4500PF,0.002,,,,,93744006,9976197,00665
P155489-7,93744007,93744,Non-WQM,Untreated_A,SW,ADT,SAMP,EFIRE,EX,EFIRE,1/2/2025 9:06,,,,,,,,,,,,,,,,,,,,,,,,,,,12/24/2024 03:00:00 AM,1/8/2025 12:19,1/7/2025 12:50,00665,TPO4,25,0.035,mg/L,+/- 0.003,,SM4500PF,0.002,,,,,93744007,9976199,00665
P155489-8,93744008,93744,Non-WQM,Untreated_A,SW,ADT,SAMP,EFIRE,EX,EFIRE,1/2/2025 9:07,,,,,,,,,,,,,,,,,,,,,,,,,,,12/25/2024 03:00:00 AM,1/8/2025 12:21,1/7/2025 12:50,00665,TPO4,25,0.022,mg/L,+/- 0.002,,SM4500PF,0.002,,,,,93744008,9976201,00665
P155489-9,93744009,93744,Non-WQM,Untreated_A,SW,ADT,SAMP,EFIRE,EX,EFIRE,1/2/2025 9:08,,,,,,,,,,,,,,,,,,,,,,,,,,,12/26/2024 03:00:00 AM,1/8/2025 12:23,1/7/2025 12:50,00665,TPO4,25,0.026,mg/L,+/- 0.003,,SM4500PF,0.002,,,,,93744009,9976203,00665
P155489-10,93744010,93744,Non-WQM,Untreated_A,SW,ADT,SAMP,EFIRE,EX,EFIRE,1/2/2025 9:09,,,,,,,,,,,,,,,,,,,,,,,,,,,12/27/2024 03:00:00 AM,1/8/2025 12:25,1/7/2025 12:50,00665,TPO4,25,0.08,mg/L,+/- 0.006,,SM4500PF,0.002,,,,,93744010,9976205,00665
P155489-11,93744011,93744,Non-WQM,Untreated_A,SW,ADT,SAMP,EFIRE,EX,EFIRE,1/2/2025 9:10,,,,,,,,,,,,,,,,,,,,,,,,,,,12/28/2024 03:00:00 AM,1/8/2025 12:27,1/7/2025 12:50,00665,TPO4,25,0.057,mg/L,+/- 0.004,,SM4500PF,0.002,,,,,93744011,9976207,00665
P155489-12,93744012,93744,Non-WQM,Untreated_A,SW,ADT,SAMP,EFIRE,EX,EFIRE,1/2/2025 9:11,,,,,,,,,,,,,,,,,,,,,,,,,,,12/29/2024 03:00:00 AM,1/8/2025 12:36,1/7/2025 12:50,00665,TPO4,25,0.041,mg/L,+/- 0.003,,SM4500PF,0.002,,,,,93744012,9976209,00665
P155489-13,93744013,93744,Non-WQM,Untreated_A,SW,ADT,SAMP,EFIRE,EX,EFIRE,1/2/2025 9:12,,,,,,,,,,,,,,,,,,,,,,,,,,,12/30/2024 03:00:00 AM,1/8/2025 12:40,1/7/2025 12:50,00665,TPO4,25,0.045,mg/L,+/- 0.004,,SM4500PF,0.002,,,,,93744013,9976211,00665
P155489-14,93744014,93744,Non-WQM,Untreated_A,SW,ADT,SAMP,EFIRE,EX,EFIRE,1/2/2025 9:13,,,,,,,,,,,,,,,,,,,,,,,,,,,12/31/2024 03:00:00 AM,1/8/2025 12:42,1/7/2025 12:50,00665,TPO4,25,0.077,mg/L,+/- 0.006,,SM4500PF,0.002,,,,,93744014,9976213,00665
P155489-15,93744015,93744,Non-WQM,Untreated_A,SW,ADT,SAMP,EFIRE,EX,EFIRE,1/2/2025 9:14,,,,,,,,,,,,,,,,,,,,,,,,,,,01/01/2025 03:00:00 AM,1/8/2025 12:44,1/7/2025 12:50,00665,TPO4,25,0.047,mg/L,+/- 0.004,,SM4500PF,0.002,,,,,93744015,9976215,00665
P155728-1,93866001,93866,Non-WQM,Burn_Herb_A,SW,ADT,SAMP,EFIRE,EX,EFIRE,2/11/2025 11:01,,,,,,,,,,,,,,,,,,,,,,,,,,,01/28/2025 03:00:00 AM,2/13/2025 12:57,2/12/2025 14:36,00665,TPO4,25,0.025,mg/L,+/- 0.003,,SM4500PF,0.002,,,,,93866001,10032310,00665
P155728-2,93866002,93866,Non-WQM,Burn_Herb_A,SW,ADT,SAMP,EFIRE,EX,EFIRE,2/11/2025 11:02,,,,,,,,,,,,,,,,,,,,,,,,,,,01/29/2025 03:00:00 AM,2/13/2025 12:58,2/12/2025 14:36,00665,TPO4,25,0.02,mg/L,+/- 0.002,,SM4500PF,0.002,,,,,93866002,10032312,00665
P155728-3,93866003,93866,Non-WQM,Burn_Herb_A,SW,ADT,SAMP,EFIRE,EX,EFIRE,2/11/2025 11:03,,,,,,,,,,,,,,,,,,,,,,,,,,,01/30/2025 03:00:00 AM,2/13/2025 13:00,2/12/2025 14:36,00665,TPO4,25,0.02,mg/L,+/- 0.002,,SM4500PF,0.002,,,,,93866003,10032314,00665
P155728-4,93866004,93866,Non-WQM,Burn_Herb_A,SW,ADT,SAMP,EFIRE,EX,EFIRE,2/11/2025 11:04,,,,,,,,,,,,,,,,,,,,,,,,,,,01/31/2025 03:00:00 AM,2/13/2025 13:02,2/12/2025 14:36,00665,TPO4,25,0.02,mg/L,+/- 0.002,,SM4500PF,0.002,,,,,93866004,10032316,00665
P155728-5,93866005,93866,Non-WQM,Burn_Herb_A,SW,ADT,SAMP,EFIRE,EX,EFIRE,2/11/2025 11:05,,,,,,,,,,,,,,,,,,,,,,,,,,,02/01/2025 03:00:00 AM,2/13/2025 13:04,2/12/2025 14:36,00665,TPO4,25,0.025,mg/L,+/- 0.003,,SM4500PF,0.002,,,,,93866005,10032318,00665
P155728-6,93866006,93866,Non-WQM,Burn_Herb_A,SW,ADT,SAMP,EFIRE,EX,EFIRE,2/11/2025 11:06,,,,,,,,,,,,,,,,,,,,,,,,,,,02/02/2025 03:00:00 AM,2/13/2025 13:06,2/12/2025 14:36,00665,TPO4,25,0.042,mg/L,+/- 0.003,,SM4500PF,0.002,,,,,93866006,10032320,00665
P155728-7,93866007,93866,Non-WQM,Burn_Herb_A,SW,ADT,SAMP,EFIRE,EX,EFIRE,2/11/2025 11:07,,,,,,,,,,,,,,,,,,,,,,,,,,,02/03/2025 03:00:00 AM,2/13/2025 13:08,2/12/2025 14:36,00665,TPO4,25,0.032,mg/L,+/- 0.003,,SM4500PF,0.002,,,,,93866007,10032322,00665
P155728-8,93866008,93866,Non-WQM,Burn_Herb_A,SW,ADT,SAMP,EFIRE,EX,EFIRE,2/11/2025 11:08,,,,,,,,,,,,,,,,,,,,,,,,,,,02/04/2025 03:00:00 AM,2/13/2025 13:12,2/12/2025 14:36,00665,TPO4,25,0.039,mg/L,+/- 0.003,,SM4500PF,0.002,,,,,93866008,10032324,00665
P155728-9,93866009,93866,Non-WQM,Burn_Herb_A,SW,ADT,SAMP,EFIRE,EX,EFIRE,2/11/2025 11:09,,,,,,,,,,,,,,,,,,,,,,,,,,,02/05/2025 03:00:00 AM,2/13/2025 13:14,2/12/2025 14:36,00665,TPO4,25,0.036,mg/L,+/- 0.003,,SM4500PF,0.002,,,,,93866009,10032326,00665
P155728-10,93866010,93866,Non-WQM,Burn_Herb_A,SW,ADT,SAMP,EFIRE,EX,EFIRE,2/11/2025 11:10,,,,,,,,,,,,,,,,,,,,,,,,,,,02/06/2025 03:00:00 AM,2/13/2025 13:15,2/12/2025 14:36,00665,TPO4,25,0.032,mg/L,+/- 0.003,,SM4500PF,0.002,,,,,93866010,10032328,00665
P155728-11,93866011,93866,Non-WQM,Burn_Herb_A,SW,ADT,SAMP,EFIRE,EX,EFIRE,2/11/2025 11:11,,,,,,,,,,,,,,,,,,,,,,,,,,,02/07/2025 03:00:00 AM,2/13/2025 13:17,2/12/2025 14:36,00665,TPO4,25,0.031,mg/L,+/- 0.003,,SM4500PF,0.002,,,,,93866011,10032330,00665
P155728-12,93866012,93866,Non-WQM,Burn_Herb_A,SW,ADT,SAMP,EFIRE,EX,EFIRE,2/11/2025 11:12,,,,,,,,,,,,,,,,,,,,,,,,,,,02/08/2025 03:00:00 AM,2/13/2025 13:23,2/12/2025 14:36,00665,TPO4,25,0.03,mg/L,+/- 0.003,,SM4500PF,0.002,,,,,93866012,10032332,00665
P155728-13,93866013,93866,Non-WQM,Burn_Herb_A,SW,ADT,SAMP,EFIRE,EX,EFIRE,2/11/2025 11:13,,,,,,,,,,,,,,,,,,,,,,,,,,,02/09/2025 03:00:00 AM,2/13/2025 13:25,2/12/2025 14:36,00665,TPO4,25,0.034,mg/L,+/- 0.003,,SM4500PF,0.002,,,,,93866013,10032334,00665
P155728-14,93866014,93866,Non-WQM,Burn_Herb_A,SW,ADT,SAMP,EFIRE,EX,EFIRE,2/11/2025 11:14,,,,,,,,,,,,,,,,,,,,,,,,,,,02/10/2025 03:00:00 AM,2/13/2025 13:27,2/12/2025 14:36,00665,TPO4,25,0.039,mg/L,+/- 0.003,,SM4500PF,0.002,,,,,93866014,10032336,00665
P155726-1,93864001,93864,Non-WQM,Burn_Herb_A,SW,ADT,SAMP,EFIRE,EX,EFIRE,1/2/2025 11:00,,,,,,,,,,,,,,,,,,,,,,,,,,,12/18/2024 03:00:00 AM,1/8/2025 12:49,1/7/2025 12:50,00665,TPO4,25,0.032,mg/L,+/- 0.003,,SM4500PF,0.002,,,,,93864001,9975990,00665
P155726-2,93864002,93864,Non-WQM,Burn_Herb_A,SW,ADT,SAMP,EFIRE,EX,EFIRE,1/2/2025 11:01,,,,,,,,,,,,,,,,,,,,,,,,,,,12/19/2024 03:00:00 AM,1/8/2025 12:51,1/7/2025 12:50,00665,TPO4,25,0.035,mg/L,+/- 0.003,,SM4500PF,0.002,,,,,93864002,9975992,00665
P155726-3,93864003,93864,Non-WQM,Burn_Herb_A,SW,ADT,SAMP,EFIRE,EX,EFIRE,1/2/2025 11:02,,,,,,,,,,,,,,,,,,,,,,,,,,,12/20/2024 03:00:00 AM,1/8/2025 14:28,1/7/2025 12:50,00665,TPO4,25,0.038,mg/L,+/- 0.003,,SM4500PF,0.002,,,,,93864003,9975994,00665
P155726-4,93864004,93864,Non-WQM,Burn_Herb_A,SW,ADT,SAMP,EFIRE,EX,EFIRE,1/2/2025 11:03,,,,,,,,,,,,,,,,,,,,,,,,,,,12/21/2024 03:00:00 AM,1/8/2025 12:55,1/7/2025 12:50,00665,TPO4,25,0.028,mg/L,+/- 0.003,,SM4500PF,0.002,,,,,93864004,9975996,00665
P155726-5,93864005,93864,Non-WQM,Burn_Herb_A,SW,ADT,SAMP,EFIRE,EX,EFIRE,1/2/2025 11:04,,,,,,,,,,,,,,,,,,,,,,,,,,,12/22/2024 03:00:00 AM,1/8/2025 12:57,1/7/2025 12:50,00665,TPO4,25,0.026,mg/L,+/- 0.003,,SM4500PF,0.002,,,,,93864005,9975998,00665
P155726-6,93864006,93864,Non-WQM,Burn_Herb_A,SW,ADT,SAMP,EFIRE,EX,EFIRE,1/2/2025 11:05,,,,,,,,,,,,,,,,,,,,,,,,,,,12/23/2024 03:00:00 AM,1/8/2025 13:01,1/7/2025 12:50,00665,TPO4,25,0.022,mg/L,+/- 0.002,,SM4500PF,0.002,,,,,93864006,9976000,00665
P155726-7,93864007,93864,Non-WQM,Burn_Herb_A,SW,ADT,SAMP,EFIRE,EX,EFIRE,1/2/2025 11:06,,,,,,,,,,,,,,,,,,,,,,,,,,,12/24/2024 03:00:00 AM,1/8/2025 13:03,1/7/2025 12:50,00665,TPO4,25,0.024,mg/L,+/- 0.002,,SM4500PF,0.002,,,,,93864007,9976002,00665
P155726-8,93864008,93864,Non-WQM,Burn_Herb_A,SW,ADT,SAMP,EFIRE,EX,EFIRE,1/2/2025 11:07,,,,,,,,,,,,,,,,,,,,,,,,,,,12/25/2024 03:00:00 AM,1/8/2025 13:05,1/7/2025 12:50,00665,TPO4,25,0.021,mg/L,+/- 0.002,,SM4500PF,0.002,,,,,93864008,9976004,00665
P155726-9,93864009,93864,Non-WQM,Burn_Herb_A,SW,ADT,SAMP,EFIRE,EX,EFIRE,1/2/2025 11:08,,,,,,,,,,,,,,,,,,,,,,,,,,,12/26/2024 03:00:00 AM,1/8/2025 13:06,1/7/2025 12:50,00665,TPO4,25,0.019,mg/L,+/- 0.002,,SM4500PF,0.002,,,,,93864009,9976006,00665
P155726-10,93864010,93864,Non-WQM,Burn_Herb_A,SW,ADT,SAMP,EFIRE,EX,EFIRE,1/2/2025 11:09,,,,,,,,,,,,,,,,,,,,,,,,,,,12/27/2024 03:00:00 AM,1/8/2025 13:08,1/7/2025 12:50,00665,TPO4,25,0.022,mg/L,+/- 0.002,,SM4500PF,0.002,,,,,93864010,9976008,00665
P155726-11,93864011,93864,Non-WQM,Burn_Herb_A,SW,ADT,SAMP,EFIRE,EX,EFIRE,1/2/2025 11:10,,,,,,,,,,,,,,,,,,,,,,,,,,,12/28/2024 03:00:00 AM,1/8/2025 13:10,1/7/2025 12:50,00665,TPO4,25,0.026,mg/L,+/- 0.003,,SM4500PF,0.002,,,,,93864011,9976010,00665
P155726-12,93864012,93864,Non-WQM,Burn_Herb_A,SW,ADT,SAMP,EFIRE,EX,EFIRE,1/2/2025 11:11,,,,,,,,,,,,,,,,,,,,,,,,,,,12/29/2024 03:00:00 AM,1/8/2025 13:12,1/7/2025 12:50,00665,TPO4,25,0.037,mg/L,+/- 0.003,,SM4500PF,0.002,,,,,93864012,9976012,00665
P155726-13,93864013,93864,Non-WQM,Burn_Herb_A,SW,ADT,SAMP,EFIRE,EX,EFIRE,1/2/2025 11:12,,,,,,,,,,,,,,,,,,,,,,,,,,,12/30/2024 03:00:00 AM,1/8/2025 13:14,1/7/2025 12:50,00665,TPO4,25,0.03,mg/L,+/- 0.003,,SM4500PF,0.002,,,,,93864013,9976014,00665
P155726-14,93864014,93864,Non-WQM,Burn_Herb_A,SW,ADT,SAMP,EFIRE,EX,EFIRE,1/2/2025 11:13,,,,,,,,,,,,,,,,,,,,,,,,,,,12/31/2024 03:00:00 AM,1/8/2025 13:16,1/7/2025 12:50,00665,TPO4,25,0.035,mg/L,+/- 0.003,,SM4500PF,0.002,,,,,93864014,9976016,00665
P155726-15,93864015,93864,Non-WQM,Burn_Herb_A,SW,ADT,SAMP,EFIRE,EX,EFIRE,1/2/2025 11:14,,,,,,,,,,,,,,,,,,,,,,,,,,,01/01/2025 03:00:00 AM,1/8/2025 13:18,1/7/2025 12:50,00665,TPO4,25,0.032,mg/L,+/- 0.003,,SM4500PF,0.002,,,,,93864015,9976018,00665
P155439-1,93719001,93719,Non-WQM,Untreated_A,SW,GP,SAMP,EFIRE,EX,EFIRE,2/26/2025 10:05,,,,0.09,,,,,,,,,,,,,,,,,,,,,,,,2/28/2025 13:09,2/27/2025 14:39,00665,TPO4,25,0.026,mg/L,+/- 0.003,,SM4500PF,0.002,,Ash in the air from nearby burn.,,,93719001,10052417,00665
P155439-2,93719002,93719,Non-WQM,Herbicide_A,SW,GP,SAMP,EFIRE,EX,EFIRE,2/26/2025 10:38,,,,0.09,,,,,,,,,,,,,,,,,,,,,,,,2/28/2025 13:15,2/27/2025 14:39,00665,TPO4,25,0.021,mg/L,+/- 0.002,,SM4500PF,0.002,,,,,93719002,10052441,00665
P155439-3,93719003,93719,Non-WQM,Burn_Herb_A,SW,GP,SAMP,EFIRE,EX,EFIRE,2/26/2025 11:10,,,,0.07,,,,,,,,,,,,,,,,,,,,,,,,2/28/2025 13:18,2/27/2025 14:39,00665,TPO4,25,0.023,mg/L,+/- 0.002,,SM4500PF,0.002,,,,,93719003,10052453,00665
P155439-4,93719004,93719,Non-WQM,Burn_A,SW,GP,SAMP,EFIRE,EX,EFIRE,2/26/2025 11:33,,,,0.08,,,,,,,,,,,,,,,,,,,,,,,,2/28/2025 13:22,2/27/2025 14:39,00665,TPO4,25,0.024,mg/L,+/- 0.002,,SM4500PF,0.002,,,,,93719004,10052465,00665
P155439-5,93719005,93719,Non-WQM,Untreated_B,SW,GP,SAMP,EFIRE,EX,EFIRE,2/26/2025 12:03,,,,0.06,,,,,,,,,,,,,,,,,,,,,,,,2/28/2025 13:26,2/27/2025 14:39,00665,TPO4,25,0.028,mg/L,+/- 0.003,,SM4500PF,0.002,,,,,93719005,10052477,00665
P155439-6,93719006,93719,Non-WQM,Burn_B,SW,GP,SAMP,EFIRE,EX,EFIRE,2/26/2025 12:20,,,,0.11,,,,,,,,,,,,,,,,,,,,,,,,2/28/2025 13:30,2/27/2025 14:39,00665,TPO4,25,0.024,mg/L,+/- 0.002,,SM4500PF,0.002,,,,,93719006,10052489,00665
P155439-7,93719007,93719,Non-WQM,Burn_Herb_B,SW,GP,SAMP,EFIRE,EX,EFIRE,2/26/2025 12:35,,,,0.12,,,,,,,,,,,,,,,,,,,,,,,,2/28/2025 13:41,2/27/2025 14:39,00665,TPO4,25,0.023,mg/L,+/- 0.002,,SM4500PF,0.002,,,,,93719007,10052501,00665
P155439-8,93719008,93719,Non-WQM,Herbicide_B,SW,GP,SAMP,EFIRE,EX,EFIRE,2/26/2025 12:50,,,,0.1,,,,,,,,,,,,,,,,,,,,,,,,2/28/2025 13:47,2/27/2025 14:39,00665,TPO4,25,0.026,mg/L,+/- 0.003,,SM4500PF,0.002,,,,,93719008,10052513,00665
P155439-9,93719009,93719,Non-WQM,Herbicide_C,SW,GP,SAMP,EFIRE,EX,EFIRE,2/26/2025 13:06,,,,0.1,,,,,,,,,,,,,,,,,,,,,,,,2/28/2025 13:51,2/27/2025 14:39,00665,TPO4,25,0.022,mg/L,+/- 0.002,,SM4500PF,0.002,,,,,93719009,10052525,00665
P155439-10,93719010,93719,Non-WQM,Burn_Herb_C,SW,GP,SAMP,EFIRE,EX,EFIRE,2/26/2025 13:21,,,,0.15,,,,,,,,,,,,,,,,,,,,,,,,2/28/2025 13:54,2/27/2025 14:39,00665,TPO4,25,0.023,mg/L,+/- 0.002,,SM4500PF,0.002,,,,,93719010,10052537,00665
P155439-11,93719011,93719,Non-WQM,Burn_C,SW,GP,SAMP,EFIRE,EX,EFIRE,2/26/2025 13:35,,,,0.14,,,,,,,,,,,,,,,,,,,,,,,,2/28/2025 13:58,2/27/2025 14:39,00665,TPO4,25,0.023,mg/L,+/- 0.002,,SM4500PF,0.002,,,,,93719011,10052549,00665
P155439-12,93719012,93719,Non-WQM,Untreated_C,SW,GP,SAMP,EFIRE,EX,EFIRE,2/26/2025 13:50,,,,0.11,,,,,,,,,,,,,,,,,,,,,,,,2/28/2025 14:04,2/27/2025 14:39,00665,TPO4,25,0.024,mg/L,+/- 0.002,,SM4500PF,0.002,,,,,93719012,10052561,00665
P155480-1,93741001,93741,Non-WQM,Herbicide_A,SW,ADT,SAMP,EFIRE,EX,EFIRE,2/27/2025 9:01,,,,,,,,,,,,,,,,,,,,,,,,,,,02/11/2025 03:00:00 AM,3/3/2025 10:40,2/28/2025 15:01,00665,TPO4,25,0.042,mg/L,+/- 0.003,,SM4500PF,0.002,,,,,93741001,10053211,00665
P155480-2,93741002,93741,Non-WQM,Herbicide_A,SW,ADT,SAMP,EFIRE,EX,EFIRE,2/27/2025 9:02,,,,,,,,,,,,,,,,,,,,,,,,,,,02/12/2025 03:00:00 AM,3/3/2025 10:41,2/28/2025 15:01,00665,TPO4,25,0.026,mg/L,+/- 0.003,,SM4500PF,0.002,,,,,93741002,10053213,00665
P155480-3,93741003,93741,Non-WQM,Herbicide_A,SW,ADT,SAMP,EFIRE,EX,EFIRE,2/27/2025 9:03,,,,,,,,,,,,,,,,,,,,,,,,,,,02/13/2025 03:00:00 AM,3/3/2025 10:43,2/28/2025 15:01,00665,TPO4,25,0.032,mg/L,+/- 0.003,,SM4500PF,0.002,,,,,93741003,10053215,00665
P155480-4,93741004,93741,Non-WQM,Herbicide_A,SW,ADT,SAMP,EFIRE,EX,EFIRE,2/27/2025 9:04,,,,,,,,,,,,,,,,,,,,,,,,,,,02/14/2025 03:00:00 AM,3/3/2025 10:45,2/28/2025 15:01,00665,TPO4,25,0.031,mg/L,+/- 0.003,,SM4500PF,0.002,,,,,93741004,10053217,00665
P155480-5,93741005,93741,Non-WQM,Herbicide_A,SW,ADT,SAMP,EFIRE,EX,EFIRE,2/27/2025 9:05,,,,,,,,,,,,,,,,,,,,,,,,,,,02/15/2025 03:00:00 AM,3/3/2025 10:47,2/28/2025 15:01,00665,TPO4,25,0.028,mg/L,+/- 0.003,,SM4500PF,0.002,,,,,93741005,10053219,00665
P155480-6,93741006,93741,Non-WQM,Herbicide_A,SW,ADT,SAMP,EFIRE,EX,EFIRE,2/27/2025 9:06,,,,,,,,,,,,,,,,,,,,,,,,,,,02/16/2025 03:00:00 AM,3/3/2025 10:49,2/28/2025 15:01,00665,TPO4,25,0.026,mg/L,+/- 0.003,,SM4500PF,0.002,,,,,93741006,10053221,00665
P155480-7,93741007,93741,Non-WQM,Herbicide_A,SW,ADT,SAMP,EFIRE,EX,EFIRE,2/27/2025 9:07,,,,,,,,,,,,,,,,,,,,,,,,,,,02/17/2025 03:00:00 AM,3/3/2025 10:58,2/28/2025 15:01,00665,TPO4,25,0.025,mg/L,+/- 0.003,,SM4500PF,0.002,,,,,93741007,10053223,00665
P155480-8,93741008,93741,Non-WQM,Herbicide_A,SW,ADT,SAMP,EFIRE,EX,EFIRE,2/27/2025 9:08,,,,,,,,,,,,,,,,,,,,,,,,,,,02/18/2025 03:00:00 AM,3/3/2025 11:02,2/28/2025 15:01,00665,TPO4,25,0.026,mg/L,+/- 0.003,,SM4500PF,0.002,,,,,93741008,10053225,00665
P155480-9,93741009,93741,Non-WQM,Herbicide_A,SW,ADT,SAMP,EFIRE,EX,EFIRE,2/27/2025 9:09,,,,,,,,,,,,,,,,,,,,,,,,,,,02/19/2025 03:00:00 AM,3/3/2025 11:04,2/28/2025 15:01,00665,TPO4,25,0.027,mg/L,+/- 0.003,,SM4500PF,0.002,,,,,93741009,10053227,00665
P155480-10,93741010,93741,Non-WQM,Herbicide_A,SW,ADT,SAMP,EFIRE,EX,EFIRE,2/27/2025 9:10,,,,,,,,,,,,,,,,,,,,,,,,,,,02/20/2025 03:00:00 AM,3/3/2025 11:06,2/28/2025 15:01,00665,TPO4,25,0.025,mg/L,+/- 0.003,,SM4500PF,0.002,,,,,93741010,10053229,00665
P155480-11,93741011,93741,Non-WQM,Herbicide_A,SW,ADT,SAMP,EFIRE,EX,EFIRE,2/27/2025 9:11,,,,,,,,,,,,,,,,,,,,,,,,,,,02/21/2025 03:00:00 AM,3/3/2025 11:08,2/28/2025 15:01,00665,TPO4,25,0.022,mg/L,+/- 0.002,,SM4500PF,0.002,,,,,93741011,10053231,00665
P155480-12,93741012,93741,Non-WQM,Herbicide_A,SW,ADT,SAMP,EFIRE,EX,EFIRE,2/27/2025 9:12,,,,,,,,,,,,,,,,,,,,,,,,,,,02/22/2025 03:00:00 AM,3/3/2025 11:10,2/28/2025 15:01,00665,TPO4,25,0.021,mg/L,+/- 0.002,,SM4500PF,0.002,,,,,93741012,10053233,00665
P155480-13,93741013,93741,Non-WQM,Herbicide_A,SW,ADT,SAMP,EFIRE,EX,EFIRE,2/27/2025 9:13,,,,,,,,,,,,,,,,,,,,,,,,,,,02/23/2025 03:00:00 AM,3/3/2025 11:11,2/28/2025 15:01,00665,TPO4,25,0.022,mg/L,+/- 0.002,,SM4500PF,0.002,,,,,93741013,10053235,00665
P155480-14,93741014,93741,Non-WQM,Herbicide_A,SW,ADT,SAMP,EFIRE,EX,EFIRE,2/27/2025 9:14,,,,,,,,,,,,,,,,,,,,,,,,,,,02/24/2025 03:00:00 AM,3/3/2025 11:13,2/28/2025 15:01,00665,TPO4,25,0.03,mg/L,+/- 0.003,,SM4500PF,0.002,,,,,93741014,10053237,00665
P155480-15,93741015,93741,Non-WQM,Herbicide_A,SW,ADT,SAMP,EFIRE,EX,EFIRE,2/27/2025 9:15,,,,,,,,,,,,,,,,,,,,,,,,,,,02/25/2025 03:00:00 AM,3/3/2025 11:15,2/28/2025 15:01,00665,TPO4,25,0.026,mg/L,+/- 0.003,,SM4500PF,0.002,,Partial bottle- intake out of water.,,,93741015,10053239,00665
P166180-1,99001001,99001,Non-WQM,Untreated_A,SW,GP,SAMP,EFIRE,EX,EFIRE,8/25/2026 9:55,,,,0.06,,,,,,,,,,,,,,,,,,,,,,,,9/2/2026 12:26,9/1/2026 16:15,00665,TPO4,25,0.029,mg/L,+/- 0.003,,SM4500PF,0.002,,,,,99001001,10640468,00665
P166180-2,99001002,99001,Non-WQM,Herbicide_A,SW,GP,SAMP,EFIRE,EX,EFIRE,8/25/2026 10:10,,,,0.08,,,,,,,,,,,,,,,,,,,,,,,,9/2/2026 12:30,9/1/2026 16:15,00665,TPO4,25,0.022,mg/L,+/- 0.002,,SM4500PF,0.002,,,,,99001002,10640473,00665
P166180-3,99001003,99001,Non-WQM,Burn_Herb_A,SW,GP,SAMP,EFIRE,EX,EFIRE,8/25/2026 10:20,,,,0.10,,,,,,,,,,,,,,,,,,,,,,,,9/2/2026 9:10,9/1/2026 16:15,00665,TPO4,25,0.021,mg/L,+/- 0.002,,SM4500PF,0.002,,,,,99001003,10640478,00665
P166180-4,99001004,99001,Non-WQM,Burn_A,SW,GP,SAMP,EFIRE,EX,EFIRE,8/25/2026 10:40,,,,0.05,,,,,,,,,,,,,,,,,,,,,,,,9/2/2026 9:12,9/1/2026 16:15,00665,TPO4,25,0.017,mg/L,+/- 0.002,,SM4500PF,0.002,,,,,99001004,10640483,00665
P166180-6,99001006,99001,Non-WQM,Burn_B,SW,GP,SAMP,EFIRE,EX,EFIRE,8/25/2026 11:00,,,,0.08,,,,,,,,,,,,,,,,,,,,,,,,9/2/2026 9:27,9/1/2026 16:15,00665,TPO4,25,0.017,mg/L,+/- 0.002,,SM4500PF,0.002,,,,,99001006,10640489,00665
P166180-7,99001007,99001,Non-WQM,Burn_Herb_B,SW,GP,SAMP,EFIRE,EX,EFIRE,8/25/2026 11:15,,,,0.06,,,,,,,,,,,,,,,,,,,,,,,,9/2/2026 9:29,9/1/2026 16:15,00665,TPO4,25,0.02,mg/L,+/- 0.002,,SM4500PF,0.002,,,,,99001007,10640494,00665
P166180-8,99001008,99001,Non-WQM,Herbicide_B,SW,GP,SAMP,EFIRE,EX,EFIRE,8/25/2026 11:25,,,,0.03,,,,,,,,,,,,,,,,,,,,,,,,9/2/2026 9:32,9/1/2026 16:15,00665,TPO4,25,0.022,mg/L,+/- 0.002,,SM4500PF,0.002,,,,,99001008,10640499,00665
P166180-10,99001010,99001,Non-WQM,Burn_Herb_C,SW,GP,SAMP,EFIRE,EX,EFIRE,8/25/2026 11:40,,,,0.12,,,,,,,,,,,,,,,,,,,,,,,,9/2/2026 9:36,9/1/2026 16:15,00665,TPO4,25,0.015,mg/L,+/- 0.002,,SM4500PF,0.002,,,,,99001010,10640505,00665
P166180-11,99001011,99001,Non-WQM,Burn_C,SW,GP,SAMP,EFIRE,EX,EFIRE,8/25/2026 11:50,,,,0.08,,,,,,,,,,,,,,,,,,,,,,,,9/2/2026 9:40,9/1/2026 16:15,00665,TPO4,25,0.017,mg/L,+/- 0.002,,SM4500PF,0.002,,,,,99001011,10640510,00665
P166182-1,99003001,99003,Non-WQM,Untreated_A,SW,GP,SAMP,EFIRE,EX,EFIRE,9/22/2026 9:50,,,,0.23,,,,,,,,,,,,,,,,,,,,,,,,10/6/2026 10:34,10/5/2026 13:35,00665,TPO4,25,0.058,mg/L,+/- 0.004,,SM4500PF,0.002,,,,,99003001,10673842,00665
P166182-2,99003002,99003,Non-WQM,Herbicide_A,SW,GP,SAMP,EFIRE,EX,EFIRE,9/22/2026 10:05,,,,0.21,,,,,,,,,,,,,,,,,,,,,,,,10/6/2026 10:48,10/5/2026 13:35,00665,TPO4,25,0.053,mg/L,+/- 0.004,,SM4500PF,0.002,,,,,99003002,10673847,00665
P166182-3,99003003,99003,Non-WQM,Burn_Herb_A,SW,GP,SAMP,EFIRE,EX,EFIRE,9/22/2026 10:15,,,,0.23,,,,,,,,,,,,,,,,,,,,,,,,10/6/2026 10:53,10/5/2026 13:35,00665,TPO4,25,0.051,mg/L,+/- 0.004,,SM4500PF,0.002,,,,,99003003,10673852,00665
P166182-4,99003004,99003,Non-WQM,Burn_A,SW,GP,SAMP,EFIRE,EX,EFIRE,9/22/2026 10:20,,,,0.24,,,,,,,,,,,,,,,,,,,,,,,,10/6/2026 10:57,10/5/2026 13:35,00665,TPO4,25,0.053,mg/L,+/- 0.004,,SM4500PF,0.002,,,,,99003004,10673857,00665
P166182-5,99003005,99003,Non-WQM,Untreated_B,SW,GP,SAMP,EFIRE,EX,EFIRE,9/22/2026 10:35,,,,0.13,,,,,,,,,,,,,,,,,,,,,,,,10/6/2026 11:01,10/5/2026 13:35,00665,TPO4,25,0.058,mg/L,+/- 0.004,,SM4500PF,0.002,,,,,99003005,10673862,00665
P166182-6,99003006,99003,Non-WQM,Burn_B,SW,GP,SAMP,EFIRE,EX,EFIRE,9/22/2026 10:45,,,,0.24,,,,,,,,,,,,,,,,,,,,,,,,10/6/2026 11:05,10/5/2026 13:35,00665,TPO4,25,0.053,mg/L,+/- 0.004,,SM4500PF,0.002,,,,,99003006,10673867,00665
P166182-7,99003007,99003,Non-WQM,Burn_Herb_B,SW,GP,SAMP,EFIRE,EX,EFIRE,9/22/2026 10:55,,,,0.22,,,,,,,,,,,,,,,,,,,,,,,,10/6/2026 11:10,10/5/2026 13:35,00665,TPO4,25,0.044,mg/L,+/- 0.004,,SM4500PF,0.002,,,,,99003007,10673872,00665
P166182-8,99003008,99003,Non-WQM,Herbicide_B,SW,GP,SAMP,EFIRE,EX,EFIRE,9/22/2026 11:05,,,,0.20,,,,,,,,,,,,,,,,,,,,,,,,10/6/2026 11:14,10/5/2026 13:35,00665,TPO4,25,0.042,mg/L,+/- 0.003,,SM4500PF,0.002,,,,,99003008,10673877,00665
P166182-9,99003009,99003,Non-WQM,Herbicide_C,SW,GP,SAMP,EFIRE,EX,EFIRE,9/22/2026 11:20,,,,0.20,,,,,,,,,,,,,,,,,,,,,,,,10/6/2026 11:18,10/5/2026 13:35,00665,TPO4,25,0.036,mg/L,+/- 0.003,,SM4500PF,0.002,,,,,99003009,10673882,00665
P166182-10,99003010,99003,Non-WQM,Burn_Herb_C,SW,GP,SAMP,EFIRE,EX,EFIRE,9/22/2026 11:30,,,,0.28,,,,,,,,,,,,,,,,,,,,,,,,10/6/2026 11:22,10/5/2026 13:35,00665,TPO4,25,0.043,mg/L,+/- 0.004,,SM4500PF,0.002,,,,,99003010,10673887,00665
P166182-11,99003011,99003,Non-WQM,Burn_C,SW,GP,SAMP,EFIRE,EX,EFIRE,9/22/2026 11:40,,,,0.21,,,,,,,,,,,,,,,,,,,,,,,,10/6/2026 11:25,10/5/2026 13:35,00665,TPO4,25,0.033,mg/L,+/- 0.003,,SM4500PF,0.002,,,,,99003011,10673892,00665
P166182-12,99003012,99003,Non-WQM,Untreated_C,SW,GP,SAMP,EFIRE,EX,EFIRE,9/22/2026 11:50,,,,0.21,,,,,,,,,,,,,,,,,,,,,,,,10/6/2026 11:37,10/5/2026 13:35,00665,TPO4,25,0.045,mg/L,+/- 0.004,,SM4500PF,0.002,,,,,99003012,10673897,00665
P164236-2,98069002,98069,Non-WQM,Untreated_A,SW,GP,SAMP,EFIRE,EX,EFIRE,5/6/2026 9:30,,,,0.08,,,,,,,,,,,,,,,,,,,,,,,,5/21/2026 11:50,5/20/2026 12:24,00665,TPO4,25,0.036,mg/L,+/- 0.003,,SM4500PF,0.002,,,,,98069002,10528922,00665
P164236-3,98069003,98069,Non-WQM,Herbicide_A,SW,GP,SAMP,EFIRE,EX,EFIRE,5/6/2026 10:00,,,,0.07,,,,,,,,,,,,,,,,,,,,,,,,5/21/2026 11:52,5/20/2026 12:24,00665,TPO4,25,0.028,mg/L,+/- 0.003,,SM4500PF,0.002,,Green algae in water column. ,,,98069003,10528927,00665
P164236-4,98069004,98069,Non-WQM,Burn_A,SW,GP,SAMP,EFIRE,EX,EFIRE,5/6/2026 10:30,,,,0.09,,,,,,,,,,,,,,,,,,,,,,,,5/21/2026 11:53,5/20/2026 12:24,00665,TPO4,25,0.028,mg/L,+/- 0.003,,SM4500PF,0.002,,,,,98069004,10528932,00665
P164236-5,98069005,98069,Non-WQM,Untreated_B,SW,GP,SAMP,EFIRE,EX,EFIRE,5/6/2026 10:50,,,,0.04,,,,,,,,,,,,,,,,,,,,,,,,5/21/2026 11:55,5/20/2026 12:24,00665,TPO4,25,0.038,mg/L,+/- 0.003,,SM4500PF,0.002,,,,,98069005,10528937,00665
P164236-6,98069006,98069,Non-WQM,Burn_B,SW,GP,SAMP,EFIRE,EX,EFIRE,5/6/2026 11:01,,,,0.09,,,,,,,,,,,,,,,,,,,,,,,,5/21/2026 11:57,5/20/2026 12:24,00665,TPO4,25,0.031,mg/L,+/- 0.003,,SM4500PF,0.002,,,,,98069006,10528942,00665
P164236-7,98069007,98069,Non-WQM,Burn_Herb_B,SW,GP,SAMP,EFIRE,EX,EFIRE,5/6/2026 11:20,,,,0.10,,,,,,,,,,,,,,,,,,,,,,,,5/21/2026 12:16,5/20/2026 12:24,00665,TPO4,25,0.035,mg/L,+/- 0.003,,SM4500PF,0.002,,,,,98069007,10528947,00665
P164236-8,98069008,98069,Non-WQM,Herbicide_B,SW,GP,SAMP,EFIRE,EX,EFIRE,5/6/2026 11:35,,,,0.06,,,,,,,,,,,,,,,,,,,,,,,,5/21/2026 12:20,5/20/2026 12:24,00665,TPO4,25,0.031,mg/L,+/- 0.003,,SM4500PF,0.002,,,,,98069008,10528952,00665
P164236-9,98069009,98069,Non-WQM,Herbicide_C,SW,GP,SAMP,EFIRE,EX,EFIRE,5/6/2026 12:00,,,,0.06,,,,,,,,,,,,,,,,,,,,,,,,5/21/2026 12:22,5/20/2026 12:24,00665,TPO4,25,0.032,mg/L,+/- 0.003,,SM4500PF,0.002,,,,,98069009,10528957,00665
P164236-10,98069010,98069,Non-WQM,Burn_Herb_C,SW,GP,SAMP,EFIRE,EX,EFIRE,5/6/2026 12:15,,,,0.11,,,,,,,,,,,,,,,,,,,,,,,,5/21/2026 12:24,5/20/2026 12:24,00665,TPO4,25,0.024,mg/L,+/- 0.002,,SM4500PF,0.002,,Floating algae/periphyton. ,,,98069010,10528962,00665
P164236-11,98069011,98069,Non-WQM,Burn_C,SW,GP,SAMP,EFIRE,EX,EFIRE,5/6/2026 12:30,,,,0.13,,,,,,,,,,,,,,,,,,,,,,,,5/21/2026 12:26,5/20/2026 12:24,00665,TPO4,25,0.02,mg/L,+/- 0.002,,SM4500PF,0.002,,,,,98069011,10528967,00665
P164236-12,98069012,98069,Non-WQM,Untreated_C,SW,GP,SAMP,EFIRE,EX,EFIRE,5/6/2026 12:50,,,,0.07,,,,,,,,,,,,,,,,,,,,,,,,5/21/2026 12:27,5/20/2026 12:24,00665,TPO4,25,0.026,mg/L,+/- 0.003,,SM4500PF,0.002,,,,,98069012,10528972,00665
P164236-14,98069014,98069,Non-WQM,Burn_Herb_A,SW,GP,SAMP,EFIRE,EX,EFIRE,5/6/2026 10:15,,,,0.12,,,,,,,,,,,,,,,,,,,,,,,,5/21/2026 12:29,5/20/2026 12:24,00665,TPO4,25,0.031,mg/L,+/- 0.003,,SM4500PF,0.002,,Floating algae/periphyton. ,,,98069014,10528982,00665
P166181-1,99002001,99002,Non-WQM,Untreated_A,SW,GP,SAMP,EFIRE,EX,EFIRE,9/10/2026 9:54,,,,0.22,,,,,,,,,,,,,,,,,,,,,,,,9/18/2026 12:37,9/17/2026 15:42,00665,TPO4,25,0.023,mg/L,+/- 0.002,,SM4500PF,0.002,,,,,99002001,10658664,00665
P166181-2,99002002,99002,Non-WQM,Herbicide_A,SW,GP,SAMP,EFIRE,EX,EFIRE,9/10/2026 10:05,,,,0.22,,,,,,,,,,,,,,,,,,,,,,,,9/18/2026 12:43,9/17/2026 15:42,00665,TPO4,25,0.021,mg/L,+/- 0.002,,SM4500PF,0.002,,,,,99002002,10658669,00665
P166181-3,99002003,99002,Non-WQM,Burn_Herb_A,SW,GP,SAMP,EFIRE,EX,EFIRE,9/10/2026 10:18,,,,0.23,,,,,,,,,,,,,,,,,,,,,,,,9/18/2026 12:46,9/17/2026 15:42,00665,TPO4,25,0.021,mg/L,+/- 0.002,,SM4500PF,0.002,,,,,99002003,10658674,00665
P166181-4,99002004,99002,Non-WQM,Burn_A,SW,GP,SAMP,EFIRE,EX,EFIRE,9/10/2026 10:25,,,,0.18,,,,,,,,,,,,,,,,,,,,,,,,9/18/2026 12:50,9/17/2026 15:42,00665,TPO4,25,0.021,mg/L,+/- 0.002,,SM4500PF,0.002,,,,,99002004,10658679,00665
P166181-5,99002005,99002,Non-WQM,Untreated_B,SW,GP,SAMP,EFIRE,EX,EFIRE,9/10/2026 10:30,,,,0.17,,,,,,,,,,,,,,,,,,,,,,,,9/18/2026 12:54,9/17/2026 15:42,00665,TPO4,25,0.022,mg/L,+/- 0.002,,SM4500PF,0.002,,,,,99002005,10658684,00665
P166181-6,99002006,99002,Non-WQM,Burn_B,SW,GP,SAMP,EFIRE,EX,EFIRE,9/10/2026 10:40,,,,0.24,,,,,,,,,,,,,,,,,,,,,,,,9/18/2026 13:00,9/17/2026 15:42,00665,TPO4,25,0.019,mg/L,+/- 0.002,,SM4500PF,0.002,,,,,99002006,10658689,00665
P166181-7,99002007,99002,Non-WQM,Burn_Herb_B,SW,GP,SAMP,EFIRE,EX,EFIRE,9/10/2026 10:45,,,,0.20,,,,,,,,,,,,,,,,,,,,,,,,9/18/2026 13:03,9/17/2026 15:42,00665,TPO4,25,0.023,mg/L,+/- 0.002,,SM4500PF,0.002,,,,,99002007,10658694,00665
P166181-8,99002008,99002,Non-WQM,Herbicide_B,SW,GP,SAMP,EFIRE,EX,EFIRE,9/10/2026 10:55,,,,0.22,,,,,,,,,,,,,,,,,,,,,,,,9/18/2026 13:07,9/17/2026 15:42,00665,TPO4,25,0.021,mg/L,+/- 0.002,,SM4500PF,0.002,,,,,99002008,10658699,00665
P166181-9,99002009,99002,Non-WQM,Herbicide_C,SW,GP,SAMP,EFIRE,EX,EFIRE,9/10/2026 11:03,,,,0.17,,,,,,,,,,,,,,,,,,,,,,,,9/18/2026 13:11,9/17/2026 15:42,00665,TPO4,25,0.02,mg/L,+/- 0.002,,SM4500PF,0.002,Red algae fleck in water,,,,99002009,10658704,00665
P166181-10,99002010,99002,Non-WQM,Burn_Herb_C,SW,GP,SAMP,EFIRE,EX,EFIRE,9/10/2026 11:12,,,,0.26,,,,,,,,,,,,,,,,,,,,,,,,9/18/2026 13:15,9/17/2026 15:42,00665,TPO4,25,0.019,mg/L,+/- 0.002,,SM4500PF,0.002,,,,,99002010,10658709,00665
P166181-11,99002011,99002,Non-WQM,Burn_C,SW,GP,SAMP,EFIRE,EX,EFIRE,9/10/2026 11:20,,,,0.23,,,,,,,,,,,,,,,,,,,,,,,,9/18/2026 13:26,9/17/2026 15:42,00665,TPO4,25,0.018,mg/L,+/- 0.002,,SM4500PF,0.002,Red algae flecks in water,,,,99002011,10658714,00665
P166181-12,99002012,99002,Non-WQM,Untreated_C,SW,GP,SAMP,EFIRE,EX,EFIRE,9/10/2026 11:28,,,,0.30,,,,,,,,,,,,,,,,,,,,,,,,9/18/2026 13:32,9/17/2026 15:42,00665,TPO4,25,0.02,mg/L,+/- 0.002,,SM4500PF,0.002,,,,,99002012,10658719,00665
P158532-1,95276001,95276,Non-WQM,Untreated_A,SW,GP,SAMP,EFIRE,EX,EFIRE,12/22/2025 10:10,,,,0.05,,,,,,,,,,,,,,,,,,,,,,,,1/8/2026 9:31,1/6/2026 10:36,00665,TPO4,25,0.033,mg/L,+/- 0.003,,SM4500PF,0.002,,,,,95276001,10400837,00665
P158532-2,95276002,95276,Non-WQM,Herbicide_A,SW,GP,SAMP,EFIRE,EX,EFIRE,12/22/2025 10:40,,,,0.07,,,,,,,,,,,,,,,,,,,,,,,,1/8/2026 9:35,1/6/2026 10:36,00665,TPO4,25,0.039,mg/L,+/- 0.003,,SM4500PF,0.002,,,,,95276002,10400842,00665
P158532-3,95276003,95276,Non-WQM,Burn_Herb_A,SW,GP,SAMP,EFIRE,EX,EFIRE,12/22/2025 11:00,,,,0.1,,,,,,,,,,,,,,,,,,,,,,,,1/8/2026 9:39,1/6/2026 10:36,00665,TPO4,25,0.033,mg/L,+/- 0.003,,SM4500PF,0.002,,,,,95276003,10400847,00665
P158532-4,95276004,95276,Non-WQM,Burn_A,SW,GP,SAMP,EFIRE,EX,EFIRE,12/22/2025 11:15,,,,0.1,,,,,,,,,,,,,,,,,,,,,,,,1/8/2026 9:50,1/6/2026 10:36,00665,TPO4,25,0.021,mg/L,+/- 0.002,,SM4500PF,0.002,,,,,95276004,10400852,00665
P158532-5,95276005,95276,Non-WQM,Untreated_B,SW,GP,SAMP,EFIRE,EX,EFIRE,12/22/2025 11:30,,,,0.05,,,,,,,,,,,,,,,,,,,,,,,,1/8/2026 9:56,1/6/2026 10:36,00665,TPO4,25,0.03,mg/L,+/- 0.003,,SM4500PF,0.002,,,,,95276005,10400857,00665
P158532-6,95276006,95276,Non-WQM,Burn_B,SW,GP,SAMP,EFIRE,EX,EFIRE,12/22/2025 11:45,,,,0.1,,,,,,,,,,,,,,,,,,,,,,,,1/8/2026 9:59,1/6/2026 10:36,00665,TPO4,25,0.02,mg/L,+/- 0.002,,SM4500PF,0.002,,,,,95276006,10400862,00665
P158532-7,95276007,95276,Non-WQM,Burn_Herb_B,SW,GP,SAMP,EFIRE,EX,EFIRE,12/22/2025 12:00,,,,0.07,,,,,,,,,,,,,,,,,,,,,,,,1/8/2026 10:03,1/6/2026 10:36,00665,TPO4,25,0.029,mg/L,+/- 0.003,,SM4500PF,0.002,,,,,95276007,10400867,00665
P158532-8,95276008,95276,Non-WQM,Herbicide_B,SW,GP,SAMP,EFIRE,EX,EFIRE,12/22/2025 12:15,,,,0.05,,,,,,,,,,,,,,,,,,,,,,,,1/8/2026 10:07,1/6/2026 10:36,00665,TPO4,25,0.02,mg/L,+/- 0.002,,SM4500PF,0.002,,,,,95276008,10400872,00665
P158532-9,95276009,95276,Non-WQM,Herbicide_C,SW,GP,SAMP,EFIRE,EX,EFIRE,12/22/2025 12:40,,,,0.07,,,,,,,,,,,,,,,,,,,,,,,,1/8/2026 10:13,1/6/2026 10:36,00665,TPO4,25,0.025,mg/L,+/- 0.003,,SM4500PF,0.002,,,,,95276009,10400877,00665
P158532-10,95276010,95276,Non-WQM,Burn_Herb_C,SW,GP,SAMP,EFIRE,EX,EFIRE,12/22/2025 12:55,,,,0.08,,,,,,,,,,,,,,,,,,,,,,,,1/8/2026 10:16,1/6/2026 10:36,00665,TPO4,25,0.026,mg/L,+/- 0.003,,SM4500PF,0.002,,,,,95276010,10400882,00665
P158532-11,95276011,95276,Non-WQM,Burn_C,SW,GP,SAMP,EFIRE,EX,EFIRE,12/22/2025 13:15,,,,0.12,,,,,,,,,,,,,,,,,,,,,,,,1/8/2026 10:20,1/6/2026 10:36,00665,TPO4,25,0.018,mg/L,+/- 0.002,,SM4500PF,0.002,,,,,95276011,10400887,00665
P158532-12,95276012,95276,Non-WQM,Untreated_C,SW,GP,SAMP,EFIRE,EX,EFIRE,12/22/2025 13:25,,,,0.11,,,,,,,,,,,,,,,,,,,,,,,,1/8/2026 10:24,1/6/2026 10:36,00665,TPO4,25,0.023,mg/L,+/- 0.002,,SM4500PF,0.002,,,,,95276012,10400892,00665
P166179-1,99000001,99000,Non-WQM,Untreated_A,SW,GP,SAMP,EFIRE,EX,EFIRE,8/11/2026 9:40,,,,0.06,,,,,,,,,,,,,,,,,,,,,,,,8/25/2026 10:53,8/24/2026 14:27,00665,TPO4,25,0.023,mg/L,+/- 0.002,,SM4500PF,0.002,,,,,99000001,10625543,00665
P166179-2,99000002,99000,Non-WQM,Herbicide_A,SW,GP,SAMP,EFIRE,EX,EFIRE,8/11/2026 10:00,,,,0.11,,,,,,,,,,,,,,,,,,,,,,,,8/25/2026 11:00,8/24/2026 14:27,00665,TPO4,25,0.019,mg/L,+/- 0.002,,SM4500PF,0.002,,,,,99000002,10625548,00665
P166179-3,99000003,99000,Non-WQM,Burn_Herb_A,SW,GP,SAMP,EFIRE,EX,EFIRE,8/11/2026 10:15,,,,0.10,,,,,,,,,,,,,,,,,,,,,,,,8/25/2026 11:04,8/24/2026 14:27,00665,TPO4,25,0.02,mg/L,+/- 0.002,,SM4500PF,0.002,,,,,99000003,10625553,00665
P166179-4,99000004,99000,Non-WQM,Burn_A,SW,GP,SAMP,EFIRE,EX,EFIRE,8/11/2026 10:30,,,,0.12,,,,,,,,,,,,,,,,,,,,,,,,8/25/2026 11:08,8/24/2026 14:27,00665,TPO4,25,0.016,mg/L,+/- 0.002,,SM4500PF,0.002,,,,,99000004,10625558,00665
P166179-6,99000006,99000,Non-WQM,Burn_B,SW,GP,SAMP,EFIRE,EX,EFIRE,8/11/2026 11:05,,,,0.16,,,,,,,,,,,,,,,,,,,,,,,,8/25/2026 11:12,8/24/2026 14:27,00665,TPO4,25,0.015,mg/L,+/- 0.002,,SM4500PF,0.002,,,,,99000006,10625564,00665
P166179-7,99000007,99000,Non-WQM,Burn_Herb_B,SW,GP,SAMP,EFIRE,EX,EFIRE,8/11/2026 11:15,,,,0.10,,,,,,,,,,,,,,,,,,,,,,,,8/25/2026 11:14,8/24/2026 14:27,00665,TPO4,25,0.017,mg/L,+/- 0.002,,SM4500PF,0.002,,,,,99000007,10625569,00665
P166179-8,99000008,99000,Non-WQM,Herbicide_B,SW,GP,SAMP,EFIRE,EX,EFIRE,8/11/2026 11:30,,,,0.05,,,,,,,,,,,,,,,,,,,,,,,,8/25/2026 11:29,8/24/2026 14:27,00665,TPO4,25,0.018,mg/L,+/- 0.002,,SM4500PF,0.002,,,,,99000008,10625574,00665
P166179-9,99000009,99000,Non-WQM,Herbicide_C,SW,GP,SAMP,EFIRE,EX,EFIRE,8/11/2026 11:55,,,,0.05,,,,,,,,,,,,,,,,,,,,,,,,8/25/2026 11:32,8/24/2026 14:27,00665,TPO4,25,0.019,mg/L,+/- 0.002,,SM4500PF,0.002,,,,,99000009,10625579,00665
P166179-10,99000010,99000,Non-WQM,Burn_Herb_C,SW,GP,SAMP,EFIRE,EX,EFIRE,8/11/2026 12:10,,,,0.14,,,,,,,,,,,,,,,,,,,,,,,,8/25/2026 11:36,8/24/2026 14:27,00665,TPO4,25,0.014,mg/L,+/- 0.002,,SM4500PF,0.002,,,,,99000010,10625584,00665
P166179-11,99000011,99000,Non-WQM,Burn_C,SW,GP,SAMP,EFIRE,EX,EFIRE,8/11/2026 12:25,,,,0.07,,,,,,,,,,,,,,,,,,,,,,,,8/25/2026 11:40,8/24/2026 14:27,00665,TPO4,25,0.017,mg/L,+/- 0.002,,SM4500PF,0.002,,,,,99000011,10625589,00665
P166179-12,99000012,99000,Non-WQM,Untreated_C,SW,GP,SAMP,EFIRE,EX,EFIRE,8/11/2026 12:40,,,,0.08,,,,,,,,,,,,,,,,,,,,,,,,8/25/2026 11:48,8/24/2026 14:27,00665,TPO4,25,0.015,mg/L,+/- 0.002,,SM4500PF,0.002,,,,,99000012,10625594,00665
P162250-1,97133001,97133,Non-WQM,Untreated_A,SW,GP,SAMP,EFIRE,EX,EFIRE,6/2/2026 10:00,,,,0.08,,,,,,,,,,,,,,,,,,,,,,,,6/5/2026 10:39,6/4/2026 14:28,00665,TPO4,25,0.043,mg/L,+/- 0.004,,SM4500PF,0.002,,,,,97133001,10554687,00665
P162250-2,97133002,97133,Non-WQM,Herbicide_A,SW,GP,SAMP,EFIRE,EX,EFIRE,6/2/2026 10:35,,,,0.10,,,,,,,,,,,,,,,,,,,,,,,,6/5/2026 10:47,6/4/2026 14:28,00665,TPO4,25,0.04,mg/L,+/- 0.003,,SM4500PF,0.002,,,,,97133002,10554692,00665
P162250-3,97133003,97133,Non-WQM,Burn_Herb_A,SW,GP,SAMP,EFIRE,EX,EFIRE,6/2/2026 10:50,,,,0.12,,,,,,,,,,,,,,,,,,,,,,,,6/5/2026 10:51,6/4/2026 14:28,00665,TPO4,25,0.042,mg/L,+/- 0.003,,SM4500PF,0.002,,,,,97133003,10554697,00665
P162250-4,97133004,97133,Non-WQM,Burn_A,SW,GP,SAMP,EFIRE,EX,EFIRE,6/2/2026 11:05,,,,0.11,,,,,,,,,,,,,,,,,,,,,,,,6/5/2026 10:54,6/4/2026 14:28,00665,TPO4,25,0.028,mg/L,+/- 0.003,,SM4500PF,0.002,,,,,97133004,10554702,00665
P162250-5,97133005,97133,Non-WQM,Untreated_B,SW,GP,SAMP,EFIRE,EX,EFIRE,6/2/2026 11:20,,,,0.06,,,,,,,,,,,,,,,,,,,,,,,,6/5/2026 10:58,6/4/2026 14:28,00665,TPO4,25,0.04,mg/L,+/- 0.003,,SM4500PF,0.002,,,,,97133005,10554707,00665
P162250-6,97133006,97133,Non-WQM,Burn_B,SW,GP,SAMP,EFIRE,EX,EFIRE,6/2/2026 11:30,,,,0.18,,,,,,,,,,,,,,,,,,,,,,,,6/5/2026 11:00,6/4/2026 14:28,00665,TPO4,25,0.026,mg/L,+/- 0.003,,SM4500PF,0.002,,,,,97133006,10554712,00665
P162250-7,97133007,97133,Non-WQM,Burn_Herb_B,SW,GP,SAMP,EFIRE,EX,EFIRE,6/2/2026 11:45,,,,0.10,,,,,,,,,,,,,,,,,,,,,,,,6/5/2026 11:15,6/4/2026 14:28,00665,TPO4,25,0.154,mg/L,+/- 0.011,,SM4500PF,0.002,,Filter turned bright green during processing.  ,,,97133007,10554717,00665
P162250-8,97133008,97133,Non-WQM,Herbicide_B,SW,GP,SAMP,EFIRE,EX,EFIRE,6/2/2026 12:00,,,,0.07,,,,,,,,,,,,,,,,,,,,,,,,6/5/2026 11:19,6/4/2026 14:28,00665,TPO4,25,0.038,mg/L,+/- 0.003,,SM4500PF,0.002,,,,,97133008,10554722,00665
P162250-9,97133009,97133,Non-WQM,Herbicide_C,SW,GP,SAMP,EFIRE,EX,EFIRE,6/2/2026 12:20,,,,0.06,,,,,,,,,,,,,,,,,,,,,,,,6/5/2026 11:23,6/4/2026 14:28,00665,TPO4,25,0.022,mg/L,+/- 0.002,,SM4500PF,0.002,,,,,97133009,10554727,00665
P162250-10,97133010,97133,Non-WQM,Burn_Herb_C,SW,GP,SAMP,EFIRE,EX,EFIRE,6/2/2026 12:40,,,,0.17,,,,,,,,,,,,,,,,,,,,,,,,6/5/2026 11:27,6/4/2026 14:28,00665,TPO4,25,0.03,mg/L,+/- 0.003,,SM4500PF,0.002,,,,,97133010,10554732,00665
P162250-11,97133011,97133,Non-WQM,Burn_C,SW,GP,SAMP,EFIRE,EX,EFIRE,6/2/2026 12:55,,,,0.10,,,,,,,,,,,,,,,,,,,,,,,,6/5/2026 11:28,6/4/2026 14:28,00665,TPO4,25,0.025,mg/L,+/- 0.003,,SM4500PF,0.002,,,,,97133011,10554737,00665
P162250-12,97133012,97133,Non-WQM,Untreated_C,SW,GP,SAMP,EFIRE,EX,EFIRE,6/2/2026 13:10,,,,0.11,,,,,,,,,,,,,,,,,,,,,,,,6/5/2026 11:36,6/4/2026 14:28,00665,TPO4,25,0.035,mg/L,+/- 0.003,,SM4500PF,0.002,,,,,97133012,10554742,00665
P162249-1,97132001,97132,Non-WQM,Untreated_A,SW,GP,SAMP,EFIRE,EX,EFIRE,5/19/2026 10:30,,,,0.10,,,,,,,,,,,,,,,,,,,,,,,,5/29/2026 10:37,5/27/2026 11:15,00665,TPO4,25,0.03,mg/L,+/- 0.003,,SM4500PF,0.002,,,,,97132001,10543231,00665
P162249-2,97132002,97132,Non-WQM,Herbicide_A,SW,GP,SAMP,EFIRE,EX,EFIRE,5/19/2026 11:00,,,,0.09,,,,,,,,,,,,,,,,,,,,,,,,5/29/2026 10:41,5/27/2026 11:15,00665,TPO4,25,0.033,mg/L,+/- 0.003,,SM4500PF,0.002,,Floating periphyton,,,97132002,10543236,00665
P162249-3,97132003,97132,Non-WQM,Burn_Herb_A,SW,GP,SAMP,EFIRE,EX,EFIRE,5/19/2026 11:20,,,,0.12,,,,,,,,,,,,,,,,,,,,,,,,5/29/2026 10:44,5/27/2026 11:15,00665,TPO4,25,0.035,mg/L,+/- 0.003,,SM4500PF,0.002,,,,,97132003,10543241,00665
P162249-4,97132004,97132,Non-WQM,Burn_A,SW,GP,SAMP,EFIRE,EX,EFIRE,5/19/2026 11:35,,,,0.12,,,,,,,,,,,,,,,,,,,,,,,,5/29/2026 10:50,5/27/2026 11:15,00665,TPO4,25,0.025,mg/L,+/- 0.003,,SM4500PF,0.002,,,,,97132004,10543246,00665
P162249-5,97132005,97132,Non-WQM,Untreated_B,SW,GP,SAMP,EFIRE,EX,EFIRE,5/19/2026 11:55,,,,0.04,,,,,,,,,,,,,,,,,,,,,,,,5/29/2026 10:54,5/27/2026 11:15,00665,TPO4,25,0.03,mg/L,+/- 0.003,,SM4500PF,0.002,,,,,97132005,10543251,00665
P162249-6,97132006,97132,Non-WQM,Burn_B,SW,GP,SAMP,EFIRE,EX,EFIRE,5/19/2026 12:15,,,,0.18,,,,,,,,,,,,,,,,,,,,,,,,5/29/2026 10:58,5/27/2026 11:15,00665,TPO4,25,0.031,mg/L,+/- 0.003,,SM4500PF,0.002,,,,,97132006,10543256,00665
P162249-7,97132007,97132,Non-WQM,Burn_Herb_B,SW,GP,SAMP,EFIRE,EX,EFIRE,5/19/2026 12:25,,,,0.07,,,,,,,,,,,,,,,,,,,,,,,,5/29/2026 11:01,5/27/2026 11:15,00665,TPO4,25,0.03,mg/L,+/- 0.003,,SM4500PF,0.002,,,,,97132007,10543261,00665
P162249-8,97132008,97132,Non-WQM,Herbicide_B,SW,GP,SAMP,EFIRE,EX,EFIRE,5/19/2026 12:40,,,,0.05,,,,,,,,,,,,,,,,,,,,,,,,5/29/2026 11:05,5/27/2026 11:15,00665,TPO4,25,0.079,mg/L,+/- 0.006,,SM4500PF,0.002,,,,,97132008,10543266,00665
P162249-9,97132009,97132,Non-WQM,Herbicide_C,SW,GP,SAMP,EFIRE,EX,EFIRE,5/19/2026 13:00,,,,0.07,,,,,,,,,,,,,,,,,,,,,,,,5/29/2026 11:18,5/27/2026 11:15,00665,TPO4,25,0.023,mg/L,+/- 0.002,,SM4500PF,0.002,,,,,97132009,10543271,00665
P162249-10,97132010,97132,Non-WQM,Burn_Herb_C,SW,GP,SAMP,EFIRE,EX,EFIRE,5/19/2026 13:15,,,,0.11,,,,,,,,,,,,,,,,,,,,,,,,5/29/2026 11:22,5/27/2026 11:15,00665,TPO4,25,0.024,mg/L,+/- 0.002,,SM4500PF,0.002,Floating periphyton,,,,97132010,10543276,00665
P162249-11,97132011,97132,Non-WQM,Burn_C,SW,GP,SAMP,EFIRE,EX,EFIRE,5/19/2026 13:25,,,,0.16,,,,,,,,,,,,,,,,,,,,,,,,5/29/2026 11:26,5/27/2026 11:15,00665,TPO4,25,0.03,mg/L,+/- 0.003,,SM4500PF,0.002,,,,,97132011,10543281,00665
P162249-12,97132012,97132,Non-WQM,Untreated_C,SW,GP,SAMP,EFIRE,EX,EFIRE,5/19/2026 13:40,,,,0.12,,,,,,,,,,,,,,,,,,,,,,,,5/29/2026 11:30,5/27/2026 11:15,00665,TPO4,25,0.024,mg/L,+/- 0.002,,SM4500PF,0.002,,,,,97132012,10543286,00665
P166177-1,98998001,98998,Non-WQM,Untreated_A,SW,GP,SAMP,EFIRE,EX,EFIRE,7/15/2026 10:10,,,,0.10,,,,,,,,,,,,,,,,,,,,,,,,7/24/2026 9:52,7/23/2026 14:06,00665,TPO4,25,0.037,mg/L,+/- 0.003,,SM4500PF,0.002,,,,,98998001,10594172,00665
P166177-2,98998002,98998,Non-WQM,Herbicide_A,SW,GP,SAMP,EFIRE,EX,EFIRE,7/15/2026 10:40,,,,0.12,,,,,,,,,,,,,,,,,,,,,,,,7/24/2026 9:56,7/23/2026 14:06,00665,TPO4,25,0.027,mg/L,+/- 0.003,,SM4500PF,0.002,,,,,98998002,10594177,00665
P166177-3,98998003,98998,Non-WQM,Burn_Herb_A,SW,GP,SAMP,EFIRE,EX,EFIRE,7/15/2026 11:10,,,,0.19,,,,,,,,,,,,,,,,,,,,,,,,7/24/2026 10:00,7/23/2026 14:06,00665,TPO4,25,0.026,mg/L,+/- 0.003,,SM4500PF,0.002,,,,,98998003,10594182,00665
P166177-4,98998004,98998,Non-WQM,Burn_A,SW,GP,SAMP,EFIRE,EX,EFIRE,7/15/2026 11:25,,,,0.12,,,,,,,,,,,,,,,,,,,,,,,,7/24/2026 10:18,7/23/2026 14:06,00665,TPO4,25,0.027,mg/L,+/- 0.003,,SM4500PF,0.002,,,,,98998004,10594187,00665
P166177-5,98998005,98998,Non-WQM,Untreated_B,SW,GP,SAMP,EFIRE,EX,EFIRE,7/15/2026 11:40,,,,0.07,,,,,,,,,,,,,,,,,,,,,,,,7/24/2026 10:24,7/23/2026 14:06,00665,TPO4,25,0.033,mg/L,+/- 0.003,,SM4500PF,0.002,,,,,98998005,10594192,00665
P166177-6,98998006,98998,Non-WQM,Burn_B,SW,GP,SAMP,EFIRE,EX,EFIRE,7/15/2026 12:00,,,,0.14,,,,,,,,,,,,,,,,,,,,,,,,7/24/2026 10:28,7/23/2026 14:06,00665,TPO4,25,0.021,mg/L,+/- 0.002,,SM4500PF,0.002,,,,,98998006,10594197,00665
P166177-7,98998007,98998,Non-WQM,Burn_Herb_B,SW,GP,SAMP,EFIRE,EX,EFIRE,7/15/2026 12:15,,,,0.12,,,,,,,,,,,,,,,,,,,,,,,,7/24/2026 10:32,7/23/2026 14:06,00665,TPO4,25,0.03,mg/L,+/- 0.003,,SM4500PF,0.002,,,,,98998007,10594202,00665
P166177-8,98998008,98998,Non-WQM,Herbicide_B,SW,GP,SAMP,EFIRE,EX,EFIRE,7/15/2026 12:30,,,,0.08,,,,,,,,,,,,,,,,,,,,,,,,7/24/2026 13:11,7/23/2026 14:06,00665,TPO4,25,0.03,mg/L,+/- 0.003,,SM4500PF,0.002,,,,,98998008,10594207,00665
P166177-9,98998009,98998,Non-WQM,Herbicide_C,SW,GP,SAMP,EFIRE,EX,EFIRE,7/15/2026 12:50,,,,0.09,,,,,,,,,,,,,,,,,,,,,,,,7/24/2026 10:39,7/23/2026 14:06,00665,TPO4,25,0.026,mg/L,+/- 0.003,,SM4500PF,0.002,,,,,98998009,10594212,00665
P166177-10,98998010,98998,Non-WQM,Burn_Herb_C,SW,GP,SAMP,EFIRE,EX,EFIRE,7/15/2026 13:10,,,,0.15,,,,,,,,,,,,,,,,,,,,,,,,7/24/2026 10:43,7/23/2026 14:06,00665,TPO4,25,0.019,mg/L,+/- 0.002,,SM4500PF,0.002,,,,,98998010,10594217,00665
P166177-11,98998011,98998,Non-WQM,Burn_C,SW,GP,SAMP,EFIRE,EX,EFIRE,7/15/2026 13:30,,,,0.07,,,,,,,,,,,,,,,,,,,,,,,,7/24/2026 10:47,7/23/2026 14:06,00665,TPO4,25,0.02,mg/L,+/- 0.002,,SM4500PF,0.002,,,,,98998011,10594222,00665
P166177-12,98998012,98998,Non-WQM,Untreated_C,SW,GP,SAMP,EFIRE,EX,EFIRE,7/15/2026 13:45,,,,0.07,,,,,,,,,,,,,,,,,,,,,,,,7/24/2026 10:50,7/23/2026 14:06,00665,TPO4,25,0.028,mg/L,+/- 0.003,,SM4500PF,0.002,,,,,98998012,10594227,00665
P166178-1,98999001,98999,Non-WQM,Untreated_A,SW,GP,SAMP,EFIRE,EX,EFIRE,7/28/2026 10:20,,,,0.11,,,,,,,,,,,,,,,,,,,,,,,,8/6/2026 11:32,8/4/2026 14:35,00665,TPO4,25,0.022,mg/L,+/- 0.002,,SM4500PF,0.002,,,,,98999001,10608976,00665
P166178-2,98999002,98999,Non-WQM,Herbicide_A,SW,GP,SAMP,EFIRE,EX,EFIRE,7/28/2026 11:05,,,,0.06,,,,,,,,,,,,,,,,,,,,,,,,8/6/2026 11:45,8/4/2026 14:35,00665,TPO4,25,0.022,mg/L,+/- 0.002,,SM4500PF,0.002,,,,,98999002,10608981,00665
P166178-3,98999003,98999,Non-WQM,Burn_Herb_A,SW,GP,SAMP,EFIRE,EX,EFIRE,7/28/2026 11:20,,,,0.1,,,,,,,,,,,,,,,,,,,,,,,,8/6/2026 11:49,8/4/2026 14:35,00665,TPO4,25,0.021,mg/L,+/- 0.002,,SM4500PF,0.002,,,,,98999003,10608986,00665
P166178-4,98999004,98999,Non-WQM,Burn_A,SW,GP,SAMP,EFIRE,EX,EFIRE,7/28/2026 11:35,,,,0.1,,,,,,,,,,,,,,,,,,,,,,,,8/6/2026 11:52,8/4/2026 14:35,00665,TPO4,25,0.023,mg/L,+/- 0.002,,SM4500PF,0.002,,,,,98999004,10608991,00665
P166178-5,98999005,98999,Non-WQM,Untreated_B,SW,GP,SAMP,EFIRE,EX,EFIRE,7/28/2026 11:50,,,,0.03,,,,,,,,,,,,,,,,,,,,,,,,8/6/2026 11:56,8/4/2026 14:35,00665,TPO4,25,0.023,mg/L,+/- 0.002,,SM4500PF,0.002,,,,,98999005,10608996,00665
P166178-6,98999006,98999,Non-WQM,Burn_B,SW,GP,SAMP,EFIRE,EX,EFIRE,7/28/2026 12:05,,,,0.12,,,,,,,,,,,,,,,,,,,,,,,,8/6/2026 12:00,8/4/2026 14:35,00665,TPO4,25,0.02,mg/L,+/- 0.002,,SM4500PF,0.002,,,,,98999006,10609001,00665
P166178-7,98999007,98999,Non-WQM,Burn_Herb_B,SW,GP,SAMP,EFIRE,EX,EFIRE,7/28/2026 12:20,,,,0.08,,,,,,,,,,,,,,,,,,,,,,,,8/6/2026 12:06,8/4/2026 14:35,00665,TPO4,25,0.024,mg/L,+/- 0.002,,SM4500PF,0.002,,Ash from nearby fire present at site.,,,98999007,10609006,00665
P166178-8,98999008,98999,Non-WQM,Herbicide_B,SW,GP,SAMP,EFIRE,EX,EFIRE,7/28/2026 12:40,,,,0.06,,,,,,,,,,,,,,,,,,,,,,,,8/6/2026 12:09,8/4/2026 14:35,00665,TPO4,25,0.027,mg/L,+/- 0.003,,SM4500PF,0.002,,Ash present at site,,,98999008,10609011,00665
P166178-9,98999009,98999,Non-WQM,Herbicide_C,SW,GP,SAMP,EFIRE,EX,EFIRE,7/28/2026 12:55,,,,0.04,,,,,,,,,,,,,,,,,,,,,,,,8/6/2026 12:13,8/4/2026 14:35,00665,TPO4,25,0.023,mg/L,+/- 0.002,,SM4500PF,0.002,,Ash present at site,,,98999009,10609016,00665
P166178-10,98999010,98999,Non-WQM,Burn_Herb_C,SW,GP,SAMP,EFIRE,EX,EFIRE,7/28/2026 13:15,,,,0.07,,,,,,,,,,,,,,,,,,,,,,,,8/6/2026 12:17,8/4/2026 14:35,00665,TPO4,25,0.018,mg/L,+/- 0.002,,SM4500PF,0.002,,Ash present at site,,Y,98999010,10609021,00665
P166178-11,98999011,98999,Non-WQM,Burn_C,SW,GP,SAMP,EFIRE,EX,EFIRE,7/28/2026 13:30,,,,0.05,,,,,,,,,,,,,,,,,,,,,,,,8/6/2026 12:21,8/4/2026 14:35,00665,TPO4,25,0.021,mg/L,+/- 0.002,,SM4500PF,0.002,,Ash present at site,,,98999011,10609026,00665
P166178-12,98999012,98999,Non-WQM,Untreated_C,SW,GP,SAMP,EFIRE,EX,EFIRE,7/28/2026 13:45,,,,0.04,,,,,,,,,,,,,,,,,,,,,,,,8/6/2026 12:34,8/4/2026 14:35,00665,TPO4,25,0.022,mg/L,+/- 0.002,,SM4500PF,0.002,,Ash present at site,,,98999012,10609031,00665
P167151-1,99471001,99471,Non-WQM,Untreated_A,SW,GP,SAMP,EFIRE,EX,EFIRE,6/30/2026 9:40,,,,0.10,,,,,,,,,,,,,,,,,,,,,,,,7/15/2026 12:09,7/14/2026 15:00,00665,TPO4,25,0.03,mg/L,+/- 0.003,,SM4500PF,0.002,,,,,99471001,10581479,00665
P167151-2,99471002,99471,Non-WQM,Herbicide_A,SW,GP,SAMP,EFIRE,EX,EFIRE,6/30/2026 10:00,,,,0.07,,,,,,,,,,,,,,,,,,,,,,,,7/15/2026 12:13,7/14/2026 15:00,00665,TPO4,25,0.033,mg/L,+/- 0.003,,SM4500PF,0.002,,,,,99471002,10581484,00665
P167151-3,99471003,99471,Non-WQM,Burn_Herb_A,SW,GP,SAMP,EFIRE,EX,EFIRE,6/30/2026 10:20,,,,0.15,,,,,,,,,,,,,,,,,,,,,,,,7/15/2026 12:16,7/14/2026 15:00,00665,TPO4,25,0.04,mg/L,+/- 0.003,,SM4500PF,0.002,,,,,99471003,10581489,00665
P167151-4,99471004,99471,Non-WQM,Burn_A,SW,GP,SAMP,EFIRE,EX,EFIRE,6/30/2026 10:35,,,,0.06,,,,,,,,,,,,,,,,,,,,,,,,7/15/2026 12:22,7/14/2026 15:00,00665,TPO4,25,0.025,mg/L,+/- 0.003,,SM4500PF,0.002,,,,,99471004,10581494,00665
P167151-6,99471006,99471,Non-WQM,Burn_B,SW,GP,SAMP,EFIRE,EX,EFIRE,6/30/2026 10:55,,,,0.09,,,,,,,,,,,,,,,,,,,,,,,,7/15/2026 12:26,7/14/2026 15:00,00665,TPO4,25,0.021,mg/L,+/- 0.002,,SM4500PF,0.002,,,,,99471006,10581500,00665
P167151-7,99471007,99471,Non-WQM,Burn_Herb_B,SW,GP,SAMP,EFIRE,EX,EFIRE,6/30/2026 11:10,,,,0.08,,,,,,,,,,,,,,,,,,,,,,,,7/15/2026 12:30,7/14/2026 15:00,00665,TPO4,25,0.029,mg/L,+/- 0.003,,SM4500PF,0.002,,,,,99471007,10581505,00665
P167151-8,99471008,99471,Non-WQM,Herbicide_B,SW,GP,SAMP,EFIRE,EX,EFIRE,6/30/2026 11:30,,,,0.05,,,,,,,,,,,,,,,,,,,,,,,,7/15/2026 12:34,7/14/2026 15:00,00665,TPO4,25,0.029,mg/L,+/- 0.003,,SM4500PF,0.002,,,,,99471008,10581510,00665
P167151-10,99471010,99471,Non-WQM,Burn_Herb_C,SW,GP,SAMP,EFIRE,EX,EFIRE,6/30/2026 11:55,,,,0.12,,,,,,,,,,,,,,,,,,,,,,,,7/15/2026 12:37,7/14/2026 15:00,00665,TPO4,25,0.024,mg/L,+/- 0.002,,SM4500PF,0.002,,,,,99471010,10581516,00665
P167151-11,99471011,99471,Non-WQM,Burn_C,SW,GP,SAMP,EFIRE,EX,EFIRE,6/30/2026 12:10,,,,0.07,,,,,,,,,,,,,,,,,,,,,,,,7/15/2026 12:49,7/14/2026 15:00,00665,TPO4,25,0.03,mg/L,+/- 0.003,,SM4500PF,0.002,,,,,99471011,10581521,00665
P167151-12,99471012,99471,Non-WQM,Untreated_C,SW,GP,SAMP,EFIRE,EX,EFIRE,6/30/2026 12:25,,,,0.11,,,,,,,,,,,,,,,,,,,,,,,,7/15/2026 12:54,7/14/2026 15:00,00665,TPO4,25,0.026,mg/L,+/- 0.003,,SM4500PF,0.002,,,,,99471012,10581526,00665
P155440-13,93720013,93720,Non-WQM,Untreated_A,DI,GP,FCEB,EFIRE,EX,EFIRE,3/25/2025 10:07,,,,,,,,,,,,,,,,,,,,,,,,,,,,3/28/2025 14:33,3/27/2025 14:27,00665,TPO4,25,0.002,mg/L,+/- 0.002,U,SM4500PF,0.002,,"DI 8186 through peristaltic pump tubing to bucket to sample bottles. Tray Flyers, bucket Kracker, filter lot 18197628, SA lot 072328.",,,93720013,10084963,00665
P158401-13,95205013,95205,Non-WQM,Untreated_A,DI,GP,FCEB,EFIRE,EX,EFIRE,8/26/2025 10:00,,,,,,,,,,,,,,,,,,,,,,,,,,,,9/4/2025 15:07,9/3/2025 9:38,00665,TPO4,25,0.002,mg/L,+/- 0.002,U,SM4500PF,0.002,,,,,95205013,10267380,00665
P158402-13,95206013,95206,Non-WQM,Untreated_A,DI,GP,FCEB,EFIRE,EX,EFIRE,9/9/2025 10:07,,,,,,,,,,,,,,,,,,,,,,,,,,,,9/18/2025 13:36,9/16/2025 13:55,00665,TPO4,25,0.002,mg/L,+/- 0.002,U,SM4500PF,0.002,,,,,95206013,10282968,00665
P158519-13,95270013,95270,Non-WQM,Untreated_A,DI,GP,FCEB,EFIRE,EX,EFIRE,9/24/2025 10:00,,,,,,,,,,,,,,,,,,,,,,,,,,,,10/7/2025 13:22,10/6/2025 13:22,00665,TPO4,25,0.002,mg/L,+/- 0.002,I,SM4500PF,0.002,,,,,95270013,10303482,00665
P155444-13,93724013,93724,Non-WQM,Untreated_A,DI,GP,FCEB,EFIRE,EX,EFIRE,1/28/2025 10:30,,,,,,,,,,,,,,,,,,,,,,,,,,,,1/30/2025 14:29,1/29/2025 13:25,00665,TPO4,25,0.002,mg/L,+/- 0.002,U,SM4500PF,0.002,,"DI 8174 through peristaltic pump tubing to bucket to sample bottles. Bucket Dexter, tray Wild Bill, SA lot 072823, filter lot 81724837.",,,93724013,10014009,00665
P158400-13,95204013,95204,Non-WQM,Untreated_A,DI,GP,FCEB,EFIRE,EX,EFIRE,7/30/2025 10:18,,,,,,,,,,,,,,,,,,,,,,,,,,,,8/13/2025 11:30,8/12/2025 16:06,00665,TPO4,25,0.002,mg/L,+/- 0.002,U,SM4500PF,0.002,,,,,95204013,10232879,00665
P155744-13,93874013,93874,Non-WQM,Untreated_A,DI,GP,FCEB,EFIRE,EX,EFIRE,5/8/2025 9:40,,,,,,,,,,,,,,,,,,,,,,,,,,,,5/12/2025 13:04,5/9/2025 16:44,00665,TPO4,25,0.002,mg/L,+/- 0.002,U,SM4500PF,0.002,,"DI 8235 through peristaltic pump tubing to bucket to sample bottles. Bucket Chimichanga, Tray Trip, SA 072823, Filter lot 17866092.",,,93874013,10135425,00665
P155740-13,93870013,93870,Non-WQM,Untreated_A,DI,GP,FCEB,EFIRE,EX,EFIRE,4/14/2025 10:30,,,,,,,,,,,,,,,,,,,,,,,,,,,,4/18/2025 11:42,4/17/2025 16:10,00665,TPO4,25,0.002,mg/L,+/- 0.002,U,SM4500PF,0.002,,"DI 8216 through peristaltic pump to bucket. Tray Sheba, Bucket Scooter, filter 18278596, SA lot 072823.",,,93870013,10105875,00665
P155741-13,93871013,93871,Non-WQM,Untreated_A,DI,GP,FCEB,EFIRE,EX,EFIRE,4/16/2025 10:10,,,,,,,,,,,,,,,,,,,,,,,,,,,,4/18/2025 12:08,4/17/2025 16:10,00665,TPO4,25,0.002,mg/L,+/- 0.002,U,SM4500PF,0.002,,"DI 8213 through peristaltic pump tubing to bucket to sample bottles. Bucket Scooter, Tray ELC 11, SA 072823, filter 18181938.",,,93871013,10111028,00665
P158398-13,95202013,95202,Non-WQM,Untreated_A,DI,GP,FCEB,EFIRE,EX,EFIRE,7/1/2025 9:55,,,,,,,,,,,,,,,,,,,,,,,,,,,,7/16/2025 15:20,7/14/2025 11:55,00665,TPO4,25,0.002,mg/L,+/- 0.002,U,SM4500PF,0.002,,PC22|FCEB collected thru all sampling equipment.,,,95202013,10195434,00665
P158529-13,95273013,95273,Non-WQM,Untreated_A,DI,GP,FCEB,EFIRE,EX,EFIRE,11/4/2025 10:00,,,,,,,,,,,,,,,,,,,,,,,,,,,,11/17/2025 13:15,11/14/2025 16:11,00665,TPO4,25,0.002,mg/L,+/- 0.002,U,SM4500PF,0.002,,,,,95273013,10353950,00665
P158530-13,95274013,95274,Non-WQM,Untreated_A,DI,GP,FCEB,EFIRE,EX,EFIRE,11/18/2025 10:20,,,,,,,,,,,,,,,,,,,,,,,,,,,,11/25/2025 15:26,11/25/2025 10:10,00665,TPO4,25,0.002,mg/L,+/- 0.002,U,SM4500PF,0.002,,"DI 8369 through peristaltic pump tubing to bucket to sample bottles. Bucket Wille, tray Flyers, filter 18278596, SA 072823.",,,95274013,10368862,00665
P160184-13,96090013,96090,Non-WQM,Untreated_A,DI,GP,FCEB,EFIRE,EX,EFIRE,8/12/2025 10:08,,,,,,,,,,,,,,,,,,,,,,,,,,,,8/22/2025 14:40,8/21/2025 16:32,00665,TPO4,25,0.002,mg/L,+/- 0.002,U,SM4500PF,0.002,,,,,96090013,10248097,00665
P154830-13,93426013,93426,Non-WQM,Untreated_A,DI,GP,FCEB,EFIRE,EX,EFIRE,11/19/2024 10:30,,,,,,,,,,,,,,,,,,,,,,,,,,,,12/6/2024 9:41,12/5/2024 14:10,00665,TPO4,25,0.002,mg/L,+/- 0.002,U,SM4500PF,0.002,,"DI 8103 through peristaltic pump tubing to bucket to sample bottles. H2SO4 lot 072823, filter lot 17879938. Bucket- Maggie, Tray- Flyers.",,,93426013,9945567,00665
P154869-15,93446015,93446,Non-WQM,Untreated_A,DI,ADT,FCEB,EFIRE,EX,EFIRE,12/4/2024 10:20,,,,,,,,,,,,,,,,,,,,,,,,,,,12/04/2024 10:20:00 AM,12/12/2024 11:45,12/11/2024 15:04,00665,TPO4,25,0.002,mg/L,+/- 0.002,I,SM4500PF,0.002,,DI water in 2L bottle through autosampler tubing to sample bottle.,,,93446015,9945921,00665
P155439-13,93719013,93719,Non-WQM,Untreated_A,DI,GP,FCEB,EFIRE,EX,EFIRE,2/26/2025 10:20,,,,,,,,,,,,,,,,,,,,,,,,,,,,2/28/2025 14:06,2/27/2025 14:39,00665,TPO4,25,0.002,mg/L,+/- 0.002,U,SM4500PF,0.002,,"DI 8174 through peristaltic pump tubing to bucket to sample bottles. Tray 3, bucket Chimichanga, filter G8825136, SA 072823. Ash in the air from nearby burn.",,,93719013,10052429,00665
P166180-13,99001013,99001,Non-WQM,Burn_Herb_A,DI,GP,FCEB,EFIRE,EX,EFIRE,8/25/2026 10:30,,,,,,,,,,,,,,,,,,,,,,,,,,,,9/2/2026 9:42,9/1/2026 16:15,00665,TPO4,25,0.002,mg/L,+/- 0.002,U,SM4500PF,0.002,,FCEB collected thru all sampling equipment,,,99001013,10640514,00665
P166182-13,99003013,99003,Non-WQM,Untreated_A,DI,GP,FCEB,EFIRE,EX,EFIRE,9/22/2026 9:55,,,,,,,,,,,,,,,,,,,,,,,,,,,,10/6/2026 11:41,10/5/2026 13:35,00665,TPO4,25,0.002,mg/L,+/- 0.002,U,SM4500PF,0.002,,FCEB collected through all sampling equipment.,,,99003013,10673900,00665
P164236-13,98069013,98069,Non-WQM,Untreated_A,DI,GP,FCEB,EFIRE,EX,EFIRE,5/6/2026 9:45,,,,,,,,,,,,,,,,,,,,,,,,,,,,5/21/2026 12:36,5/20/2026 12:24,00665,TPO4,25,0.002,mg/L,+/- 0.002,U,SM4500PF,0.002,,FCEB collected through all sampling equipment. ,,,98069013,10528975,00665
P166181-13,99002013,99002,Non-WQM,Herbicide_A,DI,GP,FCEB,EFIRE,EX,EFIRE,9/10/2026 10:15,,,,,,,,,,,,,,,,,,,,,,,,,,,,9/18/2026 13:55,9/17/2026 15:42,00665,TPO4,25,0.002,mg/L,+/- 0.002,U,SM4500PF,0.002,,FCEB ran thru all sampling equipment. ,,,99002013,10658722,00665
P158532-13,95276013,95276,Non-WQM,Untreated_A,DI,GP,FCEB,EFIRE,EX,EFIRE,12/22/2025 10:30,,,,,,,,,,,,,,,,,,,,,,,,,,,,1/8/2026 10:26,1/6/2026 10:36,00665,TPO4,25,0.002,mg/L,+/- 0.002,U,SM4500PF,0.002,,"DI 8394 through peristaltic pump tubing to bucket to sample bottles. Bucket Mjolner, tray Rocky. SA lot 072823, filter whatman polydisc 18230857.",,,95276013,10400895,00665
P166179-13,99000013,99000,Non-WQM,Untreated_A,DI,GP,FCEB,EFIRE,EX,EFIRE,8/11/2026 9:50,,,,,,,,,,,,,,,,,,,,,,,,,,,,8/25/2026 11:44,8/24/2026 14:27,00665,TPO4,25,0.002,mg/L,+/- 0.002,U,SM4500PF,0.002,,FCEB collected through all sampling equipment,,,99000013,10625597,00665
P162250-13,97133013,97133,Non-WQM,Untreated_A,DI,GP,FCEB,EFIRE,EX,EFIRE,6/2/2026 10:20,,,,,,,,,,,,,,,,,,,,,,,,,,,,6/5/2026 11:37,6/4/2026 14:28,00665,TPO4,25,0.002,mg/L,+/- 0.002,U,SM4500PF,0.002,,,,,97133013,10554745,00665
P162249-13,97132013,97132,Non-WQM,Untreated_A,DI,GP,FCEB,EFIRE,EX,EFIRE,5/19/2026 10:50,,,,,,,,,,,,,,,,,,,,,,,,,,,,5/29/2026 11:34,5/27/2026 11:15,00665,TPO4,25,0.002,mg/L,+/- 0.002,U,SM4500PF,0.002,,FCEB collected thru all sampling equipment.,,,97132013,10543289,00665
P166177-13,98998013,98998,Non-WQM,Herbicide_A,DI,GP,FCEB,EFIRE,EX,EFIRE,7/15/2026 10:50,,,,,,,,,,,,,,,,,,,,,,,,,,,,7/24/2026 10:53,7/23/2026 14:06,00665,TPO4,25,0.002,mg/L,+/- 0.002,U,SM4500PF,0.002,,FCEB ran through all sampling equipment,,,98998013,10594230,00665
P166178-13,98999013,98999,Non-WQM,Herbicide_A,DI,GP,FCEB,EFIRE,EX,EFIRE,7/28/2026 10:52,,,,,,,,,,,,,,,,,,,,,,,,,,,,8/6/2026 12:37,8/4/2026 14:35,00665,TPO4,25,0.002,mg/L,+/- 0.002,U,SM4500PF,0.002,,DI 8491 through peristaltic pump tubing to bucket to sample bottles.,,,98999013,10609034,00665
P167151-13,99471013,99471,Non-WQM,Burn_Herb_B,DI,GP,FCEB,EFIRE,EX,EFIRE,6/30/2026 11:10,,,,,,,,,,,,,,,,,,,,,,,,,,,,7/15/2026 12:57,7/14/2026 15:00,00665,TPO4,25,0.002,mg/L,+/- 0.002,U,SM4500PF,0.002,,FCEB collected thru all sampling equipment.,,,99471013,10581529,00665
P157255-19,94625019,94625,Non-WQM,Untreated_A,DI,G,FB,EFIRE,EX,EFIRE,4/14/2025 14:19,,,,,,,,,,,,,,,,,,,,,,,,,,,,4/18/2025 10:26,4/17/2025 16:10,00665,TPO4,25,0.002,mg/L,+/- 0.002,U,SM4500PF,0.002,,,,,94625019,10105388,00665
P155506-19,93755019,93755,Non-WQM,Burn_A,DI,G,FB,EFIRE,EX,EFIRE,3/26/2025 10:38,,,,,,,,,,,,,,,,,,,,,,,,,,,,4/2/2025 13:03,4/1/2025 16:40,00665,TPO4,25,0.002,mg/L,+/- 0.002,U,SM4500PF,0.002,,,,,93755019,10086187,00665
P157280-19,94638019,94638,Non-WQM,Herbicide_A,DI,G,FB,EFIRE,EX,EFIRE,5/1/2025 10:19,,,,,,,,,,,,,,,,,,,,,,,,,,,,5/12/2025 10:54,5/9/2025 16:44,00665,TPO4,25,0.002,mg/L,+/- 0.002,U,SM4500PF,0.002,,,,,94638019,10127352,00665
P157271-19,94633019,94633,Non-WQM,Burn_Herb_A,DI,G,FB,EFIRE,EX,EFIRE,4/17/2025 9:19,,,,,,,,,,,,,,,,,,,,,,,,,,,,4/18/2025 13:31,4/17/2025 16:10,00665,TPO4,25,0.002,mg/L,+/- 0.002,U,SM4500PF,0.002,,,,,94633019,10112716,00665
P156554-19,94285019,94285,Non-WQM,Untreated_A,DI,G,FB,EFIRE,EX,EFIRE,1/29/2025 10:19,,,,,,,,,,,,,,,,,,,,,,,,,,,,1/31/2025 11:12,1/30/2025 15:26,00665,TPO4,25,0.002,mg/L,+/- 0.002,U,SM4500PF,0.002,,FB-FOC DI tap.,,,94285019,10015213,00665
P155492-19,93747019,93747,Non-WQM,Untreated_A,DI,G,FB,EFIRE,EX,EFIRE,2/27/2025 9:59,,,,,,,,,,,,,,,,,,,,,,,,,,,,3/3/2025 11:58,2/28/2025 15:01,00665,TPO4,25,0.002,mg/L,+/- 0.002,U,SM4500PF,0.002,,,,,93747019,10053209,00665
P155729-19,93867019,93867,Non-WQM,Burn_Herb_A,DI,G,FB,EFIRE,EX,EFIRE,2/27/2025 8:19,,,,,,,,,,,,,,,,,,,,,,,,,,,,3/3/2025 12:41,2/28/2025 15:01,00665,TPO4,25,0.002,mg/L,+/- 0.002,U,SM4500PF,0.002,,Field blank- FOC DI tap,,,93867019,10053290,00665
P156552-19,94284019,94284,Non-WQM,Herbicide_A,DI,GP,FB,EFIRE,EX,EFIRE,1/29/2025 12:50,,,,,,,,,,,,,,,,,,,,,,,,,,,,1/31/2025 11:50,1/30/2025 15:26,00665,TPO4,25,0.002,mg/L,+/- 0.002,U,SM4500PF,0.002,,,,,94284019,10015241,00665
P155727-19,93865019,93865,Non-WQM,Burn_Herb_A,DI,G,FB,EFIRE,EX,EFIRE,1/15/2025 11:19,,,,,,,,,,,,,,,,,,,,,,,,,,,,1/24/2025 11:13,1/23/2025 14:01,00665,TPO4,25,0.002,mg/L,+/- 0.002,U,SM4500PF,0.002,"FOC DI tap, SA lot 072823",,,,93865019,9996769,00665
P155477-19,93738019,93738,Non-WQM,Herbicide_A,DI,ADT,FB,EFIRE,EX,EFIRE,1/2/2025 10:15,,,,,,,,,,,,,,,,,,,,,,,,,,,,1/8/2025 14:02,1/7/2025 12:50,00665,TPO4,25,0.002,mg/L,+/- 0.002,U,SM4500PF,0.002,,DI from FOC lab in 2L bottle into sample.,,,93738019,9976185,00665
P157256-19,94626019,94626,Non-WQM,Untreated_A,DI,G,FB,EFIRE,EX,EFIRE,5/1/2025 10:19,,,,,,,,,,,,,,,,,,,,,,,,,,,,5/12/2025 10:48,5/9/2025 16:44,00665,TPO4,25,0.002,mg/L,+/- 0.002,U,SM4500PF,0.002,,,,,94626019,10127336,00665
P157272-19,94634019,94634,Non-WQM,Burn_Herb_A,DI,G,FB,EFIRE,EX,EFIRE,5/1/2025 10:19,,,,,,,,,,,,,,,,,,,,,,,,,,,,5/12/2025 11:29,5/9/2025 16:44,00665,TPO4,25,0.002,mg/L,+/- 0.002,U,SM4500PF,0.002,,,,,94634019,10127393,00665
P157264-19,94630019,94630,Non-WQM,Burn_A,DI,G,FB,EFIRE,EX,EFIRE,4/21/2025 10:19,,,,,,,,,,,,,,,,,,,,,,,,,,,,5/12/2025 12:07,5/9/2025 16:44,00665,TPO4,25,0.002,mg/L,+/- 0.002,U,SM4500PF,0.002,,DI water from FOC lab.,,,94630019,10127502,00665
P155478-19,93739019,93739,Non-WQM,Herbicide_A,DI,G,FB,EFIRE,EX,EFIRE,1/15/2025 10:19,,,,,,,,,,,,,,,,,,,,,,,,,,,,1/21/2025 10:43,1/17/2025 16:23,00665,TPO4,25,0.002,mg/L,+/- 0.002,U,SM4500PF,0.002,,"FOC DI tap water, SA lot 072823",,,93739019,9996741,00665
P155491-19,93746019,93746,Non-WQM,Untreated_A,DI,GP,FB,EFIRE,EX,EFIRE,2/11/2025 9:19,,,,,,,,,,,,,,,,,,,,,,,,,,,,2/13/2025 12:16,2/12/2025 14:36,00665,TPO4,25,0.002,mg/L,+/- 0.002,U,SM4500PF,0.002,,,,,93746019,10032203,00665
P157279-19,94637019,94637,Non-WQM,Herbicide_A,DI,G,FB,EFIRE,EX,EFIRE,4/14/2025 14:19,,,,,,,,,,,,,,,,,,,,,,,,,,,,4/18/2025 11:06,4/17/2025 16:10,00665,TPO4,25,0.002,mg/L,+/- 0.002,U,SM4500PF,0.002,,,,,94637019,10105849,00665
P155490-19,93745019,93745,Non-WQM,Untreated_A,DI,G,FB,EFIRE,EX,EFIRE,1/15/2025 9:19,,,,,,,,,,,,,,,,,,,,,,,,,,,,1/21/2025 11:24,1/17/2025 16:23,00665,TPO4,25,0.002,mg/L,+/- 0.002,U,SM4500PF,0.002,,"FOC DI Tap, SA Lot 072823",,,93745019,9996628,00665
P155479-19,93740019,93740,Non-WQM,Herbicide_A,DI,GP,FB,EFIRE,EX,EFIRE,2/11/2025 10:19,,,,,,,,,,,,,,,,,,,,,,,,,,,,2/13/2025 12:54,2/12/2025 14:36,00665,TPO4,25,0.002,mg/L,+/- 0.002,U,SM4500PF,0.002,,FB- FOC DI tap water.,,,93740019,10032274,00665
P156550-19,94283019,94283,Non-WQM,Burn_Herb_A,DI,GP,FB,EFIRE,EX,EFIRE,1/29/2025 9:19,,,,,,,,,,,,,,,,,,,,,,,,,,,,1/31/2025 10:35,1/30/2025 15:26,00665,TPO4,25,0.002,mg/L,+/- 0.002,U,SM4500PF,0.002,,,,,94283019,10015183,00665
P155482-19,93743019,93743,Non-WQM,Herbicide_A,DI,G,FB,EFIRE,EX,EFIRE,3/26/2025 9:19,,,,,,,,,,,,,,,,,,,,,,,,,,,,4/2/2025 12:43,4/1/2025 16:40,00665,TPO4,25,0.002,mg/L,+/- 0.002,U,SM4500PF,0.002,,FB- FOC DI tap,,,93743019,10086045,00665
P155501-19,93750019,93750,Non-WQM,Burn_A,DI,GP,FB,EFIRE,EX,EFIRE,1/2/2025 12:15,,,,,,,,,,,,,,,,,,,,,,,,,,,,1/8/2025 12:04,1/7/2025 12:50,00665,TPO4,25,0.002,mg/L,+/- 0.002,U,SM4500PF,0.002,,,,,93750019,9976293,00665
P155489-19,93744019,93744,Non-WQM,Untreated_A,DI,ADT,FB,EFIRE,EX,EFIRE,1/2/2025 9:18,,,,,,,,,,,,,,,,,,,,,,,,,,,,1/8/2025 12:48,1/7/2025 12:50,00665,TPO4,25,0.002,mg/L,+/- 0.002,U,SM4500PF,0.002,,DI from FOC lab in 2L bottle into sample bottle.,,,93744019,9976217,00665
P155728-19,93866019,93866,Non-WQM,Burn_Herb_A,DI,GP,FB,EFIRE,EX,EFIRE,2/11/2025 11:19,,,,,,,,,,,,,,,,,,,,,,,,,,,,2/13/2025 13:33,2/12/2025 14:36,00665,TPO4,25,0.002,mg/L,+/- 0.002,U,SM4500PF,0.002,,,,,93866019,10032338,00665
P155726-19,93864019,93864,Non-WQM,Burn_Herb_A,DI,GP,FB,EFIRE,EX,EFIRE,1/2/2025 11:15,,,,,,,,,,,,,,,,,,,,,,,,,,,,1/8/2025 13:32,1/7/2025 12:50,00665,TPO4,25,0.002,mg/L,+/- 0.002,U,SM4500PF,0.002,,,,,93864019,9976020,00665
P155480-19,93741019,93741,Non-WQM,Herbicide_A,DI,G,FB,EFIRE,EX,EFIRE,2/27/2025 9:19,,,,,,,,,,,,,,,,,,,,,,,,,,,,3/3/2025 11:17,2/28/2025 15:01,00665,TPO4,25,0.002,mg/L,+/- 0.002,U,SM4500PF,0.002,,field blank- FOC DI tap,,,93741019,10053241,00665
P158401-14,95205014,95205,Non-WQM,OCS,,,OCS,EFIRE,EX,,8/26/2025 15:11,,,,,,,,,,,,,,,,,,,,,,,,,,,,9/4/2025 9:53,,NOBO,No Bottle,225,0,UNITS,,,,,,"NOB, no sonde used. ",,,95205014,10267381,NOBO
P158402-14,95206014,95206,Non-WQM,OCS,,,OCS,EFIRE,EX,,9/9/2025 15:25,,,,,,,,,,,,,,,,,,,,,,,,,,,,9/17/2025 14:35,,NOBO,No Bottle,225,0,UNITS,,,,,,"NOB, no sonde used. ",,,95206014,10282971,NOBO
P158528-14,95272014,95272,Non-WQM,OCS,,,OCS,EFIRE,EX,,10/21/2025 14:37,,,,,,,,,,,,,,,,,,,,,,,,,,,,10/28/2025 9:35,,NOBO,No Bottle,225,0,UNITS,,,,,,"No bottle, no associated sonde data.",,,95272014,10338310,NOBO
P158519-14,95270014,95270,Non-WQM,OCS,,,OCS,EFIRE,EX,,9/24/2025 14:18,,,,,,,,,,,,,,,,,,,,,,,,,,,,10/6/2025 8:52,,NOBO,No Bottle,225,0,UNITS,,,,,,,,,95270014,10303485,NOBO
P158529-14,95273014,95273,Non-WQM,OCS,,,OCS,EFIRE,EX,,11/4/2025 15:51,,,,,,,,,,,,,,,,,,,,,,,,,,,,11/10/2025 10:54,,NOBO,No Bottle,225,0,UNITS,,,,,,"NOB, no sonde used. ",,,95273014,10353953,NOBO
P158530-14,95274014,95274,Non-WQM,OCS,,,OCS,EFIRE,EX,,11/18/2025 15:16,,,,,,,,,,,,,,,,,,,,,,,,,,,,11/24/2025 10:38,,NOBO,No Bottle,225,0,UNITS,,,,,,"No bottle, no sonde.",,,95274014,10368865,NOBO
P158527-14,95271014,95271,Non-WQM,OCS,,,OCS,EFIRE,EX,,10/8/2025 15:29,,,,,,,,,,,,,,,,,,,,,,,,,,,,10/14/2025 12:33,,NOBO,No Bottle,225,0,UNITS,,,,,,"NOB, no field parameters collected. ",,,95271014,10321009,NOBO
P158531-14,95275014,95275,Non-WQM,OCS,,,OCS,EFIRE,EX,,12/3/2025 14:19,,,,,,,,,,,,,,,,,,,,,,,,,,,,12/9/2025 9:44,,NOBO,No Bottle,225,0,UNITS,,,,,,"NOB, no sonde used. ",,,95275014,10382029,NOBO
P162248-14,97131014,97131,Non-WQM,OCS,,,OCS,EFIRE,EX,,1/7/2026 15:33,,,,,,,,,,,,,,,,,,,,,,,,,,,,1/14/2026 11:53,,NOBO,No Bottle,225,0,UNITS,,,,,,NOB,,,97131014,10413039,NOBO
P162251-14,97134014,97134,Non-WQM,OCS,,,OCS,EFIRE,EX,,6/16/2026 13:55,,,,,,,,,,,,,,,,,,,,,,,,,,,,6/22/2026 12:51,,NOBO,No Bottle,225,0,UNITS,,,,,,"NOB, no sonde used. ",,,97134014,10568830,NOBO
P166180-14,99001014,99001,Non-WQM,OCS,,,OCS,EFIRE,EX,,8/25/2026 13:47,,,,,,,,,,,,,,,,,,,,,,,,,,,,9/2/2026 0:17,,NOBO,No Bottle,225,0,UNITS,,,,,,,,,99001014,10640517,NOBO
P166182-14,99003014,99003,Non-WQM,OCS,,,OCS,EFIRE,EX,,9/21/2026 10:21,,,,,,,,,,,,,,,,,,,,,,,,,,,,10/1/2026 0:17,,NOBO,No Bottle,225,0,UNITS,,,,,,,,,99003014,10673903,NOBO
P164236-1,98069001,98069,Non-WQM,OCS,,,OCS,EFIRE,EX,,5/5/2026 15:00,,,,,,,,,,,,,,,,,,,,,,,,,,,,5/13/2026 12:29,,NOBO,No Bottle,225,0,UNITS,,,,,,"NOB, no sonde used. ",,,98069001,10528917,NOBO
P166181-14,99002014,99002,Non-WQM,OCS,,,OCS,EFIRE,EX,,9/10/2026 15:29,,,,,,,,,,,,,,,,,,,,,,,,,,,,9/18/2026 0:17,,NOBO,No Bottle,225,0,UNITS,,,,,,"NOB, no sonde collected.",,,99002014,10658725,NOBO
P158532-14,95276014,95276,Non-WQM,OCS,,,OCS,EFIRE,EX,,12/22/2025 15:48,,,,,,,,,,,,,,,,,,,,,,,,,,,,1/5/2026 8:34,,NOBO,No Bottle,225,0,UNITS,,,,,,"No bottle, no sonde.",,,95276014,10400898,NOBO
P166179-14,99000014,99000,Non-WQM,OCS,,,OCS,EFIRE,EX,,8/11/2026 13:57,,,,,,,,,,,,,,,,,,,,,,,,,,,,8/19/2026 0:17,,NOBO,No Bottle,225,0,UNITS,,,,,,"NOB, no sonde recorded. ",,,99000014,10625600,NOBO
P162250-14,97133014,97133,Non-WQM,OCS,,,OCS,EFIRE,EX,,6/2/2026 15:45,,,,,,,,,,,,,,,,,,,,,,,,,,,,6/11/2026 8:38,,NOBO,No Bottle,225,0,UNITS,,,,,,"NOB, no sonde used. Notes transcribed from field sheet, attached ",,,97133014,10554748,NOBO
P162249-14,97132014,97132,Non-WQM,OCS,,,OCS,EFIRE,EX,,5/19/2026 15:00,,,,,,,,,,,,,,,,,,,,,,,,,,,,6/2/2026 11:04,,NOBO,No Bottle,225,0,UNITS,,,,,,"NOB, no sonde used.",,,97132014,10543292,NOBO
P166177-14,98998014,98998,Non-WQM,OCS,,,OCS,EFIRE,EX,,7/15/2026 16:37,,,,,,,,,,,,,,,,,,,,,,,,,,,,7/28/2026 16:17,,NOBO,No Bottle,225,0,UNITS,,,,,,"NOB, no sonde used. ",,,98998014,10594233,NOBO
P166178-14,98999014,98999,Non-WQM,OCS,,,OCS,EFIRE,EX,,7/28/2026 16:58,,,,,,,,,,,,,,,,,,,,,,,,,,,,8/6/2026 0:17,,NOBO,No Bottle,225,0,UNITS,,,,,,,,,98999014,10609037,NOBO
P167151-14,99471014,99471,Non-WQM,OCS,,,OCS,EFIRE,EX,,6/30/2026 15:09,,,,,,,,,,,,,,,,,,,,,,,,,,,,8/9/2026 18:30,,NOBO,No Bottle,225,0,UNITS,,,,,,"NOB, no sonde collected. ",,,99471014,10581532,NOBO
P157255-13,94625013,94625,Non-WQM,Untreated_A,SW,ADT,SAMP,EFIRE,EX,EFIRE,4/14/2025 14:13,,,,,,,,,,,,,,,,,,,,,,,,,,,04/06/2025 03:00:00 AM,4/22/2025 10:30,,NOBO,No Bottle,225,0,UNITS,,,,,,,,,94625013,10105385,NOBO
P157255-14,94625014,94625,Non-WQM,Untreated_A,SW,ADT,SAMP,EFIRE,EX,EFIRE,4/14/2025 14:14,,,,,,,,,,,,,,,,,,,,,,,,,,,04/07/2025 03:00:00 AM,4/22/2025 10:30,,NOBO,No Bottle,225,0,UNITS,,,,,,,,,94625014,10105386,NOBO
P157255-15,94625015,94625,Non-WQM,Untreated_A,SW,ADT,SAMP,EFIRE,EX,EFIRE,4/14/2025 15:15,,,,,,,,,,,,,,,,,,,,,,,,,,,04/08/2025 03:00:00 AM,4/22/2025 10:30,,NOBO,No Bottle,225,0,UNITS,,,,,,,,,94625015,10105389,NOBO
P157255-16,94625016,94625,Non-WQM,Untreated_A,SW,ADT,SAMP,EFIRE,EX,EFIRE,4/14/2025 15:15,,,,,,,,,,,,,,,,,,,,,,,,,,,04/09/2025 03:00:00 AM,4/22/2025 10:30,,NOBO,No Bottle,225,0,UNITS,,,,,,,,,94625016,10105390,NOBO
P155506-9,93755009,93755,Non-WQM,Burn_A,SW,ADT,SAMP,EFIRE,EX,EFIRE,3/26/2025 9:09,,,,,,,,,,,,,,,,,,,,,,,,,,,03/19/2025 03:00:00 AM,4/2/2025 16:50,,NOBO,No Bottle,225,0,UNITS,,,,,,,,,93755009,10086180,NOBO
P155506-10,93755010,93755,Non-WQM,Burn_A,SW,ADT,SAMP,EFIRE,EX,EFIRE,3/26/2025 10:33,,,,,,,,,,,,,,,,,,,,,,,,,,,03/20/2025 03:00:00 AM,4/2/2025 16:50,,NOBO,No Bottle,225,0,UNITS,,,,,,,,,93755010,10086181,NOBO
P155506-11,93755011,93755,Non-WQM,Burn_A,SW,ADT,SAMP,EFIRE,EX,EFIRE,3/26/2025 10:34,,,,,,,,,,,,,,,,,,,,,,,,,,,03/21/2025 03:00:00 AM,4/2/2025 16:50,,NOBO,No Bottle,225,0,UNITS,,,,,,,,,93755011,10086182,NOBO
P155506-12,93755012,93755,Non-WQM,Burn_A,SW,ADT,SAMP,EFIRE,EX,EFIRE,3/26/2025 10:35,,,,,,,,,,,,,,,,,,,,,,,,,,,03/22/2025 03:00:00 AM,4/2/2025 16:50,,NOBO,No Bottle,225,0,UNITS,,,,,,,,,93755012,10086183,NOBO
P155506-13,93755013,93755,Non-WQM,Burn_A,SW,ADT,SAMP,EFIRE,EX,EFIRE,3/26/2025 10:36,,,,,,,,,,,,,,,,,,,,,,,,,,,03/23/2025 03:00:00 AM,4/2/2025 16:50,,NOBO,No Bottle,225,0,UNITS,,,,,,,,,93755013,10086184,NOBO
P155506-14,93755014,93755,Non-WQM,Burn_A,SW,ADT,SAMP,EFIRE,EX,EFIRE,3/26/2025 10:37,,,,,,,,,,,,,,,,,,,,,,,,,,,03/24/2025 03:00:00 AM,4/2/2025 16:50,,NOBO,No Bottle,225,0,UNITS,,,,,,,,,93755014,10086185,NOBO
P157280-3,94638003,94638,Non-WQM,Herbicide_A,SW,ADT,SAMP,EFIRE,EX,EFIRE,5/1/2025 13:23,,,,,,,,,,,,,,,,,,,,,,,,,,,04/12/2025 03:00:00 AM,5/9/2025 9:26,,NOBO,No Bottle,225,0,UNITS,,,,,,,,,94638003,10127353,NOBO
P157280-4,94638004,94638,Non-WQM,Herbicide_A,SW,ADT,SAMP,EFIRE,EX,EFIRE,5/1/2025 13:23,,,,,,,,,,,,,,,,,,,,,,,,,,,04/13/2025 03:00:00 AM,5/9/2025 9:26,,NOBO,No Bottle,225,0,UNITS,,,,,,,,,94638004,10127354,NOBO
P157280-6,94638006,94638,Non-WQM,Herbicide_A,SW,ADT,SAMP,EFIRE,EX,EFIRE,5/1/2025 13:24,,,,,,,,,,,,,,,,,,,,,,,,,,,04/15/2025 03:00:00 AM,5/9/2025 9:26,,NOBO,No Bottle,225,0,UNITS,,,,,,,,,94638006,10127355,NOBO
P157280-5,94638005,94638,Non-WQM,Herbicide_A,SW,ADT,SAMP,EFIRE,EX,EFIRE,5/1/2025 13:24,,,,,,,,,,,,,,,,,,,,,,,,,,,04/14/2025 03:00:00 AM,5/9/2025 9:26,,NOBO,No Bottle,225,0,UNITS,,,,,,,,,94638005,10127356,NOBO
P157280-7,94638007,94638,Non-WQM,Herbicide_A,SW,ADT,SAMP,EFIRE,EX,EFIRE,5/1/2025 13:25,,,,,,,,,,,,,,,,,,,,,,,,,,,04/16/2025 03:00:00 AM,5/9/2025 9:26,,NOBO,No Bottle,225,0,UNITS,,,,,,,,,94638007,10127357,NOBO
P157280-8,94638008,94638,Non-WQM,Herbicide_A,SW,ADT,SAMP,EFIRE,EX,EFIRE,5/1/2025 13:25,,,,,,,,,,,,,,,,,,,,,,,,,,,04/17/2025 03:00:00 AM,5/9/2025 9:26,,NOBO,No Bottle,225,0,UNITS,,,,,,,,,94638008,10127358,NOBO
P157280-9,94638009,94638,Non-WQM,Herbicide_A,SW,ADT,SAMP,EFIRE,EX,EFIRE,5/1/2025 13:26,,,,,,,,,,,,,,,,,,,,,,,,,,,04/18/2025 03:00:00 AM,5/9/2025 9:26,,NOBO,No Bottle,225,0,UNITS,,,,,,,,,94638009,10127359,NOBO
P157280-10,94638010,94638,Non-WQM,Herbicide_A,SW,ADT,SAMP,EFIRE,EX,EFIRE,5/1/2025 13:26,,,,,,,,,,,,,,,,,,,,,,,,,,,04/19/2025 03:00:00 AM,5/9/2025 9:26,,NOBO,No Bottle,225,0,UNITS,,,,,,,,,94638010,10127360,NOBO
P157280-11,94638011,94638,Non-WQM,Herbicide_A,SW,ADT,SAMP,EFIRE,EX,EFIRE,5/1/2025 13:27,,,,,,,,,,,,,,,,,,,,,,,,,,,04/20/2025 03:00:00 AM,5/9/2025 9:26,,NOBO,No Bottle,225,0,UNITS,,,,,,,,,94638011,10127361,NOBO
P157280-12,94638012,94638,Non-WQM,Herbicide_A,SW,ADT,SAMP,EFIRE,EX,EFIRE,5/1/2025 13:27,,,,,,,,,,,,,,,,,,,,,,,,,,,04/21/2025 03:00:00 AM,5/9/2025 9:26,,NOBO,No Bottle,225,0,UNITS,,,,,,,,,94638012,10127362,NOBO
P155503-1,93752001,93752,Non-WQM,Burn_A,SW,ADT,SAMP,EFIRE,EX,EFIRE,2/11/2025 14:26,,,,,,,,,,,,,,,,,,,,,,,,,,,01/28/2025 03:00:00 AM,2/18/2025 9:51,,NOBO,No Bottle,225,0,UNITS,,,,,,"No bottle, no samples collected. Autosampler failure.",,,93752001,10032419,NOBO
P155503-2,93752002,93752,Non-WQM,Burn_A,SW,ADT,SAMP,EFIRE,EX,EFIRE,2/11/2025 14:27,,,,,,,,,,,,,,,,,,,,,,,,,,,01/29/2025 03:00:00 AM,2/18/2025 9:51,,NOBO,No Bottle,225,0,UNITS,,,,,,"No bottle, no samples collected. Autosampler failure.",,,93752002,10032420,NOBO
P155503-3,93752003,93752,Non-WQM,Burn_A,SW,ADT,SAMP,EFIRE,EX,EFIRE,2/11/2025 14:28,,,,,,,,,,,,,,,,,,,,,,,,,,,01/30/2025 03:00:00 AM,2/18/2025 9:51,,NOBO,No Bottle,225,0,UNITS,,,,,,"No bottle, no samples collected. Autosampler failure.",,,93752003,10032421,NOBO
P155503-4,93752004,93752,Non-WQM,Burn_A,SW,ADT,SAMP,EFIRE,EX,EFIRE,2/11/2025 14:29,,,,,,,,,,,,,,,,,,,,,,,,,,,01/31/2025 03:00:00 AM,2/18/2025 9:51,,NOBO,No Bottle,225,0,UNITS,,,,,,"No bottle, no samples collected. Autosampler failure.",,,93752004,10032422,NOBO
P155503-5,93752005,93752,Non-WQM,Burn_A,SW,ADT,SAMP,EFIRE,EX,EFIRE,2/11/2025 14:36,,,,,,,,,,,,,,,,,,,,,,,,,,,02/01/2025 03:00:00 AM,2/18/2025 9:51,,NOBO,No Bottle,225,0,UNITS,,,,,,"No bottle, no samples collected. Autosampler failure.",,,93752005,10032423,NOBO
P155503-6,93752006,93752,Non-WQM,Burn_A,SW,ADT,SAMP,EFIRE,EX,EFIRE,2/11/2025 14:37,,,,,,,,,,,,,,,,,,,,,,,,,,,02/02/2025 03:00:00 AM,2/18/2025 9:51,,NOBO,No Bottle,225,0,UNITS,,,,,,"No bottle, no samples collected. Autosampler failure.",,,93752006,10032424,NOBO
P155503-7,93752007,93752,Non-WQM,Burn_A,SW,ADT,SAMP,EFIRE,EX,EFIRE,2/11/2025 14:38,,,,,,,,,,,,,,,,,,,,,,,,,,,02/03/2025 03:00:00 AM,2/18/2025 9:51,,NOBO,No Bottle,225,0,UNITS,,,,,,"No bottle, no samples collected. Autosampler failure.",,,93752007,10032425,NOBO
P155503-8,93752008,93752,Non-WQM,Burn_A,SW,ADT,SAMP,EFIRE,EX,EFIRE,2/11/2025 14:39,,,,,,,,,,,,,,,,,,,,,,,,,,,02/04/2025 03:00:00 AM,2/18/2025 9:51,,NOBO,No Bottle,225,0,UNITS,,,,,,"No bottle, no samples collected. Autosampler failure.",,,93752008,10032426,NOBO
P155503-9,93752009,93752,Non-WQM,Burn_A,SW,ADT,SAMP,EFIRE,EX,EFIRE,2/11/2025 14:41,,,,,,,,,,,,,,,,,,,,,,,,,,,02/05/2025 03:00:00 AM,2/18/2025 9:51,,NOBO,No Bottle,225,0,UNITS,,,,,,"No bottle, no samples collected. Autosampler failure.",,,93752009,10032427,NOBO
P155503-10,93752010,93752,Non-WQM,Burn_A,SW,ADT,SAMP,EFIRE,EX,EFIRE,2/11/2025 14:42,,,,,,,,,,,,,,,,,,,,,,,,,,,02/06/2025 03:00:00 AM,2/18/2025 9:51,,NOBO,No Bottle,225,0,UNITS,,,,,,"No bottle, no samples collected. Autosampler failure.",,,93752010,10032428,NOBO
P155503-11,93752011,93752,Non-WQM,Burn_A,SW,ADT,SAMP,EFIRE,EX,EFIRE,2/11/2025 14:43,,,,,,,,,,,,,,,,,,,,,,,,,,,02/07/2025 03:00:00 AM,2/18/2025 9:51,,NOBO,No Bottle,225,0,UNITS,,,,,,"No bottle, no samples collected. Autosampler failure.",,,93752011,10032429,NOBO
P155503-12,93752012,93752,Non-WQM,Burn_A,SW,ADT,SAMP,EFIRE,EX,EFIRE,2/11/2025 14:43,,,,,,,,,,,,,,,,,,,,,,,,,,,02/08/2025 03:00:00 AM,2/18/2025 9:51,,NOBO,No Bottle,225,0,UNITS,,,,,,"No bottle, no samples collected. Autosampler failure.",,,93752012,10032430,NOBO
P155503-13,93752013,93752,Non-WQM,Burn_A,SW,ADT,SAMP,EFIRE,EX,EFIRE,2/11/2025 14:44,,,,,,,,,,,,,,,,,,,,,,,,,,,02/09/2025 03:00:00 AM,2/18/2025 9:51,,NOBO,No Bottle,225,0,UNITS,,,,,,"No bottle, no samples collected. Autosampler failure.",,,93752013,10032431,NOBO
P155503-14,93752014,93752,Non-WQM,Burn_A,SW,ADT,SAMP,EFIRE,EX,EFIRE,2/11/2025 14:44,,,,,,,,,,,,,,,,,,,,,,,,,,,02/10/2025 03:00:00 AM,2/18/2025 9:51,,NOBO,No Bottle,225,0,UNITS,,,,,,"No bottle, no samples collected. Autosampler failure.",,,93752014,10032432,NOBO
P155505-13,93754013,93754,Non-WQM,Burn_A,SW,ADT,SAMP,EFIRE,EX,EFIRE,3/11/2025 10:13,,,,,,,,,,,,,,,,,,,,,,,,,,,,3/24/2025 8:44,,NOBO,No Bottle,225,0,UNITS,,,,,,,,,93754013,10082165,NOBO
P155493-2,93748002,93748,Non-WQM,Untreated_A,SW,ADT,SAMP,EFIRE,EX,EFIRE,3/11/2025 9:02,,,,,,,,,,,,,,,,,,,,,,,,,,,02/27/2025 03:00:00 AM,3/19/2025 9:22,,NOBO,No Bottle,225,0,UNITS,,,,,,No bottle. Autosampler malfunction.,,,93748002,10068684,NOBO
P155493-3,93748003,93748,Non-WQM,Untreated_A,SW,ADT,SAMP,EFIRE,EX,EFIRE,3/11/2025 9:03,,,,,,,,,,,,,,,,,,,,,,,,,,,02/28/2025 03:00:00 AM,3/19/2025 9:22,,NOBO,No Bottle,225,0,UNITS,,,,,,No bottle. Autosampler malfunction.,,,93748003,10068685,NOBO
P155493-4,93748004,93748,Non-WQM,Untreated_A,SW,ADT,SAMP,EFIRE,EX,EFIRE,3/11/2025 9:04,,,,,,,,,,,,,,,,,,,,,,,,,,,03/01/2025 03:00:00 AM,3/19/2025 9:22,,NOBO,No Bottle,225,0,UNITS,,,,,,No bottle. Autosampler malfunction.,,,93748004,10068686,NOBO
P155493-5,93748005,93748,Non-WQM,Untreated_A,SW,ADT,SAMP,EFIRE,EX,EFIRE,3/11/2025 9:05,,,,,,,,,,,,,,,,,,,,,,,,,,,03/02/2025 03:00:00 AM,3/19/2025 9:22,,NOBO,No Bottle,225,0,UNITS,,,,,,No bottle. Autosampler malfunction.,,,93748005,10068687,NOBO
P155493-6,93748006,93748,Non-WQM,Untreated_A,SW,ADT,SAMP,EFIRE,EX,EFIRE,3/11/2025 9:06,,,,,,,,,,,,,,,,,,,,,,,,,,,03/03/2025 03:00:00 AM,3/19/2025 9:22,,NOBO,No Bottle,225,0,UNITS,,,,,,No bottle. Autosampler malfunction.,,,93748006,10068688,NOBO
P155493-7,93748007,93748,Non-WQM,Untreated_A,SW,ADT,SAMP,EFIRE,EX,EFIRE,3/11/2025 9:07,,,,,,,,,,,,,,,,,,,,,,,,,,,03/04/2025 03:00:00 AM,3/19/2025 9:22,,NOBO,No Bottle,225,0,UNITS,,,,,,No bottle. Autosampler malfunction.,,,93748007,10068689,NOBO
P155493-8,93748008,93748,Non-WQM,Untreated_A,SW,ADT,SAMP,EFIRE,EX,EFIRE,3/11/2025 9:08,,,,,,,,,,,,,,,,,,,,,,,,,,,03/05/2025 03:00:00 AM,3/19/2025 9:22,,NOBO,No Bottle,225,0,UNITS,,,,,,No bottle. Autosampler malfunction.,,,93748008,10068690,NOBO
P155493-9,93748009,93748,Non-WQM,Untreated_A,SW,ADT,SAMP,EFIRE,EX,EFIRE,3/11/2025 9:09,,,,,,,,,,,,,,,,,,,,,,,,,,,03/06/2025 03:00:00 AM,3/19/2025 9:22,,NOBO,No Bottle,225,0,UNITS,,,,,,No bottle. Autosampler malfunction.,,,93748009,10068691,NOBO
P155493-10,93748010,93748,Non-WQM,Untreated_A,SW,ADT,SAMP,EFIRE,EX,EFIRE,3/11/2025 9:10,,,,,,,,,,,,,,,,,,,,,,,,,,,03/07/2025 03:00:00 AM,3/19/2025 9:22,,NOBO,No Bottle,225,0,UNITS,,,,,,No bottle. Autosampler malfunction.,,,93748010,10068692,NOBO
P155493-11,93748011,93748,Non-WQM,Untreated_A,SW,ADT,SAMP,EFIRE,EX,EFIRE,3/11/2025 9:11,,,,,,,,,,,,,,,,,,,,,,,,,,,03/08/2025 03:00:00 AM,3/19/2025 9:22,,NOBO,No Bottle,225,0,UNITS,,,,,,No bottle. Autosampler malfunction.,,,93748011,10068693,NOBO
P155493-12,93748012,93748,Non-WQM,Untreated_A,SW,ADT,SAMP,EFIRE,EX,EFIRE,3/11/2025 9:12,,,,,,,,,,,,,,,,,,,,,,,,,,,03/09/2025 03:00:00 AM,3/19/2025 9:22,,NOBO,No Bottle,225,0,UNITS,,,,,,No bottle. Autosampler malfunction.,,,93748012,10068694,NOBO
P155493-13,93748013,93748,Non-WQM,Untreated_A,SW,ADT,SAMP,EFIRE,EX,EFIRE,3/11/2025 9:13,,,,,,,,,,,,,,,,,,,,,,,,,,,03/10/2025 03:00:00 AM,3/19/2025 9:22,,NOBO,No Bottle,225,0,UNITS,,,,,,No bottle. Autosampler malfunction.,,,93748013,10068695,NOBO
P155481-1,93742001,93742,Non-WQM,Herbicide_A,SW,ADT,SAMP,EFIRE,EX,EFIRE,3/11/2025 12:01,,,,,,,,,,,,,,,,,,,,,,,,,,,02/26/2025 03:00:00 AM,3/19/2025 9:22,,NOBO,No Bottle,225,0,UNITS,,,,,,No bottle. Autosampler malfunction.,,,93742001,10068698,NOBO
P155481-2,93742002,93742,Non-WQM,Herbicide_A,SW,ADT,SAMP,EFIRE,EX,EFIRE,3/11/2025 12:02,,,,,,,,,,,,,,,,,,,,,,,,,,,02/27/2025 03:00:00 AM,3/19/2025 9:22,,NOBO,No Bottle,225,0,UNITS,,,,,,No bottle. Autosampler malfunction.,,,93742002,10068699,NOBO
P155481-3,93742003,93742,Non-WQM,Herbicide_A,SW,ADT,SAMP,EFIRE,EX,EFIRE,3/11/2025 12:03,,,,,,,,,,,,,,,,,,,,,,,,,,,02/28/2025 03:00:00 AM,3/19/2025 9:22,,NOBO,No Bottle,225,0,UNITS,,,,,,No Bottle. Autosampler malfunction.,,,93742003,10068700,NOBO
P155730-13,93868013,93868,Non-WQM,Burn_Herb_A,SW,ADT,SAMP,EFIRE,EX,EFIRE,3/11/2025 15:15,,,,,,,,,,,,,,,,,,,,,,,,,,,03/10/2025 03:00:00 AM,3/19/2025 9:22,,NOBO,No Bottle,225,0,UNITS,,,,,,,,,93868013,10068678,NOBO
P156548-1,94282001,94282,Non-WQM,Burn_A,SW,ADT,SAMP,EFIRE,EX,EFIRE,1/29/2025 12:51,,,,,,,,,,,,,,,,,,,,,,,,,,,01/15/2025 03:00:00 AM,2/5/2025 10:34,,NOBO,No Bottle,225,0,UNITS,,,,,,"No bottle, no samples collected. Autosampler power failure.",,,94282001,10015242,NOBO
P156548-2,94282002,94282,Non-WQM,Burn_A,SW,ADT,SAMP,EFIRE,EX,EFIRE,1/29/2025 12:53,,,,,,,,,,,,,,,,,,,,,,,,,,,01/16/2025 03:00:00 AM,2/5/2025 10:34,,NOBO,No Bottle,225,0,UNITS,,,,,,"No bottle, no samples collected. Autosampler power failure.",,,94282002,10015243,NOBO
P156548-3,94282003,94282,Non-WQM,Burn_A,SW,ADT,SAMP,EFIRE,EX,EFIRE,1/29/2025 12:53,,,,,,,,,,,,,,,,,,,,,,,,,,,01/17/2025 03:00:00 AM,2/5/2025 10:34,,NOBO,No Bottle,225,0,UNITS,,,,,,"No bottle, no samples collected. Autosampler power failure.",,,94282003,10015244,NOBO
P156548-4,94282004,94282,Non-WQM,Burn_A,SW,ADT,SAMP,EFIRE,EX,EFIRE,1/29/2025 12:53,,,,,,,,,,,,,,,,,,,,,,,,,,,01/18/2025 03:00:00 AM,2/5/2025 10:34,,NOBO,No Bottle,225,0,UNITS,,,,,,"No bottle, no samples collected. Autosampler power failure.",,,94282004,10015245,NOBO
P156548-5,94282005,94282,Non-WQM,Burn_A,SW,ADT,SAMP,EFIRE,EX,EFIRE,1/29/2025 12:54,,,,,,,,,,,,,,,,,,,,,,,,,,,01/19/2025 03:00:00 AM,2/5/2025 10:34,,NOBO,No Bottle,225,0,UNITS,,,,,,"No bottle, no samples collected. Autosampler power failure.",,,94282005,10015246,NOBO
P156548-6,94282006,94282,Non-WQM,Burn_A,SW,ADT,SAMP,EFIRE,EX,EFIRE,1/29/2025 12:54,,,,,,,,,,,,,,,,,,,,,,,,,,,01/20/2025 03:00:00 AM,2/5/2025 10:34,,NOBO,No Bottle,225,0,UNITS,,,,,,"No bottle, no samples collected. Autosampler power failure.",,,94282006,10015247,NOBO
P156548-7,94282007,94282,Non-WQM,Burn_A,SW,ADT,SAMP,EFIRE,EX,EFIRE,1/29/2025 12:54,,,,,,,,,,,,,,,,,,,,,,,,,,,01/21/2025 03:00:00 AM,2/5/2025 10:34,,NOBO,No Bottle,225,0,UNITS,,,,,,"No bottle, no samples collected. Autosampler power failure.",,,94282007,10015248,NOBO
P156548-8,94282008,94282,Non-WQM,Burn_A,SW,ADT,SAMP,EFIRE,EX,EFIRE,1/29/2025 12:55,,,,,,,,,,,,,,,,,,,,,,,,,,,01/22/2025 03:00:00 AM,2/5/2025 10:34,,NOBO,No Bottle,225,0,UNITS,,,,,,"No bottle, no samples collected. Autosampler power failure.",,,94282008,10015249,NOBO
P156548-9,94282009,94282,Non-WQM,Burn_A,SW,ADT,SAMP,EFIRE,EX,EFIRE,1/29/2025 12:55,,,,,,,,,,,,,,,,,,,,,,,,,,,01/23/2025 03:00:00 AM,2/5/2025 10:34,,NOBO,No Bottle,225,0,UNITS,,,,,,"No bottle, no samples collected. Autosampler power failure.",,,94282009,10015250,NOBO
P156548-10,94282010,94282,Non-WQM,Burn_A,SW,ADT,SAMP,EFIRE,EX,EFIRE,1/29/2025 12:55,,,,,,,,,,,,,,,,,,,,,,,,,,,01/24/2025 03:00:00 AM,2/5/2025 10:34,,NOBO,No Bottle,225,0,UNITS,,,,,,"No bottle, no samples collected. Autosampler power failure.",,,94282010,10015251,NOBO
P156548-11,94282011,94282,Non-WQM,Burn_A,SW,ADT,SAMP,EFIRE,EX,EFIRE,1/29/2025 12:56,,,,,,,,,,,,,,,,,,,,,,,,,,,01/25/2025 03:00:00 AM,2/5/2025 10:34,,NOBO,No Bottle,225,0,UNITS,,,,,,"No bottle, no samples collected. Autosampler power failure.",,,94282011,10015252,NOBO
P156548-12,94282012,94282,Non-WQM,Burn_A,SW,ADT,SAMP,EFIRE,EX,EFIRE,1/29/2025 12:56,,,,,,,,,,,,,,,,,,,,,,,,,,,01/26/2025 03:00:00 AM,2/5/2025 10:34,,NOBO,No Bottle,225,0,UNITS,,,,,,"No bottle, no samples collected. Autosampler power failure.",,,94282012,10015253,NOBO
P156548-13,94282013,94282,Non-WQM,Burn_A,SW,ADT,SAMP,EFIRE,EX,EFIRE,1/29/2025 12:57,,,,,,,,,,,,,,,,,,,,,,,,,,,01/27/2025 03:00:00 AM,2/5/2025 10:34,,NOBO,No Bottle,225,0,UNITS,,,,,,"No bottle, no samples collected. Autosampler power failure.",,,94282013,10015254,NOBO
P157256-11,94626011,94626,Non-WQM,Untreated_A,SW,ADT,SAMP,EFIRE,EX,EFIRE,5/1/2025 10:11,,,,,,,,,,,,,,,,,,,,,,,,,,,04/20/2025 03:00:00 AM,5/9/2025 9:26,,NOBO,No Bottle,225,0,UNITS,,,,,,,,,94626011,10127333,NOBO
P157256-12,94626012,94626,Non-WQM,Untreated_A,SW,ADT,SAMP,EFIRE,EX,EFIRE,5/1/2025 10:12,,,,,,,,,,,,,,,,,,,,,,,,,,,04/21/2025 03:00:00 AM,5/9/2025 9:26,,NOBO,No Bottle,225,0,UNITS,,,,,,,,,94626012,10127334,NOBO
P155494-14,93749014,93749,Non-WQM,Untreated_A,SW,ADT,SAMP,EFIRE,EX,EFIRE,3/26/2025 9:52,,,,,,,,,,,,,,,,,,,,,,,,,,,03/11/2025 03:00:00 AM,4/2/2025 16:50,,NOBO,No Bottle,225,0,UNITS,,,,,,"Bottle 1. Autosampler failure 3/11, no sample collected.",,,93749014,10085950,NOBO
P157263-1,94629001,94629,Non-WQM,Burn_A,SW,ADT,SAMP,EFIRE,EX,EFIRE,4/17/2025 13:01,,,,,,,,,,,,,,,,,,,,,,,,,,,03/25/2025 03:00:00 AM,4/25/2025 9:12,,NOBO,No Bottle,225,0,UNITS,,,,,,,,,94629001,10112782,NOBO
P157263-2,94629002,94629,Non-WQM,Burn_A,SW,ADT,SAMP,EFIRE,EX,EFIRE,4/17/2025 13:02,,,,,,,,,,,,,,,,,,,,,,,,,,,03/26/2025 03:00:00 AM,4/25/2025 9:12,,NOBO,No Bottle,225,0,UNITS,,,,,,,,,94629002,10112783,NOBO
P157263-3,94629003,94629,Non-WQM,Burn_A,SW,ADT,SAMP,EFIRE,EX,EFIRE,4/17/2025 13:03,,,,,,,,,,,,,,,,,,,,,,,,,,,03/27/2025 03:00:00 AM,4/25/2025 9:12,,NOBO,No Bottle,225,0,UNITS,,,,,,,,,94629003,10112784,NOBO
P157263-4,94629004,94629,Non-WQM,Burn_A,SW,ADT,SAMP,EFIRE,EX,EFIRE,4/17/2025 13:04,,,,,,,,,,,,,,,,,,,,,,,,,,,03/28/2025 03:00:00 AM,4/25/2025 9:12,,NOBO,No Bottle,225,0,UNITS,,,,,,,,,94629004,10112785,NOBO
P157263-5,94629005,94629,Non-WQM,Burn_A,SW,ADT,SAMP,EFIRE,EX,EFIRE,4/17/2025 13:05,,,,,,,,,,,,,,,,,,,,,,,,,,,03/29/2025 03:00:00 AM,4/25/2025 9:12,,NOBO,No Bottle,225,0,UNITS,,,,,,,,,94629005,10112786,NOBO
P157263-6,94629006,94629,Non-WQM,Burn_A,SW,ADT,SAMP,EFIRE,EX,EFIRE,4/17/2025 13:06,,,,,,,,,,,,,,,,,,,,,,,,,,,03/30/2025 03:00:00 AM,4/25/2025 9:12,,NOBO,No Bottle,225,0,UNITS,,,,,,,,,94629006,10112787,NOBO
P157263-7,94629007,94629,Non-WQM,Burn_A,SW,ADT,SAMP,EFIRE,EX,EFIRE,4/17/2025 13:07,,,,,,,,,,,,,,,,,,,,,,,,,,,03/31/2025 03:00:00 AM,4/25/2025 9:12,,NOBO,No Bottle,225,0,UNITS,,,,,,,,,94629007,10112788,NOBO
P157263-8,94629008,94629,Non-WQM,Burn_A,SW,ADT,SAMP,EFIRE,EX,EFIRE,4/17/2025 13:08,,,,,,,,,,,,,,,,,,,,,,,,,,,04/01/2025 03:00:00 AM,4/25/2025 9:12,,NOBO,No Bottle,225,0,UNITS,,,,,,,,,94629008,10112789,NOBO
P157263-9,94629009,94629,Non-WQM,Burn_A,SW,ADT,SAMP,EFIRE,EX,EFIRE,4/17/2025 13:09,,,,,,,,,,,,,,,,,,,,,,,,,,,04/02/2025 03:00:00 AM,4/25/2025 9:12,,NOBO,No Bottle,225,0,UNITS,,,,,,,,,94629009,10112790,NOBO
P157263-10,94629010,94629,Non-WQM,Burn_A,SW,ADT,SAMP,EFIRE,EX,EFIRE,4/17/2025 13:10,,,,,,,,,,,,,,,,,,,,,,,,,,,04/03/2025 03:00:00 AM,4/25/2025 9:12,,NOBO,No Bottle,225,0,UNITS,,,,,,,,,94629010,10112791,NOBO
P157263-11,94629011,94629,Non-WQM,Burn_A,SW,ADT,SAMP,EFIRE,EX,EFIRE,4/17/2025 13:11,,,,,,,,,,,,,,,,,,,,,,,,,,,04/04/2025 03:00:00 AM,4/25/2025 9:12,,NOBO,No Bottle,225,0,UNITS,,,,,,,,,94629011,10112792,NOBO
P157263-12,94629012,94629,Non-WQM,Burn_A,SW,ADT,SAMP,EFIRE,EX,EFIRE,4/17/2025 13:12,,,,,,,,,,,,,,,,,,,,,,,,,,,04/05/2025 03:00:00 AM,4/25/2025 9:12,,NOBO,No Bottle,225,0,UNITS,,,,,,,,,94629012,10112793,NOBO
P157263-13,94629013,94629,Non-WQM,Burn_A,SW,ADT,SAMP,EFIRE,EX,EFIRE,4/17/2025 13:13,,,,,,,,,,,,,,,,,,,,,,,,,,,04/06/2025 03:00:00 AM,4/25/2025 9:12,,NOBO,No Bottle,225,0,UNITS,,,,,,,,,94629013,10112794,NOBO
P157263-14,94629014,94629,Non-WQM,Burn_A,SW,ADT,SAMP,EFIRE,EX,EFIRE,4/17/2025 13:14,,,,,,,,,,,,,,,,,,,,,,,,,,,04/07/2025 03:00:00 AM,4/25/2025 9:12,,NOBO,No Bottle,225,0,UNITS,,,,,,,,,94629014,10112795,NOBO
P157263-15,94629015,94629,Non-WQM,Burn_A,SW,ADT,SAMP,EFIRE,EX,EFIRE,4/17/2025 13:15,,,,,,,,,,,,,,,,,,,,,,,,,,,04/08/2025 03:00:00 AM,4/25/2025 9:12,,NOBO,No Bottle,225,0,UNITS,,,,,,,,,94629015,10112796,NOBO
P157263-16,94629016,94629,Non-WQM,Burn_A,SW,ADT,SAMP,EFIRE,EX,EFIRE,4/17/2025 13:16,,,,,,,,,,,,,,,,,,,,,,,,,,,04/09/2025 03:00:00 AM,4/25/2025 9:12,,NOBO,No Bottle,225,0,UNITS,,,,,,,,,94629016,10112797,NOBO
P154871-1,93448001,93448,Non-WQM,Herbicide_A,SW,ADT,SAMP,EFIRE,EX,EFIRE,12/4/2024 14:09,,,,,,,,,,,,,,,,,,,,,,,,,,,,12/10/2024 12:58,,NOBO,No Bottle,225,0,UNITS,,,,,,"NOB- Autosampler error, no sample.",,,93448001,9945952,NOBO
P154871-2,93448002,93448,Non-WQM,Herbicide_A,SW,ADT,SAMP,EFIRE,EX,EFIRE,12/4/2024 14:10,,,,,,,,,,,,,,,,,,,,,,,,,,,,12/10/2024 15:02,,NOBO,No Bottle,225,0,UNITS,,,,,,"NOB- Autosampler error, no sample.",,,93448002,9945953,NOBO
P154871-3,93448003,93448,Non-WQM,Herbicide_A,SW,ADT,SAMP,EFIRE,EX,EFIRE,12/4/2024 14:10,,,,,,,,,,,,,,,,,,,,,,,,,,,,12/10/2024 15:02,,NOBO,No Bottle,225,0,UNITS,,,,,,"NOB- Autosampler error, no sample.",,,93448003,9945954,NOBO
P154871-4,93448004,93448,Non-WQM,Herbicide_A,SW,ADT,SAMP,EFIRE,EX,EFIRE,12/4/2024 14:11,,,,,,,,,,,,,,,,,,,,,,,,,,,,12/10/2024 15:02,,NOBO,No Bottle,225,0,UNITS,,,,,,"NOB- Autosampler error, no sample.",,,93448004,9945955,NOBO
P154871-5,93448005,93448,Non-WQM,Herbicide_A,SW,ADT,SAMP,EFIRE,EX,EFIRE,12/4/2024 14:11,,,,,,,,,,,,,,,,,,,,,,,,,,,,12/10/2024 15:02,,NOBO,No Bottle,225,0,UNITS,,,,,,"NOB- Autosampler error, no sample.",,,93448005,9945956,NOBO
P154871-6,93448006,93448,Non-WQM,Herbicide_A,SW,ADT,SAMP,EFIRE,EX,EFIRE,12/4/2024 14:12,,,,,,,,,,,,,,,,,,,,,,,,,,,,12/10/2024 15:02,,NOBO,No Bottle,225,0,UNITS,,,,,,"NOB- Autosampler error, no sample.",,,93448006,9945957,NOBO
P154871-7,93448007,93448,Non-WQM,Herbicide_A,SW,ADT,SAMP,EFIRE,EX,EFIRE,12/4/2024 14:13,,,,,,,,,,,,,,,,,,,,,,,,,,,,12/10/2024 15:02,,NOBO,No Bottle,225,0,UNITS,,,,,,"NOB- Autosampler error, no sample.",,,93448007,9945958,NOBO
P154871-8,93448008,93448,Non-WQM,Herbicide_A,SW,ADT,SAMP,EFIRE,EX,EFIRE,12/4/2024 14:13,,,,,,,,,,,,,,,,,,,,,,,,,,,,12/10/2024 15:02,,NOBO,No Bottle,225,0,UNITS,,,,,,"NOB- Autosampler error, no sample.",,,93448008,9945959,NOBO
P154871-9,93448009,93448,Non-WQM,Herbicide_A,SW,ADT,SAMP,EFIRE,EX,EFIRE,12/4/2024 14:14,,,,,,,,,,,,,,,,,,,,,,,,,,,,12/10/2024 15:02,,NOBO,No Bottle,225,0,UNITS,,,,,,"NOB- Autosampler error, no sample.",,,93448009,9945960,NOBO
P154871-10,93448010,93448,Non-WQM,Herbicide_A,SW,ADT,SAMP,EFIRE,EX,EFIRE,12/4/2024 14:14,,,,,,,,,,,,,,,,,,,,,,,,,,,,12/10/2024 15:02,,NOBO,No Bottle,225,0,UNITS,,,,,,"NOB- Autosampler error, no sample.",,,93448010,9945961,NOBO
P154871-11,93448011,93448,Non-WQM,Herbicide_A,SW,ADT,SAMP,EFIRE,EX,EFIRE,12/4/2024 14:15,,,,,,,,,,,,,,,,,,,,,,,,,,,,12/10/2024 15:02,,NOBO,No Bottle,225,0,UNITS,,,,,,"NOB- Autosampler error, no sample.",,,93448011,9945962,NOBO
P154871-12,93448012,93448,Non-WQM,Herbicide_A,SW,ADT,SAMP,EFIRE,EX,EFIRE,12/4/2024 14:16,,,,,,,,,,,,,,,,,,,,,,,,,,,,12/10/2024 15:02,,NOBO,No Bottle,225,0,UNITS,,,,,,"NOB- Autosampler error, no sample.",,,93448012,9945963,NOBO
P154871-13,93448013,93448,Non-WQM,Herbicide_A,SW,ADT,SAMP,EFIRE,EX,EFIRE,12/4/2024 14:17,,,,,,,,,,,,,,,,,,,,,,,,,,,,12/10/2024 15:02,,NOBO,No Bottle,225,0,UNITS,,,,,,"NOB- Autosampler error, no sample.",,,93448013,9945964,NOBO
P154871-14,93448014,93448,Non-WQM,Herbicide_A,SW,ADT,SAMP,EFIRE,EX,EFIRE,12/4/2024 14:17,,,,,,,,,,,,,,,,,,,,,,,,,,,,12/10/2024 15:02,,NOBO,No Bottle,225,0,UNITS,,,,,,"NOB- Autosampler error, no sample.",,,93448014,9945965,NOBO
P154871-15,93448015,93448,Non-WQM,Herbicide_A,SW,ADT,SAMP,EFIRE,EX,EFIRE,12/4/2024 14:18,,,,,,,,,,,,,,,,,,,,,,,,,,,,12/10/2024 15:02,,NOBO,No Bottle,225,0,UNITS,,,,,,"NOB- Autosampler error, no sample.",,,93448015,9945966,NOBO
P154870-1,93447001,93447,Non-WQM,Burn_Herb_A,SW,ADT,SAMP,EFIRE,EX,EFIRE,12/4/2024 14:02,,,,,,,,,,,,,,,,,,,,,,,,,,,,12/10/2024 12:58,,NOBO,No Bottle,225,0,UNITS,,,,,,"NOB- Autosampler error, no sample.",,,93447001,9945967,NOBO
P154870-2,93447002,93447,Non-WQM,Burn_Herb_A,SW,ADT,SAMP,EFIRE,EX,EFIRE,12/4/2024 14:03,,,,,,,,,,,,,,,,,,,,,,,,,,,,12/10/2024 12:58,,NOBO,No Bottle,225,0,UNITS,,,,,,"NOB- Autosampler error, no sample.",,,93447002,9945968,NOBO
P154870-3,93447003,93447,Non-WQM,Burn_Herb_A,SW,ADT,SAMP,EFIRE,EX,EFIRE,12/4/2024 14:03,,,,,,,,,,,,,,,,,,,,,,,,,,,,12/10/2024 12:58,,NOBO,No Bottle,225,0,UNITS,,,,,,"NOB- Autosampler error, no sample.",,,93447003,9945969,NOBO
P154870-4,93447004,93447,Non-WQM,Burn_Herb_A,SW,ADT,SAMP,EFIRE,EX,EFIRE,12/4/2024 14:04,,,,,,,,,,,,,,,,,,,,,,,,,,,,12/10/2024 12:58,,NOBO,No Bottle,225,0,UNITS,,,,,,"NOB- Autosampler error, no sample.",,,93447004,9945970,NOBO
P154870-5,93447005,93447,Non-WQM,Burn_Herb_A,SW,ADT,SAMP,EFIRE,EX,EFIRE,12/4/2024 14:04,,,,,,,,,,,,,,,,,,,,,,,,,,,,12/10/2024 12:58,,NOBO,No Bottle,225,0,UNITS,,,,,,"NOB- Autosampler error, no sample.",,,93447005,9945971,NOBO
P154870-6,93447006,93447,Non-WQM,Burn_Herb_A,SW,ADT,SAMP,EFIRE,EX,EFIRE,12/4/2024 14:04,,,,,,,,,,,,,,,,,,,,,,,,,,,,12/10/2024 12:58,,NOBO,No Bottle,225,0,UNITS,,,,,,"NOB- Autosampler error, no sample.",,,93447006,9945972,NOBO
P154870-7,93447007,93447,Non-WQM,Burn_Herb_A,SW,ADT,SAMP,EFIRE,EX,EFIRE,12/4/2024 14:05,,,,,,,,,,,,,,,,,,,,,,,,,,,,12/10/2024 12:58,,NOBO,No Bottle,225,0,UNITS,,,,,,"NOB- Autosampler error, no sample.",,,93447007,9945973,NOBO
P154870-8,93447008,93447,Non-WQM,Burn_Herb_A,SW,ADT,SAMP,EFIRE,EX,EFIRE,12/4/2024 14:05,,,,,,,,,,,,,,,,,,,,,,,,,,,,12/10/2024 12:58,,NOBO,No Bottle,225,0,UNITS,,,,,,"NOB- Autosampler error, no sample.",,,93447008,9945974,NOBO
P154870-9,93447009,93447,Non-WQM,Burn_Herb_A,SW,ADT,SAMP,EFIRE,EX,EFIRE,12/4/2024 14:05,,,,,,,,,,,,,,,,,,,,,,,,,,,,12/10/2024 12:58,,NOBO,No Bottle,225,0,UNITS,,,,,,"NOB- Autosampler error, no sample.",,,93447009,9945975,NOBO
P154870-10,93447010,93447,Non-WQM,Burn_Herb_A,SW,ADT,SAMP,EFIRE,EX,EFIRE,12/4/2024 14:06,,,,,,,,,,,,,,,,,,,,,,,,,,,,12/10/2024 12:58,,NOBO,No Bottle,225,0,UNITS,,,,,,"NOB- Autosampler error, no sample.",,,93447010,9945976,NOBO
P154870-11,93447011,93447,Non-WQM,Burn_Herb_A,SW,ADT,SAMP,EFIRE,EX,EFIRE,12/4/2024 14:06,,,,,,,,,,,,,,,,,,,,,,,,,,,,12/10/2024 12:58,,NOBO,No Bottle,225,0,UNITS,,,,,,"NOB- Autosampler error, no sample.",,,93447011,9945977,NOBO
P154870-12,93447012,93447,Non-WQM,Burn_Herb_A,SW,ADT,SAMP,EFIRE,EX,EFIRE,12/4/2024 14:07,,,,,,,,,,,,,,,,,,,,,,,,,,,,12/10/2024 12:58,,NOBO,No Bottle,225,0,UNITS,,,,,,"NOB- Autosampler error, no sample.",,,93447012,9945978,NOBO
P154870-13,93447013,93447,Non-WQM,Burn_Herb_A,SW,ADT,SAMP,EFIRE,EX,EFIRE,12/4/2024 14:07,,,,,,,,,,,,,,,,,,,,,,,,,,,,12/10/2024 12:58,,NOBO,No Bottle,225,0,UNITS,,,,,,"NOB- Autosampler error, no sample.",,,93447013,9945979,NOBO
P154870-14,93447014,93447,Non-WQM,Burn_Herb_A,SW,ADT,SAMP,EFIRE,EX,EFIRE,12/4/2024 14:07,,,,,,,,,,,,,,,,,,,,,,,,,,,,12/10/2024 12:58,,NOBO,No Bottle,225,0,UNITS,,,,,,"NOB- Autosampler error, no sample.",,,93447014,9945980,NOBO
P154870-15,93447015,93447,Non-WQM,Burn_Herb_A,SW,ADT,SAMP,EFIRE,EX,EFIRE,12/4/2024 14:08,,,,,,,,,,,,,,,,,,,,,,,,,,,,12/10/2024 12:58,,NOBO,No Bottle,225,0,UNITS,,,,,,"NOB- Autosampler error, no sample.",,,93447015,9945981,NOBO
P155501-14,93750014,93750,Non-WQM,Burn_A,SW,ADT,SAMP,EFIRE,EX,EFIRE,1/2/2025 14:55,,,,,,,,,,,,,,,,,,,,,,,,,,,12/31/2024 03:00:00 AM,1/9/2025 14:57,,NOBO,No Bottle,225,0,UNITS,,,,,,Autosampler battery failed. No sample collected,,,93750014,9976290,NOBO
P155501-15,93750015,93750,Non-WQM,Burn_A,SW,ADT,SAMP,EFIRE,EX,EFIRE,1/2/2025 14:56,,,,,,,,,,,,,,,,,,,,,,,,,,,01/01/2025 03:00:00 AM,1/9/2025 14:57,,NOBO,No Bottle,225,0,UNITS,,,,,,Autosampler battery failed. No sample collected01,,,93750015,9976291,NOBO
P155502-1,93751001,93751,Non-WQM,Burn_A,SW,ADT,SAMP,EFIRE,EX,EFIRE,1/15/2025 13:14,,,,,,,,,,,,,,,,,,,,,,,,,,,,1/24/2025 9:17,,NOBO,No Bottle,225,0,UNITS,,,,,,"No bottle, no sample collected. Autosampler power failure.",,,93751001,9996165,NOBO
P155502-2,93751002,93751,Non-WQM,Burn_A,SW,ADT,SAMP,EFIRE,EX,EFIRE,1/15/2025 13:15,,,,,,,,,,,,,,,,,,,,,,,,,,,,1/24/2025 9:17,,NOBO,No Bottle,225,0,UNITS,,,,,,"No bottle, no sample collected. Autosampler power failure.",,,93751002,9996166,NOBO
P155502-3,93751003,93751,Non-WQM,Burn_A,SW,ADT,SAMP,EFIRE,EX,EFIRE,1/15/2025 13:15,,,,,,,,,,,,,,,,,,,,,,,,,,,,1/24/2025 9:17,,NOBO,No Bottle,225,0,UNITS,,,,,,"No bottle, no sample collected. Autosampler power failure.",,,93751003,9996167,NOBO
P155502-4,93751004,93751,Non-WQM,Burn_A,SW,ADT,SAMP,EFIRE,EX,EFIRE,1/15/2025 13:16,,,,,,,,,,,,,,,,,,,,,,,,,,,,1/24/2025 9:17,,NOBO,No Bottle,225,0,UNITS,,,,,,"No bottle, no sample collected. Autosampler power failure.",,,93751004,9996168,NOBO
P155502-5,93751005,93751,Non-WQM,Burn_A,SW,ADT,SAMP,EFIRE,EX,EFIRE,1/15/2025 13:16,,,,,,,,,,,,,,,,,,,,,,,,,,,,1/24/2025 9:17,,NOBO,No Bottle,225,0,UNITS,,,,,,"No bottle, no sample collected. Autosampler power failure.",,,93751005,9996169,NOBO
P155502-6,93751006,93751,Non-WQM,Burn_A,SW,ADT,SAMP,EFIRE,EX,EFIRE,1/15/2025 13:16,,,,,,,,,,,,,,,,,,,,,,,,,,,,1/24/2025 9:17,,NOBO,No Bottle,225,0,UNITS,,,,,,"No bottle, no sample collected. Autosampler power failure.",,,93751006,9996170,NOBO
P155502-7,93751007,93751,Non-WQM,Burn_A,SW,ADT,SAMP,EFIRE,EX,EFIRE,1/15/2025 13:17,,,,,,,,,,,,,,,,,,,,,,,,,,,,1/24/2025 9:17,,NOBO,No Bottle,225,0,UNITS,,,,,,"No bottle, no sample collected. Autosampler power failure.",,,93751007,9996171,NOBO
P155502-8,93751008,93751,Non-WQM,Burn_A,SW,ADT,SAMP,EFIRE,EX,EFIRE,1/15/2025 13:17,,,,,,,,,,,,,,,,,,,,,,,,,,,,1/24/2025 9:17,,NOBO,No Bottle,225,0,UNITS,,,,,,"No bottle, no sample collected. Autosampler power failure.",,,93751008,9996172,NOBO
P155502-9,93751009,93751,Non-WQM,Burn_A,SW,ADT,SAMP,EFIRE,EX,EFIRE,1/15/2025 13:17,,,,,,,,,,,,,,,,,,,,,,,,,,,,1/24/2025 9:17,,NOBO,No Bottle,225,0,UNITS,,,,,,"No bottle, no sample collected. Autosampler power failure.",,,93751009,9996173,NOBO
P155502-10,93751010,93751,Non-WQM,Burn_A,SW,ADT,SAMP,EFIRE,EX,EFIRE,1/15/2025 13:17,,,,,,,,,,,,,,,,,,,,,,,,,,,,1/24/2025 9:17,,NOBO,No Bottle,225,0,UNITS,,,,,,"No bottle, no sample collected. Autosampler power failure.",,,93751010,9996174,NOBO
P155502-11,93751011,93751,Non-WQM,Burn_A,SW,ADT,SAMP,EFIRE,EX,EFIRE,1/15/2025 13:18,,,,,,,,,,,,,,,,,,,,,,,,,,,,1/24/2025 9:17,,NOBO,No Bottle,225,0,UNITS,,,,,,"No bottle, no sample collected. Autosampler power failure.",,,93751011,9996175,NOBO
P155502-12,93751012,93751,Non-WQM,Burn_A,SW,ADT,SAMP,EFIRE,EX,EFIRE,1/15/2025 13:18,,,,,,,,,,,,,,,,,,,,,,,,,,,,1/24/2025 9:17,,NOBO,No Bottle,225,0,UNITS,,,,,,"No bottle, no sample collected. Autosampler power failure.",,,93751012,9996176,NOBO
P155502-13,93751013,93751,Non-WQM,Burn_A,SW,ADT,SAMP,EFIRE,EX,EFIRE,1/15/2025 13:34,,,,,,,,,,,,,,,,,,,,,,,,,,,,1/24/2025 9:17,,NOBO,No Bottle,225,0,UNITS,,,,,,"No bottle, no sample collected. Autosampler power failure.",,,93751013,9996177,NOBO
P155504-1,93753001,93753,Non-WQM,Burn_A,SW,ADT,SAMP,EFIRE,EX,EFIRE,2/27/2025 10:15,,,,,,,,,,,,,,,,,,,,,,,,,,,02/11/2025 03:00:00 AM,3/5/2025 8:50,,NOBO,No Bottle,225,0,UNITS,,,,,,,,,93753001,10053420,NOBO
P155504-2,93753002,93753,Non-WQM,Burn_A,SW,ADT,SAMP,EFIRE,EX,EFIRE,2/27/2025 10:16,,,,,,,,,,,,,,,,,,,,,,,,,,,02/12/2025 03:00:00 AM,3/5/2025 8:50,,NOBO,No Bottle,225,0,UNITS,,,,,,,,,93753002,10053421,NOBO
P155504-3,93753003,93753,Non-WQM,Burn_A,SW,ADT,SAMP,EFIRE,EX,EFIRE,2/27/2025 10:17,,,,,,,,,,,,,,,,,,,,,,,,,,,02/13/2025 03:00:00 AM,3/5/2025 8:50,,NOBO,No Bottle,225,0,UNITS,,,,,,,,,93753003,10053422,NOBO
P155504-4,93753004,93753,Non-WQM,Burn_A,SW,ADT,SAMP,EFIRE,EX,EFIRE,2/27/2025 10:17,,,,,,,,,,,,,,,,,,,,,,,,,,,02/14/2025 03:00:00 AM,3/5/2025 8:50,,NOBO,No Bottle,225,0,UNITS,,,,,,,,,93753004,10053423,NOBO
P155504-8,93753008,93753,Non-WQM,Burn_A,SW,ADT,SAMP,EFIRE,EX,EFIRE,2/27/2025 10:18,,,,,,,,,,,,,,,,,,,,,,,,,,,02/18/2025 03:00:00 AM,3/5/2025 8:50,,NOBO,No Bottle,225,0,UNITS,,,,,,,,,93753008,10053424,NOBO
P155504-6,93753006,93753,Non-WQM,Burn_A,SW,ADT,SAMP,EFIRE,EX,EFIRE,2/27/2025 10:18,,,,,,,,,,,,,,,,,,,,,,,,,,,02/16/2025 03:00:00 AM,3/5/2025 8:50,,NOBO,No Bottle,225,0,UNITS,,,,,,,,,93753006,10053425,NOBO
P155504-5,93753005,93753,Non-WQM,Burn_A,SW,ADT,SAMP,EFIRE,EX,EFIRE,2/27/2025 10:18,,,,,,,,,,,,,,,,,,,,,,,,,,,02/15/2025 03:00:00 AM,3/5/2025 8:50,,NOBO,No Bottle,225,0,UNITS,,,,,,,,,93753005,10053426,NOBO
P155504-7,93753007,93753,Non-WQM,Burn_A,SW,ADT,SAMP,EFIRE,EX,EFIRE,2/27/2025 10:18,,,,,,,,,,,,,,,,,,,,,,,,,,,02/17/2025 03:00:00 AM,3/5/2025 8:50,,NOBO,No Bottle,225,0,UNITS,,,,,,,,,93753007,10053427,NOBO
P155504-9,93753009,93753,Non-WQM,Burn_A,SW,ADT,SAMP,EFIRE,EX,EFIRE,2/27/2025 10:19,,,,,,,,,,,,,,,,,,,,,,,,,,,02/19/2025 03:00:00 AM,3/5/2025 8:50,,NOBO,No Bottle,225,0,UNITS,,,,,,,,,93753009,10053428,NOBO
P155504-10,93753010,93753,Non-WQM,Burn_A,SW,ADT,SAMP,EFIRE,EX,EFIRE,2/27/2025 10:19,,,,,,,,,,,,,,,,,,,,,,,,,,,02/20/2025 03:00:00 AM,3/5/2025 8:50,,NOBO,No Bottle,225,0,UNITS,,,,,,,,,93753010,10053429,NOBO
P155504-12,93753012,93753,Non-WQM,Burn_A,SW,ADT,SAMP,EFIRE,EX,EFIRE,2/27/2025 10:20,,,,,,,,,,,,,,,,,,,,,,,,,,,02/22/2025 03:00:00 AM,3/5/2025 8:50,,NOBO,No Bottle,225,0,UNITS,,,,,,,,,93753012,10053430,NOBO
P155504-11,93753011,93753,Non-WQM,Burn_A,SW,ADT,SAMP,EFIRE,EX,EFIRE,2/27/2025 10:20,,,,,,,,,,,,,,,,,,,,,,,,,,,02/21/2025 03:00:00 AM,3/5/2025 8:50,,NOBO,No Bottle,225,0,UNITS,,,,,,,,,93753011,10053431,NOBO
P155504-13,93753013,93753,Non-WQM,Burn_A,SW,ADT,SAMP,EFIRE,EX,EFIRE,2/27/2025 10:20,,,,,,,,,,,,,,,,,,,,,,,,,,,02/23/2025 03:00:00 AM,3/5/2025 8:50,,NOBO,No Bottle,225,0,UNITS,,,,,,,,,93753013,10053432,NOBO
P155504-14,93753014,93753,Non-WQM,Burn_A,SW,ADT,SAMP,EFIRE,EX,EFIRE,2/27/2025 10:21,,,,,,,,,,,,,,,,,,,,,,,,,,,02/24/2025 03:00:00 AM,3/5/2025 8:50,,NOBO,No Bottle,225,0,UNITS,,,,,,,,,93753014,10053433,NOBO
P155504-15,93753015,93753,Non-WQM,Burn_A,SW,ADT,SAMP,EFIRE,EX,EFIRE,2/27/2025 10:21,,,,,,,,,,,,,,,,,,,,,,,,,,,02/25/2025 03:00:00 AM,3/5/2025 8:50,,NOBO,No Bottle,225,0,UNITS,,,,,,,,,93753015,10053434,NOBO
P162248-1,97131001,97131,Non-WQM,Untreated_A,SW,GP,SAMP,EFIRE,EX,EFIRE,1/7/2026 9:50,,,,,,,,,,,,,,,,,,,,,,,,,,,,1/14/2026 11:53,,NOBO,No Bottle,225,0,UNITS,,,,,,"NOB, too shallow to sample.
water depth: 3, 5, 2 cm
DCS: 37, 45, 36 cm",,,97131001,10413027,NOBO
P162248-2,97131002,97131,Non-WQM,Herbicide_A,SW,GP,SAMP,EFIRE,EX,EFIRE,1/7/2026 10:00,,,,,,,,,,,,,,,,,,,,,,,,,,,,1/14/2026 11:53,,NOBO,No Bottle,225,0,UNITS,,,,,,"NOB, too shallow to sample.
water depth: 11, 9, 9 cm
DCS: 40, 42, 48 cm",,,97131002,10413028,NOBO
P162248-3,97131003,97131,Non-WQM,Burn_Herb_A,SW,GP,SAMP,EFIRE,EX,EFIRE,1/7/2026 10:02,,,,,,,,,,,,,,,,,,,,,,,,,,,,1/14/2026 11:53,,NOBO,No Bottle,225,0,UNITS,,,,,,"NOB, no pairwise comparison.
water depth: 22, 25, 12 cm
DCS: 33, 45, 48 cm",,,97131003,10413029,NOBO
P162248-4,97131004,97131,Non-WQM,Burn_A,SW,GP,SAMP,EFIRE,EX,EFIRE,1/7/2026 10:08,,,,,,,,,,,,,,,,,,,,,,,,,,,,1/14/2026 11:53,,NOBO,No Bottle,225,0,UNITS,,,,,,"NOB, too shallow to sample.
water depth: 7, 8, 12 cm
DCS: 42, 39, 44 cm",,,97131004,10413030,NOBO
P162248-5,97131005,97131,Non-WQM,Untreated_B,SW,GP,SAMP,EFIRE,EX,EFIRE,1/7/2026 10:15,,,,,,,,,,,,,,,,,,,,,,,,,,,,1/14/2026 11:53,,NOBO,No Bottle,225,0,UNITS,,,,,,"NOB, too shallow to sample.
water depth: 6, 6, 3 cm
DCS: 31, 43, 38 cm",,,97131005,10413031,NOBO
P162248-6,97131006,97131,Non-WQM,Burn_B,SW,GP,SAMP,EFIRE,EX,EFIRE,1/7/2026 10:20,,,,,,,,,,,,,,,,,,,,,,,,,,,,1/14/2026 11:53,,NOBO,No Bottle,225,0,UNITS,,,,,,"NOB, no pairwise comparison.
water depth: 27, 16, 17 cm
DCS: 43, 45, 36 cm",,,97131006,10413032,NOBO
P162248-7,97131007,97131,Non-WQM,Burn_Herb_B,SW,GP,SAMP,EFIRE,EX,EFIRE,1/7/2026 10:25,,,,,,,,,,,,,,,,,,,,,,,,,,,,1/14/2026 11:53,,NOBO,No Bottle,225,0,UNITS,,,,,,"NOB, too shallow to sample.
water depth: 10, 12, 14 cm
DCS: 42, 33, 49 cm",,,97131007,10413033,NOBO
P162248-8,97131008,97131,Non-WQM,Herbicide_B,SW,GP,SAMP,EFIRE,EX,EFIRE,1/7/2026 10:28,,,,,,,,,,,,,,,,,,,,,,,,,,,,1/14/2026 11:53,,NOBO,No Bottle,225,0,UNITS,,,,,,"NOB, too shallow to sample.
water depth: 16, 7, 9 cm
DCS: 41, 35, 41 cm",,,97131008,10413034,NOBO
P162248-9,97131009,97131,Non-WQM,Herbicide_C,SW,GP,SAMP,EFIRE,EX,EFIRE,1/7/2026 10:35,,,,,,,,,,,,,,,,,,,,,,,,,,,,1/14/2026 11:53,,NOBO,No Bottle,225,0,UNITS,,,,,,"NOB, too shallow to sample.
water depth: 9, 8, 6 cm
DCS: 37, 45, 48 cm",,,97131009,10413035,NOBO
P162248-10,97131010,97131,Non-WQM,Burn_Herb_C,SW,GP,SAMP,EFIRE,EX,EFIRE,1/7/2026 10:40,,,,,,,,,,,,,,,,,,,,,,,,,,,,1/14/2026 11:53,,NOBO,No Bottle,225,0,UNITS,,,,,,"NOB, no pairwise comparison.
water depth: 21, 29, 23 cm
DCS: 46, 45, 47 cm",,,97131010,10413036,NOBO
P162248-11,97131011,97131,Non-WQM,Burn_C,SW,GP,SAMP,EFIRE,EX,EFIRE,1/7/2026 10:45,,,,,,,,,,,,,,,,,,,,,,,,,,,,1/14/2026 11:53,,NOBO,No Bottle,225,0,UNITS,,,,,,"NOB, no pairwise comparison. 
water depth: 23, 21, 17 cm
DCS: 47, 43, 42 cm",,,97131011,10413037,NOBO
P162248-12,97131012,97131,Non-WQM,Untreated_C,SW,GP,SAMP,EFIRE,EX,EFIRE,1/7/2026 10:50,,,,,,,,,,,,,,,,,,,,,,,,,,,,1/14/2026 11:53,,NOBO,No Bottle,225,0,UNITS,,,,,,"NOB, too shallow to sample.
water depth: 14, 13, 15 cm
DCS: 44, 46, 47 cm",,,97131012,10413038,NOBO
P162251-5,97134005,97134,Non-WQM,Untreated_B,SW,GP,SAMP,EFIRE,EX,EFIRE,6/16/2026 10:44,,,,,,,,,,,,,,,,,,,,,,,,,,,,6/22/2026 12:51,,NOBO,No Bottle,225,0,UNITS,,,,,,"NOB, no sample collected, no water column to collect. ",,,97134005,10568789,NOBO
P166180-5,99001005,99001,Non-WQM,Untreated_B,SW,GP,SAMP,EFIRE,EX,EFIRE,8/25/2026 10:50,,,,,,,,,,,,,,,,,,,,,,,,,,,,9/2/2026 0:17,,NOBO,No Bottle,225,0,UNITS,,,,,,NOB due to no water column present.,,,99001005,10640484,NOBO
P166180-9,99001009,99001,Non-WQM,Herbicide_C,SW,GP,SAMP,EFIRE,EX,EFIRE,8/25/2026 11:35,,,,,,,,,,,,,,,,,,,,,,,,,,,,9/2/2026 0:17,,NOBO,No Bottle,225,0,UNITS,,,,,,NOB due to no water column present. ,,,99001009,10640500,NOBO
P166180-12,99001012,99001,Non-WQM,Untreated_C,SW,GP,SAMP,EFIRE,EX,EFIRE,8/25/2026 12:00,,,,,,,,,,,,,,,,,,,,,,,,,,,,9/2/2026 0:17,,NOBO,No Bottle,225,0,UNITS,,,,,,NOB due to unsafe weather.,,,99001012,10640511,NOBO
P166179-5,99000005,99000,Non-WQM,Untreated_B,SW,GP,SAMP,EFIRE,EX,EFIRE,8/11/2026 10:55,,,,,,,,,,,,,,,,,,,,,,,,,,,,8/19/2026 0:17,,NOBO,No Bottle,225,0,UNITS,,,,,,"NOB, no water column, too shallow to collect sample. ",,,99000005,10625559,NOBO
P167151-5,99471005,99471,Non-WQM,Untreated_B,SW,GP,SAMP,EFIRE,EX,EFIRE,6/30/2026 10:45,,,,,,,,,,,,,,,,,,,,,,,,,,,,8/9/2026 18:30,,NOBO,No Bottle,225,0,UNITS,,,,,,"NOB, site was too dry to collect a representative sample, no sample collected. ",,,99471005,10581495,NOBO
P167151-9,99471009,99471,Non-WQM,Herbicide_C,SW,GP,SAMP,EFIRE,EX,EFIRE,6/30/2026 11:45,,,,,,,,,,,,,,,,,,,,,,,,,,,,8/9/2026 18:30,,NOBO,No Bottle,225,0,UNITS,,,,,,"NOB, could not collect a representative sample, water levels too low, no sample collected. ",,,99471009,10581511,NOBO
